sheet_id,part,system,run_id,tid,rid,family,nm_kind,tier,level,failed_conditions,d_base,d_flip,d_near,d_pres,rule_text,condition,claim_s,claim_s_prime,case_text_base,case_text_flip,case_text_near,gold_ledger_base,gold_ledger_flip,gold_ledger_near,reader_output_base,reader_output_flip,reader_output_near,near_meta,category,subcategory_or_note,coder,second_coder_category,agreed
E001,1,ledger2 x blocks,B-F-ledger2-blocks-s0,rule_v1.test.cut_bleed.egfr.boundary.easy.1485,cut_bleed,score_cutoff,boundary,easy,L2,near,18.742609977722168,-28.892170906066895,-6.7454752922058105,18.742609977722168,"For dual antiplatelet therapy after a myocardial infarction, prescribe aspirin plus ticagrelor. Score 2 points for a major bleeding event at any time; 1 point for age 75 years or more; 1 point for a current eGFR below 30 mL/min/1.73 m2. If the score is 2 or more, prescribe aspirin plus clopidogrel instead.",eGFR below 30,Prescribe aspirin plus ticagrelor.,Prescribe aspirin plus clopidogrel.,"Man, adult.
Recovering on the ward after a myocardial infarction treated with a stent.
eGFR now 64 mL/min/1.73 m2.
Has two cats.
Current age 82 years.","Man, adult.
Recovering on the ward after a myocardial infarction treated with a stent.
eGFR now 28 mL/min/1.73 m2.
Has two cats.
Current age 82 years.","Man, adult.
Recovering on the ward after a myocardial infarction treated with a stent.
eGFR now 30 mL/min/1.73 m2.
Has two cats.
Current age 82 years.","need: eGFR below 30
found: 64
subject: patient
status: present
time: current","need: eGFR below 30
found: 28
subject: patient
status: present
time: current","need: eGFR below 30
found: 30
subject: patient
status: present
time: current","need: eGFR below 30
found: 64
subject: patient
status: present
time: current","need: eGFR below 30
found: 28
subject: patient
status: present
time: current","need: eGFR below 30
found: 30
subject: patient
status: present
time: current","{""criterion_holds"": 0, ""hdr"": 5, ""keywords"": [""egfr""], ""overrides"": {}, ""seed"": 1485, ""tpl"": [""egfr/current/5"", ""filler/neutral/40"", ""age/current/5""], ""tpl_split"": ""test""}",,,,,
E002,1,ledger2 x blocks,B-F-ledger2-blocks-s0,rule_v1.test.gs050.c2.boundary.easy.1366,gs050,g_any_of,boundary,easy,L2,near,28.107315063476562,-34.07601547241211,-8.623950064182281,28.107315063476562,"For community-acquired pneumonia treated at home, prescribe amoxicillin. If the current eGFR is below 60 mL/min/1.73 m2 or the current ALT is above 120 U/L, prescribe doxycycline instead.",ALT above 120,Prescribe amoxicillin.,Prescribe doxycycline.,"Man of 38 years.
Productive cough and fever; consolidation on chest radiograph.
Current eGFR 105 mL/min/1.73 m2.
Current ALT 59 U/L.
Knits as a hobby.","Man of 38 years.
Productive cough and fever; consolidation on chest radiograph.
Current eGFR 105 mL/min/1.73 m2.
Current ALT 155 U/L.
Knits as a hobby.","Man of 38 years.
Productive cough and fever; consolidation on chest radiograph.
Current eGFR 105 mL/min/1.73 m2.
Current ALT 120 U/L.
Knits as a hobby.","need: ALT above 120
found: 59
subject: patient
status: present
time: current","need: ALT above 120
found: 155
subject: patient
status: present
time: current","need: ALT above 120
found: 120
subject: patient
status: present
time: current","need: ALT above 120
found: 59
subject: patient
status: present
time: current","need: ALT above 120
found: 155
subject: patient
status: present
time: current","need: ALT above 120
found: 120
subject: patient
status: present
time: current","{""criterion_holds"": 0, ""hdr"": 4, ""keywords"": [""alt ""], ""overrides"": {}, ""seed"": 1366, ""tpl"": [""egfr/current/4"", ""alt_enzyme/current/4"", ""filler/neutral/46""], ""tpl_split"": ""test""}",,,,,
E003,1,ledger2 x blocks,B-F-ledger2-blocks-s0,rule_v1.test.gs134.c3.boundary.easy.1355,gs134,g_score_cutoff,boundary,easy,L2,near,24.579275131225586,-28.108576774597168,-1.0070489645004272,24.579275131225586,"For contraception, prescribe a combined oral contraceptive. Score 2 points if the patient or a first-degree relative (parent, sibling or child) has had coronary artery disease at any time; 2 points if the current weight is 60 kg or less; 2 points if the current platelet count is below 50 x10^9/L; 1 point if the patient currently has tender anterior cervical lymph nodes. If the score is 7 or more, prescribe a progestin-only pill instead.",platelet count below 50,Prescribe a combined oral contraceptive.,Prescribe a progestin-only pill.,"Woman of 24 years.
Requests contraception.
Lives in a second-floor apartment.
Current weight 60 kg.
Sees a dentist yearly.
Known coronary artery disease (two-vessel disease on angiography).
Enjoys board games.
Tender, swollen lymph nodes in the front of the neck.
Platelet count now 279 x10^9/L.
Drives a car.","Woman of 24 years.
Requests contraception.
Lives in a second-floor apartment.
Current weight 60 kg.
Sees a dentist yearly.
Known coronary artery disease (two-vessel disease on angiography).
Enjoys board games.
Tender, swollen lymph nodes in the front of the neck.
Platelet count now 40 x10^9/L.
Drives a car.","Woman of 24 years.
Requests contraception.
Lives in a second-floor apartment.
Current weight 60 kg.
Sees a dentist yearly.
Known coronary artery disease (two-vessel disease on angiography).
Enjoys board games.
Tender, swollen lymph nodes in the front of the neck.
Platelet count now 50 x10^9/L.
Drives a car.","need: platelet count below 50
found: 279
subject: patient
status: present
time: current","need: platelet count below 50
found: 40
subject: patient
status: present
time: current","need: platelet count below 50
found: 50
subject: patient
status: present
time: current","need: platelet count below 50
found: 279
subject: patient
status: present
time: current","need: platelet count below 50
found: 40
subject: patient
status: present
time: current","need: platelet count below 50
found: 50
subject: patient
status: present
time: current","{""criterion_holds"": 0, ""hdr"": 4, ""keywords"": [""platelet""], ""overrides"": {}, ""seed"": 1355, ""tpl"": [""filler/neutral/16"", ""weight/current/4"", ""filler/neutral/23"", ""cad/present/5"", ""filler/neutral/5"", ""neck_nodes/present/5"", ""platelets/current/5"", ""filler/neutral/17""], ""tpl_split"": ""test""}",,,,,
E004,1,ledger2 x blocks,B-F-ledger2-blocks-s0,rule_v1.test.gs224.c2.boundary.long.437,gs224,g_all_of,boundary,long,L2,near,32.521005630493164,-31.35696029663086,-4.380902171134949,32.521005630493164,"For vaginal candidiasis, prescribe oral fluconazole. If the patient has ever had a venous thromboembolism (current or past) and the current serum creatinine is above 2.0 mg/dL, prescribe clotrimazole pessaries instead.",serum creatinine above 2.0,Prescribe oral fluconazole.,Prescribe clotrimazole pessaries.,"Woman of 39 years.
Vaginal itching and discharge; candidiasis confirmed on microscopy.
Pulmonary embolism years ago, treated for six months.
Teeth in good repair.
Has two cats.
Zinc of 85 mcg/dL in 2012.
In 2006, folate was 12 ng/mL.
Knits as a hobby.
Prefers to be addressed by first name.
During a checkup in 2010, free T3 was 3.2 pg/mL.
Photographs local wildlife.
Latest creatinine result: 1.0 mg/dL.
Prefers morning appointments.
Uses sunscreen in summer.
Sleeps seven hours a night.
Lives in a second-floor apartment.
Paints watercolors as a hobby.
Owns a bicycle.
Plays the piano.
Her sister has a lazy eye.
Her friend wears contact lenses.","Woman of 39 years.
Vaginal itching and discharge; candidiasis confirmed on microscopy.
Pulmonary embolism years ago, treated for six months.
Teeth in good repair.
Has two cats.
Zinc of 85 mcg/dL in 2012.
In 2006, folate was 12 ng/mL.
Knits as a hobby.
Prefers to be addressed by first name.
During a checkup in 2010, free T3 was 3.2 pg/mL.
Photographs local wildlife.
Latest creatinine result: 2.3 mg/dL.
Prefers morning appointments.
Uses sunscreen in summer.
Sleeps seven hours a night.
Lives in a second-floor apartment.
Paints watercolors as a hobby.
Owns a bicycle.
Plays the piano.
Her sister has a lazy eye.
Her friend wears contact lenses.","Woman of 39 years.
Vaginal itching and discharge; candidiasis confirmed on microscopy.
Pulmonary embolism years ago, treated for six months.
Teeth in good repair.
Has two cats.
Zinc of 85 mcg/dL in 2012.
In 2006, folate was 12 ng/mL.
Knits as a hobby.
Prefers to be addressed by first name.
During a checkup in 2010, free T3 was 3.2 pg/mL.
Photographs local wildlife.
Latest creatinine result: 2.0 mg/dL.
Prefers morning appointments.
Uses sunscreen in summer.
Sleeps seven hours a night.
Lives in a second-floor apartment.
Paints watercolors as a hobby.
Owns a bicycle.
Plays the piano.
Her sister has a lazy eye.
Her friend wears contact lenses.","need: serum creatinine above 2.0
found: 1.0
subject: patient
status: present
time: current","need: serum creatinine above 2.0
found: 2.3
subject: patient
status: present
time: current","need: serum creatinine above 2.0
found: 2.0
subject: patient
status: present
time: current","need: serum creatinine above 2.0
found: 1.0
subject: patient
status: present
time: current","need: serum creatinine above 2.0
found: 2.3
subject: patient
status: present
time: current","need: serum creatinine above 2.0
found: 2.0
subject: patient
status: present
time: current","{""criterion_holds"": 0, ""hdr"": 4, ""keywords"": [""creatinine""], ""overrides"": {}, ""seed"": 437, ""tpl"": [""vte/past/4"", ""filler/neutral/35"", ""filler/neutral/40"", ""filler/lab/16"", ""filler/lab/4"", ""filler/neutral/46"", ""filler/neutral/47"", ""filler/lab/17"", ""filler/neutral/10"", ""creatinine/current/5"", ""filler/neutral/29"", ""filler/neutral/22"", ""filler/neutral/4"", ""filler/neutral/16"", ""filler/neutral/28"", ""filler/neutral/34"", ""filler/neutral/41"", ""filler/other/10"", ""filler/other/16""], ""tpl_split"": ""test""}",,,,,
E005,1,ledger2 x blocks,B-F-ledger2-blocks-s0,rule_v1.test.gs083.c2.negation.long.664,gs083,g_all_of,negation,long,L2,base,-32.465091705322266,-26.84854221343994,32.58748149871826,-32.465091705322266,"For community-acquired pneumonia, prescribe oral amoxicillin. If the current serum creatinine is 1.5 mg/dL or more and the patient has ever had heart failure (current or past), prescribe intravenous co-amoxiclav instead.",heart failure,Prescribe oral amoxicillin.,Prescribe intravenous co-amoxiclav.,"Female patient of 61 years.
Community-acquired pneumonia confirmed on chest radiograph.
Lives in a second-floor apartment.
Knits as a hobby.
Has two cats.
Prefers to be addressed by first name.
In 2011, folate was 12 ng/mL.
During a checkup in 2019, free T3 was 3.2 pg/mL.
Free T4 of 1.2 ng/dL in 2024.
Her wife has recovered from a dislocated finger.
Her friend sprained a thumb last month.
Current serum creatinine 1.9 mg/dL.
Sleeps flat on one pillow.
Plays the piano.
Her roommate lives with psoriasis.
Drives a car.
Photographs local wildlife.
Prefers morning appointments.
Paints watercolors as a hobby.
Sees a dentist yearly.
Uses sunscreen in summer.","Female patient of 61 years.
Community-acquired pneumonia confirmed on chest radiograph.
Lives in a second-floor apartment.
Knits as a hobby.
Has two cats.
Prefers to be addressed by first name.
In 2011, folate was 12 ng/mL.
During a checkup in 2019, free T3 was 3.2 pg/mL.
Free T4 of 1.2 ng/dL in 2024.
Her wife has recovered from a dislocated finger.
Her friend sprained a thumb last month.
Current serum creatinine 1.9 mg/dL.
Had heart failure years ago from severe anemia; it recovered fully once the anemia was corrected.
Plays the piano.
Her roommate lives with psoriasis.
Drives a car.
Photographs local wildlife.
Prefers morning appointments.
Paints watercolors as a hobby.
Sees a dentist yearly.
Uses sunscreen in summer.","Female patient of 61 years.
Community-acquired pneumonia confirmed on chest radiograph.
Lives in a second-floor apartment.
Knits as a hobby.
Has two cats.
Prefers to be addressed by first name.
In 2011, folate was 12 ng/mL.
During a checkup in 2019, free T3 was 3.2 pg/mL.
Free T4 of 1.2 ng/dL in 2024.
Her wife has recovered from a dislocated finger.
Her friend sprained a thumb last month.
Current serum creatinine 1.9 mg/dL.
Heart failure: never diagnosed.
Plays the piano.
Her roommate lives with psoriasis.
Drives a car.
Photographs local wildlife.
Prefers morning appointments.
Paints watercolors as a hobby.
Sees a dentist yearly.
Uses sunscreen in summer.","need: heart failure
found: Sleeps flat on one pillow.
subject: patient
status: absent
time: current","need: heart failure
found: Had heart failure years ago from severe anemia; it recovered fully once the anemia was corrected.
subject: patient
status: present
time: past","need: heart failure
found: Heart failure: never diagnosed.
subject: patient
status: absent
time: current","need: heart failure
found: Sleeps flat on one pillow.
subject: patient
status: present
time: current","need: heart failure
found: Had heart failure years ago from severe anemia; it recovered fully once the anemia was corrected.
subject: patient
status: present
time: past","need: heart failure
found: Heart failure: never diagnosed.
subject: patient
status: absent
time: current","{""criterion_holds"": 0, ""hdr"": 5, ""keywords"": [""heart failure""], ""overrides"": {}, ""seed"": 664, ""tpl"": [""filler/neutral/16"", ""filler/neutral/46"", ""filler/neutral/40"", ""filler/neutral/47"", ""filler/lab/4"", ""filler/lab/17"", ""filler/lab/5"", ""filler/other/17"", ""filler/other/5"", ""creatinine/current/4"", ""chf/absent/5"", ""filler/neutral/41"", ""filler/other/4"", ""filler/neutral/17"", ""filler/neutral/10"", ""filler/neutral/29"", ""filler/neutral/28"", ""filler/neutral/23"", ""filler/neutral/22""], ""tpl_split"": ""test""}",,,,,
E006,1,ledger2 x blocks,B-F-ledger2-blocks-s0,rule_v1.test.gs157.c1.negation.long.418,gs157,g_two_of_three,negation,long,L2,base,-32.82138252258301,-19.767637252807617,32.52758026123047,30.52353000640869,"For community-acquired pneumonia, prescribe oral amoxicillin. If at least two of the following apply, prescribe intravenous co-amoxiclav instead: the patient has ever had heart failure (current or past); the current platelet count is below 50 x10^9/L; the current temperature is above 38.0 C.",heart failure,Prescribe oral amoxicillin.,Prescribe intravenous co-amoxiclav.,"Man of 42 years.
Community-acquired pneumonia confirmed on chest radiograph.
Sleeps flat on one pillow.
Sleeps seven hours a night.
His roommate burned a hand on a stove years ago.
Sees a dentist yearly.
His friend has recovered from a dislocated finger.
Plays the piano.
Has two cats.
Teeth in good repair.
Photographs local wildlife.
His uncle lives with psoriasis.
Temperature now 36.7 C (tympanic).
During a checkup in 2009, free T3 was 3.2 pg/mL.
Prefers morning appointments.
Free T4 of 1.2 ng/dL in 2008.
Platelet count now 38 x10^9/L.
Knits as a hobby.
In 2014, lipase was 30 U/L.
Uses sunscreen in summer.
Prefers to be addressed by first name.
Lives in a second-floor apartment.
Enjoys board games.
Pupils equal and reactive to light.","Man of 42 years.
Community-acquired pneumonia confirmed on chest radiograph.
Formerly had heart failure from stress cardiomyopathy; recovered fully in 2022 and off all heart medicines since.
Sleeps seven hours a night.
His roommate burned a hand on a stove years ago.
Sees a dentist yearly.
His friend has recovered from a dislocated finger.
Plays the piano.
Has two cats.
Teeth in good repair.
Photographs local wildlife.
His uncle lives with psoriasis.
Temperature now 36.7 C (tympanic).
During a checkup in 2009, free T3 was 3.2 pg/mL.
Prefers morning appointments.
Free T4 of 1.2 ng/dL in 2008.
Platelet count now 38 x10^9/L.
Knits as a hobby.
In 2014, lipase was 30 U/L.
Uses sunscreen in summer.
Prefers to be addressed by first name.
Lives in a second-floor apartment.
Enjoys board games.
Pupils equal and reactive to light.","Man of 42 years.
Community-acquired pneumonia confirmed on chest radiograph.
Heart failure: never diagnosed.
Sleeps seven hours a night.
His roommate burned a hand on a stove years ago.
Sees a dentist yearly.
His friend has recovered from a dislocated finger.
Plays the piano.
Has two cats.
Teeth in good repair.
Photographs local wildlife.
His uncle lives with psoriasis.
Temperature now 36.7 C (tympanic).
During a checkup in 2009, free T3 was 3.2 pg/mL.
Prefers morning appointments.
Free T4 of 1.2 ng/dL in 2008.
Platelet count now 38 x10^9/L.
Knits as a hobby.
In 2014, lipase was 30 U/L.
Uses sunscreen in summer.
Prefers to be addressed by first name.
Lives in a second-floor apartment.
Enjoys board games.
Pupils equal and reactive to light.","need: heart failure
found: Sleeps flat on one pillow.
subject: patient
status: absent
time: current","need: heart failure
found: Formerly had heart failure from stress cardiomyopathy; recovered fully in 2022 and off all heart medicines since.
subject: patient
status: present
time: past (2022)","need: heart failure
found: Heart failure: never diagnosed.
subject: patient
status: absent
time: current","need: heart failure
found: Sleeps flat on one pillow.
subject: patient
status: present
time: current","need: heart failure
found: Formerly had heart failure from stress cardiomyopathy; recovered fully in 2022 and off all heart medicines since.
subject: patient
status: present
time: past (2022)","need: heart failure
found: Heart failure: never diagnosed.
subject: patient
status: absent
time: current","{""criterion_holds"": 0, ""hdr"": 4, ""keywords"": [""heart failure""], ""overrides"": {}, ""seed"": 418, ""tpl"": [""chf/absent/5"", ""filler/neutral/4"", ""filler/other/11"", ""filler/neutral/23"", ""filler/other/17"", ""filler/neutral/41"", ""filler/neutral/40"", ""filler/neutral/35"", ""filler/neutral/10"", ""filler/other/4"", ""temperature/current/5"", ""filler/lab/17"", ""filler/neutral/29"", ""filler/lab/5"", ""platelets/current/5"", ""filler/neutral/46"", ""filler/lab/11"", ""filler/neutral/22"", ""filler/neutral/47"", ""filler/neutral/16"", ""filler/neutral/5"", ""filler/neutral/11""], ""tpl_split"": ""test""}",,,,,
E007,1,ledger2 x blocks,B-F-ledger2-blocks-s0,rule_v1.test.centor.nodes.subject.easy.1052,centor,additive_score,subject,easy,L2,near,27.235658645629883,-32.33817481994629,-18.003247499465942,27.235658645629883,"Centor score (as used here, partial): 1 point each for temperature above 38.0 C; tonsillar exudate; tender anterior cervical lymph nodes. Only current findings count.",tender cervical lymph nodes,The tender cervical lymph nodes criterion contributes 0 points.,The tender cervical lymph nodes criterion contributes 1 point.,"Woman of 30 years.
Sore throat for three days.
Pupils equal and reactive to light.
Temperature now 37.1 C (tympanic).
Photographs local wildlife.
Owns a bicycle.
Tonsils a little red, surfaces clear.
Knits as a hobby.","Woman of 30 years.
Sore throat for three days.
Pupils equal and reactive to light.
Temperature now 37.1 C (tympanic).
Photographs local wildlife.
Owns a bicycle.
Tender, swollen lymph nodes in the front of the neck.
Tonsils a little red, surfaces clear.
Knits as a hobby.","Woman of 30 years.
Sore throat for three days.
Pupils equal and reactive to light.
Temperature now 37.1 C (tympanic).
Photographs local wildlife.
Owns a bicycle.
Her wife currently has tender anterior cervical lymphadenopathy.
Tonsils a little red, surfaces clear.
Knits as a hobby.","need: tender cervical lymph nodes
found: not mentioned
subject: patient
status: absent
time: current","need: tender cervical lymph nodes
found: Tender, swollen lymph nodes in the front of the neck.
subject: patient
status: present
time: current","need: tender cervical lymph nodes
found: Her wife currently has tender anterior cervical lymphadenopathy.
subject: other (wife)
status: present
time: current","need: tender cervical lymph nodes
found: not mentioned
subject: patient
status: absent
time: current","need: tender cervical lymph nodes
found: Tender, swollen lymph nodes in the front of the neck.
subject: patient
status: present
time: current","need: tender cervical lymph nodes
found: Her wife currently has tender anterior cervical lymphadenopathy.
subject: other (wife)
status: present
time: current","{""criterion_holds"": 0, ""hdr"": 4, ""keywords"": [""lymph node"", ""lymphaden""], ""overrides"": {}, ""seed"": 1052, ""tpl"": [""filler/neutral/11"", ""temperature/current/5"", ""filler/neutral/10"", ""filler/neutral/34"", ""neck_nodes/rel/5"", ""exudate/generic/5"", ""filler/neutral/46""], ""tpl_split"": ""test""}",,,,,
E008,1,ledger2 x blocks,B-F-ledger2-blocks-s0,rule_v1.test.gs078.c3.subject.easy.882,gs078,g_two_of_three,subject,easy,L2,near,27.694164276123047,-34.62915229797363,-3.564089298248291,27.694164276123047,"For community-acquired pneumonia treated at home, prescribe amoxicillin. If at least two of the following apply, prescribe doxycycline instead: the current serum potassium is above 5.0 mmol/L; the patient currently has a mechanical heart valve; the patient has ever had coronary artery disease (current or past).",coronary artery disease,Prescribe amoxicillin.,Prescribe doxycycline.,"Male patient of 73 years.
Productive cough and fever; consolidation on chest radiograph.
Heart sounds free of clicks.
Photographs local wildlife.
Current serum potassium 5.4 mmol/L.
Cardiac stress test unremarkable last year.
Prefers to be addressed by first name.
Enjoys board games.
Knits as a hobby.","Male patient of 73 years.
Productive cough and fever; consolidation on chest radiograph.
Heart sounds free of clicks.
Photographs local wildlife.
Current serum potassium 5.4 mmol/L.
Known coronary artery disease (two-vessel disease on angiography).
Prefers to be addressed by first name.
Enjoys board games.
Knits as a hobby.","Male patient of 73 years.
Productive cough and fever; consolidation on chest radiograph.
Heart sounds free of clicks.
Photographs local wildlife.
Current serum potassium 5.4 mmol/L.
His sister has known coronary artery disease.
Prefers to be addressed by first name.
Enjoys board games.
Knits as a hobby.","need: coronary artery disease
found: Cardiac stress test unremarkable last year.
subject: patient
status: absent
time: current","need: coronary artery disease
found: Known coronary artery disease (two-vessel disease on angiography).
subject: patient
status: present
time: current","need: coronary artery disease
found: His sister has known coronary artery disease.
subject: other (sister)
status: present
time: current","need: coronary artery disease
found: Cardiac stress test unremarkable last year.
subject: patient
status: absent
time: past","need: coronary artery disease
found: Known coronary artery disease (two-vessel disease on angiography).
subject: patient
status: present
time: current","need: coronary artery disease
found: His sister has known coronary artery disease.
subject: other (sister)
status: present
time: current","{""criterion_holds"": 0, ""hdr"": 5, ""keywords"": [""coronary""], ""overrides"": {}, ""seed"": 882, ""tpl"": [""mech_valve/generic/5"", ""filler/neutral/10"", ""potassium/current/4"", ""cad/rel/5"", ""filler/neutral/47"", ""filler/neutral/5"", ""filler/neutral/46""], ""tpl_split"": ""test""}",,,,,
E009,1,ledger2 x blocks,B-F-ledger2-blocks-s0,rule_v1.test.gs138.c3.subject.easy.345,gs138,g_two_of_three,subject,easy,L2,base; near,-31.277088165283203,-33.27373504638672,-12.426223278045654,-31.277088165283203,"For stroke prevention in atrial fibrillation, prescribe apixaban. If at least two of the following apply, prescribe warfarin instead: the patient or a first-degree relative (parent, sibling or child) has had a venous thromboembolism at any time; the current weight is 60 kg or less; the patient currently has heart failure.",current heart failure,Prescribe apixaban.,Prescribe warfarin.,"Male patient of 50 years.
Atrial fibrillation; anticoagulation indicated.
Recovered from a pulmonary embolism in 2016.
Sleeps seven hours a night.
Sleeps flat on one pillow.
Latest weight 74 kg.","Male patient of 50 years.
Atrial fibrillation; anticoagulation indicated.
Recovered from a pulmonary embolism in 2016.
Sleeps seven hours a night.
Has heart failure, treated with diuretics.
Latest weight 74 kg.","Male patient of 50 years.
Atrial fibrillation; anticoagulation indicated.
Recovered from a pulmonary embolism in 2016.
Sleeps seven hours a night.
His sister has advanced heart failure.
Latest weight 74 kg.","need: current heart failure
found: Sleeps flat on one pillow.
subject: patient
status: absent
time: current","need: current heart failure
found: Has heart failure, treated with diuretics.
subject: patient
status: present
time: current","need: current heart failure
found: His sister has advanced heart failure.
subject: other (sister)
status: present
time: current","need: current heart failure
found: Sleeps flat on one pillow.
subject: patient
status: present
time: current","need: current heart failure
found: Has heart failure, treated with diuretics.
subject: patient
status: present
time: current","need: current heart failure
found: His sister has advanced heart failure.
subject: other (sister)
status: present
time: current","{""criterion_holds"": 0, ""hdr"": 5, ""keywords"": [""heart failure""], ""overrides"": {}, ""seed"": 345, ""tpl"": [""vte/past/5"", ""filler/neutral/4"", ""chf/rel/5"", ""weight/current/5""], ""tpl_split"": ""test""}",,,,,
E010,1,ledger2 x blocks,B-F-ledger2-blocks-s0,rule_v1.test.gs004.c1.time.easy.1679,gs004,g_score_cutoff,time,easy,L2,near,26.065363883972168,-26.2208309173584,-3.428359806537628,26.065363883972168,"For community-acquired pneumonia, prescribe oral amoxicillin. Score 1 point if the patient is currently taking aspirin; 2 points if the patient has ever had heart failure (current or past); 1 point if the patient has had a major bleeding event at any time; 3 points if the current respiratory rate is 25/min or more. If the score is 4 or more, prescribe intravenous co-amoxiclav instead.",aspirin use,Prescribe oral amoxicillin.,Prescribe intravenous co-amoxiclav.,"Male patient of 81 years.
Community-acquired pneumonia confirmed on chest radiograph.
Current respiratory rate 28/min.
Teeth in good repair.
Current antiplatelet drugs: none.
Examination shows no signs of blood loss.","Male patient of 81 years.
Community-acquired pneumonia confirmed on chest radiograph.
Current respiratory rate 28/min.
Teeth in good repair.
Currently on low-dose aspirin each day.
Examination shows no signs of blood loss.","Male patient of 81 years.
Community-acquired pneumonia confirmed on chest radiograph.
Current respiratory rate 28/min.
Teeth in good repair.
Formerly took a daily aspirin, discontinued years ago.
Examination shows no signs of blood loss.","need: aspirin use
found: Current antiplatelet drugs: none.
subject: patient
status: absent
time: current","need: aspirin use
found: Currently on low-dose aspirin each day.
subject: patient
status: present
time: current","need: aspirin use
found: Formerly took a daily aspirin, discontinued years ago.
subject: patient
status: present
time: past","need: aspirin use
found: Current antiplatelet drugs: none.
subject: patient
status: absent
time: current","need: aspirin use
found: Currently on low-dose aspirin each day.
subject: patient
status: present
time: current","need: aspirin use
found: Formerly took a daily aspirin, discontinued years ago.
subject: patient
status: present
time: past","{""criterion_holds"": 0, ""hdr"": 5, ""keywords"": [""aspirin""], ""overrides"": {}, ""seed"": 1679, ""tpl"": [""rr/current/4"", ""filler/neutral/35"", ""aspirin/past/4"", ""bleeding/generic/4""], ""tpl_split"": ""test""}",,,,,
E011,1,ledger2 x blocks,B-F-ledger2-blocks-s0,rule_v1.test.gs078.c2.time.easy.1745,gs078,g_two_of_three,time,easy,L2,near,30.217756271362305,-34.2335319519043,-14.996088027954102,30.217756271362305,"For community-acquired pneumonia treated at home, prescribe amoxicillin. If at least two of the following apply, prescribe doxycycline instead: the current serum potassium is above 5.0 mmol/L; the patient currently has a mechanical heart valve; the patient has ever had coronary artery disease (current or past).",mechanical heart valve,Prescribe amoxicillin.,Prescribe doxycycline.,"Man of 21 years.
Productive cough and fever; consolidation on chest radiograph.
Has two cats.
Knits as a hobby.
Heart sounds without a metallic click.
Current serum potassium 3.8 mmol/L.
Plays the piano.
Had coronary artery disease, treated with bypass surgery in 2023; recovered well.","Man of 21 years.
Productive cough and fever; consolidation on chest radiograph.
Has two cats.
Knits as a hobby.
Mechanical mitral valve in place; metallic closing clicks audible.
Current serum potassium 3.8 mmol/L.
Plays the piano.
Had coronary artery disease, treated with bypass surgery in 2023; recovered well.","Man of 21 years.
Productive cough and fever; consolidation on chest radiograph.
Has two cats.
Knits as a hobby.
Formerly had a mechanical mitral valve, exchanged for a bioprosthetic valve in 2024.
Current serum potassium 3.8 mmol/L.
Plays the piano.
Had coronary artery disease, treated with bypass surgery in 2023; recovered well.","need: mechanical heart valve
found: Heart sounds without a metallic click.
subject: patient
status: absent
time: current","need: mechanical heart valve
found: Mechanical mitral valve in place; metallic closing clicks audible.
subject: patient
status: present
time: current","need: mechanical heart valve
found: Formerly had a mechanical mitral valve, exchanged for a bioprosthetic valve in 2024.
subject: patient
status: present
time: past (2024)","need: mechanical heart valve
found: Heart sounds without a metallic click.
subject: patient
status: absent
time: current","need: mechanical heart valve
found: Mechanical mitral valve in place; metallic closing clicks audible.
subject: patient
status: present
time: current","need: mechanical heart valve
found: Formerly had a mechanical mitral valve, exchanged for a bioprosthetic valve in 2024.
subject: patient
status: present
time: past (2024)","{""criterion_holds"": 0, ""hdr"": 4, ""keywords"": [""mechanical""], ""overrides"": {}, ""seed"": 1745, ""tpl"": [""filler/neutral/40"", ""filler/neutral/46"", ""mech_valve/past/4"", ""potassium/current/4"", ""filler/neutral/41"", ""cad/past/5""], ""tpl_split"": ""test""}",,,,,
E012,1,ledger2 x blocks,B-F-ledger2-blocks-s0,rule_v1.test.gs180.c4.time.long.1672,gs180,g_score_cutoff,time,long,L2,near,25.56979751586914,-30.719741821289062,-3.502756953239441,25.56979751586914,"For community-acquired pneumonia treated at home, prescribe amoxicillin. Score 1 point if the current systolic blood pressure is above 160 mmHg; 1 point if the patient is allergic to sulfonamide antibiotics; 2 points if the patient has ever had asthma (current or past); 3 points if the patient has active cancer. If the score is 6 or more, prescribe doxycycline instead.",active cancer,Prescribe amoxicillin.,Prescribe doxycycline.,"Woman of 23 years.
Productive cough and fever; consolidation on chest radiograph.
Asthma in the early school years, outgrown long ago.
Pupils equal and reactive to light.
Sleeps seven hours a night.
Uses sunscreen in summer.
Her friend sprained a thumb last month.
During a checkup in 2023, total protein was 7.0 g/dL.
Prefers to be addressed by first name.
Zinc of 85 mcg/dL in 2024.
Sulfonamide antibiotic allergy: generalized rash.
Photographs local wildlife.
Prefers morning appointments.
Enjoys board games.
Sees a dentist yearly.
Plays the piano.
Owns a bicycle.
Her wife wears contact lenses.
Observations now: blood pressure 174/111 mmHg.
Has two cats.
Knits as a hobby.
Teeth in good repair.
Paints watercolors as a hobby.
Her father lives with psoriasis.
Lives in a second-floor apartment.","Woman of 23 years.
Productive cough and fever; consolidation on chest radiograph.
Asthma in the early school years, outgrown long ago.
Pupils equal and reactive to light.
Sleeps seven hours a night.
Uses sunscreen in summer.
Her friend sprained a thumb last month.
During a checkup in 2023, total protein was 7.0 g/dL.
Prefers to be addressed by first name.
Zinc of 85 mcg/dL in 2024.
Sulfonamide antibiotic allergy: generalized rash.
Photographs local wildlife.
Prefers morning appointments.
Enjoys board games.
Sees a dentist yearly.
Plays the piano.
Owns a bicycle.
Her wife wears contact lenses.
Has metastatic lung cancer, receiving palliative treatment.
Observations now: blood pressure 174/111 mmHg.
Has two cats.
Knits as a hobby.
Teeth in good repair.
Paints watercolors as a hobby.
Her father lives with psoriasis.
Lives in a second-floor apartment.","Woman of 23 years.
Productive cough and fever; consolidation on chest radiograph.
Asthma in the early school years, outgrown long ago.
Pupils equal and reactive to light.
Sleeps seven hours a night.
Uses sunscreen in summer.
Her friend sprained a thumb last month.
During a checkup in 2023, total protein was 7.0 g/dL.
Prefers to be addressed by first name.
Zinc of 85 mcg/dL in 2024.
Sulfonamide antibiotic allergy: generalized rash.
Photographs local wildlife.
Prefers morning appointments.
Enjoys board games.
Sees a dentist yearly.
Plays the piano.
Owns a bicycle.
Her wife wears contact lenses.
Formerly had kidney cancer, cured by surgery in 2022.
Observations now: blood pressure 174/111 mmHg.
Has two cats.
Knits as a hobby.
Teeth in good repair.
Paints watercolors as a hobby.
Her father lives with psoriasis.
Lives in a second-floor apartment.","need: active cancer
found: not mentioned
subject: patient
status: absent
time: current","need: active cancer
found: Has metastatic lung cancer, receiving palliative treatment.
subject: patient
status: present
time: current","need: active cancer
found: Formerly had kidney cancer, cured by surgery in 2022.
subject: patient
status: present
time: past (2022)","need: active cancer
found: not mentioned
subject: patient
status: absent
time: current","need: active cancer
found: Has metastatic lung cancer, receiving palliative treatment.
subject: patient
status: present
time: current","need: active cancer
found: Formerly had kidney cancer, cured by surgery in 2022.
subject: patient
status: present
time: past (2022)","{""criterion_holds"": 0, ""hdr"": 4, ""keywords"": [""cancer"", ""lymphoma"", ""leukemia"", ""myeloma"", ""carcinoma""], ""overrides"": {}, ""seed"": 1672, ""tpl"": [""asthma/past/4"", ""filler/neutral/11"", ""filler/neutral/4"", ""filler/neutral/22"", ""filler/other/5"", ""filler/lab/10"", ""filler/neutral/47"", ""filler/lab/16"", ""sulfa_allergy/present/4"", ""filler/neutral/10"", ""filler/neutral/29"", ""filler/neutral/5"", ""filler/neutral/23"", ""filler/neutral/41"", ""filler/neutral/34"", ""filler/other/16"", ""cancer/past/5"", ""sbp/current/5"", ""filler/neutral/40"", ""filler/neutral/46"", ""filler/neutral/35"", ""filler/neutral/28"", ""filler/other/4"", ""filler/neutral/16""], ""tpl_split"": ""test""}",,,,,
E013,1,ledger2 x triplets,B-F-ledger2-triplets-s0,rule_v1.test.cut_bleed.bleed.negation.easy.1796,cut_bleed,score_cutoff,negation,easy,L2,flip,31.44547176361084,4.192474961280823,34.38290977478027,31.44547176361084,"For dual antiplatelet therapy after a myocardial infarction, prescribe aspirin plus ticagrelor. Score 2 points for a major bleeding event at any time; 1 point for age 75 years or more; 1 point for a current eGFR below 30 mL/min/1.73 m2. If the score is 2 or more, prescribe aspirin plus clopidogrel instead.",bleeding history,Prescribe aspirin plus ticagrelor.,Prescribe aspirin plus clopidogrel.,"Woman, adult.
Recovering on the ward after a myocardial infarction treated with a stent.
Sleeps seven hours a night.
Currently aged 76 years.
Prefers to be addressed by first name.
eGFR now 78 mL/min/1.73 m2.","Woman, adult.
Recovering on the ward after a myocardial infarction treated with a stent.
Sleeps seven hours a night.
Currently aged 76 years.
Major intracranial bleed after a fall years ago, with full recovery.
Prefers to be addressed by first name.
eGFR now 78 mL/min/1.73 m2.","Woman, adult.
Recovering on the ward after a myocardial infarction treated with a stent.
Sleeps seven hours a night.
Currently aged 76 years.
Has never had a major bleed.
Prefers to be addressed by first name.
eGFR now 78 mL/min/1.73 m2.","need: bleeding history
found: not mentioned
subject: patient
status: absent
time: current","need: bleeding history
found: Major intracranial bleed after a fall years ago, with full recovery.
subject: patient
status: present
time: past","need: bleeding history
found: Has never had a major bleed.
subject: patient
status: absent
time: current","need: bleeding history
found: not mentioned
subject: patient
status: absent
time: current","need: bleeding history
found: Major intracranial bleed after a fall years ago, with full recovery.
subject: patient
status: present
time: past","need: bleeding history
found: Has never had a major bleed.
subject: patient
status: absent
time: current","{""criterion_holds"": 0, ""hdr"": 5, ""keywords"": [""bleed""], ""overrides"": {}, ""seed"": 1796, ""tpl"": [""filler/neutral/4"", ""age/current/4"", ""bleeding/absent/4"", ""filler/neutral/47"", ""egfr/current/5""], ""tpl_split"": ""test""}",,,,,
E014,1,ledger2 x triplets,B-F-ledger2-triplets-s0,rule_v1.test.gs083.c2.negation.long.664,gs083,g_all_of,negation,long,L2,base,-21.641502380371094,-10.762788772583008,37.80168914794922,-21.641502380371094,"For community-acquired pneumonia, prescribe oral amoxicillin. If the current serum creatinine is 1.5 mg/dL or more and the patient has ever had heart failure (current or past), prescribe intravenous co-amoxiclav instead.",heart failure,Prescribe oral amoxicillin.,Prescribe intravenous co-amoxiclav.,"Female patient of 61 years.
Community-acquired pneumonia confirmed on chest radiograph.
Lives in a second-floor apartment.
Knits as a hobby.
Has two cats.
Prefers to be addressed by first name.
In 2011, folate was 12 ng/mL.
During a checkup in 2019, free T3 was 3.2 pg/mL.
Free T4 of 1.2 ng/dL in 2024.
Her wife has recovered from a dislocated finger.
Her friend sprained a thumb last month.
Current serum creatinine 1.9 mg/dL.
Sleeps flat on one pillow.
Plays the piano.
Her roommate lives with psoriasis.
Drives a car.
Photographs local wildlife.
Prefers morning appointments.
Paints watercolors as a hobby.
Sees a dentist yearly.
Uses sunscreen in summer.","Female patient of 61 years.
Community-acquired pneumonia confirmed on chest radiograph.
Lives in a second-floor apartment.
Knits as a hobby.
Has two cats.
Prefers to be addressed by first name.
In 2011, folate was 12 ng/mL.
During a checkup in 2019, free T3 was 3.2 pg/mL.
Free T4 of 1.2 ng/dL in 2024.
Her wife has recovered from a dislocated finger.
Her friend sprained a thumb last month.
Current serum creatinine 1.9 mg/dL.
Had heart failure years ago from severe anemia; it recovered fully once the anemia was corrected.
Plays the piano.
Her roommate lives with psoriasis.
Drives a car.
Photographs local wildlife.
Prefers morning appointments.
Paints watercolors as a hobby.
Sees a dentist yearly.
Uses sunscreen in summer.","Female patient of 61 years.
Community-acquired pneumonia confirmed on chest radiograph.
Lives in a second-floor apartment.
Knits as a hobby.
Has two cats.
Prefers to be addressed by first name.
In 2011, folate was 12 ng/mL.
During a checkup in 2019, free T3 was 3.2 pg/mL.
Free T4 of 1.2 ng/dL in 2024.
Her wife has recovered from a dislocated finger.
Her friend sprained a thumb last month.
Current serum creatinine 1.9 mg/dL.
Heart failure: never diagnosed.
Plays the piano.
Her roommate lives with psoriasis.
Drives a car.
Photographs local wildlife.
Prefers morning appointments.
Paints watercolors as a hobby.
Sees a dentist yearly.
Uses sunscreen in summer.","need: heart failure
found: Sleeps flat on one pillow.
subject: patient
status: absent
time: current","need: heart failure
found: Had heart failure years ago from severe anemia; it recovered fully once the anemia was corrected.
subject: patient
status: present
time: past","need: heart failure
found: Heart failure: never diagnosed.
subject: patient
status: absent
time: current","need: heart failure
found: Sleeps flat on one pillow.
subject: patient
status: present
time: current","need: heart failure
found: Had heart failure years ago from severe anemia; it recovered fully once the anemia was corrected.
subject: patient
status: present
time: past","need: heart failure
found: Heart failure: never diagnosed.
subject: patient
status: absent
time: current","{""criterion_holds"": 0, ""hdr"": 5, ""keywords"": [""heart failure""], ""overrides"": {}, ""seed"": 664, ""tpl"": [""filler/neutral/16"", ""filler/neutral/46"", ""filler/neutral/40"", ""filler/neutral/47"", ""filler/lab/4"", ""filler/lab/17"", ""filler/lab/5"", ""filler/other/17"", ""filler/other/5"", ""creatinine/current/4"", ""chf/absent/5"", ""filler/neutral/41"", ""filler/other/4"", ""filler/neutral/17"", ""filler/neutral/10"", ""filler/neutral/29"", ""filler/neutral/28"", ""filler/neutral/23"", ""filler/neutral/22""], ""tpl_split"": ""test""}",,,,,
E015,1,ledger2 x triplets,B-F-ledger2-triplets-s0,rule_v1.test.gs064.c1.subject.easy.1243,gs064,g_all_of,subject,easy,L2,near,34.79247856140137,-37.11461639404297,-2.106967568397522,34.79247856140137,"For an acute gout flare, prescribe colchicine. If the patient has ever had angioedema (current or past) and the patient or a first-degree relative (parent, sibling or child) has had colorectal cancer at any time, prescribe prednisone instead.",angioedema,Prescribe colchicine.,Prescribe prednisone.,"Man of 65 years.
Acute gout flare of the right first metatarsophalangeal joint.
Drives a car.
Prefers to be addressed by first name.
Teeth in good repair.
Pupils equal and reactive to light.
Formerly had colon cancer; recovered fully after an operation in 2013.","Man of 65 years.
Acute gout flare of the right first metatarsophalangeal joint.
Drives a car.
Prefers to be addressed by first name.
Lives with chronic angioedema that flares several times a year.
Teeth in good repair.
Pupils equal and reactive to light.
Formerly had colon cancer; recovered fully after an operation in 2013.","Man of 65 years.
Acute gout flare of the right first metatarsophalangeal joint.
Drives a car.
Prefers to be addressed by first name.
His sister is being treated for angioedema.
Teeth in good repair.
Pupils equal and reactive to light.
Formerly had colon cancer; recovered fully after an operation in 2013.","need: angioedema
found: not mentioned
subject: patient
status: absent
time: current","need: angioedema
found: Lives with chronic angioedema that flares several times a year.
subject: patient
status: present
time: current","need: angioedema
found: His sister is being treated for angioedema.
subject: other (sister)
status: present
time: current","need: angioedema
found: not mentioned
subject: patient
status: absent
time: current","need: angioedema
found: Lives with chronic angioedema that flares several times a year.
subject: patient
status: present
time: current","need: angioedema
found: His sister is being treated for angioedema.
subject: other (sister)
status: present
time: current","{""criterion_holds"": 0, ""hdr"": 4, ""keywords"": [""angioedema""], ""overrides"": {}, ""seed"": 1243, ""tpl"": [""filler/neutral/17"", ""filler/neutral/47"", ""angioedema/rel/4"", ""filler/neutral/35"", ""filler/neutral/11"", ""crc/past/5""], ""tpl_split"": ""test""}",,,,,
E016,1,ledger2 x triplets,B-F-ledger2-triplets-s0,rule_v1.test.gs113.c2.subject.easy.649,gs113,g_all_of,subject,easy,L2,base,-29.393638610839844,-35.97793960571289,32.346946716308594,17.799735069274902,"For dual antiplatelet therapy after a myocardial infarction, prescribe aspirin plus ticagrelor. If the current serum creatinine is above 2.0 mg/dL and the patient has ever had heart failure (current or past), prescribe aspirin plus clopidogrel instead.",heart failure,Prescribe aspirin plus ticagrelor.,Prescribe aspirin plus clopidogrel.,"Woman of 85 years.
Recovering on the ward after a myocardial infarction treated with a stent.
Sleeps flat on one pillow.
Prefers morning appointments.
Latest creatinine result: 2.3 mg/dL.","Woman of 85 years.
Recovering on the ward after a myocardial infarction treated with a stent.
Current heart failure with ankle swelling.
Prefers morning appointments.
Latest creatinine result: 2.3 mg/dL.","Woman of 85 years.
Recovering on the ward after a myocardial infarction treated with a stent.
Her sister is treated for heart failure.
Prefers morning appointments.
Latest creatinine result: 2.3 mg/dL.","need: heart failure
found: Sleeps flat on one pillow.
subject: patient
status: absent
time: current","need: heart failure
found: Current heart failure with ankle swelling.
subject: patient
status: present
time: current","need: heart failure
found: Her sister is treated for heart failure.
subject: other (sister)
status: present
time: current","need: heart failure
found: Sleeps flat on one pillow.
subject: patient
status: present
time: current","need: heart failure
found: Current heart failure with ankle swelling.
subject: patient
status: present
time: current","need: heart failure
found: Her sister is treated for heart failure.
subject: other (sister)
status: present
time: current","{""criterion_holds"": 0, ""hdr"": 4, ""keywords"": [""heart failure""], ""overrides"": {}, ""seed"": 649, ""tpl"": [""chf/rel/4"", ""filler/neutral/29"", ""creatinine/current/5""], ""tpl_split"": ""test""}",,,,,
E017,1,summary2 x triplets,B-F-summary2-triplets-s0,rule_v1.test.gs001.c3.negation.easy.1176,gs001,g_score_cutoff,negation,easy,L2,base,-8.1810781955719,-9.389827013015747,21.86221218109131,-8.1810781955719,"For contraception, prescribe a combined oral contraceptive. Score 1 point if the current platelet count is below 50 x10^9/L; 1 point if the patient is currently taking warfarin; 1 point if the patient has ever had diabetes (current or past); 3 points if the patient currently has a mechanical heart valve. If the score is 5 or more, prescribe a progestin-only pill instead.",diabetes,Prescribe a combined oral contraceptive.,Prescribe a progestin-only pill.,"Woman of 20 years.
Requests contraception.
Photographs local wildlife.
Teeth in good repair.
Current platelet count 261 x10^9/L.
Pupils equal and reactive to light.
HbA1c 5.3% at a routine check.
Lives with a mechanical aortic valve prosthesis.
Currently on warfarin, prescribed by the cardiology clinic.
Has two cats.","Woman of 20 years.
Requests contraception.
Photographs local wildlife.
Teeth in good repair.
Current platelet count 261 x10^9/L.
Pupils equal and reactive to light.
Had diabetes years ago that went into remission on a low-calorie diet.
Lives with a mechanical aortic valve prosthesis.
Currently on warfarin, prescribed by the cardiology clinic.
Has two cats.","Woman of 20 years.
Requests contraception.
Photographs local wildlife.
Teeth in good repair.
Current platelet count 261 x10^9/L.
Pupils equal and reactive to light.
Never diagnosed with diabetes.
Lives with a mechanical aortic valve prosthesis.
Currently on warfarin, prescribed by the cardiology clinic.
Has two cats.","need: diabetes
found: HbA1c 5.3% at a routine check.
subject: patient
status: absent
time: current","need: diabetes
found: Had diabetes years ago that went into remission on a low-calorie diet.
subject: patient
status: present
time: past","need: diabetes
found: Never diagnosed with diabetes.
subject: patient
status: absent
time: current","For diabetes, the note states ""HbA1c 5.3% at a routine check.""; this concerns the patient, is recorded as present, at present.","For diabetes, the note states ""Had diabetes years ago that went into remission on a low-calorie diet.""; this concerns the patient, is recorded as present, in the past.","For diabetes, the note states ""Never diagnosed with diabetes.""; this concerns the patient, is recorded as absent, at present.","{""criterion_holds"": 0, ""hdr"": 4, ""keywords"": [""diabet""], ""overrides"": {}, ""seed"": 1176, ""tpl"": [""filler/neutral/10"", ""filler/neutral/35"", ""platelets/current/4"", ""filler/neutral/11"", ""diabetes/absent/5"", ""mech_valve/present/5"", ""warfarin/present/4"", ""filler/neutral/40""], ""tpl_split"": ""test""}",,,,,
E018,1,summary2 x triplets,B-F-summary2-triplets-s0,rule_v1.test.gs009.c2.negation.long.1978,gs009,g_all_of,negation,long,L2,base,-28.351673126220703,-31.8279972076416,32.35935401916504,-28.351673126220703,"For acute streptococcal pharyngitis, prescribe amoxicillin. If the current white cell count is above 12.0 x10^9/L and the patient or a first-degree relative (parent, sibling or child) has had diabetes at any time, prescribe azithromycin instead.",diabetes (patient or first-degree relative),Prescribe amoxicillin.,Prescribe azithromycin.,"Woman of 21 years.
Presents with acute streptococcal pharyngitis (rapid antigen test positive).
In 2024, folate was 12 ng/mL.
Owns a bicycle.
During a checkup in 2024, free T3 was 3.2 pg/mL.
Her sister has recovered from a dislocated finger.
Photographs local wildlife.
Paints watercolors as a hobby.
Zinc of 85 mcg/dL in 2024.
Her sister has a lazy eye.
Random glucose 92 mg/dL.
Pupils equal and reactive to light.
Current white cell count 13.4 x10^9/L.
Her uncle burned a hand on a stove years ago.
Enjoys board games.
Prefers to be addressed by first name.
During a checkup in 2024, total protein was 7.0 g/dL.
Her roommate sprained a thumb last month.
Drives a car.
Knits as a hobby.","Woman of 21 years.
Presents with acute streptococcal pharyngitis (rapid antigen test positive).
In 2024, folate was 12 ng/mL.
Owns a bicycle.
During a checkup in 2024, free T3 was 3.2 pg/mL.
Her sister has recovered from a dislocated finger.
Photographs local wildlife.
Paints watercolors as a hobby.
Zinc of 85 mcg/dL in 2024.
Her sister has a lazy eye.
Has type 2 diabetes on metformin.
Pupils equal and reactive to light.
Current white cell count 13.4 x10^9/L.
Her uncle burned a hand on a stove years ago.
Enjoys board games.
Prefers to be addressed by first name.
During a checkup in 2024, total protein was 7.0 g/dL.
Her roommate sprained a thumb last month.
Drives a car.
Knits as a hobby.","Woman of 21 years.
Presents with acute streptococcal pharyngitis (rapid antigen test positive).
In 2024, folate was 12 ng/mL.
Owns a bicycle.
During a checkup in 2024, free T3 was 3.2 pg/mL.
Her sister has recovered from a dislocated finger.
Photographs local wildlife.
Paints watercolors as a hobby.
Zinc of 85 mcg/dL in 2024.
Her sister has a lazy eye.
Has never had diabetes.
Pupils equal and reactive to light.
Current white cell count 13.4 x10^9/L.
Her uncle burned a hand on a stove years ago.
Enjoys board games.
Prefers to be addressed by first name.
During a checkup in 2024, total protein was 7.0 g/dL.
Her roommate sprained a thumb last month.
Drives a car.
Knits as a hobby.","need: diabetes (patient or first-degree relative)
found: Random glucose 92 mg/dL.
subject: patient
status: absent
time: current","need: diabetes (patient or first-degree relative)
found: Has type 2 diabetes on metformin.
subject: patient
status: present
time: current","need: diabetes (patient or first-degree relative)
found: Has never had diabetes.
subject: patient
status: absent
time: current","For diabetes (patient or first-degree relative), the note states ""92""; this concerns the patient, is recorded as present, at present.","For diabetes (patient or first-degree relative), the note states ""Has type 2 diabetes on metformin.""; this concerns the patient, is recorded as present, at present.","For diabetes (patient or first-degree relative), the note states ""Has never had diabetes.""; this concerns the patient, is recorded as absent, at present.","{""criterion_holds"": 0, ""hdr"": 4, ""keywords"": [""diabet""], ""overrides"": {}, ""seed"": 1978, ""tpl"": [""filler/lab/4"", ""filler/neutral/34"", ""filler/lab/17"", ""filler/other/17"", ""filler/neutral/10"", ""filler/neutral/28"", ""filler/lab/16"", ""filler/other/10"", ""diabetes/absent/4"", ""filler/neutral/11"", ""wbc/current/4"", ""filler/other/11"", ""filler/neutral/5"", ""filler/neutral/47"", ""filler/lab/10"", ""filler/other/5"", ""filler/neutral/17"", ""filler/neutral/46""], ""tpl_split"": ""test""}",,,,,
E019,1,summary2 x triplets,B-F-summary2-triplets-s0,rule_v1.test.gs179.c1.negation.long.1056,gs179,g_all_of,negation,long,L2,base,-28.58786964416504,-25.06818389892578,32.14095878601074,-28.58786964416504,"For rate control in atrial fibrillation, prescribe metoprolol. If the patient has ever had diabetes (current or past) and the current white cell count is above 12.0 x10^9/L, prescribe diltiazem instead.",diabetes,Prescribe metoprolol.,Prescribe diltiazem.,"Female patient of 45 years.
Atrial fibrillation with a ventricular rate of 128/min.
Her sister lives with psoriasis.
Teeth in good repair.
During a checkup in 2007, total protein was 7.0 g/dL.
Sleeps seven hours a night.
Her father sprained a thumb last month.
Random glucose 92 mg/dL.
Her father wears contact lenses.
Plays the piano.
Photographs local wildlife.
In 2010, folate was 12 ng/mL.
Her uncle has recovered from a dislocated finger.
Prefers morning appointments.
Prefers to be addressed by first name.
Owns a bicycle.
Knits as a hobby.
Lives in a second-floor apartment.
Latest WBC is 13.5 x10^9/L.
Enjoys board games.
During a checkup in 2023, free T3 was 3.2 pg/mL.
Has two cats.","Female patient of 45 years.
Atrial fibrillation with a ventricular rate of 128/min.
Her sister lives with psoriasis.
Teeth in good repair.
During a checkup in 2007, total protein was 7.0 g/dL.
Sleeps seven hours a night.
Her father sprained a thumb last month.
Formerly diabetic; in remission since 2005.
Her father wears contact lenses.
Plays the piano.
Photographs local wildlife.
In 2010, folate was 12 ng/mL.
Her uncle has recovered from a dislocated finger.
Prefers morning appointments.
Prefers to be addressed by first name.
Owns a bicycle.
Knits as a hobby.
Lives in a second-floor apartment.
Latest WBC is 13.5 x10^9/L.
Enjoys board games.
During a checkup in 2023, free T3 was 3.2 pg/mL.
Has two cats.","Female patient of 45 years.
Atrial fibrillation with a ventricular rate of 128/min.
Her sister lives with psoriasis.
Teeth in good repair.
During a checkup in 2007, total protein was 7.0 g/dL.
Sleeps seven hours a night.
Her father sprained a thumb last month.
Never diagnosed with diabetes.
Her father wears contact lenses.
Plays the piano.
Photographs local wildlife.
In 2010, folate was 12 ng/mL.
Her uncle has recovered from a dislocated finger.
Prefers morning appointments.
Prefers to be addressed by first name.
Owns a bicycle.
Knits as a hobby.
Lives in a second-floor apartment.
Latest WBC is 13.5 x10^9/L.
Enjoys board games.
During a checkup in 2023, free T3 was 3.2 pg/mL.
Has two cats.","need: diabetes
found: Random glucose 92 mg/dL.
subject: patient
status: absent
time: current","need: diabetes
found: Formerly diabetic; in remission since 2005.
subject: patient
status: present
time: past (2005)","need: diabetes
found: Never diagnosed with diabetes.
subject: patient
status: absent
time: current","For diabetes, the note states ""92""; this concerns the patient, is recorded as present, at present.","For diabetes, the note states ""Formerly diabetic; in remission since 2005.""; this concerns the patient, is recorded as present, in the past (2005).","For diabetes, the note states ""Never diagnosed with diabetes.""; this concerns the patient, is recorded as absent, at present.","{""criterion_holds"": 0, ""hdr"": 5, ""keywords"": [""diabet""], ""overrides"": {}, ""seed"": 1056, ""tpl"": [""filler/other/4"", ""filler/neutral/35"", ""filler/lab/10"", ""filler/neutral/4"", ""filler/other/5"", ""diabetes/absent/5"", ""filler/other/16"", ""filler/neutral/41"", ""filler/neutral/10"", ""filler/lab/4"", ""filler/other/17"", ""filler/neutral/29"", ""filler/neutral/47"", ""filler/neutral/34"", ""filler/neutral/46"", ""filler/neutral/16"", ""wbc/current/5"", ""filler/neutral/5"", ""filler/lab/17"", ""filler/neutral/40""], ""tpl_split"": ""test""}",,,,,
E020,1,summary2 x triplets,B-F-summary2-triplets-s0,rule_v1.test.gs009.c2.subject.easy.565,gs009,g_all_of,subject,easy,L2,base,-28.14712905883789,-30.92048931121826,29.4181489944458,-28.14712905883789,"For acute streptococcal pharyngitis, prescribe amoxicillin. If the current white cell count is above 12.0 x10^9/L and the patient or a first-degree relative (parent, sibling or child) has had diabetes at any time, prescribe azithromycin instead.",diabetes (patient or first-degree relative),Prescribe amoxicillin.,Prescribe azithromycin.,"Woman of 57 years.
Presents with acute streptococcal pharyngitis (rapid antigen test positive).
Latest WBC is 12.8 x10^9/L.
Random glucose 92 mg/dL.
Photographs local wildlife.
Has two cats.
Uses sunscreen in summer.","Woman of 57 years.
Presents with acute streptococcal pharyngitis (rapid antigen test positive).
Latest WBC is 12.8 x10^9/L.
Her father is diabetic.
Photographs local wildlife.
Has two cats.
Uses sunscreen in summer.","Woman of 57 years.
Presents with acute streptococcal pharyngitis (rapid antigen test positive).
Latest WBC is 12.8 x10^9/L.
Her roommate lives with type 1 diabetes.
Photographs local wildlife.
Has two cats.
Uses sunscreen in summer.","need: diabetes (patient or first-degree relative)
found: Random glucose 92 mg/dL.
subject: patient
status: absent
time: current","need: diabetes (patient or first-degree relative)
found: Her father is diabetic.
subject: other (father)
status: present
time: current","need: diabetes (patient or first-degree relative)
found: Her roommate lives with type 1 diabetes.
subject: other (roommate)
status: present
time: current","For diabetes (patient or first-degree relative), the note states ""92""; this concerns the patient, is recorded as present, at present.","For diabetes (patient or first-degree relative), the note states ""Her father is diabetic.""; this concerns the patient's father, is recorded as present, at present.","For diabetes (patient or first-degree relative), the note states ""Her roommate lives with type 1 diabetes.""; this concerns the patient's roommate, is recorded as present, at present.","{""criterion_holds"": 0, ""hdr"": 4, ""keywords"": [""diabet""], ""overrides"": {}, ""seed"": 565, ""tpl"": [""wbc/current/5"", ""diabetes/rel/5"", ""filler/neutral/10"", ""filler/neutral/40"", ""filler/neutral/22""], ""tpl_split"": ""test""}",,,,,
E021,1,summary2 x triplets,B-F-summary2-triplets-s0,rule_v1.test.gs056.c1.subject.easy.634,gs056,g_score_cutoff,subject,easy,L2,base,-20.62503719329834,-12.650891065597534,15.234758377075195,-20.62503719329834,"For rate control in atrial fibrillation, prescribe metoprolol. Score 1 point if the patient or a first-degree relative (parent, sibling or child) has had diabetes at any time; 2 points if the patient has ever had a venous thromboembolism (current or past); 3 points if the patient has ever had coronary artery disease (current or past); 1 point if the current white cell count is above 12.0 x10^9/L. If the score is 4 or more, prescribe diltiazem instead.",diabetes (patient or first-degree relative),Prescribe metoprolol.,Prescribe diltiazem.,"Female patient of 82 years.
Atrial fibrillation with a ventricular rate of 128/min.
Random glucose 92 mg/dL.
Teeth in good repair.
Coagulation tests normal on recent bloodwork.
Coronary artery disease years ago, with angina that went away after bypass surgery.
Current white cell count 7.8 x10^9/L.
Photographs local wildlife.","Female patient of 82 years.
Atrial fibrillation with a ventricular rate of 128/min.
Her sister was diabetic until bariatric surgery several years ago.
Teeth in good repair.
Coagulation tests normal on recent bloodwork.
Coronary artery disease years ago, with angina that went away after bypass surgery.
Current white cell count 7.8 x10^9/L.
Photographs local wildlife.","Female patient of 82 years.
Atrial fibrillation with a ventricular rate of 128/min.
Her roommate had diabetes years ago that went away after a change in diet.
Teeth in good repair.
Coagulation tests normal on recent bloodwork.
Coronary artery disease years ago, with angina that went away after bypass surgery.
Current white cell count 7.8 x10^9/L.
Photographs local wildlife.","need: diabetes (patient or first-degree relative)
found: Random glucose 92 mg/dL.
subject: patient
status: absent
time: current","need: diabetes (patient or first-degree relative)
found: Her sister was diabetic until bariatric surgery several years ago.
subject: other (sister)
status: present
time: past","need: diabetes (patient or first-degree relative)
found: Her roommate had diabetes years ago that went away after a change in diet.
subject: other (roommate)
status: present
time: past","For diabetes (patient or first-degree relative), the note states ""92""; this concerns the patient, is recorded as present, at present.","For diabetes (patient or first-degree relative), the note states ""Her sister was diabetic until bariatric surgery several years ago.""; this concerns the patient's sister, is recorded as present, in the past.","For diabetes (patient or first-degree relative), the note states ""Her roommate had diabetes years ago that went away after a change in diet.""; this concerns the patient's roommate, is recorded as present, in the past.","{""criterion_holds"": 0, ""hdr"": 5, ""keywords"": [""diabet""], ""overrides"": {}, ""seed"": 634, ""tpl"": [""diabetes/rel_past/4"", ""filler/neutral/35"", ""vte/generic/4"", ""cad/past/4"", ""wbc/current/4"", ""filler/neutral/10""], ""tpl_split"": ""test""}",,,,,
E022,1,summary2 x triplets,B-F-summary2-triplets-s0,rule_v1.test.gs065.c3.subject.easy.1665,gs065,g_two_of_three,subject,easy,L2,near,29.780176162719727,-31.179162979125977,-4.199410438537598,29.780176162719727,"For knee osteoarthritis pain, prescribe naproxen. If at least two of the following apply, prescribe acetaminophen instead: the patient or a first-degree relative (parent, sibling or child) has had coronary artery disease at any time; the current calf swelling compared with the other leg is 3.0 cm or more; the patient has ever had angioedema (current or past).",angioedema,Prescribe naproxen.,Prescribe acetaminophen.,"Male patient of 65 years.
Knee osteoarthritis with pain on walking.
Current calf swelling 0.3 cm compared with the other leg.
His sister was formerly under the care of a cardiologist for coronary artery disease.
Drives a car.
Face and neck without swelling on examination.","Male patient of 65 years.
Knee osteoarthritis with pain on walking.
Current calf swelling 0.3 cm compared with the other leg.
His sister was formerly under the care of a cardiologist for coronary artery disease.
Drives a car.
Lives with chronic angioedema that flares several times a year.","Male patient of 65 years.
Knee osteoarthritis with pain on walking.
Current calf swelling 0.3 cm compared with the other leg.
His sister was formerly under the care of a cardiologist for coronary artery disease.
Drives a car.
His sister is being treated for angioedema.","need: angioedema
found: Face and neck without swelling on examination.
subject: patient
status: absent
time: current","need: angioedema
found: Lives with chronic angioedema that flares several times a year.
subject: patient
status: present
time: current","need: angioedema
found: His sister is being treated for angioedema.
subject: other (sister)
status: present
time: current","For angioedema, the note states ""Face and neck without swelling on examination.""; this concerns the patient, is recorded as absent, at present.","For angioedema, the note states ""Lives with chronic angioedema that flares several times a year.""; this concerns the patient, is recorded as present, at present.","For angioedema, the note states ""His sister is being treated for angioedema.""; this concerns the patient's sister, is recorded as present, at present.","{""criterion_holds"": 0, ""hdr"": 5, ""keywords"": [""angioedema""], ""overrides"": {}, ""seed"": 1665, ""tpl"": [""calf_swelling/current/4"", ""cad/rel_past/5"", ""filler/neutral/17"", ""angioedema/rel/4""], ""tpl_split"": ""test""}",,,,,
E023,1,summary2 x triplets,B-F-summary2-triplets-s0,rule_v1.test.gs134.c1.subject.easy.389,gs134,g_score_cutoff,subject,easy,L2,near,23.66572856903076,-24.673605918884277,-4.188352942466736,23.66572856903076,"For contraception, prescribe a combined oral contraceptive. Score 2 points if the patient or a first-degree relative (parent, sibling or child) has had coronary artery disease at any time; 2 points if the current weight is 60 kg or less; 2 points if the current platelet count is below 50 x10^9/L; 1 point if the patient currently has tender anterior cervical lymph nodes. If the score is 7 or more, prescribe a progestin-only pill instead.",coronary artery disease (patient or first-degree relative),Prescribe a combined oral contraceptive.,Prescribe a progestin-only pill.,"Woman of 30 years.
Requests contraception.
Tender, swollen lymph nodes in the front of the neck.
Paints watercolors as a hobby.
Uses sunscreen in summer.
Has two cats.
Platelet count now 42 x10^9/L.
Chest pain on exertion: none reported.
Plays the piano.
Latest weight 59 kg.","Woman of 30 years.
Requests contraception.
Tender, swollen lymph nodes in the front of the neck.
Paints watercolors as a hobby.
Uses sunscreen in summer.
Has two cats.
Platelet count now 42 x10^9/L.
Known coronary artery disease (two-vessel disease on angiography).
Plays the piano.
Latest weight 59 kg.","Woman of 30 years.
Requests contraception.
Tender, swollen lymph nodes in the front of the neck.
Paints watercolors as a hobby.
Uses sunscreen in summer.
Has two cats.
Platelet count now 42 x10^9/L.
Her wife has angina from coronary artery disease.
Plays the piano.
Latest weight 59 kg.","need: coronary artery disease (patient or first-degree relative)
found: Chest pain on exertion: none reported.
subject: patient
status: absent
time: current","need: coronary artery disease (patient or first-degree relative)
found: Known coronary artery disease (two-vessel disease on angiography).
subject: patient
status: present
time: current","need: coronary artery disease (patient or first-degree relative)
found: Her wife has angina from coronary artery disease.
subject: other (wife)
status: present
time: current","For coronary artery disease (patient or first-degree relative), the note states ""Chest pain on exertion: none reported.""; this concerns the patient, is recorded as absent, at present.","For coronary artery disease (patient or first-degree relative), the note states ""Known coronary artery disease (two-vessel disease on angiography).""; this concerns the patient, is recorded as present, at present.","For coronary artery disease (patient or first-degree relative), the note states ""Her wife has angina from coronary artery disease.""; this concerns the patient's wife, is recorded as present, at present.","{""criterion_holds"": 0, ""hdr"": 4, ""keywords"": [""coronary""], ""overrides"": {}, ""seed"": 389, ""tpl"": [""neck_nodes/present/5"", ""filler/neutral/28"", ""filler/neutral/22"", ""filler/neutral/40"", ""platelets/current/5"", ""cad/rel/4"", ""filler/neutral/41"", ""weight/current/5""], ""tpl_split"": ""test""}",,,,,
E024,1,summary2 x triplets,B-F-summary2-triplets-s0,rule_v1.test.gs161.c1.subject.easy.821,gs161,g_all_of,subject,easy,L2,base,-22.711732864379883,-22.02379608154297,14.45724868774414,-22.711732864379883,"For acute streptococcal pharyngitis, prescribe amoxicillin. If the patient or a first-degree relative (parent, sibling or child) has had diabetes at any time and the patient has active cancer, prescribe azithromycin instead.",diabetes (patient or first-degree relative),Prescribe amoxicillin.,Prescribe azithromycin.,"Female patient of 40 years.
Presents with acute streptococcal pharyngitis (rapid antigen test positive).
Plays the piano.
Prefers morning appointments.
Paints watercolors as a hobby.
Random glucose 92 mg/dL.
Has metastatic lung cancer, receiving palliative treatment.","Female patient of 40 years.
Presents with acute streptococcal pharyngitis (rapid antigen test positive).
Plays the piano.
Prefers morning appointments.
Paints watercolors as a hobby.
Had diabetes years ago that went into remission on a low-calorie diet.
Has metastatic lung cancer, receiving palliative treatment.","Female patient of 40 years.
Presents with acute streptococcal pharyngitis (rapid antigen test positive).
Plays the piano.
Prefers morning appointments.
Paints watercolors as a hobby.
Her wife was diabetic until bariatric surgery several years ago.
Has metastatic lung cancer, receiving palliative treatment.","need: diabetes (patient or first-degree relative)
found: Random glucose 92 mg/dL.
subject: patient
status: absent
time: current","need: diabetes (patient or first-degree relative)
found: Had diabetes years ago that went into remission on a low-calorie diet.
subject: patient
status: present
time: past","need: diabetes (patient or first-degree relative)
found: Her wife was diabetic until bariatric surgery several years ago.
subject: other (wife)
status: present
time: past","For diabetes (patient or first-degree relative), the note states ""92""; this concerns the patient, is recorded as present, at present.","For diabetes (patient or first-degree relative), the note states ""Had diabetes years ago that went into remission on a low-calorie diet.""; this concerns the patient, is recorded as present, in the past.","For diabetes (patient or first-degree relative), the note states ""Her wife was diabetic until bariatric surgery several years ago.""; this concerns the patient's wife, is recorded as present, in the past.","{""criterion_holds"": 0, ""hdr"": 5, ""keywords"": [""diabet""], ""overrides"": {}, ""seed"": 821, ""tpl"": [""filler/neutral/41"", ""filler/neutral/29"", ""filler/neutral/28"", ""diabetes/rel_past/5"", ""cancer/present/4""], ""tpl_split"": ""test""}",,,,,
E025,1,summary2 x triplets,B-F-summary2-triplets-s0,rule_v1.test.gs196.c1.subject.easy.1995,gs196,g_all_of,subject,easy,L2,near,28.469840049743652,-30.310945510864258,-1.5186011791229248,28.469840049743652,"For musculoskeletal pain, prescribe ibuprofen. If the patient or a first-degree relative (parent, sibling or child) has had coronary artery disease at any time and the patient is allergic to penicillin, prescribe acetaminophen instead.",coronary artery disease (patient or first-degree relative),Prescribe ibuprofen.,Prescribe acetaminophen.,"Male patient of 65 years.
Acute low back pain after lifting.
Has two cats.
Lives in a second-floor apartment.
Penicillin allergy: anaphylaxis.","Male patient of 65 years.
Acute low back pain after lifting.
Has two cats.
Has coronary artery disease, managed medically.
Lives in a second-floor apartment.
Penicillin allergy: anaphylaxis.","Male patient of 65 years.
Acute low back pain after lifting.
Has two cats.
His wife has angina from coronary artery disease.
Lives in a second-floor apartment.
Penicillin allergy: anaphylaxis.","need: coronary artery disease (patient or first-degree relative)
found: not mentioned
subject: patient
status: absent
time: current","need: coronary artery disease (patient or first-degree relative)
found: Has coronary artery disease, managed medically.
subject: patient
status: present
time: current","need: coronary artery disease (patient or first-degree relative)
found: His wife has angina from coronary artery disease.
subject: other (wife)
status: present
time: current",The note does not mention coronary artery disease (patient or first-degree relative).,"For coronary artery disease (patient or first-degree relative), the note states ""Has coronary artery disease, managed medically.""; this concerns the patient, is recorded as present, at present.","For coronary artery disease (patient or first-degree relative), the note states ""His wife has angina from coronary artery disease.""; this concerns the patient's wife, is recorded as present, at present.","{""criterion_holds"": 0, ""hdr"": 5, ""keywords"": [""coronary""], ""overrides"": {}, ""seed"": 1995, ""tpl"": [""filler/neutral/40"", ""cad/rel/4"", ""filler/neutral/16"", ""pen_allergy/present/4""], ""tpl_split"": ""test""}",,,,,
E026,1,summary2 x triplets,B-F-summary2-triplets-s0,rule_v1.test.gs220.c2.subject.easy.516,gs220,g_all_of,subject,easy,L2,base,-23.719322204589844,-26.333298683166504,28.505908012390137,-14.71402359008789,"For contraception, prescribe a combined oral contraceptive. If the current eGFR is below 30 mL/min/1.73 m2 and the patient or a first-degree relative (parent, sibling or child) has had diabetes at any time, prescribe a progestin-only pill instead.",diabetes (patient or first-degree relative),Prescribe a combined oral contraceptive.,Prescribe a progestin-only pill.,"Female patient of 20 years.
Requests contraception.
Photographs local wildlife.
Current eGFR 22 mL/min/1.73 m2.
HbA1c 5.3% at a routine check.
Sleeps seven hours a night.","Female patient of 20 years.
Requests contraception.
Photographs local wildlife.
Current eGFR 22 mL/min/1.73 m2.
Formerly diabetic; in remission since 2024.
Sleeps seven hours a night.","Female patient of 20 years.
Requests contraception.
Photographs local wildlife.
Current eGFR 22 mL/min/1.73 m2.
Her roommate was diabetic until bariatric surgery several years ago.
Sleeps seven hours a night.","need: diabetes (patient or first-degree relative)
found: HbA1c 5.3% at a routine check.
subject: patient
status: absent
time: current","need: diabetes (patient or first-degree relative)
found: Formerly diabetic; in remission since 2024.
subject: patient
status: present
time: past (2024)","need: diabetes (patient or first-degree relative)
found: Her roommate was diabetic until bariatric surgery several years ago.
subject: other (roommate)
status: present
time: past","For diabetes (patient or first-degree relative), the note states ""5.3""; this concerns the patient, is recorded as present, at present.","For diabetes (patient or first-degree relative), the note states ""Formerly diabetic; in remission since 2024.""; this concerns the patient, is recorded as present, in the past (2024).","For diabetes (patient or first-degree relative), the note states ""Her roommate was diabetic until bariatric surgery several years ago.""; this concerns the patient's roommate, is recorded as present, in the past.","{""criterion_holds"": 0, ""hdr"": 5, ""keywords"": [""diabet""], ""overrides"": {}, ""seed"": 516, ""tpl"": [""filler/neutral/10"", ""egfr/current/4"", ""diabetes/rel_past/5"", ""filler/neutral/4""], ""tpl_split"": ""test""}",,,,,
E027,1,verdict x blocks,B-F-verdict-blocks-s0,rule_v1.test.centor.temp.boundary.easy.320,centor,additive_score,boundary,easy,L2,near,28.66699981689453,-24.584442138671875,-3.954689145088196,28.619062423706055,"Centor score (as used here, partial): 1 point each for temperature above 38.0 C; tonsillar exudate; tender anterior cervical lymph nodes. Only current findings count.",temperature above 38.0,The temperature criterion contributes 0 points.,The temperature criterion contributes 1 point.,"Female patient of 34 years.
Sore throat for three days.
Temperature now 36.6 C (tympanic).
Lives in a second-floor apartment.
Sleeps seven hours a night.
Enjoys board games.
Has two cats.","Female patient of 34 years.
Sore throat for three days.
Temperature now 38.6 C (tympanic).
Lives in a second-floor apartment.
Sleeps seven hours a night.
Enjoys board games.
Has two cats.","Female patient of 34 years.
Sore throat for three days.
Temperature now 38.0 C (tympanic).
Lives in a second-floor apartment.
Sleeps seven hours a night.
Enjoys board games.
Has two cats.","need: temperature above 38.0
found: 36.6
subject: patient
status: present
time: current","need: temperature above 38.0
found: 38.6
subject: patient
status: present
time: current","need: temperature above 38.0
found: 38.0
subject: patient
status: present
time: current",,,,"{""criterion_holds"": 0, ""hdr"": 5, ""keywords"": [""temperature""], ""overrides"": {}, ""seed"": 320, ""tpl"": [""temperature/current/5"", ""filler/neutral/16"", ""filler/neutral/4"", ""filler/neutral/5"", ""filler/neutral/40""], ""tpl_split"": ""test""}",,,,,
E028,1,verdict x blocks,B-F-verdict-blocks-s0,rule_v1.test.gs088.c3.boundary.long.1783,gs088,g_two_of_three,boundary,long,L2,near,25.293872833251953,-26.118026733398438,-12.408924102783203,24.009997367858887,"For acute sore throat, prescribe ibuprofen. If at least two of the following apply, prescribe penicillin V instead: the patient currently has tonsillar exudate; the patient has ever had a myocardial infarction or peripheral artery disease (current or past); the current white cell count is above 12.0 x10^9/L.",white cell count above 12.0,Prescribe ibuprofen.,Prescribe penicillin V.,"Man of 52 years.
Sore throat for two days.
Knits as a hobby.
His friend has recovered from a dislocated finger.
Free T4 of 1.2 ng/dL in 2023.
Uses sunscreen in summer.
Prefers to be addressed by first name.
Latest WBC is 8.5 x10^9/L.
Has two cats.
His uncle burned a hand on a stove years ago.
Zinc of 85 mcg/dL in 2011.
Prefers morning appointments.
Tonsillar exudate visible on both sides.
Owns a bicycle.
During a checkup in 2020, free T3 was 3.2 pg/mL.
Paints watercolors as a hobby.
Walks without calf pain.
Sleeps seven hours a night.
In 2011, lipase was 30 U/L.
His uncle lives with psoriasis.","Man of 52 years.
Sore throat for two days.
Knits as a hobby.
His friend has recovered from a dislocated finger.
Free T4 of 1.2 ng/dL in 2023.
Uses sunscreen in summer.
Prefers to be addressed by first name.
Latest WBC is 13.8 x10^9/L.
Has two cats.
His uncle burned a hand on a stove years ago.
Zinc of 85 mcg/dL in 2011.
Prefers morning appointments.
Tonsillar exudate visible on both sides.
Owns a bicycle.
During a checkup in 2020, free T3 was 3.2 pg/mL.
Paints watercolors as a hobby.
Walks without calf pain.
Sleeps seven hours a night.
In 2011, lipase was 30 U/L.
His uncle lives with psoriasis.","Man of 52 years.
Sore throat for two days.
Knits as a hobby.
His friend has recovered from a dislocated finger.
Free T4 of 1.2 ng/dL in 2023.
Uses sunscreen in summer.
Prefers to be addressed by first name.
Latest WBC is 12.0 x10^9/L.
Has two cats.
His uncle burned a hand on a stove years ago.
Zinc of 85 mcg/dL in 2011.
Prefers morning appointments.
Tonsillar exudate visible on both sides.
Owns a bicycle.
During a checkup in 2020, free T3 was 3.2 pg/mL.
Paints watercolors as a hobby.
Walks without calf pain.
Sleeps seven hours a night.
In 2011, lipase was 30 U/L.
His uncle lives with psoriasis.","need: white cell count above 12.0
found: 8.5
subject: patient
status: present
time: current","need: white cell count above 12.0
found: 13.8
subject: patient
status: present
time: current","need: white cell count above 12.0
found: 12.0
subject: patient
status: present
time: current",,,,"{""criterion_holds"": 0, ""hdr"": 4, ""keywords"": [""white cell"", ""wbc""], ""overrides"": {}, ""seed"": 1783, ""tpl"": [""filler/neutral/46"", ""filler/other/17"", ""filler/lab/5"", ""filler/neutral/22"", ""filler/neutral/47"", ""wbc/current/5"", ""filler/neutral/40"", ""filler/other/11"", ""filler/lab/16"", ""filler/neutral/29"", ""exudate/present/5"", ""filler/neutral/34"", ""filler/lab/17"", ""filler/neutral/28"", ""vascular/generic/4"", ""filler/neutral/4"", ""filler/lab/11"", ""filler/other/4""], ""tpl_split"": ""test""}",,,,,
E029,1,verdict x blocks,B-F-verdict-blocks-s0,rule_v1.test.gs183.c2.boundary.easy.845,gs183,g_any_of,boundary,easy,L2,near,30.306041717529297,-26.265384674072266,-9.041604042053223,30.09761619567871,"For primary prevention, prescribe atorvastatin. If the current blood urea nitrogen is above 19 mg/dL or the current heart rate is above 90/min, prescribe ezetimibe instead.",heart rate above 90,Prescribe atorvastatin.,Prescribe ezetimibe.,"Female patient of 60 years.
Primary prevention; LDL cholesterol 182 mg/dL.
Blood urea nitrogen now: 16 mg/dL.
Enjoys board games.
Heart rate now 78/min on a pulse check.","Female patient of 60 years.
Primary prevention; LDL cholesterol 182 mg/dL.
Blood urea nitrogen now: 16 mg/dL.
Enjoys board games.
Heart rate now 99/min on a pulse check.","Female patient of 60 years.
Primary prevention; LDL cholesterol 182 mg/dL.
Blood urea nitrogen now: 16 mg/dL.
Enjoys board games.
Heart rate now 90/min on a pulse check.","need: heart rate above 90
found: 78
subject: patient
status: present
time: current","need: heart rate above 90
found: 99
subject: patient
status: present
time: current","need: heart rate above 90
found: 90
subject: patient
status: present
time: current",,,,"{""criterion_holds"": 0, ""hdr"": 5, ""keywords"": [""heart rate""], ""overrides"": {}, ""seed"": 845, ""tpl"": [""bun/current/4"", ""filler/neutral/5"", ""heart_rate/current/5""], ""tpl_split"": ""test""}",,,,,
E030,1,verdict x blocks,B-F-verdict-blocks-s0,rule_v1.test.gs118.c2.negation.long.811,gs118,g_score_cutoff,negation,long,L2,flip,22.11861801147461,13.851372241973877,22.75512409210205,22.519482612609863,"For heart failure with reduced ejection fraction, prescribe spironolactone. Score 2 points if the current white cell count is above 12.0 x10^9/L; 3 points if the patient has ever had angioedema (current or past); 2 points if the current eGFR is below 45 mL/min/1.73 m2; 1 point if the current heart rate is above 90/min. If the score is 4 or more, prescribe dapagliflozin instead.",angioedema,Prescribe spironolactone.,Prescribe dapagliflozin.,"Female patient of 63 years.
Heart failure with reduced ejection fraction (ejection fraction 30%), still symptomatic.
Prefers to be addressed by first name.
In 2009, lipase was 30 U/L.
Has two cats.
Her uncle wears contact lenses.
During a checkup in 2011, total protein was 7.0 g/dL.
Current white cell count 8.8 x10^9/L.
Sees a dentist yearly.
Plays the piano.
Current eGFR 80 mL/min/1.73 m2.
Enjoys board games.
Teeth in good repair.
Pupils equal and reactive to light.
Free of facial or oropharyngeal edema.
Uses sunscreen in summer.
Zinc of 85 mcg/dL in 2016.
Drives a car.
Knits as a hobby.
Photographs local wildlife.
Sleeps seven hours a night.
Lives in a second-floor apartment.
Current heart rate 99/min.
During a checkup in 2010, free T3 was 3.2 pg/mL.
Her roommate lives with psoriasis.
Her uncle has recovered from a dislocated finger.","Female patient of 63 years.
Heart failure with reduced ejection fraction (ejection fraction 30%), still symptomatic.
Prefers to be addressed by first name.
In 2009, lipase was 30 U/L.
Has two cats.
Her uncle wears contact lenses.
During a checkup in 2011, total protein was 7.0 g/dL.
Current white cell count 8.8 x10^9/L.
Sees a dentist yearly.
Plays the piano.
Current eGFR 80 mL/min/1.73 m2.
Enjoys board games.
Teeth in good repair.
Pupils equal and reactive to light.
Lives with chronic angioedema that flares several times a year.
Uses sunscreen in summer.
Zinc of 85 mcg/dL in 2016.
Drives a car.
Knits as a hobby.
Photographs local wildlife.
Sleeps seven hours a night.
Lives in a second-floor apartment.
Current heart rate 99/min.
During a checkup in 2010, free T3 was 3.2 pg/mL.
Her roommate lives with psoriasis.
Her uncle has recovered from a dislocated finger.","Female patient of 63 years.
Heart failure with reduced ejection fraction (ejection fraction 30%), still symptomatic.
Prefers to be addressed by first name.
In 2009, lipase was 30 U/L.
Has two cats.
Her uncle wears contact lenses.
During a checkup in 2011, total protein was 7.0 g/dL.
Current white cell count 8.8 x10^9/L.
Sees a dentist yearly.
Plays the piano.
Current eGFR 80 mL/min/1.73 m2.
Enjoys board games.
Teeth in good repair.
Pupils equal and reactive to light.
Has never had angioedema.
Uses sunscreen in summer.
Zinc of 85 mcg/dL in 2016.
Drives a car.
Knits as a hobby.
Photographs local wildlife.
Sleeps seven hours a night.
Lives in a second-floor apartment.
Current heart rate 99/min.
During a checkup in 2010, free T3 was 3.2 pg/mL.
Her roommate lives with psoriasis.
Her uncle has recovered from a dislocated finger.","need: angioedema
found: Free of facial or oropharyngeal edema.
subject: patient
status: absent
time: current","need: angioedema
found: Lives with chronic angioedema that flares several times a year.
subject: patient
status: present
time: current","need: angioedema
found: Has never had angioedema.
subject: patient
status: absent
time: current",,,,"{""criterion_holds"": 0, ""hdr"": 5, ""keywords"": [""angioedema""], ""overrides"": {}, ""seed"": 811, ""tpl"": [""filler/neutral/47"", ""filler/lab/11"", ""filler/neutral/40"", ""filler/other/16"", ""filler/lab/10"", ""wbc/current/4"", ""filler/neutral/23"", ""filler/neutral/41"", ""egfr/current/4"", ""filler/neutral/5"", ""filler/neutral/35"", ""filler/neutral/11"", ""angioedema/absent/4"", ""filler/neutral/22"", ""filler/lab/16"", ""filler/neutral/17"", ""filler/neutral/46"", ""filler/neutral/10"", ""filler/neutral/4"", ""filler/neutral/16"", ""heart_rate/current/4"", ""filler/lab/17"", ""filler/other/4"", ""filler/other/17""], ""tpl_split"": ""test""}",,,,,
E031,1,verdict x blocks,B-F-verdict-blocks-s0,rule_v1.test.gs180.c4.negation.long.1618,gs180,g_score_cutoff,negation,long,L2,base; near,-0.08608663082122803,-14.604068756103516,-3.33150851726532,-4.776620626449585,"For community-acquired pneumonia treated at home, prescribe amoxicillin. Score 1 point if the current systolic blood pressure is above 160 mmHg; 1 point if the patient is allergic to sulfonamide antibiotics; 2 points if the patient has ever had asthma (current or past); 3 points if the patient has active cancer. If the score is 6 or more, prescribe doxycycline instead.",active cancer,Prescribe amoxicillin.,Prescribe doxycycline.,"Man of 33 years.
Productive cough and fever; consolidation on chest radiograph.
In 2023, lipase was 30 U/L.
Enjoys board games.
His roommate burned a hand on a stove years ago.
Teeth in good repair.
Has two cats.
Observations now: blood pressure 167/107 mmHg.
Asthma, on a daily inhaled steroid.
Uses sunscreen in summer.
Sulfonamide antibiotic allergy: generalized rash.
Prefers to be addressed by first name.
Lives in a second-floor apartment.
Knits as a hobby.
Sleeps seven hours a night.
His uncle wears contact lenses.
His friend sprained a thumb last month.
Zinc of 85 mcg/dL in 2020.
His father lives with psoriasis.
Photographs local wildlife.
Oncology follow-up: none.
Plays the piano.","Man of 33 years.
Productive cough and fever; consolidation on chest radiograph.
In 2023, lipase was 30 U/L.
Enjoys board games.
His roommate burned a hand on a stove years ago.
Teeth in good repair.
Has two cats.
Observations now: blood pressure 167/107 mmHg.
Asthma, on a daily inhaled steroid.
Uses sunscreen in summer.
Sulfonamide antibiotic allergy: generalized rash.
Prefers to be addressed by first name.
Lives in a second-floor apartment.
Knits as a hobby.
Sleeps seven hours a night.
His uncle wears contact lenses.
His friend sprained a thumb last month.
Zinc of 85 mcg/dL in 2020.
His father lives with psoriasis.
Photographs local wildlife.
Has melanoma skin cancer and is receiving treatment for it.
Plays the piano.","Man of 33 years.
Productive cough and fever; consolidation on chest radiograph.
In 2023, lipase was 30 U/L.
Enjoys board games.
His roommate burned a hand on a stove years ago.
Teeth in good repair.
Has two cats.
Observations now: blood pressure 167/107 mmHg.
Asthma, on a daily inhaled steroid.
Uses sunscreen in summer.
Sulfonamide antibiotic allergy: generalized rash.
Prefers to be addressed by first name.
Lives in a second-floor apartment.
Knits as a hobby.
Sleeps seven hours a night.
His uncle wears contact lenses.
His friend sprained a thumb last month.
Zinc of 85 mcg/dL in 2020.
His father lives with psoriasis.
Photographs local wildlife.
Free of cancer throughout life.
Plays the piano.","need: active cancer
found: Oncology follow-up: none.
subject: patient
status: absent
time: current","need: active cancer
found: Has melanoma skin cancer and is receiving treatment for it.
subject: patient
status: present
time: current","need: active cancer
found: Free of cancer throughout life.
subject: patient
status: absent
time: current",,,,"{""criterion_holds"": 0, ""hdr"": 4, ""keywords"": [""cancer"", ""lymphoma"", ""leukemia"", ""myeloma"", ""carcinoma""], ""overrides"": {}, ""seed"": 1618, ""tpl"": [""filler/lab/11"", ""filler/neutral/5"", ""filler/other/11"", ""filler/neutral/35"", ""filler/neutral/40"", ""sbp/current/5"", ""asthma/present/4"", ""filler/neutral/22"", ""sulfa_allergy/present/4"", ""filler/neutral/47"", ""filler/neutral/16"", ""filler/neutral/46"", ""filler/neutral/4"", ""filler/other/16"", ""filler/other/5"", ""filler/lab/16"", ""filler/other/4"", ""filler/neutral/10"", ""cancer/absent/5"", ""filler/neutral/41""], ""tpl_split"": ""test""}",,,,,
E032,1,verdict x blocks,B-F-verdict-blocks-s0,rule_v1.test.cut_vte.age.numeric.easy.469,cut_vte,score_cutoff,numeric,easy,L2,flip,22.669676780700684,2.3784077167510986,16.96535015106201,19.656949043273926,"For thromboprophylaxis in a medical inpatient, prescribe compression stockings. Score 3 points for active cancer; 3 points for a venous thromboembolism of the patient, current or previous; 1 point for age 70 years or more; 1 point for current heart failure. If the score is 4 or more, prescribe enoxaparin instead.",age at least 70,Prescribe compression stockings.,Prescribe enoxaparin.,"Woman, adult.
Admitted with community-acquired pneumonia; expected to stay in bed for several days.
Current age 42 years.
Teeth in good repair.
Pupils equal and reactive to light.
Oncology follow-up: none.
Has two cats.
Recovered from a pulmonary embolism in 2015.
Prefers to be addressed by first name.","Woman, adult.
Admitted with community-acquired pneumonia; expected to stay in bed for several days.
Current age 70 years.
Teeth in good repair.
Pupils equal and reactive to light.
Oncology follow-up: none.
Has two cats.
Recovered from a pulmonary embolism in 2015.
Prefers to be addressed by first name.","Woman, adult.
Admitted with community-acquired pneumonia; expected to stay in bed for several days.
Current age 68 years.
Teeth in good repair.
Pupils equal and reactive to light.
Oncology follow-up: none.
Has two cats.
Recovered from a pulmonary embolism in 2015.
Prefers to be addressed by first name.","need: age at least 70
found: 42
subject: patient
status: present
time: current","need: age at least 70
found: 70
subject: patient
status: present
time: current","need: age at least 70
found: 68
subject: patient
status: present
time: current",,,,"{""criterion_holds"": 0, ""hdr"": 5, ""keywords"": [""age""], ""overrides"": {}, ""seed"": 469, ""tpl"": [""age/current/5"", ""filler/neutral/35"", ""filler/neutral/11"", ""cancer/generic/4"", ""filler/neutral/40"", ""vte/past/5"", ""filler/neutral/47""], ""tpl_split"": ""test""}",,,,,
E033,1,verdict x blocks,B-F-verdict-blocks-s0,rule_v1.test.gs118.c4.numeric.easy.1427,gs118,g_score_cutoff,numeric,easy,L2,flip,23.10081672668457,15.42231798171997,21.811813354492188,24.28846549987793,"For heart failure with reduced ejection fraction, prescribe spironolactone. Score 2 points if the current white cell count is above 12.0 x10^9/L; 3 points if the patient has ever had angioedema (current or past); 2 points if the current eGFR is below 45 mL/min/1.73 m2; 1 point if the current heart rate is above 90/min. If the score is 4 or more, prescribe dapagliflozin instead.",heart rate above 90,Prescribe spironolactone.,Prescribe dapagliflozin.,"Male patient of 49 years.
Heart failure with reduced ejection fraction (ejection fraction 30%), still symptomatic.
Current eGFR 76 mL/min/1.73 m2.
Current heart rate 80/min.
Owns a bicycle.
Latest WBC is 6.0 x10^9/L.
Recurrent angioedema, under allergy follow-up.
Photographs local wildlife.","Male patient of 49 years.
Heart failure with reduced ejection fraction (ejection fraction 30%), still symptomatic.
Current eGFR 76 mL/min/1.73 m2.
Current heart rate 104/min.
Owns a bicycle.
Latest WBC is 6.0 x10^9/L.
Recurrent angioedema, under allergy follow-up.
Photographs local wildlife.","Male patient of 49 years.
Heart failure with reduced ejection fraction (ejection fraction 30%), still symptomatic.
Current eGFR 76 mL/min/1.73 m2.
Current heart rate 88/min.
Owns a bicycle.
Latest WBC is 6.0 x10^9/L.
Recurrent angioedema, under allergy follow-up.
Photographs local wildlife.","need: heart rate above 90
found: 80
subject: patient
status: present
time: current","need: heart rate above 90
found: 104
subject: patient
status: present
time: current","need: heart rate above 90
found: 88
subject: patient
status: present
time: current",,,,"{""criterion_holds"": 0, ""hdr"": 5, ""keywords"": [""heart rate""], ""overrides"": {}, ""seed"": 1427, ""tpl"": [""egfr/current/4"", ""heart_rate/current/4"", ""filler/neutral/34"", ""wbc/current/5"", ""angioedema/present/4"", ""filler/neutral/10""], ""tpl_split"": ""test""}",,,,,
E034,1,verdict x blocks,B-F-verdict-blocks-s0,rule_v1.test.gs192.c2.numeric.long.610,gs192,g_score_cutoff,numeric,long,L2,base; near,-4.123389959335327,-12.165585994720459,-4.901397466659546,2.8747735023498535,"For uncomplicated cystitis, prescribe trimethoprim-sulfamethoxazole. Score 2 points if the patient has ever had asthma (current or past); 1 point if the current calf swelling compared with the other leg is 3.0 cm or more; 1 point if the patient has ever had a peptic ulcer (current or past); 2 points if the patient or a first-degree relative (parent, sibling or child) has had diabetes at any time. If the score is 6 or more, prescribe nitrofurantoin instead.",calf swelling at least 3.0,Prescribe trimethoprim-sulfamethoxazole.,Prescribe nitrofurantoin.,"Female patient of 54 years.
Dysuria and urinary frequency for two days; urine dipstick positive for nitrites.
Has two cats.
Sees a dentist yearly.
Enjoys board games.
Pupils equal and reactive to light.
Drives a car.
Lives in a second-floor apartment.
Paints watercolors as a hobby.
Prefers to be addressed by first name.
Sleeps seven hours a night.
In 2021, lipase was 30 U/L.
Her father lives with psoriasis.
Current calf swelling 1.0 cm compared with the other leg.
Plays the piano.
Active peptic ulcer disease.
Her sister has recovered from a dislocated finger.
Her wife has a lazy eye.
Asthma in the early school years, outgrown long ago.
Her sister is diabetic.
Photographs local wildlife.
Prefers morning appointments.
Zinc of 85 mcg/dL in 2018.","Female patient of 54 years.
Dysuria and urinary frequency for two days; urine dipstick positive for nitrites.
Has two cats.
Sees a dentist yearly.
Enjoys board games.
Pupils equal and reactive to light.
Drives a car.
Lives in a second-floor apartment.
Paints watercolors as a hobby.
Prefers to be addressed by first name.
Sleeps seven hours a night.
In 2021, lipase was 30 U/L.
Her father lives with psoriasis.
Current calf swelling 4.4 cm compared with the other leg.
Plays the piano.
Active peptic ulcer disease.
Her sister has recovered from a dislocated finger.
Her wife has a lazy eye.
Asthma in the early school years, outgrown long ago.
Her sister is diabetic.
Photographs local wildlife.
Prefers morning appointments.
Zinc of 85 mcg/dL in 2018.","Female patient of 54 years.
Dysuria and urinary frequency for two days; urine dipstick positive for nitrites.
Has two cats.
Sees a dentist yearly.
Enjoys board games.
Pupils equal and reactive to light.
Drives a car.
Lives in a second-floor apartment.
Paints watercolors as a hobby.
Prefers to be addressed by first name.
Sleeps seven hours a night.
In 2021, lipase was 30 U/L.
Her father lives with psoriasis.
Current calf swelling 2.7 cm compared with the other leg.
Plays the piano.
Active peptic ulcer disease.
Her sister has recovered from a dislocated finger.
Her wife has a lazy eye.
Asthma in the early school years, outgrown long ago.
Her sister is diabetic.
Photographs local wildlife.
Prefers morning appointments.
Zinc of 85 mcg/dL in 2018.","need: calf swelling at least 3.0
found: 1.0
subject: patient
status: present
time: current","need: calf swelling at least 3.0
found: 4.4
subject: patient
status: present
time: current","need: calf swelling at least 3.0
found: 2.7
subject: patient
status: present
time: current",,,,"{""criterion_holds"": 0, ""hdr"": 5, ""keywords"": [""calf circumference"", ""calf swelling""], ""overrides"": {}, ""seed"": 610, ""tpl"": [""filler/neutral/40"", ""filler/neutral/23"", ""filler/neutral/5"", ""filler/neutral/11"", ""filler/neutral/17"", ""filler/neutral/16"", ""filler/neutral/28"", ""filler/neutral/47"", ""filler/neutral/4"", ""filler/lab/11"", ""filler/other/4"", ""calf_swelling/current/4"", ""filler/neutral/41"", ""peptic_ulcer/present/5"", ""filler/other/17"", ""filler/other/10"", ""asthma/past/4"", ""diabetes/rel/4"", ""filler/neutral/10"", ""filler/neutral/29"", ""filler/lab/16""], ""tpl_split"": ""test""}",,,,,
E035,1,verdict x blocks,B-F-verdict-blocks-s0,rule_v1.test.gs075.c2.subject.long.1841,gs075,g_two_of_three,subject,long,L2,near,24.06510639190674,-23.144025802612305,-17.86792755126953,26.277542114257812,"For newly diagnosed hypertension, prescribe lisinopril. If at least two of the following apply, prescribe amlodipine instead: the patient or a first-degree relative (parent, sibling or child) has had colorectal cancer at any time; the patient is currently taking warfarin; the current calf swelling compared with the other leg is 3.0 cm or more.",warfarin,Prescribe lisinopril.,Prescribe amlodipine.,"Woman of 62 years.
Newly diagnosed hypertension (blood pressure 158/94 mmHg on repeated readings).
Prefers morning appointments.
Her father burned a hand on a stove years ago.
Her sister has a lazy eye.
Has two cats.
Plays the piano.
Zinc of 85 mcg/dL in 2022.
Photographs local wildlife.
In 2016, folate was 12 ng/mL.
Her father recovered from colon cancer after an operation in 2018.
Paints watercolors as a hobby.
Her uncle sprained a thumb last month.
Free T4 of 1.2 ng/dL in 2009.
Uses sunscreen in summer.
Current calf swelling 0.5 cm compared with the other leg.
Sleeps seven hours a night.
Enjoys board games.
Knits as a hobby.
Prefers to be addressed by first name.","Woman of 62 years.
Newly diagnosed hypertension (blood pressure 158/94 mmHg on repeated readings).
Prefers morning appointments.
Her father burned a hand on a stove years ago.
Her sister has a lazy eye.
Has two cats.
Plays the piano.
Zinc of 85 mcg/dL in 2022.
Photographs local wildlife.
In 2016, folate was 12 ng/mL.
Her father recovered from colon cancer after an operation in 2018.
Paints watercolors as a hobby.
Her uncle sprained a thumb last month.
Free T4 of 1.2 ng/dL in 2009.
Anticoagulated with warfarin; INR checked monthly at the clinic.
Uses sunscreen in summer.
Current calf swelling 0.5 cm compared with the other leg.
Sleeps seven hours a night.
Enjoys board games.
Knits as a hobby.
Prefers to be addressed by first name.","Woman of 62 years.
Newly diagnosed hypertension (blood pressure 158/94 mmHg on repeated readings).
Prefers morning appointments.
Her father burned a hand on a stove years ago.
Her sister has a lazy eye.
Has two cats.
Plays the piano.
Zinc of 85 mcg/dL in 2022.
Photographs local wildlife.
In 2016, folate was 12 ng/mL.
Her father recovered from colon cancer after an operation in 2018.
Paints watercolors as a hobby.
Her uncle sprained a thumb last month.
Free T4 of 1.2 ng/dL in 2009.
Her wife is on warfarin with monthly INR checks.
Uses sunscreen in summer.
Current calf swelling 0.5 cm compared with the other leg.
Sleeps seven hours a night.
Enjoys board games.
Knits as a hobby.
Prefers to be addressed by first name.","need: warfarin
found: not mentioned
subject: patient
status: absent
time: current","need: warfarin
found: Anticoagulated with warfarin; INR checked monthly at the clinic.
subject: patient
status: present
time: current","need: warfarin
found: Her wife is on warfarin with monthly INR checks.
subject: other (wife)
status: present
time: current",,,,"{""criterion_holds"": 0, ""hdr"": 4, ""keywords"": [""warfarin""], ""overrides"": {}, ""seed"": 1841, ""tpl"": [""filler/neutral/29"", ""filler/other/11"", ""filler/other/10"", ""filler/neutral/40"", ""filler/neutral/41"", ""filler/lab/16"", ""filler/neutral/10"", ""filler/lab/4"", ""crc/rel_past/5"", ""filler/neutral/28"", ""filler/other/5"", ""filler/lab/5"", ""warfarin/rel/4"", ""filler/neutral/22"", ""calf_swelling/current/4"", ""filler/neutral/4"", ""filler/neutral/5"", ""filler/neutral/46"", ""filler/neutral/47""], ""tpl_split"": ""test""}",,,,,
E036,1,verdict x blocks,B-F-verdict-blocks-s0,rule_v1.test.s1_meds.ams.subject.easy.1803,s1_meds,additive_score,subject,easy,L2,near,27.017452239990234,-27.52284526824951,-19.650131225585938,25.647522926330566,"Mortality in Emergency Department Sepsis score (as used here, partial): 3 points for a current platelet count below 150 x10^9/L; 3 points for an age above 65 years; 2 points for current altered mental status (confusion or disorientation). Other items of the score are not part of this question.",altered mental status,The altered mental status criterion contributes 0 points.,The altered mental status criterion contributes 2 points.,"An adult man.
Suspected sepsis; admitted from the emergency department.
Drives a car.
Current age 58 years.
Platelet count now 378 x10^9/L.
Gives a clear account of the illness.","An adult man.
Suspected sepsis; admitted from the emergency department.
Drives a car.
Current age 58 years.
Platelet count now 378 x10^9/L.
Disoriented to time and place, which is new for the patient.","An adult man.
Suspected sepsis; admitted from the emergency department.
Drives a car.
Current age 58 years.
Platelet count now 378 x10^9/L.
His friend has become disoriented this week.","need: altered mental status
found: Gives a clear account of the illness.
subject: patient
status: absent
time: current","need: altered mental status
found: Disoriented to time and place, which is new for the patient.
subject: patient
status: present
time: current","need: altered mental status
found: His friend has become disoriented this week.
subject: other (friend)
status: present
time: current",,,,"{""criterion_holds"": 0, ""hdr"": 4, ""keywords"": [""confus"", ""disorient""], ""overrides"": {}, ""seed"": 1803, ""tpl"": [""filler/neutral/17"", ""age/current/5"", ""platelets/current/5"", ""confusion/rel/4""], ""tpl_split"": ""test""}",,,,,
E037,1,verdict x blocks,B-F-verdict-blocks-s0,rule_v1.test.gs035.c1.time.long.1522,gs035,g_two_of_three,time,long,L2,near,21.83594036102295,-25.57648277282715,-24.67991352081299,20.989781379699707,"For contraception, prescribe a combined oral contraceptive. If at least two of the following apply, prescribe a progestin-only pill instead: the patient currently has heart failure; the age of the patient is 75 years or more; the patient has had cancer at any time (active or in remission).",current heart failure,Prescribe a combined oral contraceptive.,Prescribe a progestin-only pill.,"Woman, adult.
Requests contraception.
Her sister burned a hand on a stove years ago.
Current age 80 years.
Drives a car.
Paints watercolors as a hobby.
Pupils equal and reactive to light.
Owns a bicycle.
Prefers to be addressed by first name.
In 2019, folate was 12 ng/mL.
Plays the piano.
Her sister has a lazy eye.
Photographs local wildlife.
Her wife sprained a thumb last month.
Enjoys board games.
Her wife lives with psoriasis.
Sleeps flat on one pillow.
Lives in a second-floor apartment.
Sees a dentist yearly.
Zinc of 85 mcg/dL in 2011.
Uses sunscreen in summer.
During a checkup in 2017, total protein was 7.0 g/dL.
Teeth in good repair.","Woman, adult.
Requests contraception.
Her sister burned a hand on a stove years ago.
Current age 80 years.
Drives a car.
Paints watercolors as a hobby.
Pupils equal and reactive to light.
Owns a bicycle.
Prefers to be addressed by first name.
In 2019, folate was 12 ng/mL.
Plays the piano.
Her sister has a lazy eye.
Photographs local wildlife.
Her wife sprained a thumb last month.
Enjoys board games.
Her wife lives with psoriasis.
Has heart failure, treated with diuretics.
Lives in a second-floor apartment.
Sees a dentist yearly.
Zinc of 85 mcg/dL in 2011.
Uses sunscreen in summer.
During a checkup in 2017, total protein was 7.0 g/dL.
Teeth in good repair.","Woman, adult.
Requests contraception.
Her sister burned a hand on a stove years ago.
Current age 80 years.
Drives a car.
Paints watercolors as a hobby.
Pupils equal and reactive to light.
Owns a bicycle.
Prefers to be addressed by first name.
In 2019, folate was 12 ng/mL.
Plays the piano.
Her sister has a lazy eye.
Photographs local wildlife.
Her wife sprained a thumb last month.
Enjoys board games.
Her wife lives with psoriasis.
Formerly had heart failure from stress cardiomyopathy; recovered fully in 2014 and off all heart medicines since.
Lives in a second-floor apartment.
Sees a dentist yearly.
Zinc of 85 mcg/dL in 2011.
Uses sunscreen in summer.
During a checkup in 2017, total protein was 7.0 g/dL.
Teeth in good repair.","need: current heart failure
found: Sleeps flat on one pillow.
subject: patient
status: absent
time: current","need: current heart failure
found: Has heart failure, treated with diuretics.
subject: patient
status: present
time: current","need: current heart failure
found: Formerly had heart failure from stress cardiomyopathy; recovered fully in 2014 and off all heart medicines since.
subject: patient
status: present
time: past (2014)",,,,"{""criterion_holds"": 0, ""hdr"": 5, ""keywords"": [""heart failure""], ""overrides"": {}, ""seed"": 1522, ""tpl"": [""filler/other/11"", ""age/current/5"", ""filler/neutral/17"", ""filler/neutral/28"", ""filler/neutral/11"", ""filler/neutral/34"", ""filler/neutral/47"", ""filler/lab/4"", ""filler/neutral/41"", ""filler/other/10"", ""filler/neutral/10"", ""filler/other/5"", ""filler/neutral/5"", ""filler/other/4"", ""chf/past/5"", ""filler/neutral/16"", ""filler/neutral/23"", ""filler/lab/16"", ""filler/neutral/22"", ""filler/lab/10"", ""filler/neutral/35""], ""tpl_split"": ""test""}",,,,,
E038,1,verdict x blocks,B-F-verdict-blocks-s0,rule_v1.test.gs134.c3.time.superseded.1731,gs134,g_score_cutoff,time,superseded,L2,base; near,-0.10564744472503662,-14.491928100585938,-3.023269295692444,0.3580000400543213,"For contraception, prescribe a combined oral contraceptive. Score 2 points if the patient or a first-degree relative (parent, sibling or child) has had coronary artery disease at any time; 2 points if the current weight is 60 kg or less; 2 points if the current platelet count is below 50 x10^9/L; 1 point if the patient currently has tender anterior cervical lymph nodes. If the score is 7 or more, prescribe a progestin-only pill instead.",platelet count below 50,Prescribe a combined oral contraceptive.,Prescribe a progestin-only pill.,"Woman of 37 years.
Requests contraception.
Sees a dentist yearly.
Coronary artery disease years ago, with angina that went away after bypass surgery.
Knits as a hobby.
Paints watercolors as a hobby.
Platelet count now 340 x10^9/L.
Latest weight 54 kg.
Anterior cervical lymph nodes enlarged and tender to touch.
Earlier this week, platelet count was 288 x10^9/L; a newer reading supersedes it.
Has two cats.","Woman of 37 years.
Requests contraception.
Sees a dentist yearly.
Coronary artery disease years ago, with angina that went away after bypass surgery.
Knits as a hobby.
Paints watercolors as a hobby.
Platelet count now 45 x10^9/L.
Latest weight 54 kg.
Anterior cervical lymph nodes enlarged and tender to touch.
Earlier this week, platelet count was 288 x10^9/L; a newer reading supersedes it.
Has two cats.","Woman of 37 years.
Requests contraception.
Sees a dentist yearly.
Coronary artery disease years ago, with angina that went away after bypass surgery.
Knits as a hobby.
Paints watercolors as a hobby.
Platelet count now 340 x10^9/L.
Latest weight 54 kg.
Anterior cervical lymph nodes enlarged and tender to touch.
Earlier this week, platelet count was 44 x10^9/L; a newer reading supersedes it.
Has two cats.","need: platelet count below 50
found: 340
subject: patient
status: present
time: current

need: platelet count below 50
found: 288
subject: patient
status: present
time: past","need: platelet count below 50
found: 45
subject: patient
status: present
time: current

need: platelet count below 50
found: 288
subject: patient
status: present
time: past","need: platelet count below 50
found: 340
subject: patient
status: present
time: current

need: platelet count below 50
found: 44
subject: patient
status: present
time: past",,,,"{""criterion_holds"": 0, ""hdr"": 4, ""keywords"": [""platelet""], ""overrides"": {}, ""seed"": 1731, ""tpl"": [""filler/neutral/23"", ""cad/past/4"", ""filler/neutral/46"", ""filler/neutral/28"", ""platelets/current/5"", ""weight/current/5"", ""neck_nodes/present/4"", ""platelets/superseded/4"", ""filler/neutral/40""], ""tpl_split"": ""test""}",,,,,
E039,1,verdict x triplets,B-F-verdict-triplets-s0,rule_v1.test.gs024.c1.boundary.easy.241,gs024,g_score_cutoff,boundary,easy,L2,flip,15.507782459259033,3.9329993724823,20.11322784423828,16.623652935028076,"For uncomplicated cystitis, prescribe trimethoprim-sulfamethoxazole. Score 3 points if the current ALT is above 120 U/L; 1 point if the patient or a first-degree relative (parent, sibling or child) has had diabetes at any time; 3 points if the current systolic blood pressure is above 160 mmHg; 2 points if the patient or a first-degree relative (parent, sibling or child) has had a venous thromboembolism at any time. If the score is 4 or more, prescribe nitrofurantoin instead.",ALT above 120,Prescribe trimethoprim-sulfamethoxazole.,Prescribe nitrofurantoin.,"Female patient of 67 years.
Dysuria and urinary frequency for two days; urine dipstick positive for nitrites.
Knits as a hobby.
Observations now: blood pressure 117/79 mmHg.
ALT now 19 U/L.
Her sister was diabetic until bariatric surgery several years ago.
Recovered from a pulmonary embolism in 2007.","Female patient of 67 years.
Dysuria and urinary frequency for two days; urine dipstick positive for nitrites.
Knits as a hobby.
Observations now: blood pressure 117/79 mmHg.
ALT now 144 U/L.
Her sister was diabetic until bariatric surgery several years ago.
Recovered from a pulmonary embolism in 2007.","Female patient of 67 years.
Dysuria and urinary frequency for two days; urine dipstick positive for nitrites.
Knits as a hobby.
Observations now: blood pressure 117/79 mmHg.
ALT now 120 U/L.
Her sister was diabetic until bariatric surgery several years ago.
Recovered from a pulmonary embolism in 2007.","need: ALT above 120
found: 19
subject: patient
status: present
time: current","need: ALT above 120
found: 144
subject: patient
status: present
time: current","need: ALT above 120
found: 120
subject: patient
status: present
time: current",,,,"{""criterion_holds"": 0, ""hdr"": 5, ""keywords"": [""alt ""], ""overrides"": {}, ""seed"": 241, ""tpl"": [""filler/neutral/46"", ""sbp/current/5"", ""alt_enzyme/current/5"", ""diabetes/rel_past/5"", ""vte/past/5""], ""tpl_split"": ""test""}",,,,,
E040,1,verdict x triplets,B-F-verdict-triplets-s0,rule_v1.test.gs096.c3.boundary.long.983,gs096,g_score_cutoff,boundary,long,L2,base,-4.191587328910828,-12.722779750823975,4.236773490905762,5.56061053276062,"For stroke prevention in atrial fibrillation, prescribe apixaban. Score 2 points if the patient has ever had coronary artery disease (current or past); 3 points if the patient currently has tonsillar exudate; 2 points if the current ALT is above 120 U/L; 2 points if the current weight is 60 kg or less. If the score is 6 or more, prescribe warfarin instead.",ALT above 120,Prescribe apixaban.,Prescribe warfarin.,"Woman of 56 years.
Atrial fibrillation; anticoagulation indicated.
Pupils equal and reactive to light.
In 2015, lipase was 30 U/L.
Plays the piano.
Lives in a second-floor apartment.
Sleeps seven hours a night.
Her father lives with psoriasis.
Drives a car.
Sees a dentist yearly.
Has two cats.
Knits as a hobby.
Paints watercolors as a hobby.
Teeth in good repair.
Current ALT 40 U/L.
Current weight 91 kg.
Her friend has a lazy eye.
Uses sunscreen in summer.
In 2010, folate was 12 ng/mL.
Photographs local wildlife.
Owns a bicycle.
Her father has recovered from a dislocated finger.
Coronary artery disease years ago, with angina that went away after bypass surgery.
Tonsillar exudate visible on both sides.
Her uncle sprained a thumb last month.","Woman of 56 years.
Atrial fibrillation; anticoagulation indicated.
Pupils equal and reactive to light.
In 2015, lipase was 30 U/L.
Plays the piano.
Lives in a second-floor apartment.
Sleeps seven hours a night.
Her father lives with psoriasis.
Drives a car.
Sees a dentist yearly.
Has two cats.
Knits as a hobby.
Paints watercolors as a hobby.
Teeth in good repair.
Current ALT 129 U/L.
Current weight 91 kg.
Her friend has a lazy eye.
Uses sunscreen in summer.
In 2010, folate was 12 ng/mL.
Photographs local wildlife.
Owns a bicycle.
Her father has recovered from a dislocated finger.
Coronary artery disease years ago, with angina that went away after bypass surgery.
Tonsillar exudate visible on both sides.
Her uncle sprained a thumb last month.","Woman of 56 years.
Atrial fibrillation; anticoagulation indicated.
Pupils equal and reactive to light.
In 2015, lipase was 30 U/L.
Plays the piano.
Lives in a second-floor apartment.
Sleeps seven hours a night.
Her father lives with psoriasis.
Drives a car.
Sees a dentist yearly.
Has two cats.
Knits as a hobby.
Paints watercolors as a hobby.
Teeth in good repair.
Current ALT 120 U/L.
Current weight 91 kg.
Her friend has a lazy eye.
Uses sunscreen in summer.
In 2010, folate was 12 ng/mL.
Photographs local wildlife.
Owns a bicycle.
Her father has recovered from a dislocated finger.
Coronary artery disease years ago, with angina that went away after bypass surgery.
Tonsillar exudate visible on both sides.
Her uncle sprained a thumb last month.","need: ALT above 120
found: 40
subject: patient
status: present
time: current","need: ALT above 120
found: 129
subject: patient
status: present
time: current","need: ALT above 120
found: 120
subject: patient
status: present
time: current",,,,"{""criterion_holds"": 0, ""hdr"": 4, ""keywords"": [""alt ""], ""overrides"": {}, ""seed"": 983, ""tpl"": [""filler/neutral/11"", ""filler/lab/11"", ""filler/neutral/41"", ""filler/neutral/16"", ""filler/neutral/4"", ""filler/other/4"", ""filler/neutral/17"", ""filler/neutral/23"", ""filler/neutral/40"", ""filler/neutral/46"", ""filler/neutral/28"", ""filler/neutral/35"", ""alt_enzyme/current/4"", ""weight/current/4"", ""filler/other/10"", ""filler/neutral/22"", ""filler/lab/4"", ""filler/neutral/10"", ""filler/neutral/34"", ""filler/other/17"", ""cad/past/4"", ""exudate/present/5"", ""filler/other/5""], ""tpl_split"": ""test""}",,,,,
E041,1,verdict x triplets,B-F-verdict-triplets-s0,rule_v1.test.gs134.c3.boundary.easy.1355,gs134,g_score_cutoff,boundary,easy,L2,base,-2.293112635612488,-13.170641422271729,8.266536951065063,-2.0867360830307007,"For contraception, prescribe a combined oral contraceptive. Score 2 points if the patient or a first-degree relative (parent, sibling or child) has had coronary artery disease at any time; 2 points if the current weight is 60 kg or less; 2 points if the current platelet count is below 50 x10^9/L; 1 point if the patient currently has tender anterior cervical lymph nodes. If the score is 7 or more, prescribe a progestin-only pill instead.",platelet count below 50,Prescribe a combined oral contraceptive.,Prescribe a progestin-only pill.,"Woman of 24 years.
Requests contraception.
Lives in a second-floor apartment.
Current weight 60 kg.
Sees a dentist yearly.
Known coronary artery disease (two-vessel disease on angiography).
Enjoys board games.
Tender, swollen lymph nodes in the front of the neck.
Platelet count now 279 x10^9/L.
Drives a car.","Woman of 24 years.
Requests contraception.
Lives in a second-floor apartment.
Current weight 60 kg.
Sees a dentist yearly.
Known coronary artery disease (two-vessel disease on angiography).
Enjoys board games.
Tender, swollen lymph nodes in the front of the neck.
Platelet count now 40 x10^9/L.
Drives a car.","Woman of 24 years.
Requests contraception.
Lives in a second-floor apartment.
Current weight 60 kg.
Sees a dentist yearly.
Known coronary artery disease (two-vessel disease on angiography).
Enjoys board games.
Tender, swollen lymph nodes in the front of the neck.
Platelet count now 50 x10^9/L.
Drives a car.","need: platelet count below 50
found: 279
subject: patient
status: present
time: current","need: platelet count below 50
found: 40
subject: patient
status: present
time: current","need: platelet count below 50
found: 50
subject: patient
status: present
time: current",,,,"{""criterion_holds"": 0, ""hdr"": 4, ""keywords"": [""platelet""], ""overrides"": {}, ""seed"": 1355, ""tpl"": [""filler/neutral/16"", ""weight/current/4"", ""filler/neutral/23"", ""cad/present/5"", ""filler/neutral/5"", ""neck_nodes/present/5"", ""platelets/current/5"", ""filler/neutral/17""], ""tpl_split"": ""test""}",,,,,
E042,1,verdict x triplets,B-F-verdict-triplets-s0,rule_v1.test.cut_vte.hf.negation.easy.1697,cut_vte,score_cutoff,negation,easy,L2,flip,17.88265895843506,1.254920482635498,18.71946144104004,18.6936674118042,"For thromboprophylaxis in a medical inpatient, prescribe compression stockings. Score 3 points for active cancer; 3 points for a venous thromboembolism of the patient, current or previous; 1 point for age 70 years or more; 1 point for current heart failure. If the score is 4 or more, prescribe enoxaparin instead.",heart failure,Prescribe compression stockings.,Prescribe enoxaparin.,"An adult woman.
Admitted with community-acquired pneumonia; expected to stay in bed for several days.
Has two cats.
Has melanoma skin cancer and is receiving treatment for it.
Pupils equal and reactive to light.
Prefers morning appointments.
Current age 62 years.
Heart sounds without a gallop.","An adult woman.
Admitted with community-acquired pneumonia; expected to stay in bed for several days.
Has two cats.
Has melanoma skin cancer and is receiving treatment for it.
Pupils equal and reactive to light.
Prefers morning appointments.
Current age 62 years.
Current heart failure with ankle swelling.","An adult woman.
Admitted with community-acquired pneumonia; expected to stay in bed for several days.
Has two cats.
Has melanoma skin cancer and is receiving treatment for it.
Pupils equal and reactive to light.
Prefers morning appointments.
Current age 62 years.
Heart failure: never diagnosed.","need: heart failure
found: Heart sounds without a gallop.
subject: patient
status: absent
time: current","need: heart failure
found: Current heart failure with ankle swelling.
subject: patient
status: present
time: current","need: heart failure
found: Heart failure: never diagnosed.
subject: patient
status: absent
time: current",,,,"{""criterion_holds"": 0, ""hdr"": 4, ""keywords"": [""heart failure""], ""overrides"": {}, ""seed"": 1697, ""tpl"": [""filler/neutral/40"", ""cancer/present/5"", ""filler/neutral/11"", ""filler/neutral/29"", ""age/current/5"", ""chf/absent/5""], ""tpl_split"": ""test""}",,,,,
E043,1,verdict x triplets,B-F-verdict-triplets-s0,rule_v1.test.gs124.c1.negation.easy.1050,gs124,g_two_of_three,negation,easy,L2,flip,22.375432014465332,5.709468603134155,24.59537124633789,19.693970680236816,"For community-acquired pneumonia, prescribe oral amoxicillin. If at least two of the following apply, prescribe intravenous co-amoxiclav instead: the patient or a first-degree relative (parent, sibling or child) has had colorectal cancer at any time; the current calf swelling compared with the other leg is 3.0 cm or more; the age of the patient is above 65 years.",colorectal cancer (patient or first-degree relative),Prescribe oral amoxicillin.,Prescribe intravenous co-amoxiclav.,"Woman, adult.
Community-acquired pneumonia confirmed on chest radiograph.
Current calf swelling 1.2 cm compared with the other leg.
Current age 69 years.
Hemoglobin within the normal range on recent blood tests.
Sees a dentist yearly.","Woman, adult.
Community-acquired pneumonia confirmed on chest radiograph.
Current calf swelling 1.2 cm compared with the other leg.
Current age 69 years.
Lives with colon cancer and attends an oncology clinic.
Sees a dentist yearly.","Woman, adult.
Community-acquired pneumonia confirmed on chest radiograph.
Current calf swelling 1.2 cm compared with the other leg.
Current age 69 years.
Has never had bowel cancer.
Sees a dentist yearly.","need: colorectal cancer (patient or first-degree relative)
found: Hemoglobin within the normal range on recent blood tests.
subject: patient
status: absent
time: current","need: colorectal cancer (patient or first-degree relative)
found: Lives with colon cancer and attends an oncology clinic.
subject: patient
status: present
time: current","need: colorectal cancer (patient or first-degree relative)
found: Has never had bowel cancer.
subject: patient
status: absent
time: current",,,,"{""criterion_holds"": 0, ""hdr"": 5, ""keywords"": [""colorectal cancer"", ""colon cancer"", ""bowel cancer""], ""overrides"": {}, ""seed"": 1050, ""tpl"": [""calf_swelling/current/4"", ""age/current/5"", ""crc/absent/4"", ""filler/neutral/23""], ""tpl_split"": ""test""}",,,,,
E044,1,verdict x triplets,B-F-verdict-triplets-s0,rule_v1.test.gs004.c4.numeric.easy.1934,gs004,g_score_cutoff,numeric,easy,L2,flip,15.31086254119873,2.918152332305908,14.920763969421387,12.78580904006958,"For community-acquired pneumonia, prescribe oral amoxicillin. Score 1 point if the patient is currently taking aspirin; 2 points if the patient has ever had heart failure (current or past); 1 point if the patient has had a major bleeding event at any time; 3 points if the current respiratory rate is 25/min or more. If the score is 4 or more, prescribe intravenous co-amoxiclav instead.",respiratory rate at least 25,Prescribe oral amoxicillin.,Prescribe intravenous co-amoxiclav.,"Woman of 42 years.
Community-acquired pneumonia confirmed on chest radiograph.
Photographs local wildlife.
Currently has a major bleed from a duodenal ulcer, with transfusion under way.
Current respiratory rate 12/min.
Enjoys board games.
Knits as a hobby.
Uses sunscreen in summer.
Sleeps flat on one pillow.","Woman of 42 years.
Community-acquired pneumonia confirmed on chest radiograph.
Photographs local wildlife.
Currently has a major bleed from a duodenal ulcer, with transfusion under way.
Current respiratory rate 30/min.
Enjoys board games.
Knits as a hobby.
Uses sunscreen in summer.
Sleeps flat on one pillow.","Woman of 42 years.
Community-acquired pneumonia confirmed on chest radiograph.
Photographs local wildlife.
Currently has a major bleed from a duodenal ulcer, with transfusion under way.
Current respiratory rate 23/min.
Enjoys board games.
Knits as a hobby.
Uses sunscreen in summer.
Sleeps flat on one pillow.","need: respiratory rate at least 25
found: 12
subject: patient
status: present
time: current","need: respiratory rate at least 25
found: 30
subject: patient
status: present
time: current","need: respiratory rate at least 25
found: 23
subject: patient
status: present
time: current",,,,"{""criterion_holds"": 0, ""hdr"": 4, ""keywords"": [""respiratory rate""], ""overrides"": {}, ""seed"": 1934, ""tpl"": [""filler/neutral/10"", ""bleeding/present/4"", ""rr/current/4"", ""filler/neutral/5"", ""filler/neutral/46"", ""filler/neutral/22"", ""chf/generic/5""], ""tpl_split"": ""test""}",,,,,
E045,1,verdict x triplets,B-F-verdict-triplets-s0,rule_v1.test.gs024.c3.numeric.long.1248,gs024,g_score_cutoff,numeric,long,L2,flip,20.670350074768066,2.1547619104385376,16.145687103271484,20.096803665161133,"For uncomplicated cystitis, prescribe trimethoprim-sulfamethoxazole. Score 3 points if the current ALT is above 120 U/L; 1 point if the patient or a first-degree relative (parent, sibling or child) has had diabetes at any time; 3 points if the current systolic blood pressure is above 160 mmHg; 2 points if the patient or a first-degree relative (parent, sibling or child) has had a venous thromboembolism at any time. If the score is 4 or more, prescribe nitrofurantoin instead.",systolic blood pressure above 160,Prescribe trimethoprim-sulfamethoxazole.,Prescribe nitrofurantoin.,"Female patient of 68 years.
Dysuria and urinary frequency for two days; urine dipstick positive for nitrites.
Lives in a second-floor apartment.
Sees a dentist yearly.
Prefers to be addressed by first name.
Random glucose 92 mg/dL.
Knits as a hobby.
Drives a car.
Teeth in good repair.
In 2019, folate was 12 ng/mL.
Prefers morning appointments.
Paints watercolors as a hobby.
Recovered from a pulmonary embolism in 2005.
Owns a bicycle.
In 2024, lipase was 30 U/L.
Her wife burned a hand on a stove years ago.
Enjoys board games.
Observations now: blood pressure 120/81 mmHg.
Her friend wears contact lenses.
Plays the piano.
ALT now 28 U/L.","Female patient of 68 years.
Dysuria and urinary frequency for two days; urine dipstick positive for nitrites.
Lives in a second-floor apartment.
Sees a dentist yearly.
Prefers to be addressed by first name.
Random glucose 92 mg/dL.
Knits as a hobby.
Drives a car.
Teeth in good repair.
In 2019, folate was 12 ng/mL.
Prefers morning appointments.
Paints watercolors as a hobby.
Recovered from a pulmonary embolism in 2005.
Owns a bicycle.
In 2024, lipase was 30 U/L.
Her wife burned a hand on a stove years ago.
Enjoys board games.
Observations now: blood pressure 182/115 mmHg.
Her friend wears contact lenses.
Plays the piano.
ALT now 28 U/L.","Female patient of 68 years.
Dysuria and urinary frequency for two days; urine dipstick positive for nitrites.
Lives in a second-floor apartment.
Sees a dentist yearly.
Prefers to be addressed by first name.
Random glucose 92 mg/dL.
Knits as a hobby.
Drives a car.
Teeth in good repair.
In 2019, folate was 12 ng/mL.
Prefers morning appointments.
Paints watercolors as a hobby.
Recovered from a pulmonary embolism in 2005.
Owns a bicycle.
In 2024, lipase was 30 U/L.
Her wife burned a hand on a stove years ago.
Enjoys board games.
Observations now: blood pressure 159/102 mmHg.
Her friend wears contact lenses.
Plays the piano.
ALT now 28 U/L.","need: systolic blood pressure above 160
found: 120
subject: patient
status: present
time: current","need: systolic blood pressure above 160
found: 182
subject: patient
status: present
time: current","need: systolic blood pressure above 160
found: 159
subject: patient
status: present
time: current",,,,"{""criterion_holds"": 0, ""hdr"": 5, ""keywords"": [""systolic"", ""blood pressure"", ""bp ""], ""overrides"": {}, ""seed"": 1248, ""tpl"": [""filler/neutral/16"", ""filler/neutral/23"", ""filler/neutral/47"", ""diabetes/generic/5"", ""filler/neutral/46"", ""filler/neutral/17"", ""filler/neutral/35"", ""filler/lab/4"", ""filler/neutral/29"", ""filler/neutral/28"", ""vte/past/5"", ""filler/neutral/34"", ""filler/lab/11"", ""filler/other/11"", ""filler/neutral/5"", ""sbp/current/5"", ""filler/other/16"", ""filler/neutral/41"", ""alt_enzyme/current/5""], ""tpl_split"": ""test""}",,,,,
E046,1,verdict x triplets,B-F-verdict-triplets-s0,rule_v1.test.gs230.c3.numeric.long.346,gs230,g_score_cutoff,numeric,long,L2,base; near,-3.384585738182068,-12.363173961639404,-1.543351173400879,-2.8906067609786987,"For uncomplicated cystitis, prescribe trimethoprim-sulfamethoxazole. Score 2 points if the patient has ever had a myocardial infarction or peripheral artery disease (current or past); 2 points if the patient currently has tonsillar exudate; 3 points if the current calf swelling compared with the other leg is 3.0 cm or more; 1 point if the patient has ever had a peptic ulcer (current or past). If the score is 8 or more, prescribe nitrofurantoin instead.",calf swelling at least 3.0,Prescribe trimethoprim-sulfamethoxazole.,Prescribe nitrofurantoin.,"Female patient of 45 years.
Dysuria and urinary frequency for two days; urine dipstick positive for nitrites.
Has an active duodenal ulcer.
Paints watercolors as a hobby.
Knits as a hobby.
In 2019, folate was 12 ng/mL.
Plays the piano.
Lives in a second-floor apartment.
Drives a car.
Sees a dentist yearly.
Pupils equal and reactive to light.
Her uncle wears contact lenses.
During a checkup in 2017, total protein was 7.0 g/dL.
Sleeps seven hours a night.
Prefers to be addressed by first name.
Enjoys board games.
Difference in calf circumference now 0.1 cm.
Zinc of 85 mcg/dL in 2024.
Teeth in good repair.
Her sister has recovered from a dislocated finger.
In 2011, lipase was 30 U/L.
Uses sunscreen in summer.
Photographs local wildlife.
Recovered from a heart attack in 2008.
Has two cats.
Tonsillar exudate visible on both sides.","Female patient of 45 years.
Dysuria and urinary frequency for two days; urine dipstick positive for nitrites.
Has an active duodenal ulcer.
Paints watercolors as a hobby.
Knits as a hobby.
In 2019, folate was 12 ng/mL.
Plays the piano.
Lives in a second-floor apartment.
Drives a car.
Sees a dentist yearly.
Pupils equal and reactive to light.
Her uncle wears contact lenses.
During a checkup in 2017, total protein was 7.0 g/dL.
Sleeps seven hours a night.
Prefers to be addressed by first name.
Enjoys board games.
Difference in calf circumference now 3.2 cm.
Zinc of 85 mcg/dL in 2024.
Teeth in good repair.
Her sister has recovered from a dislocated finger.
In 2011, lipase was 30 U/L.
Uses sunscreen in summer.
Photographs local wildlife.
Recovered from a heart attack in 2008.
Has two cats.
Tonsillar exudate visible on both sides.","Female patient of 45 years.
Dysuria and urinary frequency for two days; urine dipstick positive for nitrites.
Has an active duodenal ulcer.
Paints watercolors as a hobby.
Knits as a hobby.
In 2019, folate was 12 ng/mL.
Plays the piano.
Lives in a second-floor apartment.
Drives a car.
Sees a dentist yearly.
Pupils equal and reactive to light.
Her uncle wears contact lenses.
During a checkup in 2017, total protein was 7.0 g/dL.
Sleeps seven hours a night.
Prefers to be addressed by first name.
Enjoys board games.
Difference in calf circumference now 2.7 cm.
Zinc of 85 mcg/dL in 2024.
Teeth in good repair.
Her sister has recovered from a dislocated finger.
In 2011, lipase was 30 U/L.
Uses sunscreen in summer.
Photographs local wildlife.
Recovered from a heart attack in 2008.
Has two cats.
Tonsillar exudate visible on both sides.","need: calf swelling at least 3.0
found: 0.1
subject: patient
status: present
time: current","need: calf swelling at least 3.0
found: 3.2
subject: patient
status: present
time: current","need: calf swelling at least 3.0
found: 2.7
subject: patient
status: present
time: current",,,,"{""criterion_holds"": 0, ""hdr"": 5, ""keywords"": [""calf circumference"", ""calf swelling""], ""overrides"": {}, ""seed"": 346, ""tpl"": [""peptic_ulcer/present/4"", ""filler/neutral/28"", ""filler/neutral/46"", ""filler/lab/4"", ""filler/neutral/41"", ""filler/neutral/16"", ""filler/neutral/17"", ""filler/neutral/23"", ""filler/neutral/11"", ""filler/other/16"", ""filler/lab/10"", ""filler/neutral/4"", ""filler/neutral/47"", ""filler/neutral/5"", ""calf_swelling/current/5"", ""filler/lab/16"", ""filler/neutral/35"", ""filler/other/17"", ""filler/lab/11"", ""filler/neutral/22"", ""filler/neutral/10"", ""vascular/past/5"", ""filler/neutral/40"", ""exudate/present/5""], ""tpl_split"": ""test""}",,,,,
E047,1,verdict x triplets,B-F-verdict-triplets-s0,rule_v1.test.gs054.c2.subject.easy.1935,gs054,g_score_cutoff,subject,easy,L2,flip,6.827749729156494,1.2678097486495972,9.899827480316162,8.031231164932251,"For community-acquired pneumonia, prescribe oral amoxicillin. Score 3 points if the patient currently has a venous thromboembolism; 2 points if the patient or a first-degree relative (parent, sibling or child) has had colorectal cancer at any time; 2 points if the current respiratory rate is 22/min or more; 1 point if the current oxygen saturation is 91% or less. If the score is 6 or more, prescribe intravenous co-amoxiclav instead.",colorectal cancer (patient or first-degree relative),Prescribe oral amoxicillin.,Prescribe intravenous co-amoxiclav.,"Woman of 56 years.
Community-acquired pneumonia confirmed on chest radiograph.
Drives a car.
Prefers to be addressed by first name.
Teeth in good repair.
Current oxygen saturation 85%.
Has an acute pulmonary embolism, diagnosed this week.
Current respiratory rate 14/min.
Sees a dentist yearly.","Woman of 56 years.
Community-acquired pneumonia confirmed on chest radiograph.
Drives a car.
Prefers to be addressed by first name.
Teeth in good repair.
Current oxygen saturation 85%.
Has an acute pulmonary embolism, diagnosed this week.
Current respiratory rate 14/min.
Sees a dentist yearly.
Her sister is undergoing surgery for bowel cancer.","Woman of 56 years.
Community-acquired pneumonia confirmed on chest radiograph.
Drives a car.
Prefers to be addressed by first name.
Teeth in good repair.
Current oxygen saturation 85%.
Has an acute pulmonary embolism, diagnosed this week.
Current respiratory rate 14/min.
Sees a dentist yearly.
Her uncle is undergoing surgery for bowel cancer.","need: colorectal cancer (patient or first-degree relative)
found: not mentioned
subject: patient
status: absent
time: current","need: colorectal cancer (patient or first-degree relative)
found: Her sister is undergoing surgery for bowel cancer.
subject: other (sister)
status: present
time: current","need: colorectal cancer (patient or first-degree relative)
found: Her uncle is undergoing surgery for bowel cancer.
subject: other (uncle)
status: present
time: current",,,,"{""criterion_holds"": 0, ""hdr"": 4, ""keywords"": [""colorectal cancer"", ""colon cancer"", ""bowel cancer""], ""overrides"": {}, ""seed"": 1935, ""tpl"": [""filler/neutral/17"", ""filler/neutral/47"", ""filler/neutral/35"", ""spo2/current/4"", ""vte/present/4"", ""rr/current/4"", ""filler/neutral/23"", ""crc/rel/4""], ""tpl_split"": ""test""}",,,,,
E048,1,verdict x triplets,B-F-verdict-triplets-s0,rule_v1.test.gs147.c3.subject.easy.1931,gs147,g_score_cutoff,subject,easy,L2,flip,14.633593082427979,9.728228569030762,16.394609451293945,15.815520286560059,"For uncomplicated cystitis, prescribe trimethoprim-sulfamethoxazole. Score 1 point if the current systolic blood pressure is above 160 mmHg; 2 points if the patient or a first-degree relative (parent, sibling or child) has had diabetes at any time; 1 point if the patient has had cancer at any time (active or in remission); 2 points if the patient has ever had heart failure (current or past). If the score is 3 or more, prescribe nitrofurantoin instead.",cancer at any time,Prescribe trimethoprim-sulfamethoxazole.,Prescribe nitrofurantoin.,"Woman of 51 years.
Dysuria and urinary frequency for two days; urine dipstick positive for nitrites.
Formerly diabetic; in remission since 2011.
Prefers to be addressed by first name.
Observations now: blood pressure 140/92 mmHg.
Knits as a hobby.","Woman of 51 years.
Dysuria and urinary frequency for two days; urine dipstick positive for nitrites.
Has metastatic lung cancer, receiving palliative treatment.
Formerly diabetic; in remission since 2011.
Prefers to be addressed by first name.
Observations now: blood pressure 140/92 mmHg.
Knits as a hobby.","Woman of 51 years.
Dysuria and urinary frequency for two days; urine dipstick positive for nitrites.
Her sister is being treated for leukemia.
Formerly diabetic; in remission since 2011.
Prefers to be addressed by first name.
Observations now: blood pressure 140/92 mmHg.
Knits as a hobby.","need: cancer at any time
found: not mentioned
subject: patient
status: absent
time: current","need: cancer at any time
found: Has metastatic lung cancer, receiving palliative treatment.
subject: patient
status: present
time: current","need: cancer at any time
found: Her sister is being treated for leukemia.
subject: other (sister)
status: present
time: current",,,,"{""criterion_holds"": 0, ""hdr"": 4, ""keywords"": [""cancer"", ""lymphoma"", ""leukemia"", ""myeloma"", ""carcinoma""], ""overrides"": {}, ""seed"": 1931, ""tpl"": [""cancer/rel/4"", ""diabetes/past/5"", ""filler/neutral/47"", ""sbp/current/5"", ""filler/neutral/46""], ""tpl_split"": ""test""}",,,,,
E049,1,verdict x triplets,B-F-verdict-triplets-s0,rule_v1.test.cut_vte.cancer.time.long.1742,cut_vte,score_cutoff,time,long,L2,flip,18.340408325195312,4.122540354728699,14.743081092834473,18.397918701171875,"For thromboprophylaxis in a medical inpatient, prescribe compression stockings. Score 3 points for active cancer; 3 points for a venous thromboembolism of the patient, current or previous; 1 point for age 70 years or more; 1 point for current heart failure. If the score is 4 or more, prescribe enoxaparin instead.",active cancer,Prescribe compression stockings.,Prescribe enoxaparin.,"An adult woman.
Admitted with community-acquired pneumonia; expected to stay in bed for several days.
Prefers morning appointments.
Prefers to be addressed by first name.
Knits as a hobby.
Owns a bicycle.
Paints watercolors as a hobby.
In 2006, folate was 12 ng/mL.
Weight steady over the past year.
Her roommate has a lazy eye.
Her friend has recovered from a dislocated finger.
Currently aged 74 years.
Uses sunscreen in summer.
Pupils equal and reactive to light.
Plays the piano.
Her sister burned a hand on a stove years ago.
Zinc of 85 mcg/dL in 2008.
Lives in a second-floor apartment.
Photographs local wildlife.
Her wife lives with psoriasis.
Heart sounds without a gallop.","An adult woman.
Admitted with community-acquired pneumonia; expected to stay in bed for several days.
Prefers morning appointments.
Prefers to be addressed by first name.
Knits as a hobby.
Owns a bicycle.
Paints watercolors as a hobby.
In 2006, folate was 12 ng/mL.
Has melanoma skin cancer and is receiving treatment for it.
Her roommate has a lazy eye.
Her friend has recovered from a dislocated finger.
Currently aged 74 years.
Uses sunscreen in summer.
Pupils equal and reactive to light.
Plays the piano.
Her sister burned a hand on a stove years ago.
Zinc of 85 mcg/dL in 2008.
Lives in a second-floor apartment.
Photographs local wildlife.
Her wife lives with psoriasis.
Heart sounds without a gallop.","An adult woman.
Admitted with community-acquired pneumonia; expected to stay in bed for several days.
Prefers morning appointments.
Prefers to be addressed by first name.
Knits as a hobby.
Owns a bicycle.
Paints watercolors as a hobby.
In 2006, folate was 12 ng/mL.
Had thyroid cancer years ago and is now cured.
Her roommate has a lazy eye.
Her friend has recovered from a dislocated finger.
Currently aged 74 years.
Uses sunscreen in summer.
Pupils equal and reactive to light.
Plays the piano.
Her sister burned a hand on a stove years ago.
Zinc of 85 mcg/dL in 2008.
Lives in a second-floor apartment.
Photographs local wildlife.
Her wife lives with psoriasis.
Heart sounds without a gallop.","need: active cancer
found: Weight steady over the past year.
subject: patient
status: absent
time: current","need: active cancer
found: Has melanoma skin cancer and is receiving treatment for it.
subject: patient
status: present
time: current","need: active cancer
found: Had thyroid cancer years ago and is now cured.
subject: patient
status: present
time: past",,,,"{""criterion_holds"": 0, ""hdr"": 4, ""keywords"": [""cancer"", ""lymphoma"", ""leukemia"", ""myeloma"", ""carcinoma""], ""overrides"": {}, ""seed"": 1742, ""tpl"": [""filler/neutral/29"", ""filler/neutral/47"", ""filler/neutral/46"", ""filler/neutral/34"", ""filler/neutral/28"", ""filler/lab/4"", ""cancer/past/4"", ""filler/other/10"", ""filler/other/17"", ""age/current/4"", ""filler/neutral/22"", ""filler/neutral/11"", ""filler/neutral/41"", ""filler/other/11"", ""filler/lab/16"", ""filler/neutral/16"", ""filler/neutral/10"", ""filler/other/4"", ""chf/generic/4""], ""tpl_split"": ""test""}",,,,,
E050,1,verdict x triplets,B-F-verdict-triplets-s0,rule_v1.test.gs134.c4.time.long.380,gs134,g_score_cutoff,time,long,L2,base; near,-6.560036897659302,-12.933386325836182,-4.749372720718384,3.2996630668640137,"For contraception, prescribe a combined oral contraceptive. Score 2 points if the patient or a first-degree relative (parent, sibling or child) has had coronary artery disease at any time; 2 points if the current weight is 60 kg or less; 2 points if the current platelet count is below 50 x10^9/L; 1 point if the patient currently has tender anterior cervical lymph nodes. If the score is 7 or more, prescribe a progestin-only pill instead.",tender cervical lymph nodes,Prescribe a combined oral contraceptive.,Prescribe a progestin-only pill.,"Woman of 37 years.
Requests contraception.
Her wife wears contact lenses.
Pupils equal and reactive to light.
Her father has a lazy eye.
Prefers to be addressed by first name.
Free T4 of 1.2 ng/dL in 2024.
Enjoys board games.
Neck palpation unremarkable.
Her friend lives with psoriasis.
Current weight 53 kg.
Her uncle burned a hand on a stove years ago.
Uses sunscreen in summer.
Knits as a hobby.
Drives a car.
Photographs local wildlife.
Sleeps seven hours a night.
Zinc of 85 mcg/dL in 2018.
Owns a bicycle.
Sees a dentist yearly.
Platelet count now 44 x10^9/L.
During a checkup in 2018, total protein was 7.0 g/dL.
Paints watercolors as a hobby.
Her father had bypass surgery for coronary artery disease years ago.","Woman of 37 years.
Requests contraception.
Her wife wears contact lenses.
Pupils equal and reactive to light.
Her father has a lazy eye.
Prefers to be addressed by first name.
Free T4 of 1.2 ng/dL in 2024.
Enjoys board games.
Anterior cervical lymph nodes enlarged and tender to touch.
Her friend lives with psoriasis.
Current weight 53 kg.
Her uncle burned a hand on a stove years ago.
Uses sunscreen in summer.
Knits as a hobby.
Drives a car.
Photographs local wildlife.
Sleeps seven hours a night.
Zinc of 85 mcg/dL in 2018.
Owns a bicycle.
Sees a dentist yearly.
Platelet count now 44 x10^9/L.
During a checkup in 2018, total protein was 7.0 g/dL.
Paints watercolors as a hobby.
Her father had bypass surgery for coronary artery disease years ago.","Woman of 37 years.
Requests contraception.
Her wife wears contact lenses.
Pupils equal and reactive to light.
Her father has a lazy eye.
Prefers to be addressed by first name.
Free T4 of 1.2 ng/dL in 2024.
Enjoys board games.
Formerly had tender anterior cervical lymphadenopathy in 2011, with full recovery.
Her friend lives with psoriasis.
Current weight 53 kg.
Her uncle burned a hand on a stove years ago.
Uses sunscreen in summer.
Knits as a hobby.
Drives a car.
Photographs local wildlife.
Sleeps seven hours a night.
Zinc of 85 mcg/dL in 2018.
Owns a bicycle.
Sees a dentist yearly.
Platelet count now 44 x10^9/L.
During a checkup in 2018, total protein was 7.0 g/dL.
Paints watercolors as a hobby.
Her father had bypass surgery for coronary artery disease years ago.","need: tender cervical lymph nodes
found: Neck palpation unremarkable.
subject: patient
status: absent
time: current","need: tender cervical lymph nodes
found: Anterior cervical lymph nodes enlarged and tender to touch.
subject: patient
status: present
time: current","need: tender cervical lymph nodes
found: Formerly had tender anterior cervical lymphadenopathy in 2011, with full recovery.
subject: patient
status: present
time: past (2011)",,,,"{""criterion_holds"": 0, ""hdr"": 4, ""keywords"": [""lymph node"", ""lymphaden""], ""overrides"": {}, ""seed"": 380, ""tpl"": [""filler/other/16"", ""filler/neutral/11"", ""filler/other/10"", ""filler/neutral/47"", ""filler/lab/5"", ""filler/neutral/5"", ""neck_nodes/past/5"", ""filler/other/4"", ""weight/current/4"", ""filler/other/11"", ""filler/neutral/22"", ""filler/neutral/46"", ""filler/neutral/17"", ""filler/neutral/10"", ""filler/neutral/4"", ""filler/lab/16"", ""filler/neutral/34"", ""filler/neutral/23"", ""platelets/current/5"", ""filler/lab/10"", ""filler/neutral/28"", ""cad/rel_past/4""], ""tpl_split"": ""test""}",,,,,
E051,2,ledger2 x blocks,B-F-ledger2-blocks-s0,rule_v1.test.gs002.c1.boundary.easy.1278,gs002,g_any_of,boundary,easy,L2,near,28.79356288909912,-33.884836196899414,-6.670490264892578,28.79356288909912,"For uncomplicated cystitis, prescribe trimethoprim-sulfamethoxazole. If the current heart rate is above 90/min or the current serum potassium is above 4.8 mmol/L, prescribe nitrofurantoin instead.",heart rate above 90,Prescribe trimethoprim-sulfamethoxazole.,Prescribe nitrofurantoin.,"Female patient of 54 years.
Dysuria and urinary frequency for two days; urine dipstick positive for nitrites.
Latest potassium result: 4.3 mmol/L.
Plays the piano.
Teeth in good repair.
Knits as a hobby.
Heart rate now 74/min on a pulse check.","Female patient of 54 years.
Dysuria and urinary frequency for two days; urine dipstick positive for nitrites.
Latest potassium result: 4.3 mmol/L.
Plays the piano.
Teeth in good repair.
Knits as a hobby.
Heart rate now 103/min on a pulse check.","Female patient of 54 years.
Dysuria and urinary frequency for two days; urine dipstick positive for nitrites.
Latest potassium result: 4.3 mmol/L.
Plays the piano.
Teeth in good repair.
Knits as a hobby.
Heart rate now 90/min on a pulse check.","need: heart rate above 90
found: 74
subject: patient
status: present
time: current","need: heart rate above 90
found: 103
subject: patient
status: present
time: current","need: heart rate above 90
found: 90
subject: patient
status: present
time: current","need: heart rate above 90
found: 74
subject: patient
status: present
time: current","need: heart rate above 90
found: 103
subject: patient
status: present
time: current","need: heart rate above 90
found: 90
subject: patient
status: present
time: current","{""criterion_holds"": 0, ""hdr"": 5, ""keywords"": [""heart rate""], ""overrides"": {}, ""seed"": 1278, ""tpl"": [""potassium/current/5"", ""filler/neutral/41"", ""filler/neutral/35"", ""filler/neutral/46"", ""heart_rate/current/5""], ""tpl_split"": ""test""}",,,,,
E052,2,ledger2 x blocks,B-F-ledger2-blocks-s0,rule_v1.test.gs050.c2.boundary.easy.942,gs050,g_any_of,boundary,easy,L2,near,31.98148536682129,-34.425174713134766,-8.623950064182281,31.98148536682129,"For community-acquired pneumonia treated at home, prescribe amoxicillin. If the current eGFR is below 60 mL/min/1.73 m2 or the current ALT is above 120 U/L, prescribe doxycycline instead.",ALT above 120,Prescribe amoxicillin.,Prescribe doxycycline.,"Woman of 52 years.
Productive cough and fever; consolidation on chest radiograph.
ALT now 26 U/L.
Lives in a second-floor apartment.
Uses sunscreen in summer.
eGFR now 70 mL/min/1.73 m2.","Woman of 52 years.
Productive cough and fever; consolidation on chest radiograph.
ALT now 148 U/L.
Lives in a second-floor apartment.
Uses sunscreen in summer.
eGFR now 70 mL/min/1.73 m2.","Woman of 52 years.
Productive cough and fever; consolidation on chest radiograph.
ALT now 120 U/L.
Lives in a second-floor apartment.
Uses sunscreen in summer.
eGFR now 70 mL/min/1.73 m2.","need: ALT above 120
found: 26
subject: patient
status: present
time: current","need: ALT above 120
found: 148
subject: patient
status: present
time: current","need: ALT above 120
found: 120
subject: patient
status: present
time: current","need: ALT above 120
found: 26
subject: patient
status: present
time: current","need: ALT above 120
found: 148
subject: patient
status: present
time: current","need: ALT above 120
found: 120
subject: patient
status: present
time: current","{""criterion_holds"": 0, ""hdr"": 4, ""keywords"": [""alt ""], ""overrides"": {}, ""seed"": 942, ""tpl"": [""alt_enzyme/current/5"", ""filler/neutral/16"", ""filler/neutral/22"", ""egfr/current/5""], ""tpl_split"": ""test""}",,,,,
E053,2,ledger2 x blocks,B-F-ledger2-blocks-s0,rule_v1.test.gs194.c1.boundary.easy.898,gs194,g_any_of,boundary,easy,L2,near,26.195781707763672,-34.78715133666992,-10.245194435119629,26.195781707763672,"For vaginal candidiasis, prescribe oral fluconazole. If the current heart rate is above 90/min or the current weight is 60 kg or less, prescribe clotrimazole pessaries instead.",heart rate above 90,Prescribe oral fluconazole.,Prescribe clotrimazole pessaries.,"Female patient of 44 years.
Vaginal itching and discharge; candidiasis confirmed on microscopy.
Heart rate now 62/min on a pulse check.
Plays the piano.
Current weight 82 kg.","Female patient of 44 years.
Vaginal itching and discharge; candidiasis confirmed on microscopy.
Heart rate now 96/min on a pulse check.
Plays the piano.
Current weight 82 kg.","Female patient of 44 years.
Vaginal itching and discharge; candidiasis confirmed on microscopy.
Heart rate now 90/min on a pulse check.
Plays the piano.
Current weight 82 kg.","need: heart rate above 90
found: 62
subject: patient
status: present
time: current","need: heart rate above 90
found: 96
subject: patient
status: present
time: current","need: heart rate above 90
found: 90
subject: patient
status: present
time: current","need: heart rate above 90
found: 62
subject: patient
status: present
time: current","need: heart rate above 90
found: 96
subject: patient
status: present
time: current","need: heart rate above 90
found: 90
subject: patient
status: present
time: current","{""criterion_holds"": 0, ""hdr"": 5, ""keywords"": [""heart rate""], ""overrides"": {}, ""seed"": 898, ""tpl"": [""heart_rate/current/5"", ""filler/neutral/41"", ""weight/current/4""], ""tpl_split"": ""test""}",,,,,
E054,2,ledger2 x blocks,B-F-ledger2-blocks-s0,rule_v1.test.gs009.c2.negation.long.1978,gs009,g_all_of,negation,long,L2,base,-32.93563938140869,-35.17546272277832,32.05178928375244,-32.93563938140869,"For acute streptococcal pharyngitis, prescribe amoxicillin. If the current white cell count is above 12.0 x10^9/L and the patient or a first-degree relative (parent, sibling or child) has had diabetes at any time, prescribe azithromycin instead.",diabetes (patient or first-degree relative),Prescribe amoxicillin.,Prescribe azithromycin.,"Woman of 21 years.
Presents with acute streptococcal pharyngitis (rapid antigen test positive).
In 2024, folate was 12 ng/mL.
Owns a bicycle.
During a checkup in 2024, free T3 was 3.2 pg/mL.
Her sister has recovered from a dislocated finger.
Photographs local wildlife.
Paints watercolors as a hobby.
Zinc of 85 mcg/dL in 2024.
Her sister has a lazy eye.
Random glucose 92 mg/dL.
Pupils equal and reactive to light.
Current white cell count 13.4 x10^9/L.
Her uncle burned a hand on a stove years ago.
Enjoys board games.
Prefers to be addressed by first name.
During a checkup in 2024, total protein was 7.0 g/dL.
Her roommate sprained a thumb last month.
Drives a car.
Knits as a hobby.","Woman of 21 years.
Presents with acute streptococcal pharyngitis (rapid antigen test positive).
In 2024, folate was 12 ng/mL.
Owns a bicycle.
During a checkup in 2024, free T3 was 3.2 pg/mL.
Her sister has recovered from a dislocated finger.
Photographs local wildlife.
Paints watercolors as a hobby.
Zinc of 85 mcg/dL in 2024.
Her sister has a lazy eye.
Has type 2 diabetes on metformin.
Pupils equal and reactive to light.
Current white cell count 13.4 x10^9/L.
Her uncle burned a hand on a stove years ago.
Enjoys board games.
Prefers to be addressed by first name.
During a checkup in 2024, total protein was 7.0 g/dL.
Her roommate sprained a thumb last month.
Drives a car.
Knits as a hobby.","Woman of 21 years.
Presents with acute streptococcal pharyngitis (rapid antigen test positive).
In 2024, folate was 12 ng/mL.
Owns a bicycle.
During a checkup in 2024, free T3 was 3.2 pg/mL.
Her sister has recovered from a dislocated finger.
Photographs local wildlife.
Paints watercolors as a hobby.
Zinc of 85 mcg/dL in 2024.
Her sister has a lazy eye.
Has never had diabetes.
Pupils equal and reactive to light.
Current white cell count 13.4 x10^9/L.
Her uncle burned a hand on a stove years ago.
Enjoys board games.
Prefers to be addressed by first name.
During a checkup in 2024, total protein was 7.0 g/dL.
Her roommate sprained a thumb last month.
Drives a car.
Knits as a hobby.","need: diabetes (patient or first-degree relative)
found: Random glucose 92 mg/dL.
subject: patient
status: absent
time: current","need: diabetes (patient or first-degree relative)
found: Has type 2 diabetes on metformin.
subject: patient
status: present
time: current","need: diabetes (patient or first-degree relative)
found: Has never had diabetes.
subject: patient
status: absent
time: current","need: diabetes (patient or first-degree relative)
found: 92
subject: patient
status: present
time: current","need: diabetes (patient or first-degree relative)
found: Has type 2 diabetes on metformin.
subject: patient
status: present
time: current","need: diabetes (patient or first-degree relative)
found: Has never had diabetes.
subject: patient
status: absent
time: current","{""criterion_holds"": 0, ""hdr"": 4, ""keywords"": [""diabet""], ""overrides"": {}, ""seed"": 1978, ""tpl"": [""filler/lab/4"", ""filler/neutral/34"", ""filler/lab/17"", ""filler/other/17"", ""filler/neutral/10"", ""filler/neutral/28"", ""filler/lab/16"", ""filler/other/10"", ""diabetes/absent/4"", ""filler/neutral/11"", ""wbc/current/4"", ""filler/other/11"", ""filler/neutral/5"", ""filler/neutral/47"", ""filler/lab/10"", ""filler/other/5"", ""filler/neutral/17"", ""filler/neutral/46""], ""tpl_split"": ""test""}",,,,,
E055,2,ledger2 x blocks,B-F-ledger2-blocks-s0,rule_v1.test.gs113.c2.negation.easy.1974,gs113,g_all_of,negation,easy,L2,base,-33.25201988220215,-33.921504974365234,31.981754302978516,-33.25201988220215,"For dual antiplatelet therapy after a myocardial infarction, prescribe aspirin plus ticagrelor. If the current serum creatinine is above 2.0 mg/dL and the patient has ever had heart failure (current or past), prescribe aspirin plus clopidogrel instead.",heart failure,Prescribe aspirin plus ticagrelor.,Prescribe aspirin plus clopidogrel.,"Man of 61 years.
Recovering on the ward after a myocardial infarction treated with a stent.
Paints watercolors as a hobby.
Sleeps flat on one pillow.
Enjoys board games.
Plays the piano.
Current serum creatinine 2.4 mg/dL.","Man of 61 years.
Recovering on the ward after a myocardial infarction treated with a stent.
Paints watercolors as a hobby.
Current heart failure with ankle swelling.
Enjoys board games.
Plays the piano.
Current serum creatinine 2.4 mg/dL.","Man of 61 years.
Recovering on the ward after a myocardial infarction treated with a stent.
Paints watercolors as a hobby.
Heart failure: never diagnosed.
Enjoys board games.
Plays the piano.
Current serum creatinine 2.4 mg/dL.","need: heart failure
found: Sleeps flat on one pillow.
subject: patient
status: absent
time: current","need: heart failure
found: Current heart failure with ankle swelling.
subject: patient
status: present
time: current","need: heart failure
found: Heart failure: never diagnosed.
subject: patient
status: absent
time: current","need: heart failure
found: Sleeps flat on one pillow.
subject: patient
status: present
time: current","need: heart failure
found: Current heart failure with ankle swelling.
subject: patient
status: present
time: current","need: heart failure
found: Heart failure: never diagnosed.
subject: patient
status: absent
time: current","{""criterion_holds"": 0, ""hdr"": 4, ""keywords"": [""heart failure""], ""overrides"": {}, ""seed"": 1974, ""tpl"": [""filler/neutral/28"", ""chf/absent/5"", ""filler/neutral/5"", ""filler/neutral/41"", ""creatinine/current/4""], ""tpl_split"": ""test""}",,,,,
E056,2,ledger2 x blocks,B-F-ledger2-blocks-s0,rule_v1.test.gs223.c1.negation.long.413,gs223,g_two_of_three,negation,long,L2,base,-24.960092544555664,-31.829011917114258,29.50207805633545,-24.960092544555664,"For contraception, prescribe a combined oral contraceptive. If at least two of the following apply, prescribe a progestin-only pill instead: the patient or a first-degree relative (parent, sibling or child) has had diabetes at any time; the patient or a first-degree relative (parent, sibling or child) has had colorectal cancer at any time; the current blood urea nitrogen is above 19 mg/dL.",diabetes (patient or first-degree relative),Prescribe a combined oral contraceptive.,Prescribe a progestin-only pill.,"Female patient of 23 years.
Requests contraception.
Rectal exam unremarkable.
Paints watercolors as a hobby.
Owns a bicycle.
In 2024, folate was 12 ng/mL.
Uses sunscreen in summer.
Lives in a second-floor apartment.
Sleeps seven hours a night.
Zinc of 85 mcg/dL in 2024.
Knits as a hobby.
HbA1c 5.3% at a routine check.
Drives a car.
Sees a dentist yearly.
Her friend burned a hand on a stove years ago.
Enjoys board games.
Her friend wears contact lenses.
Blood urea nitrogen 26 mg/dL on the current labs.
Plays the piano.
Pupils equal and reactive to light.
During a checkup in 2021, total protein was 7.0 g/dL.
Her father lives with psoriasis.
Prefers to be addressed by first name.","Female patient of 23 years.
Requests contraception.
Rectal exam unremarkable.
Paints watercolors as a hobby.
Owns a bicycle.
In 2024, folate was 12 ng/mL.
Uses sunscreen in summer.
Lives in a second-floor apartment.
Sleeps seven hours a night.
Zinc of 85 mcg/dL in 2024.
Knits as a hobby.
Insulin-treated diabetes.
Drives a car.
Sees a dentist yearly.
Her friend burned a hand on a stove years ago.
Enjoys board games.
Her friend wears contact lenses.
Blood urea nitrogen 26 mg/dL on the current labs.
Plays the piano.
Pupils equal and reactive to light.
During a checkup in 2021, total protein was 7.0 g/dL.
Her father lives with psoriasis.
Prefers to be addressed by first name.","Female patient of 23 years.
Requests contraception.
Rectal exam unremarkable.
Paints watercolors as a hobby.
Owns a bicycle.
In 2024, folate was 12 ng/mL.
Uses sunscreen in summer.
Lives in a second-floor apartment.
Sleeps seven hours a night.
Zinc of 85 mcg/dL in 2024.
Knits as a hobby.
Has never had diabetes.
Drives a car.
Sees a dentist yearly.
Her friend burned a hand on a stove years ago.
Enjoys board games.
Her friend wears contact lenses.
Blood urea nitrogen 26 mg/dL on the current labs.
Plays the piano.
Pupils equal and reactive to light.
During a checkup in 2021, total protein was 7.0 g/dL.
Her father lives with psoriasis.
Prefers to be addressed by first name.","need: diabetes (patient or first-degree relative)
found: HbA1c 5.3% at a routine check.
subject: patient
status: absent
time: current","need: diabetes (patient or first-degree relative)
found: Insulin-treated diabetes.
subject: patient
status: present
time: current","need: diabetes (patient or first-degree relative)
found: Has never had diabetes.
subject: patient
status: absent
time: current","need: diabetes (patient or first-degree relative)
found: 5.3
subject: patient
status: present
time: current","need: diabetes (patient or first-degree relative)
found: Insulin-treated diabetes.
subject: patient
status: present
time: current","need: diabetes (patient or first-degree relative)
found: Has never had diabetes.
subject: patient
status: absent
time: current","{""criterion_holds"": 0, ""hdr"": 5, ""keywords"": [""diabet""], ""overrides"": {}, ""seed"": 413, ""tpl"": [""crc/generic/4"", ""filler/neutral/28"", ""filler/neutral/34"", ""filler/lab/4"", ""filler/neutral/22"", ""filler/neutral/16"", ""filler/neutral/4"", ""filler/lab/16"", ""filler/neutral/46"", ""diabetes/absent/4"", ""filler/neutral/17"", ""filler/neutral/23"", ""filler/other/11"", ""filler/neutral/5"", ""filler/other/16"", ""bun/current/5"", ""filler/neutral/41"", ""filler/neutral/11"", ""filler/lab/10"", ""filler/other/4"", ""filler/neutral/47""], ""tpl_split"": ""test""}",,,,,
E057,2,ledger2 x blocks,B-F-ledger2-blocks-s0,rule_v1.test.gs024.c4.subject.long.670,gs024,g_score_cutoff,subject,long,L2,near,23.135156631469727,-27.731911659240723,-7.023316383361816,23.135156631469727,"For uncomplicated cystitis, prescribe trimethoprim-sulfamethoxazole. Score 3 points if the current ALT is above 120 U/L; 1 point if the patient or a first-degree relative (parent, sibling or child) has had diabetes at any time; 3 points if the current systolic blood pressure is above 160 mmHg; 2 points if the patient or a first-degree relative (parent, sibling or child) has had a venous thromboembolism at any time. If the score is 4 or more, prescribe nitrofurantoin instead.",venous thromboembolism (patient or first-degree relative),Prescribe trimethoprim-sulfamethoxazole.,Prescribe nitrofurantoin.,"Woman of 48 years.
Dysuria and urinary frequency for two days; urine dipstick positive for nitrites.
Zinc of 85 mcg/dL in 2012.
Free T4 of 1.2 ng/dL in 2012.
Her sister lives with psoriasis.
Teeth in good repair.
Varicose veins: none seen.
During a checkup in 2017, free T3 was 3.2 pg/mL.
Lives in a second-floor apartment.
Sees a dentist yearly.
Observations now: blood pressure 150/98 mmHg.
Prefers to be addressed by first name.
Owns a bicycle.
Prefers morning appointments.
Plays the piano.
Pupils equal and reactive to light.
Her wife has recovered from a dislocated finger.
Has two cats.
Her sister sprained a thumb last month.
Current ALT 138 U/L.
Enjoys board games.
Random glucose 92 mg/dL.","Woman of 48 years.
Dysuria and urinary frequency for two days; urine dipstick positive for nitrites.
Zinc of 85 mcg/dL in 2012.
Free T4 of 1.2 ng/dL in 2012.
Her sister lives with psoriasis.
Teeth in good repair.
Her sister is on anticoagulation for venous thrombosis.
During a checkup in 2017, free T3 was 3.2 pg/mL.
Lives in a second-floor apartment.
Sees a dentist yearly.
Observations now: blood pressure 150/98 mmHg.
Prefers to be addressed by first name.
Owns a bicycle.
Prefers morning appointments.
Plays the piano.
Pupils equal and reactive to light.
Her wife has recovered from a dislocated finger.
Has two cats.
Her sister sprained a thumb last month.
Current ALT 138 U/L.
Enjoys board games.
Random glucose 92 mg/dL.","Woman of 48 years.
Dysuria and urinary frequency for two days; urine dipstick positive for nitrites.
Zinc of 85 mcg/dL in 2012.
Free T4 of 1.2 ng/dL in 2012.
Her sister lives with psoriasis.
Teeth in good repair.
Her uncle is on anticoagulation for venous thrombosis.
During a checkup in 2017, free T3 was 3.2 pg/mL.
Lives in a second-floor apartment.
Sees a dentist yearly.
Observations now: blood pressure 150/98 mmHg.
Prefers to be addressed by first name.
Owns a bicycle.
Prefers morning appointments.
Plays the piano.
Pupils equal and reactive to light.
Her wife has recovered from a dislocated finger.
Has two cats.
Her sister sprained a thumb last month.
Current ALT 138 U/L.
Enjoys board games.
Random glucose 92 mg/dL.","need: venous thromboembolism (patient or first-degree relative)
found: Varicose veins: none seen.
subject: patient
status: absent
time: current","need: venous thromboembolism (patient or first-degree relative)
found: Her sister is on anticoagulation for venous thrombosis.
subject: other (sister)
status: present
time: current","need: venous thromboembolism (patient or first-degree relative)
found: Her uncle is on anticoagulation for venous thrombosis.
subject: other (uncle)
status: present
time: current","need: venous thromboembolism (patient or first-degree relative)
found: Varicose veins: none seen.
subject: patient
status: absent
time: current","need: venous thromboembolism (patient or first-degree relative)
found: Her sister is on anticoagulation for venous thrombosis.
subject: other (sister)
status: present
time: current","need: venous thromboembolism (patient or first-degree relative)
found: Her uncle is on anticoagulation for venous thrombosis.
subject: other (uncle)
status: present
time: current","{""criterion_holds"": 0, ""hdr"": 4, ""keywords"": [""thrombo"", ""dvt"", ""pulmonary embol""], ""overrides"": {}, ""seed"": 670, ""tpl"": [""filler/lab/16"", ""filler/lab/5"", ""filler/other/4"", ""filler/neutral/35"", ""vte/rel/5"", ""filler/lab/17"", ""filler/neutral/16"", ""filler/neutral/23"", ""sbp/current/5"", ""filler/neutral/47"", ""filler/neutral/34"", ""filler/neutral/29"", ""filler/neutral/41"", ""filler/neutral/11"", ""filler/other/17"", ""filler/neutral/40"", ""filler/other/5"", ""alt_enzyme/current/4"", ""filler/neutral/5"", ""diabetes/generic/5""], ""tpl_split"": ""test""}",,,,,
E058,2,ledger2 x blocks,B-F-ledger2-blocks-s0,rule_v1.test.gs094.c1.subject.easy.1674,gs094,g_all_of,subject,easy,L2,near,31.185025215148926,-31.6807918548584,-10.178260326385498,31.185025215148926,"For primary prevention, prescribe atorvastatin. If the patient has ever had heart failure (current or past) and the age of the patient is 75 years or more, prescribe ezetimibe instead.",heart failure,Prescribe atorvastatin.,Prescribe ezetimibe.,"An adult woman.
Primary prevention; LDL cholesterol 182 mg/dL.
Current age 83 years.
Drives a car.
Prefers morning appointments.","An adult woman.
Primary prevention; LDL cholesterol 182 mg/dL.
Current age 83 years.
Drives a car.
Prefers morning appointments.
Current heart failure with ankle swelling.","An adult woman.
Primary prevention; LDL cholesterol 182 mg/dL.
Current age 83 years.
Drives a car.
Prefers morning appointments.
Her roommate is treated for heart failure.","need: heart failure
found: not mentioned
subject: patient
status: absent
time: current","need: heart failure
found: Current heart failure with ankle swelling.
subject: patient
status: present
time: current","need: heart failure
found: Her roommate is treated for heart failure.
subject: other (roommate)
status: present
time: current","need: heart failure
found: not mentioned
subject: patient
status: absent
time: current","need: heart failure
found: Current heart failure with ankle swelling.
subject: patient
status: present
time: current","need: heart failure
found: Her roommate is treated for heart failure.
subject: other
status: present
time: current","{""criterion_holds"": 0, ""hdr"": 4, ""keywords"": [""heart failure""], ""overrides"": {}, ""seed"": 1674, ""tpl"": [""age/current/5"", ""filler/neutral/17"", ""filler/neutral/29"", ""chf/rel/4""], ""tpl_split"": ""test""}",,,,,
E059,2,ledger2 x blocks,B-F-ledger2-blocks-s0,rule_v1.test.gs192.c4.subject.long.553,gs192,g_score_cutoff,subject,long,L2,base; near,-28.100019454956055,-28.427626609802246,-2.0251294374465942,-28.100019454956055,"For uncomplicated cystitis, prescribe trimethoprim-sulfamethoxazole. Score 2 points if the patient has ever had asthma (current or past); 1 point if the current calf swelling compared with the other leg is 3.0 cm or more; 1 point if the patient has ever had a peptic ulcer (current or past); 2 points if the patient or a first-degree relative (parent, sibling or child) has had diabetes at any time. If the score is 6 or more, prescribe nitrofurantoin instead.",diabetes (patient or first-degree relative),Prescribe trimethoprim-sulfamethoxazole.,Prescribe nitrofurantoin.,"Woman of 23 years.
Dysuria and urinary frequency for two days; urine dipstick positive for nitrites.
Prefers to be addressed by first name.
Sees a dentist yearly.
Knits as a hobby.
Difference in calf circumference now 3.9 cm.
Her sister lives with psoriasis.
Free T4 of 1.2 ng/dL in 2021.
Enjoys board games.
Asthma, on a daily inhaled steroid.
Pupils equal and reactive to light.
Formerly treated for a peptic ulcer; endoscopy in 2023 showed it had gone.
HbA1c 5.3% at a routine check.
During a checkup in 2022, total protein was 7.0 g/dL.
Sleeps seven hours a night.
Photographs local wildlife.
Lives in a second-floor apartment.
In 2022, folate was 12 ng/mL.
Uses sunscreen in summer.
Her wife wears contact lenses.
Has two cats.
Her uncle sprained a thumb last month.
Her uncle has a lazy eye.
Drives a car.","Woman of 23 years.
Dysuria and urinary frequency for two days; urine dipstick positive for nitrites.
Prefers to be addressed by first name.
Sees a dentist yearly.
Knits as a hobby.
Difference in calf circumference now 3.9 cm.
Her sister lives with psoriasis.
Free T4 of 1.2 ng/dL in 2021.
Enjoys board games.
Asthma, on a daily inhaled steroid.
Pupils equal and reactive to light.
Formerly treated for a peptic ulcer; endoscopy in 2023 showed it had gone.
Had diabetes years ago that went into remission on a low-calorie diet.
During a checkup in 2022, total protein was 7.0 g/dL.
Sleeps seven hours a night.
Photographs local wildlife.
Lives in a second-floor apartment.
In 2022, folate was 12 ng/mL.
Uses sunscreen in summer.
Her wife wears contact lenses.
Has two cats.
Her uncle sprained a thumb last month.
Her uncle has a lazy eye.
Drives a car.","Woman of 23 years.
Dysuria and urinary frequency for two days; urine dipstick positive for nitrites.
Prefers to be addressed by first name.
Sees a dentist yearly.
Knits as a hobby.
Difference in calf circumference now 3.9 cm.
Her sister lives with psoriasis.
Free T4 of 1.2 ng/dL in 2021.
Enjoys board games.
Asthma, on a daily inhaled steroid.
Pupils equal and reactive to light.
Formerly treated for a peptic ulcer; endoscopy in 2023 showed it had gone.
Her wife was diabetic until bariatric surgery several years ago.
During a checkup in 2022, total protein was 7.0 g/dL.
Sleeps seven hours a night.
Photographs local wildlife.
Lives in a second-floor apartment.
In 2022, folate was 12 ng/mL.
Uses sunscreen in summer.
Her wife wears contact lenses.
Has two cats.
Her uncle sprained a thumb last month.
Her uncle has a lazy eye.
Drives a car.","need: diabetes (patient or first-degree relative)
found: HbA1c 5.3% at a routine check.
subject: patient
status: absent
time: current","need: diabetes (patient or first-degree relative)
found: Had diabetes years ago that went into remission on a low-calorie diet.
subject: patient
status: present
time: past","need: diabetes (patient or first-degree relative)
found: Her wife was diabetic until bariatric surgery several years ago.
subject: other (wife)
status: present
time: past","need: diabetes (patient or first-degree relative)
found: 5.3
subject: patient
status: present
time: current","need: diabetes (patient or first-degree relative)
found: Had diabetes years ago that went into remission on a low-calorie diet.
subject: patient
status: present
time: past","need: diabetes (patient or first-degree relative)
found: Her wife was diabetic until bariatric surgery several years ago.
subject: other (spouse)
status: present
time: past","{""criterion_holds"": 0, ""hdr"": 4, ""keywords"": [""diabet""], ""overrides"": {}, ""seed"": 553, ""tpl"": [""filler/neutral/47"", ""filler/neutral/23"", ""filler/neutral/46"", ""calf_swelling/current/5"", ""filler/other/4"", ""filler/lab/5"", ""filler/neutral/5"", ""asthma/present/4"", ""filler/neutral/11"", ""peptic_ulcer/past/5"", ""diabetes/rel_past/5"", ""filler/lab/10"", ""filler/neutral/4"", ""filler/neutral/10"", ""filler/neutral/16"", ""filler/lab/4"", ""filler/neutral/22"", ""filler/other/16"", ""filler/neutral/40"", ""filler/other/5"", ""filler/other/10"", ""filler/neutral/17""], ""tpl_split"": ""test""}",,,,,
E060,2,ledger2 x blocks,B-F-ledger2-blocks-s0,rule_v1.test.gs050.c2.time.superseded.41,gs050,g_any_of,time,superseded,L2,near,27.857879638671875,-32.91929626464844,-1.9947017431259155,27.176671981811523,"For community-acquired pneumonia treated at home, prescribe amoxicillin. If the current eGFR is below 60 mL/min/1.73 m2 or the current ALT is above 120 U/L, prescribe doxycycline instead.",ALT above 120,Prescribe amoxicillin.,Prescribe doxycycline.,"Woman of 66 years.
Productive cough and fever; consolidation on chest radiograph.
Current ALT 26 U/L.
Current eGFR 91 mL/min/1.73 m2.
Enjoys board games.
Photographs local wildlife.
Last month, ALT was 59 U/L; the newest measurement replaces it.
Teeth in good repair.
Knits as a hobby.","Woman of 66 years.
Productive cough and fever; consolidation on chest radiograph.
Current ALT 130 U/L.
Current eGFR 91 mL/min/1.73 m2.
Enjoys board games.
Photographs local wildlife.
Last month, ALT was 59 U/L; the newest measurement replaces it.
Teeth in good repair.
Knits as a hobby.","Woman of 66 years.
Productive cough and fever; consolidation on chest radiograph.
Current ALT 26 U/L.
Current eGFR 91 mL/min/1.73 m2.
Enjoys board games.
Photographs local wildlife.
Last month, ALT was 138 U/L; the newest measurement replaces it.
Teeth in good repair.
Knits as a hobby.","need: ALT above 120
found: 26
subject: patient
status: present
time: current

need: ALT above 120
found: 59
subject: patient
status: present
time: past","need: ALT above 120
found: 130
subject: patient
status: present
time: current

need: ALT above 120
found: 59
subject: patient
status: present
time: past","need: ALT above 120
found: 26
subject: patient
status: present
time: current

need: ALT above 120
found: 138
subject: patient
status: present
time: past","need: ALT above 120
found: 26
subject: patient
status: present
time: current

need: ALT above 120
found: 59
subject: patient
status: present
time: past","need: ALT above 120
found: 130
subject: patient
status: present
time: current

need: ALT above 120
found: 59
subject: patient
status: present
time: past","need: ALT above 120
found: 26
subject: patient
status: present
time: current

need: ALT above 120
found: 138
subject: patient
status: present
time: past","{""criterion_holds"": 0, ""hdr"": 4, ""keywords"": [""alt ""], ""overrides"": {}, ""seed"": 41, ""tpl"": [""alt_enzyme/current/4"", ""egfr/current/4"", ""filler/neutral/5"", ""filler/neutral/10"", ""alt_enzyme/superseded/5"", ""filler/neutral/35"", ""filler/neutral/46""], ""tpl_split"": ""test""}",,,,,
E061,2,ledger2 x blocks,B-F-ledger2-blocks-s0,rule_v1.test.gs096.c2.time.easy.480,gs096,g_score_cutoff,time,easy,L2,near,24.378600120544434,-29.076663970947266,-2.4652695059776306,24.378600120544434,"For stroke prevention in atrial fibrillation, prescribe apixaban. Score 2 points if the patient has ever had coronary artery disease (current or past); 3 points if the patient currently has tonsillar exudate; 2 points if the current ALT is above 120 U/L; 2 points if the current weight is 60 kg or less. If the score is 6 or more, prescribe warfarin instead.",tonsillar exudate,Prescribe apixaban.,Prescribe warfarin.,"Female patient of 66 years.
Atrial fibrillation; anticoagulation indicated.
ALT now 132 U/L.
Latest weight 52 kg.
Plays the piano.
Cardiac stress test unremarkable last year.
Tonsils pink and clean on inspection.","Female patient of 66 years.
Atrial fibrillation; anticoagulation indicated.
ALT now 132 U/L.
Latest weight 52 kg.
Plays the piano.
Cardiac stress test unremarkable last year.
Tonsils swollen and coated with yellow exudate.","Female patient of 66 years.
Atrial fibrillation; anticoagulation indicated.
ALT now 132 U/L.
Latest weight 52 kg.
Plays the piano.
Cardiac stress test unremarkable last year.
Recovered fully from tonsillitis with exudate in 2014.","need: tonsillar exudate
found: Tonsils pink and clean on inspection.
subject: patient
status: absent
time: current","need: tonsillar exudate
found: Tonsils swollen and coated with yellow exudate.
subject: patient
status: present
time: current","need: tonsillar exudate
found: Recovered fully from tonsillitis with exudate in 2014.
subject: patient
status: present
time: past (2014)","need: tonsillar exudate
found: Tonsils pink and clean on inspection.
subject: patient
status: absent
time: current","need: tonsillar exudate
found: Tonsils swollen and coated with yellow exudate.
subject: patient
status: present
time: current","need: tonsillar exudate
found: Recovered fully from tonsillitis with exudate in 2014.
subject: patient
status: present
time: past (2014)","{""criterion_holds"": 0, ""hdr"": 5, ""keywords"": [""exudate""], ""overrides"": {}, ""seed"": 480, ""tpl"": [""alt_enzyme/current/5"", ""weight/current/5"", ""filler/neutral/41"", ""cad/generic/5"", ""exudate/past/5""], ""tpl_split"": ""test""}",,,,,
E062,2,ledger2 x blocks,B-F-ledger2-blocks-s0,rule_v1.test.gs192.c2.time.superseded.1705,gs192,g_score_cutoff,time,superseded,L2,near,16.202436447143555,-14.85619831085205,-1.540131688117981,16.202436447143555,"For uncomplicated cystitis, prescribe trimethoprim-sulfamethoxazole. Score 2 points if the patient has ever had asthma (current or past); 1 point if the current calf swelling compared with the other leg is 3.0 cm or more; 1 point if the patient has ever had a peptic ulcer (current or past); 2 points if the patient or a first-degree relative (parent, sibling or child) has had diabetes at any time. If the score is 6 or more, prescribe nitrofurantoin instead.",calf swelling at least 3.0,Prescribe trimethoprim-sulfamethoxazole.,Prescribe nitrofurantoin.,"Female patient of 27 years.
Dysuria and urinary frequency for two days; urine dipstick positive for nitrites.
Earlier this week, calf swelling was 0.7 cm; a newer reading supersedes it.
Prefers to be addressed by first name.
Persistent asthma, using a rescue inhaler most weeks.
Prefers morning appointments.
Plays the piano.
Current calf swelling 0.4 cm compared with the other leg.
Active peptic ulcer disease.
Had diabetes years ago that went into remission on a low-calorie diet.","Female patient of 27 years.
Dysuria and urinary frequency for two days; urine dipstick positive for nitrites.
Earlier this week, calf swelling was 0.7 cm; a newer reading supersedes it.
Prefers to be addressed by first name.
Persistent asthma, using a rescue inhaler most weeks.
Prefers morning appointments.
Plays the piano.
Current calf swelling 3.0 cm compared with the other leg.
Active peptic ulcer disease.
Had diabetes years ago that went into remission on a low-calorie diet.","Female patient of 27 years.
Dysuria and urinary frequency for two days; urine dipstick positive for nitrites.
Earlier this week, calf swelling was 4.2 cm; a newer reading supersedes it.
Prefers to be addressed by first name.
Persistent asthma, using a rescue inhaler most weeks.
Prefers morning appointments.
Plays the piano.
Current calf swelling 0.4 cm compared with the other leg.
Active peptic ulcer disease.
Had diabetes years ago that went into remission on a low-calorie diet.","need: calf swelling at least 3.0
found: 0.7
subject: patient
status: present
time: past

need: calf swelling at least 3.0
found: 0.4
subject: patient
status: present
time: current","need: calf swelling at least 3.0
found: 0.7
subject: patient
status: present
time: past

need: calf swelling at least 3.0
found: 3.0
subject: patient
status: present
time: current","need: calf swelling at least 3.0
found: 4.2
subject: patient
status: present
time: past

need: calf swelling at least 3.0
found: 0.4
subject: patient
status: present
time: current","need: calf swelling at least 3.0
found: 0.7
subject: patient
status: present
time: past

need: calf swelling at least 3.0
found: 0.4
subject: patient
status: present
time: current","need: calf swelling at least 3.0
found: 0.7
subject: patient
status: present
time: past

need: calf swelling at least 3.0
found: 3.0
subject: patient
status: present
time: current","need: calf swelling at least 3.0
found: 4.2
subject: patient
status: present
time: past

need: calf swelling at least 3.0
found: 0.4
subject: patient
status: present
time: current","{""criterion_holds"": 0, ""hdr"": 5, ""keywords"": [""calf circumference"", ""calf swelling""], ""overrides"": {}, ""seed"": 1705, ""tpl"": [""calf_swelling/superseded/4"", ""filler/neutral/47"", ""asthma/present/5"", ""filler/neutral/29"", ""filler/neutral/41"", ""calf_swelling/current/4"", ""peptic_ulcer/present/5"", ""diabetes/past/4""], ""tpl_split"": ""test""}",,,,,
E063,2,ledger2 x triplets,B-F-ledger2-triplets-s0,rule_v1.test.cut_bleed.bleed.negation.easy.20,cut_bleed,score_cutoff,negation,easy,L2,flip,36.577781677246094,3.8795031309127808,34.49980354309082,36.577781677246094,"For dual antiplatelet therapy after a myocardial infarction, prescribe aspirin plus ticagrelor. Score 2 points for a major bleeding event at any time; 1 point for age 75 years or more; 1 point for a current eGFR below 30 mL/min/1.73 m2. If the score is 2 or more, prescribe aspirin plus clopidogrel instead.",bleeding history,Prescribe aspirin plus ticagrelor.,Prescribe aspirin plus clopidogrel.,"Woman, adult.
Recovering on the ward after a myocardial infarction treated with a stent.
Teeth in good repair.
eGFR now 69 mL/min/1.73 m2.
Currently aged 77 years.
Examination shows no signs of blood loss.
Paints watercolors as a hobby.
Owns a bicycle.
Drives a car.","Woman, adult.
Recovering on the ward after a myocardial infarction treated with a stent.
Teeth in good repair.
eGFR now 69 mL/min/1.73 m2.
Currently aged 77 years.
Major intracranial bleed after a fall years ago, with full recovery.
Paints watercolors as a hobby.
Owns a bicycle.
Drives a car.","Woman, adult.
Recovering on the ward after a myocardial infarction treated with a stent.
Teeth in good repair.
eGFR now 69 mL/min/1.73 m2.
Currently aged 77 years.
Has never had a major bleed.
Paints watercolors as a hobby.
Owns a bicycle.
Drives a car.","need: bleeding history
found: Examination shows no signs of blood loss.
subject: patient
status: absent
time: current","need: bleeding history
found: Major intracranial bleed after a fall years ago, with full recovery.
subject: patient
status: present
time: past","need: bleeding history
found: Has never had a major bleed.
subject: patient
status: absent
time: current","need: bleeding history
found: Examination shows no signs of blood loss.
subject: patient
status: absent
time: current","need: bleeding history
found: Major intracranial bleed after a fall years ago, with full recovery.
subject: patient
status: present
time: past","need: bleeding history
found: Has never had a major bleed.
subject: patient
status: absent
time: current","{""criterion_holds"": 0, ""hdr"": 5, ""keywords"": [""bleed""], ""overrides"": {}, ""seed"": 20, ""tpl"": [""filler/neutral/35"", ""egfr/current/5"", ""age/current/4"", ""bleeding/absent/4"", ""filler/neutral/28"", ""filler/neutral/34"", ""filler/neutral/17""], ""tpl_split"": ""test""}",,,,,
E064,2,ledger2 x triplets,B-F-ledger2-triplets-s0,rule_v1.test.gs124.c1.negation.easy.1050,gs124,g_two_of_three,negation,easy,L2,flip,30.852617263793945,7.864648342132568,36.36433029174805,30.852617263793945,"For community-acquired pneumonia, prescribe oral amoxicillin. If at least two of the following apply, prescribe intravenous co-amoxiclav instead: the patient or a first-degree relative (parent, sibling or child) has had colorectal cancer at any time; the current calf swelling compared with the other leg is 3.0 cm or more; the age of the patient is above 65 years.",colorectal cancer (patient or first-degree relative),Prescribe oral amoxicillin.,Prescribe intravenous co-amoxiclav.,"Woman, adult.
Community-acquired pneumonia confirmed on chest radiograph.
Current calf swelling 1.2 cm compared with the other leg.
Current age 69 years.
Hemoglobin within the normal range on recent blood tests.
Sees a dentist yearly.","Woman, adult.
Community-acquired pneumonia confirmed on chest radiograph.
Current calf swelling 1.2 cm compared with the other leg.
Current age 69 years.
Lives with colon cancer and attends an oncology clinic.
Sees a dentist yearly.","Woman, adult.
Community-acquired pneumonia confirmed on chest radiograph.
Current calf swelling 1.2 cm compared with the other leg.
Current age 69 years.
Has never had bowel cancer.
Sees a dentist yearly.","need: colorectal cancer (patient or first-degree relative)
found: Hemoglobin within the normal range on recent blood tests.
subject: patient
status: absent
time: current","need: colorectal cancer (patient or first-degree relative)
found: Lives with colon cancer and attends an oncology clinic.
subject: patient
status: present
time: current","need: colorectal cancer (patient or first-degree relative)
found: Has never had bowel cancer.
subject: patient
status: absent
time: current","need: colorectal cancer (patient or first-degree relative)
found: Hemoglobin within the normal range on recent blood tests.
subject: patient
status: absent
time: current","need: colorectal cancer (patient or first-degree relative)
found: Lives with colon cancer and attends an oncology clinic.
subject: other (household member)
status: present
time: current","need: colorectal cancer (patient or first-degree relative)
found: Has never had bowel cancer.
subject: patient
status: absent
time: current","{""criterion_holds"": 0, ""hdr"": 5, ""keywords"": [""colorectal cancer"", ""colon cancer"", ""bowel cancer""], ""overrides"": {}, ""seed"": 1050, ""tpl"": [""calf_swelling/current/4"", ""age/current/5"", ""crc/absent/4"", ""filler/neutral/23""], ""tpl_split"": ""test""}",,,,,
E065,2,ledger2 x triplets,B-F-ledger2-triplets-s0,rule_v1.test.gs064.c2.subject.easy.131,gs064,g_all_of,subject,easy,L2,flip,32.737884521484375,15.553511619567871,31.356067657470703,32.737884521484375,"For an acute gout flare, prescribe colchicine. If the patient has ever had angioedema (current or past) and the patient or a first-degree relative (parent, sibling or child) has had colorectal cancer at any time, prescribe prednisone instead.",colorectal cancer (patient or first-degree relative),Prescribe colchicine.,Prescribe prednisone.,"Male patient of 75 years.
Acute gout flare of the right first metatarsophalangeal joint.
Drives a car.
Plays the piano.
Uses sunscreen in summer.
Formerly had recurrent angioedema, in remission for many years now.
Hemoglobin within the normal range on recent blood tests.","Male patient of 75 years.
Acute gout flare of the right first metatarsophalangeal joint.
Drives a car.
Plays the piano.
Uses sunscreen in summer.
Formerly had recurrent angioedema, in remission for many years now.
Lives with colon cancer and attends an oncology clinic.","Male patient of 75 years.
Acute gout flare of the right first metatarsophalangeal joint.
Drives a car.
Plays the piano.
Uses sunscreen in summer.
Formerly had recurrent angioedema, in remission for many years now.
His roommate has advanced colorectal cancer.","need: colorectal cancer (patient or first-degree relative)
found: Hemoglobin within the normal range on recent blood tests.
subject: patient
status: absent
time: current","need: colorectal cancer (patient or first-degree relative)
found: Lives with colon cancer and attends an oncology clinic.
subject: patient
status: present
time: current","need: colorectal cancer (patient or first-degree relative)
found: His roommate has advanced colorectal cancer.
subject: other (roommate)
status: present
time: current","need: colorectal cancer (patient or first-degree relative)
found: Hemoglobin within the normal range on recent blood tests.
subject: patient
status: absent
time: current","need: colorectal cancer (patient or first-degree relative)
found: Lives with colon cancer and attends an oncology clinic.
subject: other (household member)
status: present
time: current","need: colorectal cancer (patient or first-degree relative)
found: His roommate has advanced colorectal cancer.
subject: other (roommate)
status: present
time: current","{""criterion_holds"": 0, ""hdr"": 5, ""keywords"": [""colorectal cancer"", ""colon cancer"", ""bowel cancer""], ""overrides"": {}, ""seed"": 131, ""tpl"": [""filler/neutral/17"", ""filler/neutral/41"", ""filler/neutral/22"", ""angioedema/past/5"", ""crc/rel/5""], ""tpl_split"": ""test""}",,,,,
E066,2,ledger2 x triplets,B-F-ledger2-triplets-s0,rule_v1.test.gs124.c1.subject.easy.1840,gs124,g_two_of_three,subject,easy,L2,flip,35.79212760925293,7.901756763458252,20.727262496948242,35.79212760925293,"For community-acquired pneumonia, prescribe oral amoxicillin. If at least two of the following apply, prescribe intravenous co-amoxiclav instead: the patient or a first-degree relative (parent, sibling or child) has had colorectal cancer at any time; the current calf swelling compared with the other leg is 3.0 cm or more; the age of the patient is above 65 years.",colorectal cancer (patient or first-degree relative),Prescribe oral amoxicillin.,Prescribe intravenous co-amoxiclav.,"Woman, adult.
Community-acquired pneumonia confirmed on chest radiograph.
Current age 49 years.
Current calf swelling 3.8 cm compared with the other leg.
Sleeps seven hours a night.
Drives a car.","Woman, adult.
Community-acquired pneumonia confirmed on chest radiograph.
Current age 49 years.
Current calf swelling 3.8 cm compared with the other leg.
Sleeps seven hours a night.
Drives a car.
Lives with colon cancer and attends an oncology clinic.","Woman, adult.
Community-acquired pneumonia confirmed on chest radiograph.
Current age 49 years.
Current calf swelling 3.8 cm compared with the other leg.
Sleeps seven hours a night.
Drives a car.
Her uncle is undergoing surgery for bowel cancer.","need: colorectal cancer (patient or first-degree relative)
found: not mentioned
subject: patient
status: absent
time: current","need: colorectal cancer (patient or first-degree relative)
found: Lives with colon cancer and attends an oncology clinic.
subject: patient
status: present
time: current","need: colorectal cancer (patient or first-degree relative)
found: Her uncle is undergoing surgery for bowel cancer.
subject: other (uncle)
status: present
time: current","need: colorectal cancer (patient or first-degree relative)
found: not mentioned
subject: patient
status: absent
time: current","need: colorectal cancer (patient or first-degree relative)
found: Lives with colon cancer and attends an oncology clinic.
subject: other (household member)
status: present
time: current","need: colorectal cancer (patient or first-degree relative)
found: Her uncle is undergoing surgery for bowel cancer.
subject: other (uncle)
status: present
time: current","{""criterion_holds"": 0, ""hdr"": 5, ""keywords"": [""colorectal cancer"", ""colon cancer"", ""bowel cancer""], ""overrides"": {}, ""seed"": 1840, ""tpl"": [""age/current/5"", ""calf_swelling/current/4"", ""filler/neutral/4"", ""filler/neutral/17"", ""crc/rel/4""], ""tpl_split"": ""test""}",,,,,
E067,2,summary2 x triplets,B-F-summary2-triplets-s0,rule_v1.test.gs001.c3.negation.easy.849,gs001,g_score_cutoff,negation,easy,L2,base,-7.783903360366821,-20.95368003845215,21.86221218109131,-14.19484806060791,"For contraception, prescribe a combined oral contraceptive. Score 1 point if the current platelet count is below 50 x10^9/L; 1 point if the patient is currently taking warfarin; 1 point if the patient has ever had diabetes (current or past); 3 points if the patient currently has a mechanical heart valve. If the score is 5 or more, prescribe a progestin-only pill instead.",diabetes,Prescribe a combined oral contraceptive.,Prescribe a progestin-only pill.,"Woman of 39 years.
Requests contraception.
Uses sunscreen in summer.
Teeth in good repair.
Platelet count now 36 x10^9/L.
Drives a car.
Lives with a mechanical aortic valve prosthesis.
Has two cats.
HbA1c 5.3% at a routine check.","Woman of 39 years.
Requests contraception.
Uses sunscreen in summer.
Teeth in good repair.
Platelet count now 36 x10^9/L.
Drives a car.
Lives with a mechanical aortic valve prosthesis.
Has two cats.
Has type 2 diabetes on metformin.","Woman of 39 years.
Requests contraception.
Uses sunscreen in summer.
Teeth in good repair.
Platelet count now 36 x10^9/L.
Drives a car.
Lives with a mechanical aortic valve prosthesis.
Has two cats.
Never diagnosed with diabetes.","need: diabetes
found: HbA1c 5.3% at a routine check.
subject: patient
status: absent
time: current","need: diabetes
found: Has type 2 diabetes on metformin.
subject: patient
status: present
time: current","need: diabetes
found: Never diagnosed with diabetes.
subject: patient
status: absent
time: current","For diabetes, the note states ""HbA1c 5.3% at a routine check.""; this concerns the patient, is recorded as present, at present.","For diabetes, the note states ""Has type 2 diabetes on metformin.""; this concerns the patient, is recorded as present, at present.","For diabetes, the note states ""Never diagnosed with diabetes.""; this concerns the patient, is recorded as absent, at present.","{""criterion_holds"": 0, ""hdr"": 4, ""keywords"": [""diabet""], ""overrides"": {}, ""seed"": 849, ""tpl"": [""filler/neutral/22"", ""filler/neutral/35"", ""platelets/current/5"", ""filler/neutral/17"", ""mech_valve/present/5"", ""filler/neutral/40"", ""diabetes/absent/5""], ""tpl_split"": ""test""}",,,,,
E068,2,summary2 x triplets,B-F-summary2-triplets-s0,rule_v1.test.gs049.c2.negation.long.939,gs049,g_all_of,negation,long,L2,base,-28.53926658630371,-23.449320793151855,30.724477767944336,-28.53926658630371,"For uncomplicated cystitis, prescribe trimethoprim-sulfamethoxazole. If the patient or a first-degree relative (parent, sibling or child) has had a venous thromboembolism at any time and the patient or a first-degree relative (parent, sibling or child) has had diabetes at any time, prescribe nitrofurantoin instead.",diabetes (patient or first-degree relative),Prescribe trimethoprim-sulfamethoxazole.,Prescribe nitrofurantoin.,"Woman of 19 years.
Dysuria and urinary frequency for two days; urine dipstick positive for nitrites.
During a checkup in 2024, free T3 was 3.2 pg/mL.
Pupils equal and reactive to light.
Random glucose 92 mg/dL.
Zinc of 85 mcg/dL in 2024.
In 2024, folate was 12 ng/mL.
Prefers morning appointments.
Drives a car.
Her father sprained a thumb last month.
Her friend lives with psoriasis.
Uses sunscreen in summer.
Pulmonary embolism years ago, treated for six months.
Prefers to be addressed by first name.
Teeth in good repair.
Has two cats.
Photographs local wildlife.
Knits as a hobby.
In 2024, lipase was 30 U/L.
Sleeps seven hours a night.","Woman of 19 years.
Dysuria and urinary frequency for two days; urine dipstick positive for nitrites.
During a checkup in 2024, free T3 was 3.2 pg/mL.
Pupils equal and reactive to light.
Formerly diabetic; in remission since 2024.
Zinc of 85 mcg/dL in 2024.
In 2024, folate was 12 ng/mL.
Prefers morning appointments.
Drives a car.
Her father sprained a thumb last month.
Her friend lives with psoriasis.
Uses sunscreen in summer.
Pulmonary embolism years ago, treated for six months.
Prefers to be addressed by first name.
Teeth in good repair.
Has two cats.
Photographs local wildlife.
Knits as a hobby.
In 2024, lipase was 30 U/L.
Sleeps seven hours a night.","Woman of 19 years.
Dysuria and urinary frequency for two days; urine dipstick positive for nitrites.
During a checkup in 2024, free T3 was 3.2 pg/mL.
Pupils equal and reactive to light.
Has never had diabetes.
Zinc of 85 mcg/dL in 2024.
In 2024, folate was 12 ng/mL.
Prefers morning appointments.
Drives a car.
Her father sprained a thumb last month.
Her friend lives with psoriasis.
Uses sunscreen in summer.
Pulmonary embolism years ago, treated for six months.
Prefers to be addressed by first name.
Teeth in good repair.
Has two cats.
Photographs local wildlife.
Knits as a hobby.
In 2024, lipase was 30 U/L.
Sleeps seven hours a night.","need: diabetes (patient or first-degree relative)
found: Random glucose 92 mg/dL.
subject: patient
status: absent
time: current","need: diabetes (patient or first-degree relative)
found: Formerly diabetic; in remission since 2024.
subject: patient
status: present
time: past (2024)","need: diabetes (patient or first-degree relative)
found: Has never had diabetes.
subject: patient
status: absent
time: current","For diabetes (patient or first-degree relative), the note states ""92""; this concerns the patient, is recorded as present, at present.","For diabetes (patient or first-degree relative), the note states ""Formerly diabetic; in remission since 2024.""; this concerns the patient, is recorded as present, in the past (2024).","For diabetes (patient or first-degree relative), the note states ""Has never had diabetes.""; this concerns the patient, is recorded as absent, at present.","{""criterion_holds"": 0, ""hdr"": 4, ""keywords"": [""diabet""], ""overrides"": {}, ""seed"": 939, ""tpl"": [""filler/lab/17"", ""filler/neutral/11"", ""diabetes/absent/4"", ""filler/lab/16"", ""filler/lab/4"", ""filler/neutral/29"", ""filler/neutral/17"", ""filler/other/5"", ""filler/other/4"", ""filler/neutral/22"", ""vte/past/4"", ""filler/neutral/47"", ""filler/neutral/35"", ""filler/neutral/40"", ""filler/neutral/10"", ""filler/neutral/46"", ""filler/lab/11"", ""filler/neutral/4""], ""tpl_split"": ""test""}",,,,,
E069,2,summary2 x triplets,B-F-summary2-triplets-s0,rule_v1.test.gs220.c2.negation.easy.291,gs220,g_all_of,negation,easy,L2,base,-21.944804191589355,-29.431041717529297,30.46148681640625,-21.944804191589355,"For contraception, prescribe a combined oral contraceptive. If the current eGFR is below 30 mL/min/1.73 m2 and the patient or a first-degree relative (parent, sibling or child) has had diabetes at any time, prescribe a progestin-only pill instead.",diabetes (patient or first-degree relative),Prescribe a combined oral contraceptive.,Prescribe a progestin-only pill.,"Female patient of 28 years.
Requests contraception.
Owns a bicycle.
Random glucose 92 mg/dL.
eGFR now 27 mL/min/1.73 m2.
Prefers to be addressed by first name.
Enjoys board games.","Female patient of 28 years.
Requests contraception.
Owns a bicycle.
Had diabetes years ago that went into remission on a low-calorie diet.
eGFR now 27 mL/min/1.73 m2.
Prefers to be addressed by first name.
Enjoys board games.","Female patient of 28 years.
Requests contraception.
Owns a bicycle.
Never diagnosed with diabetes.
eGFR now 27 mL/min/1.73 m2.
Prefers to be addressed by first name.
Enjoys board games.","need: diabetes (patient or first-degree relative)
found: Random glucose 92 mg/dL.
subject: patient
status: absent
time: current","need: diabetes (patient or first-degree relative)
found: Had diabetes years ago that went into remission on a low-calorie diet.
subject: patient
status: present
time: past","need: diabetes (patient or first-degree relative)
found: Never diagnosed with diabetes.
subject: patient
status: absent
time: current","For diabetes (patient or first-degree relative), the note states ""92""; this concerns the patient, is recorded as present, at present.","For diabetes (patient or first-degree relative), the note states ""Had diabetes years ago that went into remission on a low-calorie diet.""; this concerns the patient, is recorded as present, in the past.","For diabetes (patient or first-degree relative), the note states ""Never diagnosed with diabetes.""; this concerns the patient, is recorded as absent, at present.","{""criterion_holds"": 0, ""hdr"": 5, ""keywords"": [""diabet""], ""overrides"": {}, ""seed"": 291, ""tpl"": [""filler/neutral/34"", ""diabetes/absent/5"", ""egfr/current/5"", ""filler/neutral/47"", ""filler/neutral/5""], ""tpl_split"": ""test""}",,,,,
E070,2,summary2 x triplets,B-F-summary2-triplets-s0,rule_v1.test.gs010.c2.subject.easy.1863,gs010,g_score_cutoff,subject,easy,L2,near,19.06624126434326,-27.49638080596924,-6.7700324058532715,19.06624126434326,"For stroke prevention in atrial fibrillation, prescribe apixaban. Score 3 points if the patient has ever had coronary artery disease (current or past); 3 points if the patient or a first-degree relative (parent, sibling or child) has had colorectal cancer at any time; 2 points if the current white cell count is above 12.0 x10^9/L. If the score is 7 or more, prescribe warfarin instead.",colorectal cancer (patient or first-degree relative),Prescribe apixaban.,Prescribe warfarin.,"Male patient of 85 years.
Atrial fibrillation; anticoagulation indicated.
Sleeps seven hours a night.
Prefers to be addressed by first name.
Plays the piano.
Latest WBC is 13.3 x10^9/L.
Coronary artery disease years ago, with angina that went away after bypass surgery.","Male patient of 85 years.
Atrial fibrillation; anticoagulation indicated.
Sleeps seven hours a night.
Prefers to be addressed by first name.
Plays the piano.
Latest WBC is 13.3 x10^9/L.
Colorectal cancer under active treatment.
Coronary artery disease years ago, with angina that went away after bypass surgery.","Male patient of 85 years.
Atrial fibrillation; anticoagulation indicated.
Sleeps seven hours a night.
Prefers to be addressed by first name.
Plays the piano.
Latest WBC is 13.3 x10^9/L.
His wife is undergoing surgery for bowel cancer.
Coronary artery disease years ago, with angina that went away after bypass surgery.","need: colorectal cancer (patient or first-degree relative)
found: not mentioned
subject: patient
status: absent
time: current","need: colorectal cancer (patient or first-degree relative)
found: Colorectal cancer under active treatment.
subject: patient
status: present
time: current","need: colorectal cancer (patient or first-degree relative)
found: His wife is undergoing surgery for bowel cancer.
subject: other (wife)
status: present
time: current",The note does not mention colorectal cancer (patient or first-degree relative).,"For colorectal cancer (patient or first-degree relative), the note states ""Colorectal cancer under active treatment.""; this concerns the patient, is recorded as present, at present.","For colorectal cancer (patient or first-degree relative), the note states ""His wife is undergoing surgery for bowel cancer.""; this concerns the patient's wife, is recorded as present, at present.","{""criterion_holds"": 0, ""hdr"": 5, ""keywords"": [""colorectal cancer"", ""colon cancer"", ""bowel cancer""], ""overrides"": {}, ""seed"": 1863, ""tpl"": [""filler/neutral/4"", ""filler/neutral/47"", ""filler/neutral/41"", ""wbc/current/5"", ""crc/rel/4"", ""cad/past/4""], ""tpl_split"": ""test""}",,,,,
E071,2,summary2 x triplets,B-F-summary2-triplets-s0,rule_v1.test.gs056.c1.subject.long.1801,gs056,g_score_cutoff,subject,long,L2,base,-8.766235828399658,-23.041645050048828,20.092836380004883,-8.766235828399658,"For rate control in atrial fibrillation, prescribe metoprolol. Score 1 point if the patient or a first-degree relative (parent, sibling or child) has had diabetes at any time; 2 points if the patient has ever had a venous thromboembolism (current or past); 3 points if the patient has ever had coronary artery disease (current or past); 1 point if the current white cell count is above 12.0 x10^9/L. If the score is 4 or more, prescribe diltiazem instead.",diabetes (patient or first-degree relative),Prescribe metoprolol.,Prescribe diltiazem.,"Female patient of 73 years.
Atrial fibrillation with a ventricular rate of 128/min.
Chest pain on exertion: none reported.
Pulmonary embolism years ago, treated for six months.
Her roommate lives with psoriasis.
Her friend burned a hand on a stove years ago.
Current white cell count 13.0 x10^9/L.
In 2020, folate was 12 ng/mL.
Zinc of 85 mcg/dL in 2017.
Knits as a hobby.
Her friend sprained a thumb last month.
During a checkup in 2010, free T3 was 3.2 pg/mL.
Prefers morning appointments.
Sleeps seven hours a night.
Her sister wears contact lenses.
Pupils equal and reactive to light.
Enjoys board games.
HbA1c 5.3% at a routine check.
Prefers to be addressed by first name.
Has two cats.
Owns a bicycle.","Female patient of 73 years.
Atrial fibrillation with a ventricular rate of 128/min.
Chest pain on exertion: none reported.
Pulmonary embolism years ago, treated for six months.
Her roommate lives with psoriasis.
Her friend burned a hand on a stove years ago.
Current white cell count 13.0 x10^9/L.
In 2020, folate was 12 ng/mL.
Zinc of 85 mcg/dL in 2017.
Knits as a hobby.
Her friend sprained a thumb last month.
During a checkup in 2010, free T3 was 3.2 pg/mL.
Prefers morning appointments.
Sleeps seven hours a night.
Her sister wears contact lenses.
Pupils equal and reactive to light.
Enjoys board games.
Had diabetes years ago that went into remission on a low-calorie diet.
Prefers to be addressed by first name.
Has two cats.
Owns a bicycle.","Female patient of 73 years.
Atrial fibrillation with a ventricular rate of 128/min.
Chest pain on exertion: none reported.
Pulmonary embolism years ago, treated for six months.
Her roommate lives with psoriasis.
Her friend burned a hand on a stove years ago.
Current white cell count 13.0 x10^9/L.
In 2020, folate was 12 ng/mL.
Zinc of 85 mcg/dL in 2017.
Knits as a hobby.
Her friend sprained a thumb last month.
During a checkup in 2010, free T3 was 3.2 pg/mL.
Prefers morning appointments.
Sleeps seven hours a night.
Her sister wears contact lenses.
Pupils equal and reactive to light.
Enjoys board games.
Her friend had diabetes years ago that went away after a change in diet.
Prefers to be addressed by first name.
Has two cats.
Owns a bicycle.","need: diabetes (patient or first-degree relative)
found: HbA1c 5.3% at a routine check.
subject: patient
status: absent
time: current","need: diabetes (patient or first-degree relative)
found: Had diabetes years ago that went into remission on a low-calorie diet.
subject: patient
status: present
time: past","need: diabetes (patient or first-degree relative)
found: Her friend had diabetes years ago that went away after a change in diet.
subject: other (friend)
status: present
time: past","For diabetes (patient or first-degree relative), the note states ""HbA1c 5.3% at a routine check.""; this concerns the patient, is recorded as present, at present.","For diabetes (patient or first-degree relative), the note states ""Had diabetes years ago that went into remission on a low-calorie diet.""; this concerns the patient, is recorded as present, in the past.","For diabetes (patient or first-degree relative), the note states ""Her friend had diabetes years ago that went away after a change in diet.""; this concerns the patient's friend, is recorded as present, in the past.","{""criterion_holds"": 0, ""hdr"": 5, ""keywords"": [""diabet""], ""overrides"": {}, ""seed"": 1801, ""tpl"": [""cad/generic/4"", ""vte/past/4"", ""filler/other/4"", ""filler/other/11"", ""wbc/current/4"", ""filler/lab/4"", ""filler/lab/16"", ""filler/neutral/46"", ""filler/other/5"", ""filler/lab/17"", ""filler/neutral/29"", ""filler/neutral/4"", ""filler/other/16"", ""filler/neutral/11"", ""filler/neutral/5"", ""diabetes/rel_past/4"", ""filler/neutral/47"", ""filler/neutral/40"", ""filler/neutral/34""], ""tpl_split"": ""test""}",,,,,
E072,2,summary2 x triplets,B-F-summary2-triplets-s0,rule_v1.test.gs075.c1.subject.long.952,gs075,g_two_of_three,subject,long,L2,near,27.402759552001953,-32.69282817840576,-5.166560411453247,27.402759552001953,"For newly diagnosed hypertension, prescribe lisinopril. If at least two of the following apply, prescribe amlodipine instead: the patient or a first-degree relative (parent, sibling or child) has had colorectal cancer at any time; the patient is currently taking warfarin; the current calf swelling compared with the other leg is 3.0 cm or more.",colorectal cancer (patient or first-degree relative),Prescribe lisinopril.,Prescribe amlodipine.,"Man of 36 years.
Newly diagnosed hypertension (blood pressure 158/94 mmHg on repeated readings).
In 2021, lipase was 30 U/L.
Owns a bicycle.
Lives in a second-floor apartment.
Pupils equal and reactive to light.
Drives a car.
Sees a dentist yearly.
Uses sunscreen in summer.
Current calf swelling 3.4 cm compared with the other leg.
During a checkup in 2009, total protein was 7.0 g/dL.
Has two cats.
Hemoglobin within the normal range on recent blood tests.
His roommate has a lazy eye.
His father has recovered from a dislocated finger.
Photographs local wildlife.
Current anticoagulants: none.
Enjoys board games.
Paints watercolors as a hobby.
Teeth in good repair.
During a checkup in 2013, free T3 was 3.2 pg/mL.
Knits as a hobby.
Sleeps seven hours a night.","Man of 36 years.
Newly diagnosed hypertension (blood pressure 158/94 mmHg on repeated readings).
In 2021, lipase was 30 U/L.
Owns a bicycle.
Lives in a second-floor apartment.
Pupils equal and reactive to light.
Drives a car.
Sees a dentist yearly.
Uses sunscreen in summer.
Current calf swelling 3.4 cm compared with the other leg.
During a checkup in 2009, total protein was 7.0 g/dL.
Has two cats.
Colorectal cancer under active treatment.
His roommate has a lazy eye.
His father has recovered from a dislocated finger.
Photographs local wildlife.
Current anticoagulants: none.
Enjoys board games.
Paints watercolors as a hobby.
Teeth in good repair.
During a checkup in 2013, free T3 was 3.2 pg/mL.
Knits as a hobby.
Sleeps seven hours a night.","Man of 36 years.
Newly diagnosed hypertension (blood pressure 158/94 mmHg on repeated readings).
In 2021, lipase was 30 U/L.
Owns a bicycle.
Lives in a second-floor apartment.
Pupils equal and reactive to light.
Drives a car.
Sees a dentist yearly.
Uses sunscreen in summer.
Current calf swelling 3.4 cm compared with the other leg.
During a checkup in 2009, total protein was 7.0 g/dL.
Has two cats.
His wife has advanced colorectal cancer.
His roommate has a lazy eye.
His father has recovered from a dislocated finger.
Photographs local wildlife.
Current anticoagulants: none.
Enjoys board games.
Paints watercolors as a hobby.
Teeth in good repair.
During a checkup in 2013, free T3 was 3.2 pg/mL.
Knits as a hobby.
Sleeps seven hours a night.","need: colorectal cancer (patient or first-degree relative)
found: Hemoglobin within the normal range on recent blood tests.
subject: patient
status: absent
time: current","need: colorectal cancer (patient or first-degree relative)
found: Colorectal cancer under active treatment.
subject: patient
status: present
time: current","need: colorectal cancer (patient or first-degree relative)
found: His wife has advanced colorectal cancer.
subject: other (wife)
status: present
time: current",The note does not mention colorectal cancer (patient or first-degree relative).,"For colorectal cancer (patient or first-degree relative), the note states ""Colorectal cancer under active treatment.""; this concerns the patient, is recorded as present, at present.","For colorectal cancer (patient or first-degree relative), the note states ""His wife has advanced colorectal cancer.""; this concerns the patient's wife, is recorded as present, at present.","{""criterion_holds"": 0, ""hdr"": 4, ""keywords"": [""colorectal cancer"", ""colon cancer"", ""bowel cancer""], ""overrides"": {}, ""seed"": 952, ""tpl"": [""filler/lab/11"", ""filler/neutral/34"", ""filler/neutral/16"", ""filler/neutral/11"", ""filler/neutral/17"", ""filler/neutral/23"", ""filler/neutral/22"", ""calf_swelling/current/4"", ""filler/lab/10"", ""filler/neutral/40"", ""crc/rel/5"", ""filler/other/10"", ""filler/other/17"", ""filler/neutral/10"", ""warfarin/generic/4"", ""filler/neutral/5"", ""filler/neutral/28"", ""filler/neutral/35"", ""filler/lab/17"", ""filler/neutral/46"", ""filler/neutral/4""], ""tpl_split"": ""test""}",,,,,
E073,2,summary2 x triplets,B-F-summary2-triplets-s0,rule_v1.test.gs134.c1.subject.easy.617,gs134,g_score_cutoff,subject,easy,L2,near,23.66572856903076,-21.585067749023438,-4.155545115470886,23.67558193206787,"For contraception, prescribe a combined oral contraceptive. Score 2 points if the patient or a first-degree relative (parent, sibling or child) has had coronary artery disease at any time; 2 points if the current weight is 60 kg or less; 2 points if the current platelet count is below 50 x10^9/L; 1 point if the patient currently has tender anterior cervical lymph nodes. If the score is 7 or more, prescribe a progestin-only pill instead.",coronary artery disease (patient or first-degree relative),Prescribe a combined oral contraceptive.,Prescribe a progestin-only pill.,"Woman of 29 years.
Requests contraception.
Current platelet count 37 x10^9/L.
Prefers morning appointments.
Teeth in good repair.
Current weight 55 kg.
Lives in a second-floor apartment.
Tender, swollen lymph nodes in the front of the neck.
Chest pain on exertion: none reported.","Woman of 29 years.
Requests contraception.
Current platelet count 37 x10^9/L.
Prefers morning appointments.
Teeth in good repair.
Current weight 55 kg.
Lives in a second-floor apartment.
Tender, swollen lymph nodes in the front of the neck.
Her father has known coronary artery disease.","Woman of 29 years.
Requests contraception.
Current platelet count 37 x10^9/L.
Prefers morning appointments.
Teeth in good repair.
Current weight 55 kg.
Lives in a second-floor apartment.
Tender, swollen lymph nodes in the front of the neck.
Her wife has angina from coronary artery disease.","need: coronary artery disease (patient or first-degree relative)
found: Chest pain on exertion: none reported.
subject: patient
status: absent
time: current","need: coronary artery disease (patient or first-degree relative)
found: Her father has known coronary artery disease.
subject: other (father)
status: present
time: current","need: coronary artery disease (patient or first-degree relative)
found: Her wife has angina from coronary artery disease.
subject: other (wife)
status: present
time: current","For coronary artery disease (patient or first-degree relative), the note states ""Chest pain on exertion: none reported.""; this concerns the patient, is recorded as absent, at present.","For coronary artery disease (patient or first-degree relative), the note states ""Her father has known coronary artery disease.""; this concerns the patient's father, is recorded as present, at present.","For coronary artery disease (patient or first-degree relative), the note states ""Her wife has angina from coronary artery disease.""; this concerns the patient's wife, is recorded as present, at present.","{""criterion_holds"": 0, ""hdr"": 4, ""keywords"": [""coronary""], ""overrides"": {}, ""seed"": 617, ""tpl"": [""platelets/current/4"", ""filler/neutral/29"", ""filler/neutral/35"", ""weight/current/4"", ""filler/neutral/16"", ""neck_nodes/present/5"", ""cad/rel/4""], ""tpl_split"": ""test""}",,,,,
E074,2,summary2 x triplets,B-F-summary2-triplets-s0,rule_v1.test.gs179.c1.subject.easy.1827,gs179,g_all_of,subject,easy,L2,base,-28.723655700683594,-31.423998832702637,28.012351989746094,-28.723655700683594,"For rate control in atrial fibrillation, prescribe metoprolol. If the patient has ever had diabetes (current or past) and the current white cell count is above 12.0 x10^9/L, prescribe diltiazem instead.",diabetes,Prescribe metoprolol.,Prescribe diltiazem.,"Man of 68 years.
Atrial fibrillation with a ventricular rate of 128/min.
Random glucose 92 mg/dL.
Sleeps seven hours a night.
Latest WBC is 13.6 x10^9/L.
Prefers to be addressed by first name.
Owns a bicycle.","Man of 68 years.
Atrial fibrillation with a ventricular rate of 128/min.
Has type 2 diabetes on metformin.
Sleeps seven hours a night.
Latest WBC is 13.6 x10^9/L.
Prefers to be addressed by first name.
Owns a bicycle.","Man of 68 years.
Atrial fibrillation with a ventricular rate of 128/min.
His friend is diabetic.
Sleeps seven hours a night.
Latest WBC is 13.6 x10^9/L.
Prefers to be addressed by first name.
Owns a bicycle.","need: diabetes
found: Random glucose 92 mg/dL.
subject: patient
status: absent
time: current","need: diabetes
found: Has type 2 diabetes on metformin.
subject: patient
status: present
time: current","need: diabetes
found: His friend is diabetic.
subject: other (friend)
status: present
time: current","For diabetes, the note states ""92""; this concerns the patient, is recorded as present, at present.","For diabetes, the note states ""Has type 2 diabetes on metformin.""; this concerns the patient, is recorded as present, at present.","For diabetes, the note states ""His friend is diabetic.""; this concerns the patient's friend, is recorded as present, at present.","{""criterion_holds"": 0, ""hdr"": 4, ""keywords"": [""diabet""], ""overrides"": {}, ""seed"": 1827, ""tpl"": [""diabetes/rel/4"", ""filler/neutral/4"", ""wbc/current/5"", ""filler/neutral/47"", ""filler/neutral/34""], ""tpl_split"": ""test""}",,,,,
E075,2,summary2 x triplets,B-F-summary2-triplets-s0,rule_v1.test.gs211.c2.subject.long.1905,gs211,g_two_of_three,subject,long,L2,base,-24.96732997894287,-30.24155616760254,26.082812309265137,27.36304759979248,"For stroke prevention in atrial fibrillation, prescribe apixaban. If at least two of the following apply, prescribe warfarin instead: the current blood urea nitrogen is above 19 mg/dL; the patient or a first-degree relative (parent, sibling or child) has had diabetes at any time; the patient has an active peptic ulcer.",diabetes (patient or first-degree relative),Prescribe apixaban.,Prescribe warfarin.,"Male patient of 82 years.
Atrial fibrillation; anticoagulation indicated.
Sees a dentist yearly.
Plays the piano.
Blood urea nitrogen 16 mg/dL on the current labs.
Enjoys board games.
Active peptic ulcer disease.
Photographs local wildlife.
Uses sunscreen in summer.
Lives in a second-floor apartment.
Has two cats.
Sleeps seven hours a night.
Pupils equal and reactive to light.
Zinc of 85 mcg/dL in 2010.
Owns a bicycle.
Free T4 of 1.2 ng/dL in 2014.
Random glucose 92 mg/dL.
Paints watercolors as a hobby.
Teeth in good repair.
Prefers morning appointments.
During a checkup in 2009, total protein was 7.0 g/dL.
His sister sprained a thumb last month.
Prefers to be addressed by first name.
His friend burned a hand on a stove years ago.
His friend lives with psoriasis.","Male patient of 82 years.
Atrial fibrillation; anticoagulation indicated.
Sees a dentist yearly.
Plays the piano.
Blood urea nitrogen 16 mg/dL on the current labs.
Enjoys board games.
Active peptic ulcer disease.
Photographs local wildlife.
Uses sunscreen in summer.
Lives in a second-floor apartment.
Has two cats.
Sleeps seven hours a night.
Pupils equal and reactive to light.
Zinc of 85 mcg/dL in 2010.
Owns a bicycle.
Free T4 of 1.2 ng/dL in 2014.
Has type 2 diabetes on metformin.
Paints watercolors as a hobby.
Teeth in good repair.
Prefers morning appointments.
During a checkup in 2009, total protein was 7.0 g/dL.
His sister sprained a thumb last month.
Prefers to be addressed by first name.
His friend burned a hand on a stove years ago.
His friend lives with psoriasis.","Male patient of 82 years.
Atrial fibrillation; anticoagulation indicated.
Sees a dentist yearly.
Plays the piano.
Blood urea nitrogen 16 mg/dL on the current labs.
Enjoys board games.
Active peptic ulcer disease.
Photographs local wildlife.
Uses sunscreen in summer.
Lives in a second-floor apartment.
Has two cats.
Sleeps seven hours a night.
Pupils equal and reactive to light.
Zinc of 85 mcg/dL in 2010.
Owns a bicycle.
Free T4 of 1.2 ng/dL in 2014.
His roommate is diabetic.
Paints watercolors as a hobby.
Teeth in good repair.
Prefers morning appointments.
During a checkup in 2009, total protein was 7.0 g/dL.
His sister sprained a thumb last month.
Prefers to be addressed by first name.
His friend burned a hand on a stove years ago.
His friend lives with psoriasis.","need: diabetes (patient or first-degree relative)
found: Random glucose 92 mg/dL.
subject: patient
status: absent
time: current","need: diabetes (patient or first-degree relative)
found: Has type 2 diabetes on metformin.
subject: patient
status: present
time: current","need: diabetes (patient or first-degree relative)
found: His roommate is diabetic.
subject: other (roommate)
status: present
time: current","For diabetes (patient or first-degree relative), the note states ""92""; this concerns the patient, is recorded as present, at present.","For diabetes (patient or first-degree relative), the note states ""Has type 2 diabetes on metformin.""; this concerns the patient, is recorded as present, at present.","For diabetes (patient or first-degree relative), the note states ""His roommate is diabetic.""; this concerns the patient's roommate, is recorded as present, at present.","{""criterion_holds"": 0, ""hdr"": 5, ""keywords"": [""diabet""], ""overrides"": {}, ""seed"": 1905, ""tpl"": [""filler/neutral/23"", ""filler/neutral/41"", ""bun/current/5"", ""filler/neutral/5"", ""peptic_ulcer/present/5"", ""filler/neutral/10"", ""filler/neutral/22"", ""filler/neutral/16"", ""filler/neutral/40"", ""filler/neutral/4"", ""filler/neutral/11"", ""filler/lab/16"", ""filler/neutral/34"", ""filler/lab/5"", ""diabetes/rel/4"", ""filler/neutral/28"", ""filler/neutral/35"", ""filler/neutral/29"", ""filler/lab/10"", ""filler/other/5"", ""filler/neutral/47"", ""filler/other/11"", ""filler/other/4""], ""tpl_split"": ""test""}",,,,,
E076,2,summary2 x triplets,B-F-summary2-triplets-s0,rule_v1.test.gs223.c1.subject.long.541,gs223,g_two_of_three,subject,long,L2,base,-9.931800842285156,-31.19358539581299,27.420796394348145,-9.931800842285156,"For contraception, prescribe a combined oral contraceptive. If at least two of the following apply, prescribe a progestin-only pill instead: the patient or a first-degree relative (parent, sibling or child) has had diabetes at any time; the patient or a first-degree relative (parent, sibling or child) has had colorectal cancer at any time; the current blood urea nitrogen is above 19 mg/dL.",diabetes (patient or first-degree relative),Prescribe a combined oral contraceptive.,Prescribe a progestin-only pill.,"Woman of 21 years.
Requests contraception.
Her sister wears contact lenses.
Teeth in good repair.
Pupils equal and reactive to light.
Prefers morning appointments.
Lives in a second-floor apartment.
Prefers to be addressed by first name.
Hemoglobin within the normal range on recent blood tests.
Zinc of 85 mcg/dL in 2023.
Photographs local wildlife.
Her wife burned a hand on a stove years ago.
Uses sunscreen in summer.
Her uncle has a lazy eye.
In 2024, folate was 12 ng/mL.
Blood urea nitrogen now: 25 mg/dL.
Has two cats.
Sees a dentist yearly.
Plays the piano.
Drives a car.
In 2023, lipase was 30 U/L.
HbA1c 5.3% at a routine check.
Knits as a hobby.
Sleeps seven hours a night.
Enjoys board games.","Woman of 21 years.
Requests contraception.
Her sister wears contact lenses.
Teeth in good repair.
Pupils equal and reactive to light.
Prefers morning appointments.
Lives in a second-floor apartment.
Prefers to be addressed by first name.
Hemoglobin within the normal range on recent blood tests.
Zinc of 85 mcg/dL in 2023.
Photographs local wildlife.
Her wife burned a hand on a stove years ago.
Uses sunscreen in summer.
Her uncle has a lazy eye.
In 2024, folate was 12 ng/mL.
Blood urea nitrogen now: 25 mg/dL.
Has two cats.
Sees a dentist yearly.
Plays the piano.
Drives a car.
In 2023, lipase was 30 U/L.
Had diabetes years ago that went into remission on a low-calorie diet.
Knits as a hobby.
Sleeps seven hours a night.
Enjoys board games.","Woman of 21 years.
Requests contraception.
Her sister wears contact lenses.
Teeth in good repair.
Pupils equal and reactive to light.
Prefers morning appointments.
Lives in a second-floor apartment.
Prefers to be addressed by first name.
Hemoglobin within the normal range on recent blood tests.
Zinc of 85 mcg/dL in 2023.
Photographs local wildlife.
Her wife burned a hand on a stove years ago.
Uses sunscreen in summer.
Her uncle has a lazy eye.
In 2024, folate was 12 ng/mL.
Blood urea nitrogen now: 25 mg/dL.
Has two cats.
Sees a dentist yearly.
Plays the piano.
Drives a car.
In 2023, lipase was 30 U/L.
Her friend had diabetes years ago that went away after a change in diet.
Knits as a hobby.
Sleeps seven hours a night.
Enjoys board games.","need: diabetes (patient or first-degree relative)
found: HbA1c 5.3% at a routine check.
subject: patient
status: absent
time: current","need: diabetes (patient or first-degree relative)
found: Had diabetes years ago that went into remission on a low-calorie diet.
subject: patient
status: present
time: past","need: diabetes (patient or first-degree relative)
found: Her friend had diabetes years ago that went away after a change in diet.
subject: other (friend)
status: present
time: past","For diabetes (patient or first-degree relative), the note states ""HbA1c 5.3% at a routine check.""; this concerns the patient, is recorded as present, at present.","For diabetes (patient or first-degree relative), the note states ""Had diabetes years ago that went into remission on a low-calorie diet.""; this concerns the patient, is recorded as present, in the past.","For diabetes (patient or first-degree relative), the note states ""Her friend had diabetes years ago that went away after a change in diet.""; this concerns the patient's friend, is recorded as present, in the past.","{""criterion_holds"": 0, ""hdr"": 4, ""keywords"": [""diabet""], ""overrides"": {}, ""seed"": 541, ""tpl"": [""filler/other/16"", ""filler/neutral/35"", ""filler/neutral/11"", ""filler/neutral/29"", ""filler/neutral/16"", ""filler/neutral/47"", ""crc/generic/5"", ""filler/lab/16"", ""filler/neutral/10"", ""filler/other/11"", ""filler/neutral/22"", ""filler/other/10"", ""filler/lab/4"", ""bun/current/4"", ""filler/neutral/40"", ""filler/neutral/23"", ""filler/neutral/41"", ""filler/neutral/17"", ""filler/lab/11"", ""diabetes/rel_past/4"", ""filler/neutral/46"", ""filler/neutral/4"", ""filler/neutral/5""], ""tpl_split"": ""test""}",,,,,
E077,2,verdict x blocks,B-F-verdict-blocks-s0,rule_v1.test.cut_bleed.egfr.boundary.easy.1485,cut_bleed,score_cutoff,boundary,easy,L2,near,20.89182949066162,-17.622790336608887,-3.105746626853943,19.082777976989746,"For dual antiplatelet therapy after a myocardial infarction, prescribe aspirin plus ticagrelor. Score 2 points for a major bleeding event at any time; 1 point for age 75 years or more; 1 point for a current eGFR below 30 mL/min/1.73 m2. If the score is 2 or more, prescribe aspirin plus clopidogrel instead.",eGFR below 30,Prescribe aspirin plus ticagrelor.,Prescribe aspirin plus clopidogrel.,"Man, adult.
Recovering on the ward after a myocardial infarction treated with a stent.
eGFR now 64 mL/min/1.73 m2.
Has two cats.
Current age 82 years.","Man, adult.
Recovering on the ward after a myocardial infarction treated with a stent.
eGFR now 28 mL/min/1.73 m2.
Has two cats.
Current age 82 years.","Man, adult.
Recovering on the ward after a myocardial infarction treated with a stent.
eGFR now 30 mL/min/1.73 m2.
Has two cats.
Current age 82 years.","need: eGFR below 30
found: 64
subject: patient
status: present
time: current","need: eGFR below 30
found: 28
subject: patient
status: present
time: current","need: eGFR below 30
found: 30
subject: patient
status: present
time: current",,,,"{""criterion_holds"": 0, ""hdr"": 5, ""keywords"": [""egfr""], ""overrides"": {}, ""seed"": 1485, ""tpl"": [""egfr/current/5"", ""filler/neutral/40"", ""age/current/5""], ""tpl_split"": ""test""}",,,,,
E078,2,verdict x blocks,B-F-verdict-blocks-s0,rule_v1.test.gs108.c2.boundary.easy.1021,gs108,g_any_of,boundary,easy,L2,near,30.381072998046875,-30.516955375671387,-12.44972276687622,30.57865333557129,"For heart failure with reduced ejection fraction, prescribe spironolactone. If the current white cell count is above 12.0 x10^9/L or the current temperature is above 38.0 C, prescribe dapagliflozin instead.",temperature above 38.0,Prescribe spironolactone.,Prescribe dapagliflozin.,"Male patient of 52 years.
Heart failure with reduced ejection fraction (ejection fraction 30%), still symptomatic.
Temperature now 36.9 C (tympanic).
Prefers to be addressed by first name.
Owns a bicycle.
Current white cell count 10.4 x10^9/L.
Uses sunscreen in summer.","Male patient of 52 years.
Heart failure with reduced ejection fraction (ejection fraction 30%), still symptomatic.
Temperature now 39.1 C (tympanic).
Prefers to be addressed by first name.
Owns a bicycle.
Current white cell count 10.4 x10^9/L.
Uses sunscreen in summer.","Male patient of 52 years.
Heart failure with reduced ejection fraction (ejection fraction 30%), still symptomatic.
Temperature now 38.0 C (tympanic).
Prefers to be addressed by first name.
Owns a bicycle.
Current white cell count 10.4 x10^9/L.
Uses sunscreen in summer.","need: temperature above 38.0
found: 36.9
subject: patient
status: present
time: current","need: temperature above 38.0
found: 39.1
subject: patient
status: present
time: current","need: temperature above 38.0
found: 38.0
subject: patient
status: present
time: current",,,,"{""criterion_holds"": 0, ""hdr"": 5, ""keywords"": [""temperature""], ""overrides"": {}, ""seed"": 1021, ""tpl"": [""temperature/current/5"", ""filler/neutral/47"", ""filler/neutral/34"", ""wbc/current/4"", ""filler/neutral/22""], ""tpl_split"": ""test""}",,,,,
E079,2,verdict x blocks,B-F-verdict-blocks-s0,rule_v1.test.gs223.c3.boundary.easy.1496,gs223,g_two_of_three,boundary,easy,L2,near,24.982837677001953,-25.052490234375,-9.733270406723022,23.247732162475586,"For contraception, prescribe a combined oral contraceptive. If at least two of the following apply, prescribe a progestin-only pill instead: the patient or a first-degree relative (parent, sibling or child) has had diabetes at any time; the patient or a first-degree relative (parent, sibling or child) has had colorectal cancer at any time; the current blood urea nitrogen is above 19 mg/dL.",blood urea nitrogen above 19,Prescribe a combined oral contraceptive.,Prescribe a progestin-only pill.,"Female patient of 19 years.
Requests contraception.
Blood urea nitrogen 11 mg/dL on the current labs.
Lives in a second-floor apartment.
Lives with colon cancer and attends an oncology clinic.","Female patient of 19 years.
Requests contraception.
Blood urea nitrogen 26 mg/dL on the current labs.
Lives in a second-floor apartment.
Lives with colon cancer and attends an oncology clinic.","Female patient of 19 years.
Requests contraception.
Blood urea nitrogen 19 mg/dL on the current labs.
Lives in a second-floor apartment.
Lives with colon cancer and attends an oncology clinic.","need: blood urea nitrogen above 19
found: 11
subject: patient
status: present
time: current","need: blood urea nitrogen above 19
found: 26
subject: patient
status: present
time: current","need: blood urea nitrogen above 19
found: 19
subject: patient
status: present
time: current",,,,"{""criterion_holds"": 0, ""hdr"": 5, ""keywords"": [""bun"", ""urea nitrogen""], ""overrides"": {}, ""seed"": 1496, ""tpl"": [""bun/current/5"", ""filler/neutral/16"", ""crc/present/5""], ""tpl_split"": ""test""}",,,,,
E080,2,verdict x blocks,B-F-verdict-blocks-s0,rule_v1.test.gs134.c1.negation.easy.717,gs134,g_score_cutoff,negation,easy,L2,base; near,-0.4018898010253906,-16.128726482391357,-2.2808209657669067,-1.48861563205719,"For contraception, prescribe a combined oral contraceptive. Score 2 points if the patient or a first-degree relative (parent, sibling or child) has had coronary artery disease at any time; 2 points if the current weight is 60 kg or less; 2 points if the current platelet count is below 50 x10^9/L; 1 point if the patient currently has tender anterior cervical lymph nodes. If the score is 7 or more, prescribe a progestin-only pill instead.",coronary artery disease (patient or first-degree relative),Prescribe a combined oral contraceptive.,Prescribe a progestin-only pill.,"Woman of 20 years.
Requests contraception.
Drives a car.
Current platelet count 40 x10^9/L.
Anterior cervical lymph nodes enlarged and tender to touch.
Chest pain on exertion: none reported.
Latest weight 60 kg.","Woman of 20 years.
Requests contraception.
Drives a car.
Current platelet count 40 x10^9/L.
Anterior cervical lymph nodes enlarged and tender to touch.
Known coronary artery disease (two-vessel disease on angiography).
Latest weight 60 kg.","Woman of 20 years.
Requests contraception.
Drives a car.
Current platelet count 40 x10^9/L.
Anterior cervical lymph nodes enlarged and tender to touch.
Has never had coronary artery disease.
Latest weight 60 kg.","need: coronary artery disease (patient or first-degree relative)
found: Chest pain on exertion: none reported.
subject: patient
status: absent
time: current","need: coronary artery disease (patient or first-degree relative)
found: Known coronary artery disease (two-vessel disease on angiography).
subject: patient
status: present
time: current","need: coronary artery disease (patient or first-degree relative)
found: Has never had coronary artery disease.
subject: patient
status: absent
time: current",,,,"{""criterion_holds"": 0, ""hdr"": 4, ""keywords"": [""coronary""], ""overrides"": {}, ""seed"": 717, ""tpl"": [""filler/neutral/17"", ""platelets/current/4"", ""neck_nodes/present/4"", ""cad/absent/4"", ""weight/current/5""], ""tpl_split"": ""test""}",,,,,
E081,2,verdict x blocks,B-F-verdict-blocks-s0,rule_v1.test.gs230.c2.negation.easy.545,gs230,g_score_cutoff,negation,easy,L2,base; near,-10.817416191101074,-15.854730606079102,-5.398907661437988,-6.728880882263184,"For uncomplicated cystitis, prescribe trimethoprim-sulfamethoxazole. Score 2 points if the patient has ever had a myocardial infarction or peripheral artery disease (current or past); 2 points if the patient currently has tonsillar exudate; 3 points if the current calf swelling compared with the other leg is 3.0 cm or more; 1 point if the patient has ever had a peptic ulcer (current or past). If the score is 8 or more, prescribe nitrofurantoin instead.",tonsillar exudate,Prescribe trimethoprim-sulfamethoxazole.,Prescribe nitrofurantoin.,"Woman of 60 years.
Dysuria and urinary frequency for two days; urine dipstick positive for nitrites.
Uses sunscreen in summer.
Difference in calf circumference now 4.4 cm.
Paints watercolors as a hobby.
Has two cats.
Active peptic ulcer disease.
Lives with peripheral artery disease affecting the left leg.
Prefers morning appointments.","Woman of 60 years.
Dysuria and urinary frequency for two days; urine dipstick positive for nitrites.
Uses sunscreen in summer.
Difference in calf circumference now 4.4 cm.
Paints watercolors as a hobby.
Has two cats.
Tonsils swollen and coated with yellow exudate.
Active peptic ulcer disease.
Lives with peripheral artery disease affecting the left leg.
Prefers morning appointments.","Woman of 60 years.
Dysuria and urinary frequency for two days; urine dipstick positive for nitrites.
Uses sunscreen in summer.
Difference in calf circumference now 4.4 cm.
Paints watercolors as a hobby.
Has two cats.
Tonsillar exudate absent on examination.
Active peptic ulcer disease.
Lives with peripheral artery disease affecting the left leg.
Prefers morning appointments.","need: tonsillar exudate
found: not mentioned
subject: patient
status: absent
time: current","need: tonsillar exudate
found: Tonsils swollen and coated with yellow exudate.
subject: patient
status: present
time: current","need: tonsillar exudate
found: Tonsillar exudate absent on examination.
subject: patient
status: absent
time: current",,,,"{""criterion_holds"": 0, ""hdr"": 4, ""keywords"": [""exudate""], ""overrides"": {}, ""seed"": 545, ""tpl"": [""filler/neutral/22"", ""calf_swelling/current/5"", ""filler/neutral/28"", ""filler/neutral/40"", ""exudate/absent/5"", ""peptic_ulcer/present/5"", ""vascular/present/4"", ""filler/neutral/29""], ""tpl_split"": ""test""}",,,,,
E082,2,verdict x blocks,B-F-verdict-blocks-s0,rule_v1.test.gs004.c4.numeric.easy.582,gs004,g_score_cutoff,numeric,easy,L2,base; near,-2.926286458969116,-19.488978385925293,-4.206038236618042,-2.149114489555359,"For community-acquired pneumonia, prescribe oral amoxicillin. Score 1 point if the patient is currently taking aspirin; 2 points if the patient has ever had heart failure (current or past); 1 point if the patient has had a major bleeding event at any time; 3 points if the current respiratory rate is 25/min or more. If the score is 4 or more, prescribe intravenous co-amoxiclav instead.",respiratory rate at least 25,Prescribe oral amoxicillin.,Prescribe intravenous co-amoxiclav.,"Female patient of 69 years.
Community-acquired pneumonia confirmed on chest radiograph.
Currently on low-dose aspirin each day.
Observations now: respiratory rate 20/min.
Pupils equal and reactive to light.
Current heart failure with ankle swelling.","Female patient of 69 years.
Community-acquired pneumonia confirmed on chest radiograph.
Currently on low-dose aspirin each day.
Observations now: respiratory rate 25/min.
Pupils equal and reactive to light.
Current heart failure with ankle swelling.","Female patient of 69 years.
Community-acquired pneumonia confirmed on chest radiograph.
Currently on low-dose aspirin each day.
Observations now: respiratory rate 24/min.
Pupils equal and reactive to light.
Current heart failure with ankle swelling.","need: respiratory rate at least 25
found: 20
subject: patient
status: present
time: current","need: respiratory rate at least 25
found: 25
subject: patient
status: present
time: current","need: respiratory rate at least 25
found: 24
subject: patient
status: present
time: current",,,,"{""criterion_holds"": 0, ""hdr"": 5, ""keywords"": [""respiratory rate""], ""overrides"": {}, ""seed"": 582, ""tpl"": [""aspirin/present/4"", ""rr/current/5"", ""filler/neutral/11"", ""chf/present/5""], ""tpl_split"": ""test""}",,,,,
E083,2,verdict x blocks,B-F-verdict-blocks-s0,rule_v1.test.gs134.c2.numeric.easy.737,gs134,g_score_cutoff,numeric,easy,L2,base; near,-6.612780332565308,-16.603114128112793,-4.278290748596191,-2.2277392148971558,"For contraception, prescribe a combined oral contraceptive. Score 2 points if the patient or a first-degree relative (parent, sibling or child) has had coronary artery disease at any time; 2 points if the current weight is 60 kg or less; 2 points if the current platelet count is below 50 x10^9/L; 1 point if the patient currently has tender anterior cervical lymph nodes. If the score is 7 or more, prescribe a progestin-only pill instead.",weight at or below 60,Prescribe a combined oral contraceptive.,Prescribe a progestin-only pill.,"Woman of 33 years.
Requests contraception.
Current platelet count 46 x10^9/L.
Prefers to be addressed by first name.
Pupils equal and reactive to light.
Coronary artery disease years ago, with angina that went away after bypass surgery.
Current weight 93 kg.
Tender, swollen lymph nodes in the front of the neck.","Woman of 33 years.
Requests contraception.
Current platelet count 46 x10^9/L.
Prefers to be addressed by first name.
Pupils equal and reactive to light.
Coronary artery disease years ago, with angina that went away after bypass surgery.
Current weight 50 kg.
Tender, swollen lymph nodes in the front of the neck.","Woman of 33 years.
Requests contraception.
Current platelet count 46 x10^9/L.
Prefers to be addressed by first name.
Pupils equal and reactive to light.
Coronary artery disease years ago, with angina that went away after bypass surgery.
Current weight 63 kg.
Tender, swollen lymph nodes in the front of the neck.","need: weight at or below 60
found: 93
subject: patient
status: present
time: current","need: weight at or below 60
found: 50
subject: patient
status: present
time: current","need: weight at or below 60
found: 63
subject: patient
status: present
time: current",,,,"{""criterion_holds"": 0, ""hdr"": 4, ""keywords"": [""weight"", ""weighs""], ""overrides"": {}, ""seed"": 737, ""tpl"": [""platelets/current/4"", ""filler/neutral/47"", ""filler/neutral/11"", ""cad/past/4"", ""weight/current/4"", ""neck_nodes/present/5""], ""tpl_split"": ""test""}",,,,,
E084,2,verdict x blocks,B-F-verdict-blocks-s0,rule_v1.test.gs230.c3.numeric.long.346,gs230,g_score_cutoff,numeric,long,L2,base; near,-2.641516089439392,-14.600765705108643,-2.6539130210876465,-1.072333812713623,"For uncomplicated cystitis, prescribe trimethoprim-sulfamethoxazole. Score 2 points if the patient has ever had a myocardial infarction or peripheral artery disease (current or past); 2 points if the patient currently has tonsillar exudate; 3 points if the current calf swelling compared with the other leg is 3.0 cm or more; 1 point if the patient has ever had a peptic ulcer (current or past). If the score is 8 or more, prescribe nitrofurantoin instead.",calf swelling at least 3.0,Prescribe trimethoprim-sulfamethoxazole.,Prescribe nitrofurantoin.,"Female patient of 45 years.
Dysuria and urinary frequency for two days; urine dipstick positive for nitrites.
Has an active duodenal ulcer.
Paints watercolors as a hobby.
Knits as a hobby.
In 2019, folate was 12 ng/mL.
Plays the piano.
Lives in a second-floor apartment.
Drives a car.
Sees a dentist yearly.
Pupils equal and reactive to light.
Her uncle wears contact lenses.
During a checkup in 2017, total protein was 7.0 g/dL.
Sleeps seven hours a night.
Prefers to be addressed by first name.
Enjoys board games.
Difference in calf circumference now 0.1 cm.
Zinc of 85 mcg/dL in 2024.
Teeth in good repair.
Her sister has recovered from a dislocated finger.
In 2011, lipase was 30 U/L.
Uses sunscreen in summer.
Photographs local wildlife.
Recovered from a heart attack in 2008.
Has two cats.
Tonsillar exudate visible on both sides.","Female patient of 45 years.
Dysuria and urinary frequency for two days; urine dipstick positive for nitrites.
Has an active duodenal ulcer.
Paints watercolors as a hobby.
Knits as a hobby.
In 2019, folate was 12 ng/mL.
Plays the piano.
Lives in a second-floor apartment.
Drives a car.
Sees a dentist yearly.
Pupils equal and reactive to light.
Her uncle wears contact lenses.
During a checkup in 2017, total protein was 7.0 g/dL.
Sleeps seven hours a night.
Prefers to be addressed by first name.
Enjoys board games.
Difference in calf circumference now 3.2 cm.
Zinc of 85 mcg/dL in 2024.
Teeth in good repair.
Her sister has recovered from a dislocated finger.
In 2011, lipase was 30 U/L.
Uses sunscreen in summer.
Photographs local wildlife.
Recovered from a heart attack in 2008.
Has two cats.
Tonsillar exudate visible on both sides.","Female patient of 45 years.
Dysuria and urinary frequency for two days; urine dipstick positive for nitrites.
Has an active duodenal ulcer.
Paints watercolors as a hobby.
Knits as a hobby.
In 2019, folate was 12 ng/mL.
Plays the piano.
Lives in a second-floor apartment.
Drives a car.
Sees a dentist yearly.
Pupils equal and reactive to light.
Her uncle wears contact lenses.
During a checkup in 2017, total protein was 7.0 g/dL.
Sleeps seven hours a night.
Prefers to be addressed by first name.
Enjoys board games.
Difference in calf circumference now 2.7 cm.
Zinc of 85 mcg/dL in 2024.
Teeth in good repair.
Her sister has recovered from a dislocated finger.
In 2011, lipase was 30 U/L.
Uses sunscreen in summer.
Photographs local wildlife.
Recovered from a heart attack in 2008.
Has two cats.
Tonsillar exudate visible on both sides.","need: calf swelling at least 3.0
found: 0.1
subject: patient
status: present
time: current","need: calf swelling at least 3.0
found: 3.2
subject: patient
status: present
time: current","need: calf swelling at least 3.0
found: 2.7
subject: patient
status: present
time: current",,,,"{""criterion_holds"": 0, ""hdr"": 5, ""keywords"": [""calf circumference"", ""calf swelling""], ""overrides"": {}, ""seed"": 346, ""tpl"": [""peptic_ulcer/present/4"", ""filler/neutral/28"", ""filler/neutral/46"", ""filler/lab/4"", ""filler/neutral/41"", ""filler/neutral/16"", ""filler/neutral/17"", ""filler/neutral/23"", ""filler/neutral/11"", ""filler/other/16"", ""filler/lab/10"", ""filler/neutral/4"", ""filler/neutral/47"", ""filler/neutral/5"", ""calf_swelling/current/5"", ""filler/lab/16"", ""filler/neutral/35"", ""filler/other/17"", ""filler/lab/11"", ""filler/neutral/22"", ""filler/neutral/10"", ""vascular/past/5"", ""filler/neutral/40"", ""exudate/present/5""], ""tpl_split"": ""test""}",,,,,
E085,2,verdict x blocks,B-F-verdict-blocks-s0,rule_v1.test.gs079.c2.subject.long.1593,gs079,g_two_of_three,subject,long,L2,near,22.340436935424805,-24.443532943725586,-22.124910354614258,21.99538516998291,"For suspected infection on the medical ward, prescribe oral amoxicillin. If at least two of the following apply, prescribe intravenous piperacillin-tazobactam instead: the current blood urea nitrogen is above 19 mg/dL; the patient has had a major bleeding event at any time; the patient currently has heart failure.",bleeding history,Prescribe oral amoxicillin.,Prescribe intravenous piperacillin-tazobactam.,"Female patient of 65 years.
Suspected chest infection; assessed on the medical ward.
Blood urea nitrogen 26 mg/dL on the current labs.
Sleeps seven hours a night.
During a checkup in 2011, free T3 was 3.2 pg/mL.
Lives in a second-floor apartment.
Prefers to be addressed by first name.
Enjoys board games.
In 2020, folate was 12 ng/mL.
Plays the piano.
Examination shows no signs of blood loss.
Her roommate sprained a thumb last month.
Her wife lives with psoriasis.
Zinc of 85 mcg/dL in 2008.
Pupils equal and reactive to light.
Owns a bicycle.
Her wife burned a hand on a stove years ago.
Prefers morning appointments.
During a checkup in 2015, total protein was 7.0 g/dL.
Has two cats.
Paints watercolors as a hobby.
Her wife has recovered from a dislocated finger.","Female patient of 65 years.
Suspected chest infection; assessed on the medical ward.
Blood urea nitrogen 26 mg/dL on the current labs.
Sleeps seven hours a night.
During a checkup in 2011, free T3 was 3.2 pg/mL.
Lives in a second-floor apartment.
Prefers to be addressed by first name.
Enjoys board games.
In 2020, folate was 12 ng/mL.
Plays the piano.
Major intracranial bleed after a fall years ago, with full recovery.
Her roommate sprained a thumb last month.
Her wife lives with psoriasis.
Zinc of 85 mcg/dL in 2008.
Pupils equal and reactive to light.
Owns a bicycle.
Her wife burned a hand on a stove years ago.
Prefers morning appointments.
During a checkup in 2015, total protein was 7.0 g/dL.
Has two cats.
Paints watercolors as a hobby.
Her wife has recovered from a dislocated finger.","Female patient of 65 years.
Suspected chest infection; assessed on the medical ward.
Blood urea nitrogen 26 mg/dL on the current labs.
Sleeps seven hours a night.
During a checkup in 2011, free T3 was 3.2 pg/mL.
Lives in a second-floor apartment.
Prefers to be addressed by first name.
Enjoys board games.
In 2020, folate was 12 ng/mL.
Plays the piano.
Her wife needed a blood transfusion for a major bleed years ago.
Her roommate sprained a thumb last month.
Her wife lives with psoriasis.
Zinc of 85 mcg/dL in 2008.
Pupils equal and reactive to light.
Owns a bicycle.
Her wife burned a hand on a stove years ago.
Prefers morning appointments.
During a checkup in 2015, total protein was 7.0 g/dL.
Has two cats.
Paints watercolors as a hobby.
Her wife has recovered from a dislocated finger.","need: bleeding history
found: Examination shows no signs of blood loss.
subject: patient
status: absent
time: current","need: bleeding history
found: Major intracranial bleed after a fall years ago, with full recovery.
subject: patient
status: present
time: past","need: bleeding history
found: Her wife needed a blood transfusion for a major bleed years ago.
subject: other (wife)
status: present
time: past",,,,"{""criterion_holds"": 0, ""hdr"": 5, ""keywords"": [""bleed""], ""overrides"": {}, ""seed"": 1593, ""tpl"": [""bun/current/5"", ""filler/neutral/4"", ""filler/lab/17"", ""filler/neutral/16"", ""filler/neutral/47"", ""filler/neutral/5"", ""filler/lab/4"", ""filler/neutral/41"", ""bleeding/rel_past/4"", ""filler/other/5"", ""filler/other/4"", ""filler/lab/16"", ""filler/neutral/11"", ""filler/neutral/34"", ""filler/other/11"", ""filler/neutral/29"", ""filler/lab/10"", ""filler/neutral/40"", ""filler/neutral/28"", ""filler/other/17""], ""tpl_split"": ""test""}",,,,,
E086,2,verdict x blocks,B-F-verdict-blocks-s0,rule_v1.test.s1_meds.ams.subject.long.1436,s1_meds,additive_score,subject,long,L2,near,25.215893745422363,-25.14614963531494,-1.5460864305496216,25.224167823791504,"Mortality in Emergency Department Sepsis score (as used here, partial): 3 points for a current platelet count below 150 x10^9/L; 3 points for an age above 65 years; 2 points for current altered mental status (confusion or disorientation). Other items of the score are not part of this question.",altered mental status,The altered mental status criterion contributes 0 points.,The altered mental status criterion contributes 2 points.,"An adult man.
Suspected sepsis; admitted from the emergency department.
Has two cats.
Uses sunscreen in summer.
Gives a clear account of the illness.
Platelet count now 160 x10^9/L.
Prefers to be addressed by first name.
Current age 55 years.
Photographs local wildlife.
Sleeps seven hours a night.
Lives in a second-floor apartment.
Knits as a hobby.
Paints watercolors as a hobby.
His father sprained a thumb last month.
Plays the piano.
Enjoys board games.
His friend burned a hand on a stove years ago.
Prefers morning appointments.
Free T4 of 1.2 ng/dL in 2020.
Sees a dentist yearly.
Drives a car.
Pupils equal and reactive to light.
In 2009, lipase was 30 U/L.","An adult man.
Suspected sepsis; admitted from the emergency department.
Has two cats.
Uses sunscreen in summer.
Disoriented to time and place, which is new for the patient.
Platelet count now 160 x10^9/L.
Prefers to be addressed by first name.
Current age 55 years.
Photographs local wildlife.
Sleeps seven hours a night.
Lives in a second-floor apartment.
Knits as a hobby.
Paints watercolors as a hobby.
His father sprained a thumb last month.
Plays the piano.
Enjoys board games.
His friend burned a hand on a stove years ago.
Prefers morning appointments.
Free T4 of 1.2 ng/dL in 2020.
Sees a dentist yearly.
Drives a car.
Pupils equal and reactive to light.
In 2009, lipase was 30 U/L.","An adult man.
Suspected sepsis; admitted from the emergency department.
Has two cats.
Uses sunscreen in summer.
His father is newly disoriented.
Platelet count now 160 x10^9/L.
Prefers to be addressed by first name.
Current age 55 years.
Photographs local wildlife.
Sleeps seven hours a night.
Lives in a second-floor apartment.
Knits as a hobby.
Paints watercolors as a hobby.
His father sprained a thumb last month.
Plays the piano.
Enjoys board games.
His friend burned a hand on a stove years ago.
Prefers morning appointments.
Free T4 of 1.2 ng/dL in 2020.
Sees a dentist yearly.
Drives a car.
Pupils equal and reactive to light.
In 2009, lipase was 30 U/L.","need: altered mental status
found: Gives a clear account of the illness.
subject: patient
status: absent
time: current","need: altered mental status
found: Disoriented to time and place, which is new for the patient.
subject: patient
status: present
time: current","need: altered mental status
found: His father is newly disoriented.
subject: other (father)
status: present
time: current",,,,"{""criterion_holds"": 0, ""hdr"": 4, ""keywords"": [""confus"", ""disorient""], ""overrides"": {}, ""seed"": 1436, ""tpl"": [""filler/neutral/40"", ""filler/neutral/22"", ""confusion/rel/5"", ""platelets/current/5"", ""filler/neutral/47"", ""age/current/5"", ""filler/neutral/10"", ""filler/neutral/4"", ""filler/neutral/16"", ""filler/neutral/46"", ""filler/neutral/28"", ""filler/other/5"", ""filler/neutral/41"", ""filler/neutral/5"", ""filler/other/11"", ""filler/neutral/29"", ""filler/lab/5"", ""filler/neutral/23"", ""filler/neutral/17"", ""filler/neutral/11"", ""filler/lab/11""], ""tpl_split"": ""test""}",,,,,
E087,2,verdict x blocks,B-F-verdict-blocks-s0,rule_v1.test.gs035.c1.time.long.569,gs035,g_two_of_three,time,long,L2,near,25.367713928222656,-17.19547176361084,-15.184060096740723,24.95985698699951,"For contraception, prescribe a combined oral contraceptive. If at least two of the following apply, prescribe a progestin-only pill instead: the patient currently has heart failure; the age of the patient is 75 years or more; the patient has had cancer at any time (active or in remission).",current heart failure,Prescribe a combined oral contraceptive.,Prescribe a progestin-only pill.,"Woman, adult.
Requests contraception.
Plays the piano.
Free T4 of 1.2 ng/dL in 2023.
Sees a dentist yearly.
Uses sunscreen in summer.
Enjoys board games.
During a checkup in 2023, free T3 was 3.2 pg/mL.
Her father burned a hand on a stove years ago.
Prefers to be addressed by first name.
Sleeps seven hours a night.
Knits as a hobby.
Has two cats.
Owns a bicycle.
Teeth in good repair.
Zinc of 85 mcg/dL in 2020.
Paints watercolors as a hobby.
Her father sprained a thumb last month.
Photographs local wildlife.
Currently aged 64 years.
Drives a car.
Pupils equal and reactive to light.
Has metastatic lung cancer, receiving palliative treatment.
In 2006, folate was 12 ng/mL.","Woman, adult.
Requests contraception.
Plays the piano.
Free T4 of 1.2 ng/dL in 2023.
Sees a dentist yearly.
Uses sunscreen in summer.
Enjoys board games.
Has heart failure, treated with diuretics.
During a checkup in 2023, free T3 was 3.2 pg/mL.
Her father burned a hand on a stove years ago.
Prefers to be addressed by first name.
Sleeps seven hours a night.
Knits as a hobby.
Has two cats.
Owns a bicycle.
Teeth in good repair.
Zinc of 85 mcg/dL in 2020.
Paints watercolors as a hobby.
Her father sprained a thumb last month.
Photographs local wildlife.
Currently aged 64 years.
Drives a car.
Pupils equal and reactive to light.
Has metastatic lung cancer, receiving palliative treatment.
In 2006, folate was 12 ng/mL.","Woman, adult.
Requests contraception.
Plays the piano.
Free T4 of 1.2 ng/dL in 2023.
Sees a dentist yearly.
Uses sunscreen in summer.
Enjoys board games.
Had heart failure years ago from severe anemia; it recovered fully once the anemia was corrected.
During a checkup in 2023, free T3 was 3.2 pg/mL.
Her father burned a hand on a stove years ago.
Prefers to be addressed by first name.
Sleeps seven hours a night.
Knits as a hobby.
Has two cats.
Owns a bicycle.
Teeth in good repair.
Zinc of 85 mcg/dL in 2020.
Paints watercolors as a hobby.
Her father sprained a thumb last month.
Photographs local wildlife.
Currently aged 64 years.
Drives a car.
Pupils equal and reactive to light.
Has metastatic lung cancer, receiving palliative treatment.
In 2006, folate was 12 ng/mL.","need: current heart failure
found: not mentioned
subject: patient
status: absent
time: current","need: current heart failure
found: Has heart failure, treated with diuretics.
subject: patient
status: present
time: current","need: current heart failure
found: Had heart failure years ago from severe anemia; it recovered fully once the anemia was corrected.
subject: patient
status: present
time: past",,,,"{""criterion_holds"": 0, ""hdr"": 5, ""keywords"": [""heart failure""], ""overrides"": {}, ""seed"": 569, ""tpl"": [""filler/neutral/41"", ""filler/lab/5"", ""filler/neutral/23"", ""filler/neutral/22"", ""filler/neutral/5"", ""chf/past/4"", ""filler/lab/17"", ""filler/other/11"", ""filler/neutral/47"", ""filler/neutral/4"", ""filler/neutral/46"", ""filler/neutral/40"", ""filler/neutral/34"", ""filler/neutral/35"", ""filler/lab/16"", ""filler/neutral/28"", ""filler/other/5"", ""filler/neutral/10"", ""age/current/4"", ""filler/neutral/17"", ""filler/neutral/11"", ""cancer/present/4"", ""filler/lab/4""], ""tpl_split"": ""test""}",,,,,
E088,2,verdict x blocks,B-F-verdict-blocks-s0,rule_v1.test.gs157.c2.time.easy.216,gs157,g_two_of_three,time,easy,L2,near,27.946953773498535,-24.54254722595215,-3.5950331687927246,28.303525924682617,"For community-acquired pneumonia, prescribe oral amoxicillin. If at least two of the following apply, prescribe intravenous co-amoxiclav instead: the patient has ever had heart failure (current or past); the current platelet count is below 50 x10^9/L; the current temperature is above 38.0 C.",platelet count below 50,Prescribe oral amoxicillin.,Prescribe intravenous co-amoxiclav.,"Man of 80 years.
Community-acquired pneumonia confirmed on chest radiograph.
Platelet count now 378 x10^9/L.
Records from 2006 list platelet count at 187 x10^9/L.
Teeth in good repair.
Formerly had heart failure from stress cardiomyopathy; recovered fully in 2008 and off all heart medicines since.
Sleeps seven hours a night.
Knits as a hobby.
Lives in a second-floor apartment.
Temperature now 36.9 C (tympanic).","Man of 80 years.
Community-acquired pneumonia confirmed on chest radiograph.
Platelet count now 32 x10^9/L.
Records from 2006 list platelet count at 187 x10^9/L.
Teeth in good repair.
Formerly had heart failure from stress cardiomyopathy; recovered fully in 2008 and off all heart medicines since.
Sleeps seven hours a night.
Knits as a hobby.
Lives in a second-floor apartment.
Temperature now 36.9 C (tympanic).","Man of 80 years.
Community-acquired pneumonia confirmed on chest radiograph.
Platelet count now 378 x10^9/L.
Records from 2006 list platelet count at 27 x10^9/L.
Teeth in good repair.
Formerly had heart failure from stress cardiomyopathy; recovered fully in 2008 and off all heart medicines since.
Sleeps seven hours a night.
Knits as a hobby.
Lives in a second-floor apartment.
Temperature now 36.9 C (tympanic).","need: platelet count below 50
found: 378
subject: patient
status: present
time: current

need: platelet count below 50
found: 187
subject: patient
status: present
time: past (2006)","need: platelet count below 50
found: 32
subject: patient
status: present
time: current

need: platelet count below 50
found: 187
subject: patient
status: present
time: past (2006)","need: platelet count below 50
found: 378
subject: patient
status: present
time: current

need: platelet count below 50
found: 27
subject: patient
status: present
time: past (2006)",,,,"{""criterion_holds"": 0, ""hdr"": 4, ""keywords"": [""platelet""], ""overrides"": {}, ""seed"": 216, ""tpl"": [""platelets/current/5"", ""platelets/past/4"", ""filler/neutral/35"", ""chf/past/5"", ""filler/neutral/4"", ""filler/neutral/46"", ""filler/neutral/16"", ""temperature/current/5""], ""tpl_split"": ""test""}",,,,,
E089,2,verdict x triplets,B-F-verdict-triplets-s0,rule_v1.test.gs024.c1.boundary.easy.904,gs024,g_score_cutoff,boundary,easy,L2,flip,19.104652404785156,4.193775653839111,20.12030029296875,19.19053077697754,"For uncomplicated cystitis, prescribe trimethoprim-sulfamethoxazole. Score 3 points if the current ALT is above 120 U/L; 1 point if the patient or a first-degree relative (parent, sibling or child) has had diabetes at any time; 3 points if the current systolic blood pressure is above 160 mmHg; 2 points if the patient or a first-degree relative (parent, sibling or child) has had a venous thromboembolism at any time. If the score is 4 or more, prescribe nitrofurantoin instead.",ALT above 120,Prescribe trimethoprim-sulfamethoxazole.,Prescribe nitrofurantoin.,"Woman of 39 years.
Dysuria and urinary frequency for two days; urine dipstick positive for nitrites.
Teeth in good repair.
Recovered from a pulmonary embolism in 2023.
Has two cats.
Current ALT 27 U/L.
Drives a car.
Sees a dentist yearly.
Current systolic blood pressure 127 mmHg.
Random glucose 92 mg/dL.","Woman of 39 years.
Dysuria and urinary frequency for two days; urine dipstick positive for nitrites.
Teeth in good repair.
Recovered from a pulmonary embolism in 2023.
Has two cats.
Current ALT 147 U/L.
Drives a car.
Sees a dentist yearly.
Current systolic blood pressure 127 mmHg.
Random glucose 92 mg/dL.","Woman of 39 years.
Dysuria and urinary frequency for two days; urine dipstick positive for nitrites.
Teeth in good repair.
Recovered from a pulmonary embolism in 2023.
Has two cats.
Current ALT 120 U/L.
Drives a car.
Sees a dentist yearly.
Current systolic blood pressure 127 mmHg.
Random glucose 92 mg/dL.","need: ALT above 120
found: 27
subject: patient
status: present
time: current","need: ALT above 120
found: 147
subject: patient
status: present
time: current","need: ALT above 120
found: 120
subject: patient
status: present
time: current",,,,"{""criterion_holds"": 0, ""hdr"": 4, ""keywords"": [""alt ""], ""overrides"": {}, ""seed"": 904, ""tpl"": [""filler/neutral/35"", ""vte/past/5"", ""filler/neutral/40"", ""alt_enzyme/current/4"", ""filler/neutral/17"", ""filler/neutral/23"", ""sbp/current/4"", ""diabetes/generic/5""], ""tpl_split"": ""test""}",,,,,
E090,2,verdict x triplets,B-F-verdict-triplets-s0,rule_v1.test.gs118.c3.boundary.easy.136,gs118,g_score_cutoff,boundary,easy,L2,flip,15.967291831970215,5.96538519859314,19.237088203430176,17.87772846221924,"For heart failure with reduced ejection fraction, prescribe spironolactone. Score 2 points if the current white cell count is above 12.0 x10^9/L; 3 points if the patient has ever had angioedema (current or past); 2 points if the current eGFR is below 45 mL/min/1.73 m2; 1 point if the current heart rate is above 90/min. If the score is 4 or more, prescribe dapagliflozin instead.",eGFR below 45,Prescribe spironolactone.,Prescribe dapagliflozin.,"Male patient of 76 years.
Heart failure with reduced ejection fraction (ejection fraction 30%), still symptomatic.
Drives a car.
Latest WBC is 13.1 x10^9/L.
Heart rate now 58/min on a pulse check.
Current eGFR 88 mL/min/1.73 m2.","Male patient of 76 years.
Heart failure with reduced ejection fraction (ejection fraction 30%), still symptomatic.
Drives a car.
Latest WBC is 13.1 x10^9/L.
Heart rate now 58/min on a pulse check.
Current eGFR 40 mL/min/1.73 m2.","Male patient of 76 years.
Heart failure with reduced ejection fraction (ejection fraction 30%), still symptomatic.
Drives a car.
Latest WBC is 13.1 x10^9/L.
Heart rate now 58/min on a pulse check.
Current eGFR 45 mL/min/1.73 m2.","need: eGFR below 45
found: 88
subject: patient
status: present
time: current","need: eGFR below 45
found: 40
subject: patient
status: present
time: current","need: eGFR below 45
found: 45
subject: patient
status: present
time: current",,,,"{""criterion_holds"": 0, ""hdr"": 5, ""keywords"": [""egfr""], ""overrides"": {}, ""seed"": 136, ""tpl"": [""filler/neutral/17"", ""wbc/current/5"", ""heart_rate/current/5"", ""egfr/current/4""], ""tpl_split"": ""test""}",,,,,
E091,2,verdict x triplets,B-F-verdict-triplets-s0,rule_v1.test.gs223.c3.boundary.easy.1496,gs223,g_two_of_three,boundary,easy,L2,flip,12.41820478439331,2.348343014717102,12.613265037536621,10.368152141571045,"For contraception, prescribe a combined oral contraceptive. If at least two of the following apply, prescribe a progestin-only pill instead: the patient or a first-degree relative (parent, sibling or child) has had diabetes at any time; the patient or a first-degree relative (parent, sibling or child) has had colorectal cancer at any time; the current blood urea nitrogen is above 19 mg/dL.",blood urea nitrogen above 19,Prescribe a combined oral contraceptive.,Prescribe a progestin-only pill.,"Female patient of 19 years.
Requests contraception.
Blood urea nitrogen 11 mg/dL on the current labs.
Lives in a second-floor apartment.
Lives with colon cancer and attends an oncology clinic.","Female patient of 19 years.
Requests contraception.
Blood urea nitrogen 26 mg/dL on the current labs.
Lives in a second-floor apartment.
Lives with colon cancer and attends an oncology clinic.","Female patient of 19 years.
Requests contraception.
Blood urea nitrogen 19 mg/dL on the current labs.
Lives in a second-floor apartment.
Lives with colon cancer and attends an oncology clinic.","need: blood urea nitrogen above 19
found: 11
subject: patient
status: present
time: current","need: blood urea nitrogen above 19
found: 26
subject: patient
status: present
time: current","need: blood urea nitrogen above 19
found: 19
subject: patient
status: present
time: current",,,,"{""criterion_holds"": 0, ""hdr"": 5, ""keywords"": [""bun"", ""urea nitrogen""], ""overrides"": {}, ""seed"": 1496, ""tpl"": [""bun/current/5"", ""filler/neutral/16"", ""crc/present/5""], ""tpl_split"": ""test""}",,,,,
E092,2,verdict x triplets,B-F-verdict-triplets-s0,rule_v1.test.gs004.c3.negation.easy.566,gs004,g_score_cutoff,negation,easy,L2,base,-0.3580418825149536,-5.66366183757782,3.9640281200408936,2.404698133468628,"For community-acquired pneumonia, prescribe oral amoxicillin. Score 1 point if the patient is currently taking aspirin; 2 points if the patient has ever had heart failure (current or past); 1 point if the patient has had a major bleeding event at any time; 3 points if the current respiratory rate is 25/min or more. If the score is 4 or more, prescribe intravenous co-amoxiclav instead.",bleeding history,Prescribe oral amoxicillin.,Prescribe intravenous co-amoxiclav.,"Woman of 77 years.
Community-acquired pneumonia confirmed on chest radiograph.
Swallows one low-dose aspirin each night.
Current heart failure with ankle swelling.
Owns a bicycle.
Bowel habit normal, without any blood in the stool.
Observations now: respiratory rate 17/min.","Woman of 77 years.
Community-acquired pneumonia confirmed on chest radiograph.
Swallows one low-dose aspirin each night.
Current heart failure with ankle swelling.
Owns a bicycle.
Major bleed from the stomach at present, with hemoglobin falling.
Observations now: respiratory rate 17/min.","Woman of 77 years.
Community-acquired pneumonia confirmed on chest radiograph.
Swallows one low-dose aspirin each night.
Current heart failure with ankle swelling.
Owns a bicycle.
Medical records negative for major bleeding at any time.
Observations now: respiratory rate 17/min.","need: bleeding history
found: Bowel habit normal, without any blood in the stool.
subject: patient
status: absent
time: current","need: bleeding history
found: Major bleed from the stomach at present, with hemoglobin falling.
subject: patient
status: present
time: current","need: bleeding history
found: Medical records negative for major bleeding at any time.
subject: patient
status: absent
time: current",,,,"{""criterion_holds"": 0, ""hdr"": 4, ""keywords"": [""bleed""], ""overrides"": {}, ""seed"": 566, ""tpl"": [""aspirin/present/5"", ""chf/present/5"", ""filler/neutral/34"", ""bleeding/absent/5"", ""rr/current/5""], ""tpl_split"": ""test""}",,,,,
E093,2,verdict x triplets,B-F-verdict-triplets-s0,rule_v1.test.gs147.c3.negation.easy.1300,gs147,g_score_cutoff,negation,easy,L2,flip,14.765667915344238,3.997858166694641,15.536030769348145,14.827190399169922,"For uncomplicated cystitis, prescribe trimethoprim-sulfamethoxazole. Score 1 point if the current systolic blood pressure is above 160 mmHg; 2 points if the patient or a first-degree relative (parent, sibling or child) has had diabetes at any time; 1 point if the patient has had cancer at any time (active or in remission); 2 points if the patient has ever had heart failure (current or past). If the score is 3 or more, prescribe nitrofurantoin instead.",cancer at any time,Prescribe trimethoprim-sulfamethoxazole.,Prescribe nitrofurantoin.,"Female patient of 22 years.
Dysuria and urinary frequency for two days; urine dipstick positive for nitrites.
Had diabetes years ago that went into remission on a low-calorie diet.
Uses sunscreen in summer.
Observations now: blood pressure 127/85 mmHg.","Female patient of 22 years.
Dysuria and urinary frequency for two days; urine dipstick positive for nitrites.
Had diabetes years ago that went into remission on a low-calorie diet.
Uses sunscreen in summer.
Has metastatic lung cancer, receiving palliative treatment.
Observations now: blood pressure 127/85 mmHg.","Female patient of 22 years.
Dysuria and urinary frequency for two days; urine dipstick positive for nitrites.
Had diabetes years ago that went into remission on a low-calorie diet.
Uses sunscreen in summer.
Free of cancer throughout life.
Observations now: blood pressure 127/85 mmHg.","need: cancer at any time
found: not mentioned
subject: patient
status: absent
time: current","need: cancer at any time
found: Has metastatic lung cancer, receiving palliative treatment.
subject: patient
status: present
time: current","need: cancer at any time
found: Free of cancer throughout life.
subject: patient
status: absent
time: current",,,,"{""criterion_holds"": 0, ""hdr"": 5, ""keywords"": [""cancer"", ""lymphoma"", ""leukemia"", ""myeloma"", ""carcinoma""], ""overrides"": {}, ""seed"": 1300, ""tpl"": [""diabetes/past/4"", ""filler/neutral/22"", ""cancer/absent/5"", ""sbp/current/5""], ""tpl_split"": ""test""}",,,,,
E094,2,verdict x triplets,B-F-verdict-triplets-s0,rule_v1.test.gs024.c3.numeric.easy.1096,gs024,g_score_cutoff,numeric,easy,L2,flip,20.597564697265625,2.2071549892425537,18.285527229309082,20.39806842803955,"For uncomplicated cystitis, prescribe trimethoprim-sulfamethoxazole. Score 3 points if the current ALT is above 120 U/L; 1 point if the patient or a first-degree relative (parent, sibling or child) has had diabetes at any time; 3 points if the current systolic blood pressure is above 160 mmHg; 2 points if the patient or a first-degree relative (parent, sibling or child) has had a venous thromboembolism at any time. If the score is 4 or more, prescribe nitrofurantoin instead.",systolic blood pressure above 160,Prescribe trimethoprim-sulfamethoxazole.,Prescribe nitrofurantoin.,"Woman of 19 years.
Dysuria and urinary frequency for two days; urine dipstick positive for nitrites.
Knits as a hobby.
Had diabetes years ago that went into remission on a low-calorie diet.
Current systolic blood pressure 122 mmHg.
Current ALT 32 U/L.","Woman of 19 years.
Dysuria and urinary frequency for two days; urine dipstick positive for nitrites.
Knits as a hobby.
Had diabetes years ago that went into remission on a low-calorie diet.
Current systolic blood pressure 182 mmHg.
Current ALT 32 U/L.","Woman of 19 years.
Dysuria and urinary frequency for two days; urine dipstick positive for nitrites.
Knits as a hobby.
Had diabetes years ago that went into remission on a low-calorie diet.
Current systolic blood pressure 159 mmHg.
Current ALT 32 U/L.","need: systolic blood pressure above 160
found: 122
subject: patient
status: present
time: current","need: systolic blood pressure above 160
found: 182
subject: patient
status: present
time: current","need: systolic blood pressure above 160
found: 159
subject: patient
status: present
time: current",,,,"{""criterion_holds"": 0, ""hdr"": 4, ""keywords"": [""systolic"", ""blood pressure"", ""bp ""], ""overrides"": {}, ""seed"": 1096, ""tpl"": [""filler/neutral/46"", ""diabetes/past/4"", ""sbp/current/4"", ""alt_enzyme/current/4""], ""tpl_split"": ""test""}",,,,,
E095,2,verdict x triplets,B-F-verdict-triplets-s0,rule_v1.test.gs037.c4.numeric.long.370,gs037,g_score_cutoff,numeric,long,L2,base; near,-9.3050217628479,-14.395174026489258,-6.580790281295776,-5.0815675258636475,"For inpatient VTE prophylaxis, prescribe enoxaparin. Score 1 point if the patient has ever had angioedema (current or past); 1 point if the patient has new confusion; 2 points if the current temperature is above 38.0 C; 2 points if the age of the patient is 65 years or more. If the score is 5 or more, prescribe intermittent pneumatic compression instead.",age at least 65,Prescribe enoxaparin.,Prescribe intermittent pneumatic compression.,"An adult woman.
Admitted for community-acquired pneumonia; immobile.
Her friend has recovered from a dislocated finger.
Her sister has a lazy eye.
Uses sunscreen in summer.
Lives in a second-floor apartment.
Plays the piano.
Currently aged 40 years.
Teeth in good repair.
During a checkup in 2012, total protein was 7.0 g/dL.
Prefers morning appointments.
Zinc of 85 mcg/dL in 2023.
Her sister sprained a thumb last month.
Disoriented to time and place, which is new for the patient.
Sees a dentist yearly.
Lives with chronic angioedema that flares several times a year.
In 2022, lipase was 30 U/L.
Temperature now 38.4 C (tympanic).
In 2009, folate was 12 ng/mL.
Photographs local wildlife.
Drives a car.","An adult woman.
Admitted for community-acquired pneumonia; immobile.
Her friend has recovered from a dislocated finger.
Her sister has a lazy eye.
Uses sunscreen in summer.
Lives in a second-floor apartment.
Plays the piano.
Currently aged 65 years.
Teeth in good repair.
During a checkup in 2012, total protein was 7.0 g/dL.
Prefers morning appointments.
Zinc of 85 mcg/dL in 2023.
Her sister sprained a thumb last month.
Disoriented to time and place, which is new for the patient.
Sees a dentist yearly.
Lives with chronic angioedema that flares several times a year.
In 2022, lipase was 30 U/L.
Temperature now 38.4 C (tympanic).
In 2009, folate was 12 ng/mL.
Photographs local wildlife.
Drives a car.","An adult woman.
Admitted for community-acquired pneumonia; immobile.
Her friend has recovered from a dislocated finger.
Her sister has a lazy eye.
Uses sunscreen in summer.
Lives in a second-floor apartment.
Plays the piano.
Currently aged 64 years.
Teeth in good repair.
During a checkup in 2012, total protein was 7.0 g/dL.
Prefers morning appointments.
Zinc of 85 mcg/dL in 2023.
Her sister sprained a thumb last month.
Disoriented to time and place, which is new for the patient.
Sees a dentist yearly.
Lives with chronic angioedema that flares several times a year.
In 2022, lipase was 30 U/L.
Temperature now 38.4 C (tympanic).
In 2009, folate was 12 ng/mL.
Photographs local wildlife.
Drives a car.","need: age at least 65
found: 40
subject: patient
status: present
time: current","need: age at least 65
found: 65
subject: patient
status: present
time: current","need: age at least 65
found: 64
subject: patient
status: present
time: current",,,,"{""criterion_holds"": 0, ""hdr"": 4, ""keywords"": [""age""], ""overrides"": {}, ""seed"": 370, ""tpl"": [""filler/other/17"", ""filler/other/10"", ""filler/neutral/22"", ""filler/neutral/16"", ""filler/neutral/41"", ""age/current/4"", ""filler/neutral/35"", ""filler/lab/10"", ""filler/neutral/29"", ""filler/lab/16"", ""filler/other/5"", ""confusion/present/4"", ""filler/neutral/23"", ""angioedema/present/5"", ""filler/lab/11"", ""temperature/current/5"", ""filler/lab/4"", ""filler/neutral/10"", ""filler/neutral/17""], ""tpl_split"": ""test""}",,,,,
E096,2,verdict x triplets,B-F-verdict-triplets-s0,rule_v1.test.gs246.c1.numeric.long.715,gs246,g_two_of_three,numeric,long,L2,flip,15.607566833496094,6.152012348175049,12.712160587310791,21.801413536071777,"For musculoskeletal pain, prescribe ibuprofen. If at least two of the following apply, prescribe acetaminophen instead: the current white cell count is above 12.0 x10^9/L; the patient has ever had angioedema (current or past); the patient has active cancer.",white cell count above 12.0,Prescribe ibuprofen.,Prescribe acetaminophen.,"Male patient of 48 years.
Acute low back pain after lifting.
His wife has a lazy eye.
Oncology follow-up: none.
Has two cats.
Lives in a second-floor apartment.
Free T4 of 1.2 ng/dL in 2018.
Paints watercolors as a hobby.
Current white cell count 6.1 x10^9/L.
Owns a bicycle.
His sister burned a hand on a stove years ago.
His wife sprained a thumb last month.
Knits as a hobby.
Prefers to be addressed by first name.
His sister lives with psoriasis.
Uses sunscreen in summer.
Prefers morning appointments.
Lives with chronic angioedema that flares several times a year.
Plays the piano.
Photographs local wildlife.
In 2014, folate was 12 ng/mL.
Sleeps seven hours a night.","Male patient of 48 years.
Acute low back pain after lifting.
His wife has a lazy eye.
Oncology follow-up: none.
Has two cats.
Lives in a second-floor apartment.
Free T4 of 1.2 ng/dL in 2018.
Paints watercolors as a hobby.
Current white cell count 13.3 x10^9/L.
Owns a bicycle.
His sister burned a hand on a stove years ago.
His wife sprained a thumb last month.
Knits as a hobby.
Prefers to be addressed by first name.
His sister lives with psoriasis.
Uses sunscreen in summer.
Prefers morning appointments.
Lives with chronic angioedema that flares several times a year.
Plays the piano.
Photographs local wildlife.
In 2014, folate was 12 ng/mL.
Sleeps seven hours a night.","Male patient of 48 years.
Acute low back pain after lifting.
His wife has a lazy eye.
Oncology follow-up: none.
Has two cats.
Lives in a second-floor apartment.
Free T4 of 1.2 ng/dL in 2018.
Paints watercolors as a hobby.
Current white cell count 11.5 x10^9/L.
Owns a bicycle.
His sister burned a hand on a stove years ago.
His wife sprained a thumb last month.
Knits as a hobby.
Prefers to be addressed by first name.
His sister lives with psoriasis.
Uses sunscreen in summer.
Prefers morning appointments.
Lives with chronic angioedema that flares several times a year.
Plays the piano.
Photographs local wildlife.
In 2014, folate was 12 ng/mL.
Sleeps seven hours a night.","need: white cell count above 12.0
found: 6.1
subject: patient
status: present
time: current","need: white cell count above 12.0
found: 13.3
subject: patient
status: present
time: current","need: white cell count above 12.0
found: 11.5
subject: patient
status: present
time: current",,,,"{""criterion_holds"": 0, ""hdr"": 5, ""keywords"": [""white cell"", ""wbc""], ""overrides"": {}, ""seed"": 715, ""tpl"": [""filler/other/10"", ""cancer/generic/4"", ""filler/neutral/40"", ""filler/neutral/16"", ""filler/lab/5"", ""filler/neutral/28"", ""wbc/current/4"", ""filler/neutral/34"", ""filler/other/11"", ""filler/other/5"", ""filler/neutral/46"", ""filler/neutral/47"", ""filler/other/4"", ""filler/neutral/22"", ""filler/neutral/29"", ""angioedema/present/5"", ""filler/neutral/41"", ""filler/neutral/10"", ""filler/lab/4"", ""filler/neutral/4""], ""tpl_split"": ""test""}",,,,,
E097,2,verdict x triplets,B-F-verdict-triplets-s0,rule_v1.test.gs118.c2.subject.easy.913,gs118,g_score_cutoff,subject,easy,L2,flip,21.682299613952637,8.700234413146973,21.31591033935547,22.697237014770508,"For heart failure with reduced ejection fraction, prescribe spironolactone. Score 2 points if the current white cell count is above 12.0 x10^9/L; 3 points if the patient has ever had angioedema (current or past); 2 points if the current eGFR is below 45 mL/min/1.73 m2; 1 point if the current heart rate is above 90/min. If the score is 4 or more, prescribe dapagliflozin instead.",angioedema,Prescribe spironolactone.,Prescribe dapagliflozin.,"Female patient of 53 years.
Heart failure with reduced ejection fraction (ejection fraction 30%), still symptomatic.
Has two cats.
Latest WBC is 9.0 x10^9/L.
Drives a car.
Face and neck without swelling on examination.
Prefers morning appointments.
Teeth in good repair.
Heart rate now 79/min on a pulse check.
Current eGFR 44 mL/min/1.73 m2.","Female patient of 53 years.
Heart failure with reduced ejection fraction (ejection fraction 30%), still symptomatic.
Has two cats.
Latest WBC is 9.0 x10^9/L.
Drives a car.
An episode of angioedema years ago, with full recovery.
Prefers morning appointments.
Teeth in good repair.
Heart rate now 79/min on a pulse check.
Current eGFR 44 mL/min/1.73 m2.","Female patient of 53 years.
Heart failure with reduced ejection fraction (ejection fraction 30%), still symptomatic.
Has two cats.
Latest WBC is 9.0 x10^9/L.
Drives a car.
Her father recovered from an episode of angioedema in 2016.
Prefers morning appointments.
Teeth in good repair.
Heart rate now 79/min on a pulse check.
Current eGFR 44 mL/min/1.73 m2.","need: angioedema
found: Face and neck without swelling on examination.
subject: patient
status: absent
time: current","need: angioedema
found: An episode of angioedema years ago, with full recovery.
subject: patient
status: present
time: past","need: angioedema
found: Her father recovered from an episode of angioedema in 2016.
subject: other (father)
status: present
time: past (2016)",,,,"{""criterion_holds"": 0, ""hdr"": 5, ""keywords"": [""angioedema""], ""overrides"": {}, ""seed"": 913, ""tpl"": [""filler/neutral/40"", ""wbc/current/5"", ""filler/neutral/17"", ""angioedema/rel_past/5"", ""filler/neutral/29"", ""filler/neutral/35"", ""heart_rate/current/5"", ""egfr/current/4""], ""tpl_split"": ""test""}",,,,,
E098,2,verdict x triplets,B-F-verdict-triplets-s0,rule_v1.test.gs192.c4.subject.easy.551,gs192,g_score_cutoff,subject,easy,L2,base,-0.4197375774383545,-12.05988883972168,3.480271816253662,-2.2993671894073486,"For uncomplicated cystitis, prescribe trimethoprim-sulfamethoxazole. Score 2 points if the patient has ever had asthma (current or past); 1 point if the current calf swelling compared with the other leg is 3.0 cm or more; 1 point if the patient has ever had a peptic ulcer (current or past); 2 points if the patient or a first-degree relative (parent, sibling or child) has had diabetes at any time. If the score is 6 or more, prescribe nitrofurantoin instead.",diabetes (patient or first-degree relative),Prescribe trimethoprim-sulfamethoxazole.,Prescribe nitrofurantoin.,"Woman of 62 years.
Dysuria and urinary frequency for two days; urine dipstick positive for nitrites.
Lives in a second-floor apartment.
Pupils equal and reactive to light.
Enjoys board games.
Asthma in the early school years, outgrown long ago.
Photographs local wildlife.
Difference in calf circumference now 3.1 cm.
Active peptic ulcer disease.","Woman of 62 years.
Dysuria and urinary frequency for two days; urine dipstick positive for nitrites.
Lives in a second-floor apartment.
Pupils equal and reactive to light.
Enjoys board games.
Asthma in the early school years, outgrown long ago.
Photographs local wildlife.
Difference in calf circumference now 3.1 cm.
Had diabetes years ago that went into remission on a low-calorie diet.
Active peptic ulcer disease.","Woman of 62 years.
Dysuria and urinary frequency for two days; urine dipstick positive for nitrites.
Lives in a second-floor apartment.
Pupils equal and reactive to light.
Enjoys board games.
Asthma in the early school years, outgrown long ago.
Photographs local wildlife.
Difference in calf circumference now 3.1 cm.
Her friend had diabetes years ago that went away after a change in diet.
Active peptic ulcer disease.","need: diabetes (patient or first-degree relative)
found: not mentioned
subject: patient
status: absent
time: current","need: diabetes (patient or first-degree relative)
found: Had diabetes years ago that went into remission on a low-calorie diet.
subject: patient
status: present
time: past","need: diabetes (patient or first-degree relative)
found: Her friend had diabetes years ago that went away after a change in diet.
subject: other (friend)
status: present
time: past",,,,"{""criterion_holds"": 0, ""hdr"": 4, ""keywords"": [""diabet""], ""overrides"": {}, ""seed"": 551, ""tpl"": [""filler/neutral/16"", ""filler/neutral/11"", ""filler/neutral/5"", ""asthma/past/4"", ""filler/neutral/10"", ""calf_swelling/current/5"", ""diabetes/rel_past/4"", ""peptic_ulcer/present/5""], ""tpl_split"": ""test""}",,,,,
E099,2,verdict x triplets,B-F-verdict-triplets-s0,rule_v1.test.gs074.c2.time.long.410,gs074,g_score_cutoff,time,long,L2,flip,12.05876636505127,1.0850626230239868,7.431018114089966,9.378279685974121,"For suspected infection on the medical ward, prescribe oral amoxicillin. Score 3 points if the age of the patient is 65 years or more; 2 points if the current systolic blood pressure is below 90 mmHg; 1 point if the current blood urea nitrogen is above 19 mg/dL; 3 points if the patient has ever had diabetes (current or past). If the score is 6 or more, prescribe intravenous piperacillin-tazobactam instead.",systolic blood pressure below 90,Prescribe oral amoxicillin.,Prescribe intravenous piperacillin-tazobactam.,"Man, adult.
Suspected chest infection; assessed on the medical ward.
Photographs local wildlife.
Has two cats.
His wife burned a hand on a stove years ago.
Records from 2008 list systolic blood pressure at 145 mmHg.
Currently aged 69 years.
In 2022, lipase was 30 U/L.
Paints watercolors as a hobby.
Enjoys board games.
Blood urea nitrogen now: 25 mg/dL.
His roommate has a lazy eye.
Free T4 of 1.2 ng/dL in 2017.
Zinc of 85 mcg/dL in 2020.
Teeth in good repair.
Drives a car.
In 2016, folate was 12 ng/mL.
Current systolic blood pressure 119 mmHg.
Plays the piano.
Prefers to be addressed by first name.
Owns a bicycle.","Man, adult.
Suspected chest infection; assessed on the medical ward.
Photographs local wildlife.
Has two cats.
His wife burned a hand on a stove years ago.
Records from 2008 list systolic blood pressure at 145 mmHg.
Currently aged 69 years.
In 2022, lipase was 30 U/L.
Paints watercolors as a hobby.
Enjoys board games.
Blood urea nitrogen now: 25 mg/dL.
His roommate has a lazy eye.
Free T4 of 1.2 ng/dL in 2017.
Zinc of 85 mcg/dL in 2020.
Teeth in good repair.
Drives a car.
In 2016, folate was 12 ng/mL.
Current systolic blood pressure 70 mmHg.
Plays the piano.
Prefers to be addressed by first name.
Owns a bicycle.","Man, adult.
Suspected chest infection; assessed on the medical ward.
Photographs local wildlife.
Has two cats.
His wife burned a hand on a stove years ago.
Records from 2008 list systolic blood pressure at 86 mmHg.
Currently aged 69 years.
In 2022, lipase was 30 U/L.
Paints watercolors as a hobby.
Enjoys board games.
Blood urea nitrogen now: 25 mg/dL.
His roommate has a lazy eye.
Free T4 of 1.2 ng/dL in 2017.
Zinc of 85 mcg/dL in 2020.
Teeth in good repair.
Drives a car.
In 2016, folate was 12 ng/mL.
Current systolic blood pressure 119 mmHg.
Plays the piano.
Prefers to be addressed by first name.
Owns a bicycle.","need: systolic blood pressure below 90
found: 145
subject: patient
status: present
time: past (2008)

need: systolic blood pressure below 90
found: 119
subject: patient
status: present
time: current","need: systolic blood pressure below 90
found: 145
subject: patient
status: present
time: past (2008)

need: systolic blood pressure below 90
found: 70
subject: patient
status: present
time: current","need: systolic blood pressure below 90
found: 86
subject: patient
status: present
time: past (2008)

need: systolic blood pressure below 90
found: 119
subject: patient
status: present
time: current",,,,"{""criterion_holds"": 0, ""hdr"": 5, ""keywords"": [""systolic"", ""blood pressure"", ""bp ""], ""overrides"": {}, ""seed"": 410, ""tpl"": [""filler/neutral/10"", ""filler/neutral/40"", ""filler/other/11"", ""sbp/past/4"", ""age/current/4"", ""filler/lab/11"", ""filler/neutral/28"", ""filler/neutral/5"", ""bun/current/4"", ""filler/other/10"", ""filler/lab/5"", ""filler/lab/16"", ""filler/neutral/35"", ""filler/neutral/17"", ""filler/lab/4"", ""sbp/current/4"", ""filler/neutral/41"", ""filler/neutral/47"", ""filler/neutral/34""], ""tpl_split"": ""test""}",,,,,
E100,2,verdict x triplets,B-F-verdict-triplets-s0,rule_v1.test.gs134.c4.time.long.769,gs134,g_score_cutoff,time,long,L2,base,-3.492968797683716,-11.623950481414795,1.093409538269043,3.4832515716552734,"For contraception, prescribe a combined oral contraceptive. Score 2 points if the patient or a first-degree relative (parent, sibling or child) has had coronary artery disease at any time; 2 points if the current weight is 60 kg or less; 2 points if the current platelet count is below 50 x10^9/L; 1 point if the patient currently has tender anterior cervical lymph nodes. If the score is 7 or more, prescribe a progestin-only pill instead.",tender cervical lymph nodes,Prescribe a combined oral contraceptive.,Prescribe a progestin-only pill.,"Woman of 26 years.
Requests contraception.
Her father has recovered from a dislocated finger.
Platelet count now 36 x10^9/L.
Enjoys board games.
Neck palpation unremarkable.
Knits as a hobby.
Drives a car.
Owns a bicycle.
Sees a dentist yearly.
Pupils equal and reactive to light.
In 2018, folate was 12 ng/mL.
Latest weight 52 kg.
Uses sunscreen in summer.
Zinc of 85 mcg/dL in 2019.
Paints watercolors as a hobby.
Has coronary artery disease, managed medically.
Her uncle sprained a thumb last month.
Photographs local wildlife.
Has two cats.
Plays the piano.
Teeth in good repair.
Sleeps seven hours a night.
Lives in a second-floor apartment.","Woman of 26 years.
Requests contraception.
Her father has recovered from a dislocated finger.
Platelet count now 36 x10^9/L.
Enjoys board games.
Anterior cervical lymph nodes enlarged and tender to touch.
Knits as a hobby.
Drives a car.
Owns a bicycle.
Sees a dentist yearly.
Pupils equal and reactive to light.
In 2018, folate was 12 ng/mL.
Latest weight 52 kg.
Uses sunscreen in summer.
Zinc of 85 mcg/dL in 2019.
Paints watercolors as a hobby.
Has coronary artery disease, managed medically.
Her uncle sprained a thumb last month.
Photographs local wildlife.
Has two cats.
Plays the piano.
Teeth in good repair.
Sleeps seven hours a night.
Lives in a second-floor apartment.","Woman of 26 years.
Requests contraception.
Her father has recovered from a dislocated finger.
Platelet count now 36 x10^9/L.
Enjoys board games.
Formerly had tender anterior cervical lymphadenopathy in 2019, with full recovery.
Knits as a hobby.
Drives a car.
Owns a bicycle.
Sees a dentist yearly.
Pupils equal and reactive to light.
In 2018, folate was 12 ng/mL.
Latest weight 52 kg.
Uses sunscreen in summer.
Zinc of 85 mcg/dL in 2019.
Paints watercolors as a hobby.
Has coronary artery disease, managed medically.
Her uncle sprained a thumb last month.
Photographs local wildlife.
Has two cats.
Plays the piano.
Teeth in good repair.
Sleeps seven hours a night.
Lives in a second-floor apartment.","need: tender cervical lymph nodes
found: Neck palpation unremarkable.
subject: patient
status: absent
time: current","need: tender cervical lymph nodes
found: Anterior cervical lymph nodes enlarged and tender to touch.
subject: patient
status: present
time: current","need: tender cervical lymph nodes
found: Formerly had tender anterior cervical lymphadenopathy in 2019, with full recovery.
subject: patient
status: present
time: past (2019)",,,,"{""criterion_holds"": 0, ""hdr"": 4, ""keywords"": [""lymph node"", ""lymphaden""], ""overrides"": {}, ""seed"": 769, ""tpl"": [""filler/other/17"", ""platelets/current/5"", ""filler/neutral/5"", ""neck_nodes/past/5"", ""filler/neutral/46"", ""filler/neutral/17"", ""filler/neutral/34"", ""filler/neutral/23"", ""filler/neutral/11"", ""filler/lab/4"", ""weight/current/5"", ""filler/neutral/22"", ""filler/lab/16"", ""filler/neutral/28"", ""cad/present/4"", ""filler/other/5"", ""filler/neutral/10"", ""filler/neutral/40"", ""filler/neutral/41"", ""filler/neutral/35"", ""filler/neutral/4"", ""filler/neutral/16""], ""tpl_split"": ""test""}",,,,,
E101,3,ledger2 x blocks,B-F-ledger2-blocks-s0,rule_v1.test.gs011.c2.boundary.easy.102,gs011,g_all_of,boundary,easy,L2,near,32.08164405822754,-33.267168045043945,-2.127748489379883,32.08164405822754,"For acute streptococcal pharyngitis, prescribe amoxicillin. If the patient or a first-degree relative (parent, sibling or child) has had a venous thromboembolism at any time and the current ALT is above 120 U/L, prescribe azithromycin instead.",ALT above 120,Prescribe amoxicillin.,Prescribe azithromycin.,"Male patient of 54 years.
Presents with acute streptococcal pharyngitis (rapid antigen test positive).
Paints watercolors as a hobby.
Recovered from a pulmonary embolism in 2011.
Current ALT 26 U/L.
Prefers morning appointments.
Drives a car.","Male patient of 54 years.
Presents with acute streptococcal pharyngitis (rapid antigen test positive).
Paints watercolors as a hobby.
Recovered from a pulmonary embolism in 2011.
Current ALT 132 U/L.
Prefers morning appointments.
Drives a car.","Male patient of 54 years.
Presents with acute streptococcal pharyngitis (rapid antigen test positive).
Paints watercolors as a hobby.
Recovered from a pulmonary embolism in 2011.
Current ALT 120 U/L.
Prefers morning appointments.
Drives a car.","need: ALT above 120
found: 26
subject: patient
status: present
time: current","need: ALT above 120
found: 132
subject: patient
status: present
time: current","need: ALT above 120
found: 120
subject: patient
status: present
time: current","need: ALT above 120
found: 26
subject: patient
status: present
time: current","need: ALT above 120
found: 132
subject: patient
status: present
time: current","need: ALT above 120
found: 120
subject: patient
status: present
time: current","{""criterion_holds"": 0, ""hdr"": 5, ""keywords"": [""alt ""], ""overrides"": {}, ""seed"": 102, ""tpl"": [""filler/neutral/28"", ""vte/past/5"", ""alt_enzyme/current/4"", ""filler/neutral/29"", ""filler/neutral/17""], ""tpl_split"": ""test""}",,,,,
E102,3,ledger2 x blocks,B-F-ledger2-blocks-s0,rule_v1.test.gs050.c2.boundary.long.1503,gs050,g_any_of,boundary,long,L2,near,31.819162368774414,-33.26805877685547,-8.513691008090973,31.819162368774414,"For community-acquired pneumonia treated at home, prescribe amoxicillin. If the current eGFR is below 60 mL/min/1.73 m2 or the current ALT is above 120 U/L, prescribe doxycycline instead.",ALT above 120,Prescribe amoxicillin.,Prescribe doxycycline.,"Female patient of 20 years.
Productive cough and fever; consolidation on chest radiograph.
Her uncle burned a hand on a stove years ago.
In 2024, lipase was 30 U/L.
Her father has a lazy eye.
Free T4 of 1.2 ng/dL in 2024.
Current eGFR 85 mL/min/1.73 m2.
Her uncle lives with psoriasis.
Prefers morning appointments.
Teeth in good repair.
Paints watercolors as a hobby.
ALT now 40 U/L.
Knits as a hobby.
Has two cats.
Pupils equal and reactive to light.
Sleeps seven hours a night.
Drives a car.
During a checkup in 2024, free T3 was 3.2 pg/mL.
In 2024, folate was 12 ng/mL.
Her sister sprained a thumb last month.
Plays the piano.","Female patient of 20 years.
Productive cough and fever; consolidation on chest radiograph.
Her uncle burned a hand on a stove years ago.
In 2024, lipase was 30 U/L.
Her father has a lazy eye.
Free T4 of 1.2 ng/dL in 2024.
Current eGFR 85 mL/min/1.73 m2.
Her uncle lives with psoriasis.
Prefers morning appointments.
Teeth in good repair.
Paints watercolors as a hobby.
ALT now 125 U/L.
Knits as a hobby.
Has two cats.
Pupils equal and reactive to light.
Sleeps seven hours a night.
Drives a car.
During a checkup in 2024, free T3 was 3.2 pg/mL.
In 2024, folate was 12 ng/mL.
Her sister sprained a thumb last month.
Plays the piano.","Female patient of 20 years.
Productive cough and fever; consolidation on chest radiograph.
Her uncle burned a hand on a stove years ago.
In 2024, lipase was 30 U/L.
Her father has a lazy eye.
Free T4 of 1.2 ng/dL in 2024.
Current eGFR 85 mL/min/1.73 m2.
Her uncle lives with psoriasis.
Prefers morning appointments.
Teeth in good repair.
Paints watercolors as a hobby.
ALT now 120 U/L.
Knits as a hobby.
Has two cats.
Pupils equal and reactive to light.
Sleeps seven hours a night.
Drives a car.
During a checkup in 2024, free T3 was 3.2 pg/mL.
In 2024, folate was 12 ng/mL.
Her sister sprained a thumb last month.
Plays the piano.","need: ALT above 120
found: 40
subject: patient
status: present
time: current","need: ALT above 120
found: 125
subject: patient
status: present
time: current","need: ALT above 120
found: 120
subject: patient
status: present
time: current","need: ALT above 120
found: 40
subject: patient
status: present
time: current","need: ALT above 120
found: 125
subject: patient
status: present
time: current","need: ALT above 120
found: 120
subject: patient
status: present
time: current","{""criterion_holds"": 0, ""hdr"": 5, ""keywords"": [""alt ""], ""overrides"": {}, ""seed"": 1503, ""tpl"": [""filler/other/11"", ""filler/lab/11"", ""filler/other/10"", ""filler/lab/5"", ""egfr/current/4"", ""filler/other/4"", ""filler/neutral/29"", ""filler/neutral/35"", ""filler/neutral/28"", ""alt_enzyme/current/5"", ""filler/neutral/46"", ""filler/neutral/40"", ""filler/neutral/11"", ""filler/neutral/4"", ""filler/neutral/17"", ""filler/lab/17"", ""filler/lab/4"", ""filler/other/5"", ""filler/neutral/41""], ""tpl_split"": ""test""}",,,,,
E103,3,ledger2 x blocks,B-F-ledger2-blocks-s0,rule_v1.test.gs224.c2.boundary.easy.1700,gs224,g_all_of,boundary,easy,L2,near,32.35542297363281,-31.183055877685547,-4.3473687171936035,32.35542297363281,"For vaginal candidiasis, prescribe oral fluconazole. If the patient has ever had a venous thromboembolism (current or past) and the current serum creatinine is above 2.0 mg/dL, prescribe clotrimazole pessaries instead.",serum creatinine above 2.0,Prescribe oral fluconazole.,Prescribe clotrimazole pessaries.,"Woman of 35 years.
Vaginal itching and discharge; candidiasis confirmed on microscopy.
Sees a dentist yearly.
Has an acute pulmonary embolism, diagnosed this week.
Latest creatinine result: 1.0 mg/dL.
Has two cats.","Woman of 35 years.
Vaginal itching and discharge; candidiasis confirmed on microscopy.
Sees a dentist yearly.
Has an acute pulmonary embolism, diagnosed this week.
Latest creatinine result: 2.4 mg/dL.
Has two cats.","Woman of 35 years.
Vaginal itching and discharge; candidiasis confirmed on microscopy.
Sees a dentist yearly.
Has an acute pulmonary embolism, diagnosed this week.
Latest creatinine result: 2.0 mg/dL.
Has two cats.","need: serum creatinine above 2.0
found: 1.0
subject: patient
status: present
time: current","need: serum creatinine above 2.0
found: 2.4
subject: patient
status: present
time: current","need: serum creatinine above 2.0
found: 2.0
subject: patient
status: present
time: current","need: serum creatinine above 2.0
found: 1.0
subject: patient
status: present
time: current","need: serum creatinine above 2.0
found: 2.4
subject: patient
status: present
time: current","need: serum creatinine above 2.0
found: 2.0
subject: patient
status: present
time: current","{""criterion_holds"": 0, ""hdr"": 4, ""keywords"": [""creatinine""], ""overrides"": {}, ""seed"": 1700, ""tpl"": [""filler/neutral/23"", ""vte/present/4"", ""creatinine/current/5"", ""filler/neutral/40""], ""tpl_split"": ""test""}",,,,,
E104,3,ledger2 x blocks,B-F-ledger2-blocks-s0,rule_v1.test.gs049.c2.negation.long.939,gs049,g_all_of,negation,long,L2,base,-33.61910152435303,-30.788331031799316,32.37128829956055,-33.61910152435303,"For uncomplicated cystitis, prescribe trimethoprim-sulfamethoxazole. If the patient or a first-degree relative (parent, sibling or child) has had a venous thromboembolism at any time and the patient or a first-degree relative (parent, sibling or child) has had diabetes at any time, prescribe nitrofurantoin instead.",diabetes (patient or first-degree relative),Prescribe trimethoprim-sulfamethoxazole.,Prescribe nitrofurantoin.,"Woman of 19 years.
Dysuria and urinary frequency for two days; urine dipstick positive for nitrites.
During a checkup in 2024, free T3 was 3.2 pg/mL.
Pupils equal and reactive to light.
Random glucose 92 mg/dL.
Zinc of 85 mcg/dL in 2024.
In 2024, folate was 12 ng/mL.
Prefers morning appointments.
Drives a car.
Her father sprained a thumb last month.
Her friend lives with psoriasis.
Uses sunscreen in summer.
Pulmonary embolism years ago, treated for six months.
Prefers to be addressed by first name.
Teeth in good repair.
Has two cats.
Photographs local wildlife.
Knits as a hobby.
In 2024, lipase was 30 U/L.
Sleeps seven hours a night.","Woman of 19 years.
Dysuria and urinary frequency for two days; urine dipstick positive for nitrites.
During a checkup in 2024, free T3 was 3.2 pg/mL.
Pupils equal and reactive to light.
Formerly diabetic; in remission since 2024.
Zinc of 85 mcg/dL in 2024.
In 2024, folate was 12 ng/mL.
Prefers morning appointments.
Drives a car.
Her father sprained a thumb last month.
Her friend lives with psoriasis.
Uses sunscreen in summer.
Pulmonary embolism years ago, treated for six months.
Prefers to be addressed by first name.
Teeth in good repair.
Has two cats.
Photographs local wildlife.
Knits as a hobby.
In 2024, lipase was 30 U/L.
Sleeps seven hours a night.","Woman of 19 years.
Dysuria and urinary frequency for two days; urine dipstick positive for nitrites.
During a checkup in 2024, free T3 was 3.2 pg/mL.
Pupils equal and reactive to light.
Has never had diabetes.
Zinc of 85 mcg/dL in 2024.
In 2024, folate was 12 ng/mL.
Prefers morning appointments.
Drives a car.
Her father sprained a thumb last month.
Her friend lives with psoriasis.
Uses sunscreen in summer.
Pulmonary embolism years ago, treated for six months.
Prefers to be addressed by first name.
Teeth in good repair.
Has two cats.
Photographs local wildlife.
Knits as a hobby.
In 2024, lipase was 30 U/L.
Sleeps seven hours a night.","need: diabetes (patient or first-degree relative)
found: Random glucose 92 mg/dL.
subject: patient
status: absent
time: current","need: diabetes (patient or first-degree relative)
found: Formerly diabetic; in remission since 2024.
subject: patient
status: present
time: past (2024)","need: diabetes (patient or first-degree relative)
found: Has never had diabetes.
subject: patient
status: absent
time: current","need: diabetes (patient or first-degree relative)
found: 92
subject: patient
status: present
time: current","need: diabetes (patient or first-degree relative)
found: Formerly diabetic; in remission since 2024.
subject: patient
status: present
time: past (2024)","need: diabetes (patient or first-degree relative)
found: Has never had diabetes.
subject: patient
status: absent
time: current","{""criterion_holds"": 0, ""hdr"": 4, ""keywords"": [""diabet""], ""overrides"": {}, ""seed"": 939, ""tpl"": [""filler/lab/17"", ""filler/neutral/11"", ""diabetes/absent/4"", ""filler/lab/16"", ""filler/lab/4"", ""filler/neutral/29"", ""filler/neutral/17"", ""filler/other/5"", ""filler/other/4"", ""filler/neutral/22"", ""vte/past/4"", ""filler/neutral/47"", ""filler/neutral/35"", ""filler/neutral/40"", ""filler/neutral/10"", ""filler/neutral/46"", ""filler/lab/11"", ""filler/neutral/4""], ""tpl_split"": ""test""}",,,,,
E105,3,ledger2 x blocks,B-F-ledger2-blocks-s0,rule_v1.test.gs147.c4.negation.easy.100,gs147,g_score_cutoff,negation,easy,L2,base,-30.04583168029785,-28.74330997467041,28.263002395629883,-30.04583168029785,"For uncomplicated cystitis, prescribe trimethoprim-sulfamethoxazole. Score 1 point if the current systolic blood pressure is above 160 mmHg; 2 points if the patient or a first-degree relative (parent, sibling or child) has had diabetes at any time; 1 point if the patient has had cancer at any time (active or in remission); 2 points if the patient has ever had heart failure (current or past). If the score is 3 or more, prescribe nitrofurantoin instead.",heart failure,Prescribe trimethoprim-sulfamethoxazole.,Prescribe nitrofurantoin.,"Woman of 50 years.
Dysuria and urinary frequency for two days; urine dipstick positive for nitrites.
Insulin-treated diabetes.
Weight steady over the past year.
Plays the piano.
Observations now: blood pressure 118/80 mmHg.
Sleeps flat on one pillow.
Enjoys board games.","Woman of 50 years.
Dysuria and urinary frequency for two days; urine dipstick positive for nitrites.
Insulin-treated diabetes.
Weight steady over the past year.
Plays the piano.
Observations now: blood pressure 118/80 mmHg.
Formerly had heart failure from stress cardiomyopathy; recovered fully in 2007 and off all heart medicines since.
Enjoys board games.","Woman of 50 years.
Dysuria and urinary frequency for two days; urine dipstick positive for nitrites.
Insulin-treated diabetes.
Weight steady over the past year.
Plays the piano.
Observations now: blood pressure 118/80 mmHg.
Heart failure: never diagnosed.
Enjoys board games.","need: heart failure
found: Sleeps flat on one pillow.
subject: patient
status: absent
time: current","need: heart failure
found: Formerly had heart failure from stress cardiomyopathy; recovered fully in 2007 and off all heart medicines since.
subject: patient
status: present
time: past (2007)","need: heart failure
found: Heart failure: never diagnosed.
subject: patient
status: absent
time: current","need: heart failure
found: Sleeps flat on one pillow.
subject: patient
status: present
time: current","need: heart failure
found: Formerly had heart failure from stress cardiomyopathy; recovered fully in 2007 and off all heart medicines since.
subject: patient
status: present
time: past (2007)","need: heart failure
found: Heart failure: never diagnosed.
subject: patient
status: absent
time: current","{""criterion_holds"": 0, ""hdr"": 4, ""keywords"": [""heart failure""], ""overrides"": {}, ""seed"": 100, ""tpl"": [""diabetes/present/5"", ""cancer/generic/5"", ""filler/neutral/41"", ""sbp/current/5"", ""chf/absent/5"", ""filler/neutral/5""], ""tpl_split"": ""test""}",,,,,
E106,3,ledger2 x blocks,B-F-ledger2-blocks-s0,rule_v1.test.gs245.c1.negation.long.671,gs245,g_two_of_three,negation,long,L2,base,-32.1289119720459,-32.35006523132324,30.383145332336426,28.176055908203125,"For newly diagnosed type 2 diabetes, prescribe metformin. If at least two of the following apply, prescribe sitagliptin instead: the patient has ever had heart failure (current or past); the patient has an active peptic ulcer; the age of the patient is 65 years or more.",heart failure,Prescribe metformin.,Prescribe sitagliptin.,"An adult man.
Newly diagnosed type 2 diabetes (HbA1c 7.9%).
Owns a bicycle.
Lives in a second-floor apartment.
Prefers to be addressed by first name.
Plays the piano.
Prefers morning appointments.
Drives a car.
Enjoys board games.
His roommate burned a hand on a stove years ago.
Abdomen soft and non-tender.
Sees a dentist yearly.
Knits as a hobby.
Uses sunscreen in summer.
In 2007, lipase was 30 U/L.
Paints watercolors as a hobby.
Photographs local wildlife.
His sister has recovered from a dislocated finger.
Teeth in good repair.
Current age 70 years.
Sleeps flat on one pillow.
During a checkup in 2012, total protein was 7.0 g/dL.
Has two cats.","An adult man.
Newly diagnosed type 2 diabetes (HbA1c 7.9%).
Owns a bicycle.
Lives in a second-floor apartment.
Prefers to be addressed by first name.
Plays the piano.
Prefers morning appointments.
Drives a car.
Enjoys board games.
His roommate burned a hand on a stove years ago.
Abdomen soft and non-tender.
Sees a dentist yearly.
Knits as a hobby.
Uses sunscreen in summer.
In 2007, lipase was 30 U/L.
Paints watercolors as a hobby.
Photographs local wildlife.
His sister has recovered from a dislocated finger.
Teeth in good repair.
Current age 70 years.
Current heart failure with ankle swelling.
During a checkup in 2012, total protein was 7.0 g/dL.
Has two cats.","An adult man.
Newly diagnosed type 2 diabetes (HbA1c 7.9%).
Owns a bicycle.
Lives in a second-floor apartment.
Prefers to be addressed by first name.
Plays the piano.
Prefers morning appointments.
Drives a car.
Enjoys board games.
His roommate burned a hand on a stove years ago.
Abdomen soft and non-tender.
Sees a dentist yearly.
Knits as a hobby.
Uses sunscreen in summer.
In 2007, lipase was 30 U/L.
Paints watercolors as a hobby.
Photographs local wildlife.
His sister has recovered from a dislocated finger.
Teeth in good repair.
Current age 70 years.
Has never had heart failure.
During a checkup in 2012, total protein was 7.0 g/dL.
Has two cats.","need: heart failure
found: Sleeps flat on one pillow.
subject: patient
status: absent
time: current","need: heart failure
found: Current heart failure with ankle swelling.
subject: patient
status: present
time: current","need: heart failure
found: Has never had heart failure.
subject: patient
status: absent
time: current","need: heart failure
found: Sleeps flat on one pillow.
subject: patient
status: present
time: current","need: heart failure
found: Current heart failure with ankle swelling.
subject: patient
status: present
time: current","need: heart failure
found: Has never had heart failure.
subject: patient
status: absent
time: current","{""criterion_holds"": 0, ""hdr"": 4, ""keywords"": [""heart failure""], ""overrides"": {}, ""seed"": 671, ""tpl"": [""filler/neutral/34"", ""filler/neutral/16"", ""filler/neutral/47"", ""filler/neutral/41"", ""filler/neutral/29"", ""filler/neutral/17"", ""filler/neutral/5"", ""filler/other/11"", ""peptic_ulcer/generic/4"", ""filler/neutral/23"", ""filler/neutral/46"", ""filler/neutral/22"", ""filler/lab/11"", ""filler/neutral/28"", ""filler/neutral/10"", ""filler/other/17"", ""filler/neutral/35"", ""age/current/5"", ""chf/absent/4"", ""filler/lab/10"", ""filler/neutral/40""], ""tpl_split"": ""test""}",,,,,
E107,3,ledger2 x blocks,B-F-ledger2-blocks-s0,rule_v1.test.gs049.c2.subject.easy.182,gs049,g_all_of,subject,easy,L2,near,25.953590393066406,-30.66452693939209,-12.360159397125244,25.953590393066406,"For uncomplicated cystitis, prescribe trimethoprim-sulfamethoxazole. If the patient or a first-degree relative (parent, sibling or child) has had a venous thromboembolism at any time and the patient or a first-degree relative (parent, sibling or child) has had diabetes at any time, prescribe nitrofurantoin instead.",diabetes (patient or first-degree relative),Prescribe trimethoprim-sulfamethoxazole.,Prescribe nitrofurantoin.,"Female patient of 48 years.
Dysuria and urinary frequency for two days; urine dipstick positive for nitrites.
HbA1c 5.3% at a routine check.
Prefers morning appointments.
Has an acute pulmonary embolism, diagnosed this week.","Female patient of 48 years.
Dysuria and urinary frequency for two days; urine dipstick positive for nitrites.
Her sister was diabetic until bariatric surgery several years ago.
Prefers morning appointments.
Has an acute pulmonary embolism, diagnosed this week.","Female patient of 48 years.
Dysuria and urinary frequency for two days; urine dipstick positive for nitrites.
Her wife was diabetic until bariatric surgery several years ago.
Prefers morning appointments.
Has an acute pulmonary embolism, diagnosed this week.","need: diabetes (patient or first-degree relative)
found: HbA1c 5.3% at a routine check.
subject: patient
status: absent
time: current","need: diabetes (patient or first-degree relative)
found: Her sister was diabetic until bariatric surgery several years ago.
subject: other (sister)
status: present
time: past","need: diabetes (patient or first-degree relative)
found: Her wife was diabetic until bariatric surgery several years ago.
subject: other (wife)
status: present
time: past","need: diabetes (patient or first-degree relative)
found: 5.3
subject: patient
status: absent
time: current","need: diabetes (patient or first-degree relative)
found: Her sister was diabetic until bariatric surgery several years ago.
subject: other (sister)
status: present
time: past","need: diabetes (patient or first-degree relative)
found: Her wife was diabetic until bariatric surgery several years ago.
subject: other (wife)
status: present
time: past","{""criterion_holds"": 0, ""hdr"": 5, ""keywords"": [""diabet""], ""overrides"": {}, ""seed"": 182, ""tpl"": [""diabetes/rel_past/5"", ""filler/neutral/29"", ""vte/present/4""], ""tpl_split"": ""test""}",,,,,
E108,3,ledger2 x blocks,B-F-ledger2-blocks-s0,rule_v1.test.gs113.c2.subject.long.1579,gs113,g_all_of,subject,long,L2,near,30.397314071655273,-33.82930946350098,-2.4389290809631348,30.397314071655273,"For dual antiplatelet therapy after a myocardial infarction, prescribe aspirin plus ticagrelor. If the current serum creatinine is above 2.0 mg/dL and the patient has ever had heart failure (current or past), prescribe aspirin plus clopidogrel instead.",heart failure,Prescribe aspirin plus ticagrelor.,Prescribe aspirin plus clopidogrel.,"Woman of 50 years.
Recovering on the ward after a myocardial infarction treated with a stent.
Drives a car.
Her wife wears contact lenses.
Her uncle has a lazy eye.
Prefers morning appointments.
Her father has recovered from a dislocated finger.
Paints watercolors as a hobby.
Photographs local wildlife.
Knits as a hobby.
Uses sunscreen in summer.
Her friend lives with psoriasis.
During a checkup in 2021, total protein was 7.0 g/dL.
Enjoys board games.
Heart sounds without a gallop.
Owns a bicycle.
Prefers to be addressed by first name.
Has two cats.
Sleeps seven hours a night.
In 2014, folate was 12 ng/mL.
Zinc of 85 mcg/dL in 2018.
Current serum creatinine 2.5 mg/dL.","Woman of 50 years.
Recovering on the ward after a myocardial infarction treated with a stent.
Drives a car.
Her wife wears contact lenses.
Her uncle has a lazy eye.
Prefers morning appointments.
Her father has recovered from a dislocated finger.
Paints watercolors as a hobby.
Photographs local wildlife.
Knits as a hobby.
Uses sunscreen in summer.
Her friend lives with psoriasis.
During a checkup in 2021, total protein was 7.0 g/dL.
Enjoys board games.
Current heart failure with ankle swelling.
Owns a bicycle.
Prefers to be addressed by first name.
Has two cats.
Sleeps seven hours a night.
In 2014, folate was 12 ng/mL.
Zinc of 85 mcg/dL in 2018.
Current serum creatinine 2.5 mg/dL.","Woman of 50 years.
Recovering on the ward after a myocardial infarction treated with a stent.
Drives a car.
Her wife wears contact lenses.
Her uncle has a lazy eye.
Prefers morning appointments.
Her father has recovered from a dislocated finger.
Paints watercolors as a hobby.
Photographs local wildlife.
Knits as a hobby.
Uses sunscreen in summer.
Her friend lives with psoriasis.
During a checkup in 2021, total protein was 7.0 g/dL.
Enjoys board games.
Her sister has advanced heart failure.
Owns a bicycle.
Prefers to be addressed by first name.
Has two cats.
Sleeps seven hours a night.
In 2014, folate was 12 ng/mL.
Zinc of 85 mcg/dL in 2018.
Current serum creatinine 2.5 mg/dL.","need: heart failure
found: Heart sounds without a gallop.
subject: patient
status: absent
time: current","need: heart failure
found: Current heart failure with ankle swelling.
subject: patient
status: present
time: current","need: heart failure
found: Her sister has advanced heart failure.
subject: other (sister)
status: present
time: current","need: heart failure
found: Heart sounds without a gallop.
subject: patient
status: absent
time: current","need: heart failure
found: Current heart failure with ankle swelling.
subject: patient
status: present
time: current","need: heart failure
found: Her sister has advanced heart failure.
subject: other (sister)
status: present
time: current","{""criterion_holds"": 0, ""hdr"": 4, ""keywords"": [""heart failure""], ""overrides"": {}, ""seed"": 1579, ""tpl"": [""filler/neutral/17"", ""filler/other/16"", ""filler/other/10"", ""filler/neutral/29"", ""filler/other/17"", ""filler/neutral/28"", ""filler/neutral/10"", ""filler/neutral/46"", ""filler/neutral/22"", ""filler/other/4"", ""filler/lab/10"", ""filler/neutral/5"", ""chf/rel/5"", ""filler/neutral/34"", ""filler/neutral/47"", ""filler/neutral/40"", ""filler/neutral/4"", ""filler/lab/4"", ""filler/lab/16"", ""creatinine/current/4""], ""tpl_split"": ""test""}",,,,,
E109,3,ledger2 x blocks,B-F-ledger2-blocks-s0,rule_v1.test.s1_news2_other.o2.subject.easy.1658,s1_news2_other,additive_score,subject,easy,L2,near,28.981599807739258,-32.39278984069824,-13.956734776496887,28.981599807739258,"NEWS2 (as used here, partial: only the stated band of each listed item): 3 points for a heart rate of 131/min or more; 3 points for a systolic blood pressure of 220 mmHg or more; 2 points for a temperature of 39.1 C or more; 2 points for current use of supplemental oxygen. Any other value of these items scores 0 here, and the other NEWS2 items are not part of this question. Only current findings count.",supplemental oxygen,The supplemental oxygen criterion contributes 0 points.,The supplemental oxygen criterion contributes 2 points.,"Female patient of 58 years.
Newly admitted to the medical ward with a chest infection.
Self-ventilating in air.
Current temperature 37.7 C.
Heart rate now 61/min on a pulse check.
Owns a bicycle.
Current systolic blood pressure 163 mmHg.
Photographs local wildlife.","Female patient of 58 years.
Newly admitted to the medical ward with a chest infection.
Currently needs supplemental oxygen to keep comfortable.
Current temperature 37.7 C.
Heart rate now 61/min on a pulse check.
Owns a bicycle.
Current systolic blood pressure 163 mmHg.
Photographs local wildlife.","Female patient of 58 years.
Newly admitted to the medical ward with a chest infection.
Her friend now uses supplemental oxygen at night.
Current temperature 37.7 C.
Heart rate now 61/min on a pulse check.
Owns a bicycle.
Current systolic blood pressure 163 mmHg.
Photographs local wildlife.","need: supplemental oxygen
found: Self-ventilating in air.
subject: patient
status: absent
time: current","need: supplemental oxygen
found: Currently needs supplemental oxygen to keep comfortable.
subject: patient
status: present
time: current","need: supplemental oxygen
found: Her friend now uses supplemental oxygen at night.
subject: other (friend)
status: present
time: current","need: supplemental oxygen
found: Self-ventilating in air.
subject: patient
status: absent
time: current","need: supplemental oxygen
found: Currently needs supplemental oxygen to keep comfortable.
subject: patient
status: present
time: current","need: supplemental oxygen
found: Her friend now uses supplemental oxygen at night.
subject: other
status: present
time: current","{""criterion_holds"": 0, ""hdr"": 5, ""keywords"": [""supplemental oxygen""], ""overrides"": {}, ""seed"": 1658, ""tpl"": [""supp_oxygen/rel/5"", ""temperature/current/4"", ""heart_rate/current/5"", ""filler/neutral/34"", ""sbp/current/4"", ""filler/neutral/10""], ""tpl_split"": ""test""}",,,,,
E110,3,ledger2 x blocks,B-F-ledger2-blocks-s0,rule_v1.test.gs067.c1.time.long.22,gs067,g_all_of,time,long,L2,near,33.226858139038086,-32.318016052246094,-7.744968891143799,33.226858139038086,"For knee osteoarthritis pain, prescribe naproxen. If the patient is allergic to penicillin and the patient or a first-degree relative (parent, sibling or child) has had coronary artery disease at any time, prescribe acetaminophen instead.",penicillin allergy,Prescribe naproxen.,Prescribe acetaminophen.,"Woman of 51 years.
Knee osteoarthritis with pain on walking.
Prefers to be addressed by first name.
Paints watercolors as a hobby.
Pupils equal and reactive to light.
Photographs local wildlife.
Plays the piano.
Free T4 of 1.2 ng/dL in 2013.
Has two cats.
Her sister has recovered from a dislocated finger.
Sees a dentist yearly.
Known coronary artery disease (two-vessel disease on angiography).
Prefers morning appointments.
Her uncle sprained a thumb last month.
Teeth in good repair.
During a checkup in 2013, total protein was 7.0 g/dL.
Knits as a hobby.
Owns a bicycle.
Uses sunscreen in summer.
Drives a car.
Zinc of 85 mcg/dL in 2008.
Her uncle wears contact lenses.
Reports no allergies to medicines.","Woman of 51 years.
Knee osteoarthritis with pain on walking.
Prefers to be addressed by first name.
Paints watercolors as a hobby.
Pupils equal and reactive to light.
Photographs local wildlife.
Plays the piano.
Free T4 of 1.2 ng/dL in 2013.
Has two cats.
Her sister has recovered from a dislocated finger.
Sees a dentist yearly.
Known coronary artery disease (two-vessel disease on angiography).
Prefers morning appointments.
Her uncle sprained a thumb last month.
Teeth in good repair.
During a checkup in 2013, total protein was 7.0 g/dL.
Knits as a hobby.
Owns a bicycle.
Uses sunscreen in summer.
Drives a car.
Zinc of 85 mcg/dL in 2008.
Her uncle wears contact lenses.
Known penicillin allergy with angioedema.","Woman of 51 years.
Knee osteoarthritis with pain on walking.
Prefers to be addressed by first name.
Paints watercolors as a hobby.
Pupils equal and reactive to light.
Photographs local wildlife.
Plays the piano.
Free T4 of 1.2 ng/dL in 2013.
Has two cats.
Her sister has recovered from a dislocated finger.
Sees a dentist yearly.
Known coronary artery disease (two-vessel disease on angiography).
Prefers morning appointments.
Her uncle sprained a thumb last month.
Teeth in good repair.
During a checkup in 2013, total protein was 7.0 g/dL.
Knits as a hobby.
Owns a bicycle.
Uses sunscreen in summer.
Drives a car.
Zinc of 85 mcg/dL in 2008.
Her uncle wears contact lenses.
Had a penicillin allergy as a child that was outgrown years ago.","need: penicillin allergy
found: Reports no allergies to medicines.
subject: patient
status: absent
time: current","need: penicillin allergy
found: Known penicillin allergy with angioedema.
subject: patient
status: present
time: current","need: penicillin allergy
found: Had a penicillin allergy as a child that was outgrown years ago.
subject: patient
status: present
time: past","need: penicillin allergy
found: Reports no allergies to medicines.
subject: patient
status: absent
time: current","need: penicillin allergy
found: Known penicillin allergy with angioedema.
subject: patient
status: present
time: current","need: penicillin allergy
found: Had a penicillin allergy as a child that was outgrown years ago.
subject: patient
status: present
time: past","{""criterion_holds"": 0, ""hdr"": 4, ""keywords"": [""penicillin""], ""overrides"": {}, ""seed"": 22, ""tpl"": [""filler/neutral/47"", ""filler/neutral/28"", ""filler/neutral/11"", ""filler/neutral/10"", ""filler/neutral/41"", ""filler/lab/5"", ""filler/neutral/40"", ""filler/other/17"", ""filler/neutral/23"", ""cad/present/5"", ""filler/neutral/29"", ""filler/other/5"", ""filler/neutral/35"", ""filler/lab/10"", ""filler/neutral/46"", ""filler/neutral/34"", ""filler/neutral/22"", ""filler/neutral/17"", ""filler/lab/16"", ""filler/other/16"", ""pen_allergy/past/5""], ""tpl_split"": ""test""}",,,,,
E111,3,ledger2 x blocks,B-F-ledger2-blocks-s0,rule_v1.test.gs124.c2.time.long.67,gs124,g_two_of_three,time,long,L2,near,24.226726531982422,-26.627787590026855,-5.28741192817688,23.446255683898926,"For community-acquired pneumonia, prescribe oral amoxicillin. If at least two of the following apply, prescribe intravenous co-amoxiclav instead: the patient or a first-degree relative (parent, sibling or child) has had colorectal cancer at any time; the current calf swelling compared with the other leg is 3.0 cm or more; the age of the patient is above 65 years.",calf swelling at least 3.0,Prescribe oral amoxicillin.,Prescribe intravenous co-amoxiclav.,"Man, adult.
Community-acquired pneumonia confirmed on chest radiograph.
Lives in a second-floor apartment.
Drives a car.
Knits as a hobby.
During a checkup in 2006, total protein was 7.0 g/dL.
Current calf swelling 0.7 cm compared with the other leg.
During a checkup in 2015, free T3 was 3.2 pg/mL.
Pupils equal and reactive to light.
Plays the piano.
Currently aged 70 years.
Zinc of 85 mcg/dL in 2024.
In 2017, lipase was 30 U/L.
Prefers morning appointments.
Enjoys board games.
His wife sprained a thumb last month.
Prefers to be addressed by first name.
Sees a dentist yearly.
Records from 2017 list calf swelling at 0.9 cm.
His wife has recovered from a dislocated finger.","Man, adult.
Community-acquired pneumonia confirmed on chest radiograph.
Lives in a second-floor apartment.
Drives a car.
Knits as a hobby.
During a checkup in 2006, total protein was 7.0 g/dL.
Current calf swelling 3.2 cm compared with the other leg.
During a checkup in 2015, free T3 was 3.2 pg/mL.
Pupils equal and reactive to light.
Plays the piano.
Currently aged 70 years.
Zinc of 85 mcg/dL in 2024.
In 2017, lipase was 30 U/L.
Prefers morning appointments.
Enjoys board games.
His wife sprained a thumb last month.
Prefers to be addressed by first name.
Sees a dentist yearly.
Records from 2017 list calf swelling at 0.9 cm.
His wife has recovered from a dislocated finger.","Man, adult.
Community-acquired pneumonia confirmed on chest radiograph.
Lives in a second-floor apartment.
Drives a car.
Knits as a hobby.
During a checkup in 2006, total protein was 7.0 g/dL.
Current calf swelling 0.7 cm compared with the other leg.
During a checkup in 2015, free T3 was 3.2 pg/mL.
Pupils equal and reactive to light.
Plays the piano.
Currently aged 70 years.
Zinc of 85 mcg/dL in 2024.
In 2017, lipase was 30 U/L.
Prefers morning appointments.
Enjoys board games.
His wife sprained a thumb last month.
Prefers to be addressed by first name.
Sees a dentist yearly.
Records from 2017 list calf swelling at 3.0 cm.
His wife has recovered from a dislocated finger.","need: calf swelling at least 3.0
found: 0.7
subject: patient
status: present
time: current

need: calf swelling at least 3.0
found: 0.9
subject: patient
status: present
time: past (2017)","need: calf swelling at least 3.0
found: 3.2
subject: patient
status: present
time: current

need: calf swelling at least 3.0
found: 0.9
subject: patient
status: present
time: past (2017)","need: calf swelling at least 3.0
found: 0.7
subject: patient
status: present
time: current

need: calf swelling at least 3.0
found: 3.0
subject: patient
status: present
time: past (2017)","need: calf swelling at least 3.0
found: 0.7
subject: patient
status: present
time: current

need: calf swelling at least 3.0
found: 0.9
subject: patient
status: present
time: past (2017)","need: calf swelling at least 3.0
found: 3.2
subject: patient
status: present
time: current

need: calf swelling at least 3.0
found: 0.9
subject: patient
status: present
time: past (2017)","need: calf swelling at least 3.0
found: 0.7
subject: patient
status: present
time: current

need: calf swelling at least 3.0
found: 3.0
subject: patient
status: present
time: past (2017)","{""criterion_holds"": 0, ""hdr"": 5, ""keywords"": [""calf circumference"", ""calf swelling""], ""overrides"": {}, ""seed"": 67, ""tpl"": [""filler/neutral/16"", ""filler/neutral/17"", ""filler/neutral/46"", ""filler/lab/10"", ""calf_swelling/current/4"", ""filler/lab/17"", ""filler/neutral/11"", ""filler/neutral/41"", ""age/current/4"", ""filler/lab/16"", ""filler/lab/11"", ""filler/neutral/29"", ""filler/neutral/5"", ""filler/other/5"", ""filler/neutral/47"", ""filler/neutral/23"", ""calf_swelling/past/4"", ""filler/other/17""], ""tpl_split"": ""test""}",,,,,
E112,3,ledger2 x blocks,B-F-ledger2-blocks-s0,rule_v1.test.gs209.c3.time.long.951,gs209,g_two_of_three,time,long,L2,near,26.91410255432129,-29.14204502105713,-6.664597034454346,26.91410255432129,"For vaginal candidiasis, prescribe oral fluconazole. If at least two of the following apply, prescribe clotrimazole pessaries instead: the age of the patient is 70 years or more; the patient has ever had a peptic ulcer (current or past); the current heart rate is above 90/min.",heart rate above 90,Prescribe oral fluconazole.,Prescribe clotrimazole pessaries.,"An adult woman.
Vaginal itching and discharge; candidiasis confirmed on microscopy.
Lives in a second-floor apartment.
Plays the piano.
Current heart rate 74/min.
Sleeps seven hours a night.
Prefers morning appointments.
Knits as a hobby.
Her friend wears contact lenses.
Pupils equal and reactive to light.
Paints watercolors as a hobby.
Uses sunscreen in summer.
Owns a bicycle.
Current age 76 years.
Records from 2006 list heart rate at 75/min.
Sees a dentist yearly.
Free T4 of 1.2 ng/dL in 2019.
Her friend has a lazy eye.
Prefers to be addressed by first name.
Drives a car.
Abdomen soft and non-tender.
Enjoys board games.
Has two cats.
Photographs local wildlife.
In 2023, lipase was 30 U/L.
Teeth in good repair.","An adult woman.
Vaginal itching and discharge; candidiasis confirmed on microscopy.
Lives in a second-floor apartment.
Plays the piano.
Current heart rate 102/min.
Sleeps seven hours a night.
Prefers morning appointments.
Knits as a hobby.
Her friend wears contact lenses.
Pupils equal and reactive to light.
Paints watercolors as a hobby.
Uses sunscreen in summer.
Owns a bicycle.
Current age 76 years.
Records from 2006 list heart rate at 75/min.
Sees a dentist yearly.
Free T4 of 1.2 ng/dL in 2019.
Her friend has a lazy eye.
Prefers to be addressed by first name.
Drives a car.
Abdomen soft and non-tender.
Enjoys board games.
Has two cats.
Photographs local wildlife.
In 2023, lipase was 30 U/L.
Teeth in good repair.","An adult woman.
Vaginal itching and discharge; candidiasis confirmed on microscopy.
Lives in a second-floor apartment.
Plays the piano.
Current heart rate 74/min.
Sleeps seven hours a night.
Prefers morning appointments.
Knits as a hobby.
Her friend wears contact lenses.
Pupils equal and reactive to light.
Paints watercolors as a hobby.
Uses sunscreen in summer.
Owns a bicycle.
Current age 76 years.
Records from 2006 list heart rate at 96/min.
Sees a dentist yearly.
Free T4 of 1.2 ng/dL in 2019.
Her friend has a lazy eye.
Prefers to be addressed by first name.
Drives a car.
Abdomen soft and non-tender.
Enjoys board games.
Has two cats.
Photographs local wildlife.
In 2023, lipase was 30 U/L.
Teeth in good repair.","need: heart rate above 90
found: 74
subject: patient
status: present
time: current

need: heart rate above 90
found: 75
subject: patient
status: present
time: past (2006)","need: heart rate above 90
found: 102
subject: patient
status: present
time: current

need: heart rate above 90
found: 75
subject: patient
status: present
time: past (2006)","need: heart rate above 90
found: 74
subject: patient
status: present
time: current

need: heart rate above 90
found: 96
subject: patient
status: present
time: past (2006)","need: heart rate above 90
found: 74
subject: patient
status: present
time: current

need: heart rate above 90
found: 75
subject: patient
status: present
time: past (2006)","need: heart rate above 90
found: 102
subject: patient
status: present
time: current

need: heart rate above 90
found: 75
subject: patient
status: present
time: past (2006)","need: heart rate above 90
found: 74
subject: patient
status: present
time: current

need: heart rate above 90
found: 96
subject: patient
status: present
time: past (2006)","{""criterion_holds"": 0, ""hdr"": 4, ""keywords"": [""heart rate""], ""overrides"": {}, ""seed"": 951, ""tpl"": [""filler/neutral/16"", ""filler/neutral/41"", ""heart_rate/current/4"", ""filler/neutral/4"", ""filler/neutral/29"", ""filler/neutral/46"", ""filler/other/16"", ""filler/neutral/11"", ""filler/neutral/28"", ""filler/neutral/22"", ""filler/neutral/34"", ""age/current/5"", ""heart_rate/past/4"", ""filler/neutral/23"", ""filler/lab/5"", ""filler/other/10"", ""filler/neutral/47"", ""filler/neutral/17"", ""peptic_ulcer/generic/4"", ""filler/neutral/5"", ""filler/neutral/40"", ""filler/neutral/10"", ""filler/lab/11"", ""filler/neutral/35""], ""tpl_split"": ""test""}",,,,,
E113,3,ledger2 x triplets,B-F-ledger2-triplets-s0,rule_v1.test.gs009.c2.negation.long.1978,gs009,g_all_of,negation,long,L2,base,-25.404951095581055,-35.92459297180176,37.678985595703125,20.2659969329834,"For acute streptococcal pharyngitis, prescribe amoxicillin. If the current white cell count is above 12.0 x10^9/L and the patient or a first-degree relative (parent, sibling or child) has had diabetes at any time, prescribe azithromycin instead.",diabetes (patient or first-degree relative),Prescribe amoxicillin.,Prescribe azithromycin.,"Woman of 21 years.
Presents with acute streptococcal pharyngitis (rapid antigen test positive).
In 2024, folate was 12 ng/mL.
Owns a bicycle.
During a checkup in 2024, free T3 was 3.2 pg/mL.
Her sister has recovered from a dislocated finger.
Photographs local wildlife.
Paints watercolors as a hobby.
Zinc of 85 mcg/dL in 2024.
Her sister has a lazy eye.
Random glucose 92 mg/dL.
Pupils equal and reactive to light.
Current white cell count 13.4 x10^9/L.
Her uncle burned a hand on a stove years ago.
Enjoys board games.
Prefers to be addressed by first name.
During a checkup in 2024, total protein was 7.0 g/dL.
Her roommate sprained a thumb last month.
Drives a car.
Knits as a hobby.","Woman of 21 years.
Presents with acute streptococcal pharyngitis (rapid antigen test positive).
In 2024, folate was 12 ng/mL.
Owns a bicycle.
During a checkup in 2024, free T3 was 3.2 pg/mL.
Her sister has recovered from a dislocated finger.
Photographs local wildlife.
Paints watercolors as a hobby.
Zinc of 85 mcg/dL in 2024.
Her sister has a lazy eye.
Has type 2 diabetes on metformin.
Pupils equal and reactive to light.
Current white cell count 13.4 x10^9/L.
Her uncle burned a hand on a stove years ago.
Enjoys board games.
Prefers to be addressed by first name.
During a checkup in 2024, total protein was 7.0 g/dL.
Her roommate sprained a thumb last month.
Drives a car.
Knits as a hobby.","Woman of 21 years.
Presents with acute streptococcal pharyngitis (rapid antigen test positive).
In 2024, folate was 12 ng/mL.
Owns a bicycle.
During a checkup in 2024, free T3 was 3.2 pg/mL.
Her sister has recovered from a dislocated finger.
Photographs local wildlife.
Paints watercolors as a hobby.
Zinc of 85 mcg/dL in 2024.
Her sister has a lazy eye.
Has never had diabetes.
Pupils equal and reactive to light.
Current white cell count 13.4 x10^9/L.
Her uncle burned a hand on a stove years ago.
Enjoys board games.
Prefers to be addressed by first name.
During a checkup in 2024, total protein was 7.0 g/dL.
Her roommate sprained a thumb last month.
Drives a car.
Knits as a hobby.","need: diabetes (patient or first-degree relative)
found: Random glucose 92 mg/dL.
subject: patient
status: absent
time: current","need: diabetes (patient or first-degree relative)
found: Has type 2 diabetes on metformin.
subject: patient
status: present
time: current","need: diabetes (patient or first-degree relative)
found: Has never had diabetes.
subject: patient
status: absent
time: current","need: diabetes (patient or first-degree relative)
found: 92
subject: patient
status: present
time: current","need: diabetes (patient or first-degree relative)
found: Has type 2 diabetes on metformin.
subject: patient
status: present
time: current","need: diabetes (patient or first-degree relative)
found: Has never had diabetes.
subject: patient
status: absent
time: current","{""criterion_holds"": 0, ""hdr"": 4, ""keywords"": [""diabet""], ""overrides"": {}, ""seed"": 1978, ""tpl"": [""filler/lab/4"", ""filler/neutral/34"", ""filler/lab/17"", ""filler/other/17"", ""filler/neutral/10"", ""filler/neutral/28"", ""filler/lab/16"", ""filler/other/10"", ""diabetes/absent/4"", ""filler/neutral/11"", ""wbc/current/4"", ""filler/other/11"", ""filler/neutral/5"", ""filler/neutral/47"", ""filler/lab/10"", ""filler/other/5"", ""filler/neutral/17"", ""filler/neutral/46""], ""tpl_split"": ""test""}",,,,,
E114,3,ledger2 x triplets,B-F-ledger2-triplets-s0,rule_v1.test.gs157.c1.negation.long.418,gs157,g_two_of_three,negation,long,L2,base,-27.395543098449707,-8.954408168792725,38.10512161254883,36.76856231689453,"For community-acquired pneumonia, prescribe oral amoxicillin. If at least two of the following apply, prescribe intravenous co-amoxiclav instead: the patient has ever had heart failure (current or past); the current platelet count is below 50 x10^9/L; the current temperature is above 38.0 C.",heart failure,Prescribe oral amoxicillin.,Prescribe intravenous co-amoxiclav.,"Man of 42 years.
Community-acquired pneumonia confirmed on chest radiograph.
Sleeps flat on one pillow.
Sleeps seven hours a night.
His roommate burned a hand on a stove years ago.
Sees a dentist yearly.
His friend has recovered from a dislocated finger.
Plays the piano.
Has two cats.
Teeth in good repair.
Photographs local wildlife.
His uncle lives with psoriasis.
Temperature now 36.7 C (tympanic).
During a checkup in 2009, free T3 was 3.2 pg/mL.
Prefers morning appointments.
Free T4 of 1.2 ng/dL in 2008.
Platelet count now 38 x10^9/L.
Knits as a hobby.
In 2014, lipase was 30 U/L.
Uses sunscreen in summer.
Prefers to be addressed by first name.
Lives in a second-floor apartment.
Enjoys board games.
Pupils equal and reactive to light.","Man of 42 years.
Community-acquired pneumonia confirmed on chest radiograph.
Formerly had heart failure from stress cardiomyopathy; recovered fully in 2022 and off all heart medicines since.
Sleeps seven hours a night.
His roommate burned a hand on a stove years ago.
Sees a dentist yearly.
His friend has recovered from a dislocated finger.
Plays the piano.
Has two cats.
Teeth in good repair.
Photographs local wildlife.
His uncle lives with psoriasis.
Temperature now 36.7 C (tympanic).
During a checkup in 2009, free T3 was 3.2 pg/mL.
Prefers morning appointments.
Free T4 of 1.2 ng/dL in 2008.
Platelet count now 38 x10^9/L.
Knits as a hobby.
In 2014, lipase was 30 U/L.
Uses sunscreen in summer.
Prefers to be addressed by first name.
Lives in a second-floor apartment.
Enjoys board games.
Pupils equal and reactive to light.","Man of 42 years.
Community-acquired pneumonia confirmed on chest radiograph.
Heart failure: never diagnosed.
Sleeps seven hours a night.
His roommate burned a hand on a stove years ago.
Sees a dentist yearly.
His friend has recovered from a dislocated finger.
Plays the piano.
Has two cats.
Teeth in good repair.
Photographs local wildlife.
His uncle lives with psoriasis.
Temperature now 36.7 C (tympanic).
During a checkup in 2009, free T3 was 3.2 pg/mL.
Prefers morning appointments.
Free T4 of 1.2 ng/dL in 2008.
Platelet count now 38 x10^9/L.
Knits as a hobby.
In 2014, lipase was 30 U/L.
Uses sunscreen in summer.
Prefers to be addressed by first name.
Lives in a second-floor apartment.
Enjoys board games.
Pupils equal and reactive to light.","need: heart failure
found: Sleeps flat on one pillow.
subject: patient
status: absent
time: current","need: heart failure
found: Formerly had heart failure from stress cardiomyopathy; recovered fully in 2022 and off all heart medicines since.
subject: patient
status: present
time: past (2022)","need: heart failure
found: Heart failure: never diagnosed.
subject: patient
status: absent
time: current","need: heart failure
found: Sleeps flat on one pillow.
subject: patient
status: present
time: current","need: heart failure
found: Formerly had heart failure from stress cardiomyopathy; recovered fully in 2022 and off all heart medicines since.
subject: patient
status: present
time: past (2022)","need: heart failure
found: Heart failure: never diagnosed.
subject: patient
status: absent
time: current","{""criterion_holds"": 0, ""hdr"": 4, ""keywords"": [""heart failure""], ""overrides"": {}, ""seed"": 418, ""tpl"": [""chf/absent/5"", ""filler/neutral/4"", ""filler/other/11"", ""filler/neutral/23"", ""filler/other/17"", ""filler/neutral/41"", ""filler/neutral/40"", ""filler/neutral/35"", ""filler/neutral/10"", ""filler/other/4"", ""temperature/current/5"", ""filler/lab/17"", ""filler/neutral/29"", ""filler/lab/5"", ""platelets/current/5"", ""filler/neutral/46"", ""filler/lab/11"", ""filler/neutral/22"", ""filler/neutral/47"", ""filler/neutral/16"", ""filler/neutral/5"", ""filler/neutral/11""], ""tpl_split"": ""test""}",,,,,
E115,3,ledger2 x triplets,B-F-ledger2-triplets-s0,rule_v1.test.gs094.c1.subject.easy.1564,gs094,g_all_of,subject,easy,L2,base,-22.558425903320312,-14.415032386779785,33.344289779663086,-22.558425903320312,"For primary prevention, prescribe atorvastatin. If the patient has ever had heart failure (current or past) and the age of the patient is 75 years or more, prescribe ezetimibe instead.",heart failure,Prescribe atorvastatin.,Prescribe ezetimibe.,"An adult woman.
Primary prevention; LDL cholesterol 182 mg/dL.
Currently aged 80 years.
Prefers to be addressed by first name.
Photographs local wildlife.
Sleeps flat on one pillow.","An adult woman.
Primary prevention; LDL cholesterol 182 mg/dL.
Currently aged 80 years.
Prefers to be addressed by first name.
Photographs local wildlife.
Had heart failure years ago from severe anemia; it recovered fully once the anemia was corrected.","An adult woman.
Primary prevention; LDL cholesterol 182 mg/dL.
Currently aged 80 years.
Prefers to be addressed by first name.
Photographs local wildlife.
Her friend recovered from heart failure in 2014.","need: heart failure
found: Sleeps flat on one pillow.
subject: patient
status: absent
time: current","need: heart failure
found: Had heart failure years ago from severe anemia; it recovered fully once the anemia was corrected.
subject: patient
status: present
time: past","need: heart failure
found: Her friend recovered from heart failure in 2014.
subject: other (friend)
status: present
time: past (2014)","need: heart failure
found: Sleeps flat on one pillow.
subject: patient
status: present
time: current","need: heart failure
found: Had heart failure years ago from severe anemia; it recovered fully once the anemia was corrected.
subject: patient
status: present
time: past","need: heart failure
found: Her friend recovered from heart failure in 2014.
subject: other (friend)
status: present
time: past (2014)","{""criterion_holds"": 0, ""hdr"": 4, ""keywords"": [""heart failure""], ""overrides"": {}, ""seed"": 1564, ""tpl"": [""age/current/4"", ""filler/neutral/47"", ""filler/neutral/10"", ""chf/rel_past/4""], ""tpl_split"": ""test""}",,,,,
E116,3,ledger2 x triplets,B-F-ledger2-triplets-s0,rule_v1.test.gs157.c1.subject.easy.647,gs157,g_two_of_three,subject,easy,L2,base,-27.395543098449707,-2.7713558673858643,34.32656288146973,-27.395543098449707,"For community-acquired pneumonia, prescribe oral amoxicillin. If at least two of the following apply, prescribe intravenous co-amoxiclav instead: the patient has ever had heart failure (current or past); the current platelet count is below 50 x10^9/L; the current temperature is above 38.0 C.",heart failure,Prescribe oral amoxicillin.,Prescribe intravenous co-amoxiclav.,"Man of 66 years.
Community-acquired pneumonia confirmed on chest radiograph.
Sleeps flat on one pillow.
Drives a car.
Current temperature 38.7 C.
Has two cats.
Knits as a hobby.
Platelet count now 302 x10^9/L.","Man of 66 years.
Community-acquired pneumonia confirmed on chest radiograph.
Had heart failure years ago from severe anemia; it recovered fully once the anemia was corrected.
Drives a car.
Current temperature 38.7 C.
Has two cats.
Knits as a hobby.
Platelet count now 302 x10^9/L.","Man of 66 years.
Community-acquired pneumonia confirmed on chest radiograph.
His friend had heart failure long ago and made a full recovery.
Drives a car.
Current temperature 38.7 C.
Has two cats.
Knits as a hobby.
Platelet count now 302 x10^9/L.","need: heart failure
found: Sleeps flat on one pillow.
subject: patient
status: absent
time: current","need: heart failure
found: Had heart failure years ago from severe anemia; it recovered fully once the anemia was corrected.
subject: patient
status: present
time: past","need: heart failure
found: His friend had heart failure long ago and made a full recovery.
subject: other (friend)
status: present
time: past","need: heart failure
found: Sleeps flat on one pillow.
subject: patient
status: present
time: current","need: heart failure
found: Had heart failure years ago from severe anemia; it recovered fully once the anemia was corrected.
subject: patient
status: present
time: past","need: heart failure
found: His friend had heart failure long ago and made a full recovery.
subject: other (friend)
status: present
time: past","{""criterion_holds"": 0, ""hdr"": 4, ""keywords"": [""heart failure""], ""overrides"": {}, ""seed"": 647, ""tpl"": [""chf/rel_past/5"", ""filler/neutral/17"", ""temperature/current/4"", ""filler/neutral/40"", ""filler/neutral/46"", ""platelets/current/5""], ""tpl_split"": ""test""}",,,,,
E117,3,summary2 x triplets,B-F-summary2-triplets-s0,rule_v1.test.gs001.c3.negation.long.641,gs001,g_score_cutoff,negation,long,L2,base,-7.9938483238220215,-9.389827013015747,22.988194465637207,-7.9938483238220215,"For contraception, prescribe a combined oral contraceptive. Score 1 point if the current platelet count is below 50 x10^9/L; 1 point if the patient is currently taking warfarin; 1 point if the patient has ever had diabetes (current or past); 3 points if the patient currently has a mechanical heart valve. If the score is 5 or more, prescribe a progestin-only pill instead.",diabetes,Prescribe a combined oral contraceptive.,Prescribe a progestin-only pill.,"Woman of 34 years.
Requests contraception.
Mechanical mitral valve in place; metallic closing clicks audible.
Platelet count now 38 x10^9/L.
Lives in a second-floor apartment.
Zinc of 85 mcg/dL in 2019.
Drives a car.
Enjoys board games.
Plays the piano.
During a checkup in 2021, total protein was 7.0 g/dL.
Teeth in good repair.
Has two cats.
In 2023, lipase was 30 U/L.
Random glucose 92 mg/dL.
Owns a bicycle.
Paints watercolors as a hobby.
Knits as a hobby.
Her uncle has recovered from a dislocated finger.
During a checkup in 2011, free T3 was 3.2 pg/mL.
Photographs local wildlife.
Sees a dentist yearly.
Her roommate lives with psoriasis.
Pupils equal and reactive to light.","Woman of 34 years.
Requests contraception.
Mechanical mitral valve in place; metallic closing clicks audible.
Platelet count now 38 x10^9/L.
Lives in a second-floor apartment.
Zinc of 85 mcg/dL in 2019.
Drives a car.
Enjoys board games.
Plays the piano.
During a checkup in 2021, total protein was 7.0 g/dL.
Teeth in good repair.
Has two cats.
In 2023, lipase was 30 U/L.
Had diabetes years ago that went into remission on a low-calorie diet.
Owns a bicycle.
Paints watercolors as a hobby.
Knits as a hobby.
Her uncle has recovered from a dislocated finger.
During a checkup in 2011, free T3 was 3.2 pg/mL.
Photographs local wildlife.
Sees a dentist yearly.
Her roommate lives with psoriasis.
Pupils equal and reactive to light.","Woman of 34 years.
Requests contraception.
Mechanical mitral valve in place; metallic closing clicks audible.
Platelet count now 38 x10^9/L.
Lives in a second-floor apartment.
Zinc of 85 mcg/dL in 2019.
Drives a car.
Enjoys board games.
Plays the piano.
During a checkup in 2021, total protein was 7.0 g/dL.
Teeth in good repair.
Has two cats.
In 2023, lipase was 30 U/L.
Has never had diabetes.
Owns a bicycle.
Paints watercolors as a hobby.
Knits as a hobby.
Her uncle has recovered from a dislocated finger.
During a checkup in 2011, free T3 was 3.2 pg/mL.
Photographs local wildlife.
Sees a dentist yearly.
Her roommate lives with psoriasis.
Pupils equal and reactive to light.","need: diabetes
found: Random glucose 92 mg/dL.
subject: patient
status: absent
time: current","need: diabetes
found: Had diabetes years ago that went into remission on a low-calorie diet.
subject: patient
status: present
time: past","need: diabetes
found: Has never had diabetes.
subject: patient
status: absent
time: current","For diabetes, the note states ""92""; this concerns the patient, is recorded as present, at present.","For diabetes, the note states ""Had diabetes years ago that went into remission on a low-calorie diet.""; this concerns the patient, is recorded as present, in the past.","For diabetes, the note states ""Has never had diabetes.""; this concerns the patient, is recorded as absent, at present.","{""criterion_holds"": 0, ""hdr"": 4, ""keywords"": [""diabet""], ""overrides"": {}, ""seed"": 641, ""tpl"": [""mech_valve/present/4"", ""platelets/current/5"", ""filler/neutral/16"", ""filler/lab/16"", ""filler/neutral/17"", ""filler/neutral/5"", ""filler/neutral/41"", ""filler/lab/10"", ""filler/neutral/35"", ""filler/neutral/40"", ""filler/lab/11"", ""diabetes/absent/4"", ""filler/neutral/34"", ""filler/neutral/28"", ""filler/neutral/46"", ""filler/other/17"", ""filler/lab/17"", ""filler/neutral/10"", ""filler/neutral/23"", ""filler/other/4"", ""filler/neutral/11""], ""tpl_split"": ""test""}",,,,,
E118,3,summary2 x triplets,B-F-summary2-triplets-s0,rule_v1.test.gs161.c1.negation.easy.477,gs161,g_all_of,negation,easy,L2,base,-22.807412147521973,-23.67510986328125,32.33212661743164,-22.807412147521973,"For acute streptococcal pharyngitis, prescribe amoxicillin. If the patient or a first-degree relative (parent, sibling or child) has had diabetes at any time and the patient has active cancer, prescribe azithromycin instead.",diabetes (patient or first-degree relative),Prescribe amoxicillin.,Prescribe azithromycin.,"Male patient of 44 years.
Presents with acute streptococcal pharyngitis (rapid antigen test positive).
Has melanoma skin cancer and is receiving treatment for it.
Knits as a hobby.
Random glucose 92 mg/dL.","Male patient of 44 years.
Presents with acute streptococcal pharyngitis (rapid antigen test positive).
Has melanoma skin cancer and is receiving treatment for it.
Knits as a hobby.
His father is diabetic.","Male patient of 44 years.
Presents with acute streptococcal pharyngitis (rapid antigen test positive).
Has melanoma skin cancer and is receiving treatment for it.
Knits as a hobby.
Has never had diabetes.","need: diabetes (patient or first-degree relative)
found: Random glucose 92 mg/dL.
subject: patient
status: absent
time: current","need: diabetes (patient or first-degree relative)
found: His father is diabetic.
subject: other (father)
status: present
time: current","need: diabetes (patient or first-degree relative)
found: Has never had diabetes.
subject: patient
status: absent
time: current","For diabetes (patient or first-degree relative), the note states ""92""; this concerns the patient, is recorded as present, at present.","For diabetes (patient or first-degree relative), the note states ""His father is diabetic.""; this concerns the patient's father, is recorded as present, at present.","For diabetes (patient or first-degree relative), the note states ""Has never had diabetes.""; this concerns the patient, is recorded as absent, at present.","{""criterion_holds"": 0, ""hdr"": 5, ""keywords"": [""diabet""], ""overrides"": {}, ""seed"": 477, ""tpl"": [""cancer/present/5"", ""filler/neutral/46"", ""diabetes/absent/4""], ""tpl_split"": ""test""}",,,,,
E119,3,summary2 x triplets,B-F-summary2-triplets-s0,rule_v1.test.gs220.c2.negation.long.754,gs220,g_all_of,negation,long,L2,base,-14.71402359008789,-21.65648651123047,30.43777370452881,-14.71402359008789,"For contraception, prescribe a combined oral contraceptive. If the current eGFR is below 30 mL/min/1.73 m2 and the patient or a first-degree relative (parent, sibling or child) has had diabetes at any time, prescribe a progestin-only pill instead.",diabetes (patient or first-degree relative),Prescribe a combined oral contraceptive.,Prescribe a progestin-only pill.,"Female patient of 19 years.
Requests contraception.
During a checkup in 2024, total protein was 7.0 g/dL.
Has two cats.
Lives in a second-floor apartment.
Sees a dentist yearly.
Her roommate sprained a thumb last month.
Plays the piano.
Zinc of 85 mcg/dL in 2024.
Teeth in good repair.
In 2024, folate was 12 ng/mL.
Pupils equal and reactive to light.
Her sister burned a hand on a stove years ago.
Knits as a hobby.
Paints watercolors as a hobby.
Enjoys board games.
eGFR now 24 mL/min/1.73 m2.
Prefers to be addressed by first name.
Owns a bicycle.
HbA1c 5.3% at a routine check.
Photographs local wildlife.","Female patient of 19 years.
Requests contraception.
During a checkup in 2024, total protein was 7.0 g/dL.
Has two cats.
Lives in a second-floor apartment.
Sees a dentist yearly.
Her roommate sprained a thumb last month.
Plays the piano.
Zinc of 85 mcg/dL in 2024.
Teeth in good repair.
In 2024, folate was 12 ng/mL.
Pupils equal and reactive to light.
Her sister burned a hand on a stove years ago.
Knits as a hobby.
Paints watercolors as a hobby.
Enjoys board games.
eGFR now 24 mL/min/1.73 m2.
Prefers to be addressed by first name.
Owns a bicycle.
Her sister had diabetes years ago that went away after a change in diet.
Photographs local wildlife.","Female patient of 19 years.
Requests contraception.
During a checkup in 2024, total protein was 7.0 g/dL.
Has two cats.
Lives in a second-floor apartment.
Sees a dentist yearly.
Her roommate sprained a thumb last month.
Plays the piano.
Zinc of 85 mcg/dL in 2024.
Teeth in good repair.
In 2024, folate was 12 ng/mL.
Pupils equal and reactive to light.
Her sister burned a hand on a stove years ago.
Knits as a hobby.
Paints watercolors as a hobby.
Enjoys board games.
eGFR now 24 mL/min/1.73 m2.
Prefers to be addressed by first name.
Owns a bicycle.
Has never had diabetes.
Photographs local wildlife.","need: diabetes (patient or first-degree relative)
found: HbA1c 5.3% at a routine check.
subject: patient
status: absent
time: current","need: diabetes (patient or first-degree relative)
found: Her sister had diabetes years ago that went away after a change in diet.
subject: other (sister)
status: present
time: past","need: diabetes (patient or first-degree relative)
found: Has never had diabetes.
subject: patient
status: absent
time: current","For diabetes (patient or first-degree relative), the note states ""HbA1c 5.3% at a routine check.""; this concerns the patient, is recorded as present, at present.","For diabetes (patient or first-degree relative), the note states ""Her sister had diabetes years ago that went away after a change in diet.""; this concerns the patient's sister, is recorded as present, in the past.","For diabetes (patient or first-degree relative), the note states ""Has never had diabetes.""; this concerns the patient, is recorded as absent, at present.","{""criterion_holds"": 0, ""hdr"": 5, ""keywords"": [""diabet""], ""overrides"": {}, ""seed"": 754, ""tpl"": [""filler/lab/10"", ""filler/neutral/40"", ""filler/neutral/16"", ""filler/neutral/23"", ""filler/other/5"", ""filler/neutral/41"", ""filler/lab/16"", ""filler/neutral/35"", ""filler/lab/4"", ""filler/neutral/11"", ""filler/other/11"", ""filler/neutral/46"", ""filler/neutral/28"", ""filler/neutral/5"", ""egfr/current/5"", ""filler/neutral/47"", ""filler/neutral/34"", ""diabetes/absent/4"", ""filler/neutral/10""], ""tpl_split"": ""test""}",,,,,
E120,3,summary2 x triplets,B-F-summary2-triplets-s0,rule_v1.test.gs024.c2.subject.easy.271,gs024,g_score_cutoff,subject,easy,L2,base,-6.017456769943237,-14.565814018249512,21.257230758666992,-6.017456769943237,"For uncomplicated cystitis, prescribe trimethoprim-sulfamethoxazole. Score 3 points if the current ALT is above 120 U/L; 1 point if the patient or a first-degree relative (parent, sibling or child) has had diabetes at any time; 3 points if the current systolic blood pressure is above 160 mmHg; 2 points if the patient or a first-degree relative (parent, sibling or child) has had a venous thromboembolism at any time. If the score is 4 or more, prescribe nitrofurantoin instead.",diabetes (patient or first-degree relative),Prescribe trimethoprim-sulfamethoxazole.,Prescribe nitrofurantoin.,"Female patient of 44 years.
Dysuria and urinary frequency for two days; urine dipstick positive for nitrites.
Current ALT 133 U/L.
Prefers to be addressed by first name.
Observations now: blood pressure 140/92 mmHg.
Owns a bicycle.
Random glucose 92 mg/dL.","Female patient of 44 years.
Dysuria and urinary frequency for two days; urine dipstick positive for nitrites.
Current ALT 133 U/L.
Prefers to be addressed by first name.
Observations now: blood pressure 140/92 mmHg.
Owns a bicycle.
Formerly diabetic; in remission since 2024.","Female patient of 44 years.
Dysuria and urinary frequency for two days; urine dipstick positive for nitrites.
Current ALT 133 U/L.
Prefers to be addressed by first name.
Observations now: blood pressure 140/92 mmHg.
Owns a bicycle.
Her friend was diabetic until bariatric surgery several years ago.","need: diabetes (patient or first-degree relative)
found: Random glucose 92 mg/dL.
subject: patient
status: absent
time: current","need: diabetes (patient or first-degree relative)
found: Formerly diabetic; in remission since 2024.
subject: patient
status: present
time: past (2024)","need: diabetes (patient or first-degree relative)
found: Her friend was diabetic until bariatric surgery several years ago.
subject: other (friend)
status: present
time: past","For diabetes (patient or first-degree relative), the note states ""92""; this concerns the patient, is recorded as present, at present.","For diabetes (patient or first-degree relative), the note states ""Formerly diabetic; in remission since 2024.""; this concerns the patient, is recorded as present, in the past (2024).","For diabetes (patient or first-degree relative), the note states ""Her friend was diabetic until bariatric surgery several years ago.""; this concerns the patient's friend, is recorded as present, in the past.","{""criterion_holds"": 0, ""hdr"": 5, ""keywords"": [""diabet""], ""overrides"": {}, ""seed"": 271, ""tpl"": [""alt_enzyme/current/4"", ""filler/neutral/47"", ""sbp/current/5"", ""filler/neutral/34"", ""diabetes/rel_past/5""], ""tpl_split"": ""test""}",,,,,
E121,3,summary2 x triplets,B-F-summary2-triplets-s0,rule_v1.test.gs064.c1.subject.easy.1243,gs064,g_all_of,subject,easy,L2,near,28.503400802612305,-32.06937789916992,-21.45620822906494,28.503400802612305,"For an acute gout flare, prescribe colchicine. If the patient has ever had angioedema (current or past) and the patient or a first-degree relative (parent, sibling or child) has had colorectal cancer at any time, prescribe prednisone instead.",angioedema,Prescribe colchicine.,Prescribe prednisone.,"Man of 65 years.
Acute gout flare of the right first metatarsophalangeal joint.
Drives a car.
Prefers to be addressed by first name.
Teeth in good repair.
Pupils equal and reactive to light.
Formerly had colon cancer; recovered fully after an operation in 2013.","Man of 65 years.
Acute gout flare of the right first metatarsophalangeal joint.
Drives a car.
Prefers to be addressed by first name.
Lives with chronic angioedema that flares several times a year.
Teeth in good repair.
Pupils equal and reactive to light.
Formerly had colon cancer; recovered fully after an operation in 2013.","Man of 65 years.
Acute gout flare of the right first metatarsophalangeal joint.
Drives a car.
Prefers to be addressed by first name.
His sister is being treated for angioedema.
Teeth in good repair.
Pupils equal and reactive to light.
Formerly had colon cancer; recovered fully after an operation in 2013.","need: angioedema
found: not mentioned
subject: patient
status: absent
time: current","need: angioedema
found: Lives with chronic angioedema that flares several times a year.
subject: patient
status: present
time: current","need: angioedema
found: His sister is being treated for angioedema.
subject: other (sister)
status: present
time: current",The note does not mention angioedema.,"For angioedema, the note states ""Lives with chronic angioedema that flares several times a year.""; this concerns the patient, is recorded as present, at present.","For angioedema, the note states ""His sister is being treated for angioedema.""; this concerns the patient's sister, is recorded as present, at present.","{""criterion_holds"": 0, ""hdr"": 4, ""keywords"": [""angioedema""], ""overrides"": {}, ""seed"": 1243, ""tpl"": [""filler/neutral/17"", ""filler/neutral/47"", ""angioedema/rel/4"", ""filler/neutral/35"", ""filler/neutral/11"", ""crc/past/5""], ""tpl_split"": ""test""}",,,,,
E122,3,summary2 x triplets,B-F-summary2-triplets-s0,rule_v1.test.gs087.c2.subject.easy.164,gs087,g_score_cutoff,subject,easy,L2,near,23.552623748779297,-26.716988563537598,-0.36720073223114014,23.552623748779297,"For knee osteoarthritis pain, prescribe naproxen. Score 2 points if the patient is allergic to penicillin; 1 point if the patient or a first-degree relative (parent, sibling or child) has had a venous thromboembolism at any time; 3 points if the current heart rate is above 90/min. If the score is 6 or more, prescribe acetaminophen instead.",venous thromboembolism (patient or first-degree relative),Prescribe naproxen.,Prescribe acetaminophen.,"Female patient of 81 years.
Knee osteoarthritis with pain on walking.
Current heart rate 96/min.
Photographs local wildlife.
Penicillin allergy: anaphylaxis.
Coagulation tests normal on recent bloodwork.","Female patient of 81 years.
Knee osteoarthritis with pain on walking.
Current heart rate 96/min.
Photographs local wildlife.
Penicillin allergy: anaphylaxis.
Ongoing treatment for a deep vein thrombosis of the left arm.","Female patient of 81 years.
Knee osteoarthritis with pain on walking.
Current heart rate 96/min.
Photographs local wildlife.
Penicillin allergy: anaphylaxis.
Her wife is being treated for a pulmonary embolism.","need: venous thromboembolism (patient or first-degree relative)
found: Coagulation tests normal on recent bloodwork.
subject: patient
status: absent
time: current","need: venous thromboembolism (patient or first-degree relative)
found: Ongoing treatment for a deep vein thrombosis of the left arm.
subject: patient
status: present
time: current","need: venous thromboembolism (patient or first-degree relative)
found: Her wife is being treated for a pulmonary embolism.
subject: other (wife)
status: present
time: current","For venous thromboembolism (patient or first-degree relative), the note states ""Coagulation tests normal on recent bloodwork.""; this concerns the patient, is recorded as absent, at present.","For venous thromboembolism (patient or first-degree relative), the note states ""Ongoing treatment for a deep vein thrombosis of the left arm.""; this concerns the patient, is recorded as present, at present.","For venous thromboembolism (patient or first-degree relative), the note states ""Her wife is being treated for a pulmonary embolism.""; this concerns the patient's wife, is recorded as present, at present.","{""criterion_holds"": 0, ""hdr"": 5, ""keywords"": [""thrombo"", ""dvt"", ""pulmonary embol""], ""overrides"": {}, ""seed"": 164, ""tpl"": [""heart_rate/current/4"", ""filler/neutral/10"", ""pen_allergy/present/4"", ""vte/rel/4""], ""tpl_split"": ""test""}",,,,,
E123,3,summary2 x triplets,B-F-summary2-triplets-s0,rule_v1.test.gs138.c1.subject.easy.1359,gs138,g_two_of_three,subject,easy,L2,near,29.717805862426758,-28.588135719299316,-3.7904480695724487,29.717805862426758,"For stroke prevention in atrial fibrillation, prescribe apixaban. If at least two of the following apply, prescribe warfarin instead: the patient or a first-degree relative (parent, sibling or child) has had a venous thromboembolism at any time; the current weight is 60 kg or less; the patient currently has heart failure.",venous thromboembolism (patient or first-degree relative),Prescribe apixaban.,Prescribe warfarin.,"Man of 51 years.
Atrial fibrillation; anticoagulation indicated.
Has heart failure, treated with diuretics.
Lives in a second-floor apartment.
Current weight 87 kg.
Coagulation tests normal on recent bloodwork.","Man of 51 years.
Atrial fibrillation; anticoagulation indicated.
Has heart failure, treated with diuretics.
Lives in a second-floor apartment.
Current weight 87 kg.
Recovered from a pulmonary embolism in 2022.","Man of 51 years.
Atrial fibrillation; anticoagulation indicated.
Has heart failure, treated with diuretics.
Lives in a second-floor apartment.
Current weight 87 kg.
His wife recovered from a pulmonary embolism in 2024.","need: venous thromboembolism (patient or first-degree relative)
found: Coagulation tests normal on recent bloodwork.
subject: patient
status: absent
time: current","need: venous thromboembolism (patient or first-degree relative)
found: Recovered from a pulmonary embolism in 2022.
subject: patient
status: present
time: past (2022)","need: venous thromboembolism (patient or first-degree relative)
found: His wife recovered from a pulmonary embolism in 2024.
subject: other (wife)
status: present
time: past (2024)","For venous thromboembolism (patient or first-degree relative), the note states ""Coagulation tests normal on recent bloodwork.""; this concerns the patient, is recorded as absent, at present.","For venous thromboembolism (patient or first-degree relative), the note states ""Recovered from a pulmonary embolism in 2022.""; this concerns the patient, is recorded as present, in the past (2022).","For venous thromboembolism (patient or first-degree relative), the note states ""His wife recovered from a pulmonary embolism in 2024.""; this concerns the patient's wife, is recorded as present, in the past (2024).","{""criterion_holds"": 0, ""hdr"": 4, ""keywords"": [""thrombo"", ""dvt"", ""pulmonary embol""], ""overrides"": {}, ""seed"": 1359, ""tpl"": [""chf/present/4"", ""filler/neutral/16"", ""weight/current/4"", ""vte/rel_past/5""], ""tpl_split"": ""test""}",,,,,
E124,3,summary2 x triplets,B-F-summary2-triplets-s0,rule_v1.test.gs180.c3.subject.easy.218,gs180,g_score_cutoff,subject,easy,L2,flip,25.661333084106445,5.115417003631592,22.6082763671875,25.661333084106445,"For community-acquired pneumonia treated at home, prescribe amoxicillin. Score 1 point if the current systolic blood pressure is above 160 mmHg; 1 point if the patient is allergic to sulfonamide antibiotics; 2 points if the patient has ever had asthma (current or past); 3 points if the patient has active cancer. If the score is 6 or more, prescribe doxycycline instead.",asthma at any time,Prescribe amoxicillin.,Prescribe doxycycline.,"Female patient of 53 years.
Productive cough and fever; consolidation on chest radiograph.
Drives a car.
Inhaler use: none.
Uses sunscreen in summer.
Has metastatic lung cancer, receiving palliative treatment.
Owns a bicycle.
Current systolic blood pressure 176 mmHg.","Female patient of 53 years.
Productive cough and fever; consolidation on chest radiograph.
Drives a car.
Asthma in the early school years, outgrown long ago.
Uses sunscreen in summer.
Has metastatic lung cancer, receiving palliative treatment.
Owns a bicycle.
Current systolic blood pressure 176 mmHg.","Female patient of 53 years.
Productive cough and fever; consolidation on chest radiograph.
Drives a car.
Her wife had asthma years ago.
Uses sunscreen in summer.
Has metastatic lung cancer, receiving palliative treatment.
Owns a bicycle.
Current systolic blood pressure 176 mmHg.","need: asthma at any time
found: Inhaler use: none.
subject: patient
status: absent
time: current","need: asthma at any time
found: Asthma in the early school years, outgrown long ago.
subject: patient
status: present
time: past","need: asthma at any time
found: Her wife had asthma years ago.
subject: other (wife)
status: present
time: past","For asthma at any time, the note states ""Inhaler use: none.""; this concerns the patient, is recorded as absent, at present.","For asthma at any time, the note states ""Asthma in the early school years, outgrown long ago.""; this concerns the patient, is recorded as present, in the past.","For asthma at any time, the note states ""Her wife had asthma years ago.""; this concerns the patient's wife, is recorded as present, in the past.","{""criterion_holds"": 0, ""hdr"": 5, ""keywords"": [""asthma""], ""overrides"": {}, ""seed"": 218, ""tpl"": [""filler/neutral/17"", ""asthma/rel_past/4"", ""filler/neutral/22"", ""cancer/present/4"", ""filler/neutral/34"", ""sbp/current/4""], ""tpl_split"": ""test""}",,,,,
E125,3,summary2 x triplets,B-F-summary2-triplets-s0,rule_v1.test.gs220.c2.subject.easy.1566,gs220,g_all_of,subject,easy,L2,base,-22.055150985717773,-29.39729404449463,29.576151847839355,28.279726028442383,"For contraception, prescribe a combined oral contraceptive. If the current eGFR is below 30 mL/min/1.73 m2 and the patient or a first-degree relative (parent, sibling or child) has had diabetes at any time, prescribe a progestin-only pill instead.",diabetes (patient or first-degree relative),Prescribe a combined oral contraceptive.,Prescribe a progestin-only pill.,"Female patient of 20 years.
Requests contraception.
Plays the piano.
Current eGFR 20 mL/min/1.73 m2.
Random glucose 92 mg/dL.","Female patient of 20 years.
Requests contraception.
Plays the piano.
Current eGFR 20 mL/min/1.73 m2.
Had diabetes years ago that went into remission on a low-calorie diet.","Female patient of 20 years.
Requests contraception.
Plays the piano.
Current eGFR 20 mL/min/1.73 m2.
Her friend had diabetes years ago that went away after a change in diet.","need: diabetes (patient or first-degree relative)
found: Random glucose 92 mg/dL.
subject: patient
status: absent
time: current","need: diabetes (patient or first-degree relative)
found: Had diabetes years ago that went into remission on a low-calorie diet.
subject: patient
status: present
time: past","need: diabetes (patient or first-degree relative)
found: Her friend had diabetes years ago that went away after a change in diet.
subject: other (friend)
status: present
time: past","For diabetes (patient or first-degree relative), the note states ""92""; this concerns the patient, is recorded as present, at present.","For diabetes (patient or first-degree relative), the note states ""Had diabetes years ago that went into remission on a low-calorie diet.""; this concerns the patient, is recorded as present, in the past.","For diabetes (patient or first-degree relative), the note states ""Her friend had diabetes years ago that went away after a change in diet.""; this concerns the patient's friend, is recorded as present, in the past.","{""criterion_holds"": 0, ""hdr"": 5, ""keywords"": [""diabet""], ""overrides"": {}, ""seed"": 1566, ""tpl"": [""filler/neutral/41"", ""egfr/current/4"", ""diabetes/rel_past/4""], ""tpl_split"": ""test""}",,,,,
E126,3,summary2 x triplets,B-F-summary2-triplets-s0,rule_v1.test.gs223.c2.subject.easy.1817,gs223,g_two_of_three,subject,easy,L2,near,27.894556045532227,-31.983020782470703,-2.0560696125030518,27.894556045532227,"For contraception, prescribe a combined oral contraceptive. If at least two of the following apply, prescribe a progestin-only pill instead: the patient or a first-degree relative (parent, sibling or child) has had diabetes at any time; the patient or a first-degree relative (parent, sibling or child) has had colorectal cancer at any time; the current blood urea nitrogen is above 19 mg/dL.",colorectal cancer (patient or first-degree relative),Prescribe a combined oral contraceptive.,Prescribe a progestin-only pill.,"Female patient of 21 years.
Requests contraception.
Plays the piano.
Random glucose 92 mg/dL.
Has two cats.
Rectal exam unremarkable.
Uses sunscreen in summer.
Blood urea nitrogen now: 27 mg/dL.
Teeth in good repair.","Female patient of 21 years.
Requests contraception.
Plays the piano.
Random glucose 92 mg/dL.
Has two cats.
Colorectal cancer under active treatment.
Uses sunscreen in summer.
Blood urea nitrogen now: 27 mg/dL.
Teeth in good repair.","Female patient of 21 years.
Requests contraception.
Plays the piano.
Random glucose 92 mg/dL.
Has two cats.
Her wife is undergoing surgery for bowel cancer.
Uses sunscreen in summer.
Blood urea nitrogen now: 27 mg/dL.
Teeth in good repair.","need: colorectal cancer (patient or first-degree relative)
found: Rectal exam unremarkable.
subject: patient
status: absent
time: current","need: colorectal cancer (patient or first-degree relative)
found: Colorectal cancer under active treatment.
subject: patient
status: present
time: current","need: colorectal cancer (patient or first-degree relative)
found: Her wife is undergoing surgery for bowel cancer.
subject: other (wife)
status: present
time: current","For colorectal cancer (patient or first-degree relative), the note states ""Rectal exam unremarkable.""; this concerns the patient, is recorded as absent, at present.","For colorectal cancer (patient or first-degree relative), the note states ""Colorectal cancer under active treatment.""; this concerns the patient, is recorded as present, at present.","For colorectal cancer (patient or first-degree relative), the note states ""Her wife is undergoing surgery for bowel cancer.""; this concerns the patient's wife, is recorded as present, at present.","{""criterion_holds"": 0, ""hdr"": 5, ""keywords"": [""colorectal cancer"", ""colon cancer"", ""bowel cancer""], ""overrides"": {}, ""seed"": 1817, ""tpl"": [""filler/neutral/41"", ""diabetes/generic/5"", ""filler/neutral/40"", ""crc/rel/4"", ""filler/neutral/22"", ""bun/current/4"", ""filler/neutral/35""], ""tpl_split"": ""test""}",,,,,
E127,3,verdict x blocks,B-F-verdict-blocks-s0,rule_v1.test.gs002.c2.boundary.easy.197,gs002,g_any_of,boundary,easy,L2,near,29.164608001708984,-26.51223087310791,-10.599393844604492,29.860130310058594,"For uncomplicated cystitis, prescribe trimethoprim-sulfamethoxazole. If the current heart rate is above 90/min or the current serum potassium is above 4.8 mmol/L, prescribe nitrofurantoin instead.",serum potassium above 4.8,Prescribe trimethoprim-sulfamethoxazole.,Prescribe nitrofurantoin.,"Female patient of 37 years.
Dysuria and urinary frequency for two days; urine dipstick positive for nitrites.
Photographs local wildlife.
Current heart rate 78/min.
Latest potassium result: 3.8 mmol/L.
Sleeps seven hours a night.","Female patient of 37 years.
Dysuria and urinary frequency for two days; urine dipstick positive for nitrites.
Photographs local wildlife.
Current heart rate 78/min.
Latest potassium result: 5.3 mmol/L.
Sleeps seven hours a night.","Female patient of 37 years.
Dysuria and urinary frequency for two days; urine dipstick positive for nitrites.
Photographs local wildlife.
Current heart rate 78/min.
Latest potassium result: 4.8 mmol/L.
Sleeps seven hours a night.","need: serum potassium above 4.8
found: 3.8
subject: patient
status: present
time: current","need: serum potassium above 4.8
found: 5.3
subject: patient
status: present
time: current","need: serum potassium above 4.8
found: 4.8
subject: patient
status: present
time: current",,,,"{""criterion_holds"": 0, ""hdr"": 5, ""keywords"": [""potassium""], ""overrides"": {}, ""seed"": 197, ""tpl"": [""filler/neutral/10"", ""heart_rate/current/4"", ""potassium/current/5"", ""filler/neutral/4""], ""tpl_split"": ""test""}",,,,,
E128,3,verdict x blocks,B-F-verdict-blocks-s0,rule_v1.test.gs118.c3.boundary.easy.136,gs118,g_score_cutoff,boundary,easy,L2,flip,19.57566738128662,4.4350444078445435,11.768134117126465,23.81597900390625,"For heart failure with reduced ejection fraction, prescribe spironolactone. Score 2 points if the current white cell count is above 12.0 x10^9/L; 3 points if the patient has ever had angioedema (current or past); 2 points if the current eGFR is below 45 mL/min/1.73 m2; 1 point if the current heart rate is above 90/min. If the score is 4 or more, prescribe dapagliflozin instead.",eGFR below 45,Prescribe spironolactone.,Prescribe dapagliflozin.,"Male patient of 76 years.
Heart failure with reduced ejection fraction (ejection fraction 30%), still symptomatic.
Drives a car.
Latest WBC is 13.1 x10^9/L.
Heart rate now 58/min on a pulse check.
Current eGFR 88 mL/min/1.73 m2.","Male patient of 76 years.
Heart failure with reduced ejection fraction (ejection fraction 30%), still symptomatic.
Drives a car.
Latest WBC is 13.1 x10^9/L.
Heart rate now 58/min on a pulse check.
Current eGFR 40 mL/min/1.73 m2.","Male patient of 76 years.
Heart failure with reduced ejection fraction (ejection fraction 30%), still symptomatic.
Drives a car.
Latest WBC is 13.1 x10^9/L.
Heart rate now 58/min on a pulse check.
Current eGFR 45 mL/min/1.73 m2.","need: eGFR below 45
found: 88
subject: patient
status: present
time: current","need: eGFR below 45
found: 40
subject: patient
status: present
time: current","need: eGFR below 45
found: 45
subject: patient
status: present
time: current",,,,"{""criterion_holds"": 0, ""hdr"": 5, ""keywords"": [""egfr""], ""overrides"": {}, ""seed"": 136, ""tpl"": [""filler/neutral/17"", ""wbc/current/5"", ""heart_rate/current/5"", ""egfr/current/4""], ""tpl_split"": ""test""}",,,,,
E129,3,verdict x blocks,B-F-verdict-blocks-s0,rule_v1.test.gs010.c2.negation.easy.784,gs010,g_score_cutoff,negation,easy,L2,base; near,-2.249564051628113,-19.208979606628418,-1.2470238208770752,8.389822959899902,"For stroke prevention in atrial fibrillation, prescribe apixaban. Score 3 points if the patient has ever had coronary artery disease (current or past); 3 points if the patient or a first-degree relative (parent, sibling or child) has had colorectal cancer at any time; 2 points if the current white cell count is above 12.0 x10^9/L. If the score is 7 or more, prescribe warfarin instead.",colorectal cancer (patient or first-degree relative),Prescribe apixaban.,Prescribe warfarin.,"Man of 77 years.
Atrial fibrillation; anticoagulation indicated.
Current white cell count 13.0 x10^9/L.
Uses sunscreen in summer.
Had coronary artery disease, treated with bypass surgery in 2006; recovered well.","Man of 77 years.
Atrial fibrillation; anticoagulation indicated.
Current white cell count 13.0 x10^9/L.
His sister has advanced colorectal cancer.
Uses sunscreen in summer.
Had coronary artery disease, treated with bypass surgery in 2006; recovered well.","Man of 77 years.
Atrial fibrillation; anticoagulation indicated.
Current white cell count 13.0 x10^9/L.
Has never had bowel cancer.
Uses sunscreen in summer.
Had coronary artery disease, treated with bypass surgery in 2006; recovered well.","need: colorectal cancer (patient or first-degree relative)
found: not mentioned
subject: patient
status: absent
time: current","need: colorectal cancer (patient or first-degree relative)
found: His sister has advanced colorectal cancer.
subject: other (sister)
status: present
time: current","need: colorectal cancer (patient or first-degree relative)
found: Has never had bowel cancer.
subject: patient
status: absent
time: current",,,,"{""criterion_holds"": 0, ""hdr"": 4, ""keywords"": [""colorectal cancer"", ""colon cancer"", ""bowel cancer""], ""overrides"": {}, ""seed"": 784, ""tpl"": [""wbc/current/4"", ""crc/absent/4"", ""filler/neutral/22"", ""cad/past/5""], ""tpl_split"": ""test""}",,,,,
E130,3,verdict x blocks,B-F-verdict-blocks-s0,rule_v1.test.gs140.c1.negation.easy.1123,gs140,g_score_cutoff,negation,easy,L2,flip,24.9406099319458,1.8759348392486572,25.917811393737793,22.416611671447754,"For primary prevention, prescribe atorvastatin. Score 2 points if the patient has ever had a venous thromboembolism (current or past); 1 point if the patient or a first-degree relative (parent, sibling or child) has had colorectal cancer at any time; 2 points if the current temperature is above 38.0 C. If the score is 3 or more, prescribe ezetimibe instead.",venous thromboembolism,Prescribe atorvastatin.,Prescribe ezetimibe.,"Man of 45 years.
Primary prevention; LDL cholesterol 182 mg/dL.
Current temperature 37.4 C.
Knits as a hobby.
Coagulation tests normal on recent bloodwork.
Owns a bicycle.
Lives in a second-floor apartment.
Formerly had colon cancer; recovered fully after an operation in 2023.","Man of 45 years.
Primary prevention; LDL cholesterol 182 mg/dL.
Current temperature 37.4 C.
Knits as a hobby.
Ongoing treatment for a deep vein thrombosis of the left arm.
Owns a bicycle.
Lives in a second-floor apartment.
Formerly had colon cancer; recovered fully after an operation in 2023.","Man of 45 years.
Primary prevention; LDL cholesterol 182 mg/dL.
Current temperature 37.4 C.
Knits as a hobby.
Has never had a DVT or pulmonary embolism, nor has any parent, sibling or child.
Owns a bicycle.
Lives in a second-floor apartment.
Formerly had colon cancer; recovered fully after an operation in 2023.","need: venous thromboembolism
found: Coagulation tests normal on recent bloodwork.
subject: patient
status: absent
time: current","need: venous thromboembolism
found: Ongoing treatment for a deep vein thrombosis of the left arm.
subject: patient
status: present
time: current","need: venous thromboembolism
found: Has never had a DVT or pulmonary embolism, nor has any parent, sibling or child.
subject: patient
status: absent
time: current",,,,"{""criterion_holds"": 0, ""hdr"": 4, ""keywords"": [""thrombo"", ""dvt"", ""pulmonary embol""], ""overrides"": {}, ""seed"": 1123, ""tpl"": [""temperature/current/4"", ""filler/neutral/46"", ""vte/absent/4"", ""filler/neutral/34"", ""filler/neutral/16"", ""crc/past/5""], ""tpl_split"": ""test""}",,,,,
E131,3,verdict x blocks,B-F-verdict-blocks-s0,rule_v1.test.gs230.c4.negation.easy.436,gs230,g_score_cutoff,negation,easy,L2,base; near,-13.102091789245605,-15.307886600494385,-12.06317663192749,-12.110250473022461,"For uncomplicated cystitis, prescribe trimethoprim-sulfamethoxazole. Score 2 points if the patient has ever had a myocardial infarction or peripheral artery disease (current or past); 2 points if the patient currently has tonsillar exudate; 3 points if the current calf swelling compared with the other leg is 3.0 cm or more; 1 point if the patient has ever had a peptic ulcer (current or past). If the score is 8 or more, prescribe nitrofurantoin instead.",peptic ulcer at any time,Prescribe trimethoprim-sulfamethoxazole.,Prescribe nitrofurantoin.,"Woman of 26 years.
Dysuria and urinary frequency for two days; urine dipstick positive for nitrites.
Has two cats.
Abdomen soft and non-tender.
Tonsillar exudate visible on both sides.
Current calf swelling 4.3 cm compared with the other leg.
Lives with peripheral artery disease affecting the left leg.","Woman of 26 years.
Dysuria and urinary frequency for two days; urine dipstick positive for nitrites.
Has two cats.
Has an active duodenal ulcer.
Tonsillar exudate visible on both sides.
Current calf swelling 4.3 cm compared with the other leg.
Lives with peripheral artery disease affecting the left leg.","Woman of 26 years.
Dysuria and urinary frequency for two days; urine dipstick positive for nitrites.
Has two cats.
Has never had a peptic ulcer.
Tonsillar exudate visible on both sides.
Current calf swelling 4.3 cm compared with the other leg.
Lives with peripheral artery disease affecting the left leg.","need: peptic ulcer at any time
found: Abdomen soft and non-tender.
subject: patient
status: absent
time: current","need: peptic ulcer at any time
found: Has an active duodenal ulcer.
subject: patient
status: present
time: current","need: peptic ulcer at any time
found: Has never had a peptic ulcer.
subject: patient
status: absent
time: current",,,,"{""criterion_holds"": 0, ""hdr"": 4, ""keywords"": [""ulcer""], ""overrides"": {}, ""seed"": 436, ""tpl"": [""filler/neutral/40"", ""peptic_ulcer/absent/4"", ""exudate/present/5"", ""calf_swelling/current/4"", ""vascular/present/4""], ""tpl_split"": ""test""}",,,,,
E132,3,verdict x blocks,B-F-verdict-blocks-s0,rule_v1.test.gs010.c3.numeric.easy.831,gs010,g_score_cutoff,numeric,easy,L2,base,-2.3428536653518677,-18.89455223083496,1.6066619157791138,6.12936806678772,"For stroke prevention in atrial fibrillation, prescribe apixaban. Score 3 points if the patient has ever had coronary artery disease (current or past); 3 points if the patient or a first-degree relative (parent, sibling or child) has had colorectal cancer at any time; 2 points if the current white cell count is above 12.0 x10^9/L. If the score is 7 or more, prescribe warfarin instead.",white cell count above 12.0,Prescribe apixaban.,Prescribe warfarin.,"Man of 52 years.
Atrial fibrillation; anticoagulation indicated.
Prefers morning appointments.
Lives in a second-floor apartment.
Current white cell count 6.3 x10^9/L.
Colorectal cancer under active treatment.
Known coronary artery disease (two-vessel disease on angiography).
Teeth in good repair.","Man of 52 years.
Atrial fibrillation; anticoagulation indicated.
Prefers morning appointments.
Lives in a second-floor apartment.
Current white cell count 13.5 x10^9/L.
Colorectal cancer under active treatment.
Known coronary artery disease (two-vessel disease on angiography).
Teeth in good repair.","Man of 52 years.
Atrial fibrillation; anticoagulation indicated.
Prefers morning appointments.
Lives in a second-floor apartment.
Current white cell count 11.3 x10^9/L.
Colorectal cancer under active treatment.
Known coronary artery disease (two-vessel disease on angiography).
Teeth in good repair.","need: white cell count above 12.0
found: 6.3
subject: patient
status: present
time: current","need: white cell count above 12.0
found: 13.5
subject: patient
status: present
time: current","need: white cell count above 12.0
found: 11.3
subject: patient
status: present
time: current",,,,"{""criterion_holds"": 0, ""hdr"": 4, ""keywords"": [""white cell"", ""wbc""], ""overrides"": {}, ""seed"": 831, ""tpl"": [""filler/neutral/29"", ""filler/neutral/16"", ""wbc/current/4"", ""crc/present/4"", ""cad/present/5"", ""filler/neutral/35""], ""tpl_split"": ""test""}",,,,,
E133,3,verdict x blocks,B-F-verdict-blocks-s0,rule_v1.test.gs134.c2.numeric.long.974,gs134,g_score_cutoff,numeric,long,L2,base; near,-1.729992389678955,-13.198545455932617,-0.1883392333984375,-4.578357696533203,"For contraception, prescribe a combined oral contraceptive. Score 2 points if the patient or a first-degree relative (parent, sibling or child) has had coronary artery disease at any time; 2 points if the current weight is 60 kg or less; 2 points if the current platelet count is below 50 x10^9/L; 1 point if the patient currently has tender anterior cervical lymph nodes. If the score is 7 or more, prescribe a progestin-only pill instead.",weight at or below 60,Prescribe a combined oral contraceptive.,Prescribe a progestin-only pill.,"Female patient of 19 years.
Requests contraception.
Her roommate wears contact lenses.
Photographs local wildlife.
Owns a bicycle.
Teeth in good repair.
Had coronary artery disease, treated with bypass surgery in 2024; recovered well.
In 2024, folate was 12 ng/mL.
Prefers morning appointments.
Her roommate lives with psoriasis.
Her sister sprained a thumb last month.
Sees a dentist yearly.
Her friend has a lazy eye.
Knits as a hobby.
Plays the piano.
Anterior cervical lymph nodes enlarged and tender to touch.
Paints watercolors as a hobby.
Platelet count now 49 x10^9/L.
Current weight 69 kg.
Sleeps seven hours a night.
Uses sunscreen in summer.
Prefers to be addressed by first name.
In 2024, lipase was 30 U/L.","Female patient of 19 years.
Requests contraception.
Her roommate wears contact lenses.
Photographs local wildlife.
Owns a bicycle.
Teeth in good repair.
Had coronary artery disease, treated with bypass surgery in 2024; recovered well.
In 2024, folate was 12 ng/mL.
Prefers morning appointments.
Her roommate lives with psoriasis.
Her sister sprained a thumb last month.
Sees a dentist yearly.
Her friend has a lazy eye.
Knits as a hobby.
Plays the piano.
Anterior cervical lymph nodes enlarged and tender to touch.
Paints watercolors as a hobby.
Platelet count now 49 x10^9/L.
Current weight 59 kg.
Sleeps seven hours a night.
Uses sunscreen in summer.
Prefers to be addressed by first name.
In 2024, lipase was 30 U/L.","Female patient of 19 years.
Requests contraception.
Her roommate wears contact lenses.
Photographs local wildlife.
Owns a bicycle.
Teeth in good repair.
Had coronary artery disease, treated with bypass surgery in 2024; recovered well.
In 2024, folate was 12 ng/mL.
Prefers morning appointments.
Her roommate lives with psoriasis.
Her sister sprained a thumb last month.
Sees a dentist yearly.
Her friend has a lazy eye.
Knits as a hobby.
Plays the piano.
Anterior cervical lymph nodes enlarged and tender to touch.
Paints watercolors as a hobby.
Platelet count now 49 x10^9/L.
Current weight 63 kg.
Sleeps seven hours a night.
Uses sunscreen in summer.
Prefers to be addressed by first name.
In 2024, lipase was 30 U/L.","need: weight at or below 60
found: 69
subject: patient
status: present
time: current","need: weight at or below 60
found: 59
subject: patient
status: present
time: current","need: weight at or below 60
found: 63
subject: patient
status: present
time: current",,,,"{""criterion_holds"": 0, ""hdr"": 5, ""keywords"": [""weight"", ""weighs""], ""overrides"": {}, ""seed"": 974, ""tpl"": [""filler/other/16"", ""filler/neutral/10"", ""filler/neutral/34"", ""filler/neutral/35"", ""cad/past/5"", ""filler/lab/4"", ""filler/neutral/29"", ""filler/other/4"", ""filler/other/5"", ""filler/neutral/23"", ""filler/other/10"", ""filler/neutral/46"", ""filler/neutral/41"", ""neck_nodes/present/4"", ""filler/neutral/28"", ""platelets/current/5"", ""weight/current/4"", ""filler/neutral/4"", ""filler/neutral/22"", ""filler/neutral/47"", ""filler/lab/11""], ""tpl_split"": ""test""}",,,,,
E134,3,verdict x blocks,B-F-verdict-blocks-s0,rule_v1.test.gs004.c2.subject.long.1446,gs004,g_score_cutoff,subject,long,L2,near,12.201966285705566,-10.084219932556152,-7.461276531219482,8.595194816589355,"For community-acquired pneumonia, prescribe oral amoxicillin. Score 1 point if the patient is currently taking aspirin; 2 points if the patient has ever had heart failure (current or past); 1 point if the patient has had a major bleeding event at any time; 3 points if the current respiratory rate is 25/min or more. If the score is 4 or more, prescribe intravenous co-amoxiclav instead.",heart failure,Prescribe oral amoxicillin.,Prescribe intravenous co-amoxiclav.,"Male patient of 83 years.
Community-acquired pneumonia confirmed on chest radiograph.
Swallows one low-dose aspirin each night.
Photographs local wildlife.
His friend has a lazy eye.
Uses sunscreen in summer.
Owns a bicycle.
Current respiratory rate 18/min.
Paints watercolors as a hobby.
Currently has a major bleed from a duodenal ulcer, with transfusion under way.
During a checkup in 2024, free T3 was 3.2 pg/mL.
Zinc of 85 mcg/dL in 2007.
In 2006, lipase was 30 U/L.
His roommate sprained a thumb last month.
Knits as a hobby.
Pupils equal and reactive to light.
His roommate burned a hand on a stove years ago.
Plays the piano.
Prefers morning appointments.
Sees a dentist yearly.
Lives in a second-floor apartment.","Male patient of 83 years.
Community-acquired pneumonia confirmed on chest radiograph.
Swallows one low-dose aspirin each night.
Photographs local wildlife.
His friend has a lazy eye.
Uses sunscreen in summer.
Formerly had heart failure from stress cardiomyopathy; recovered fully in 2009 and off all heart medicines since.
Owns a bicycle.
Current respiratory rate 18/min.
Paints watercolors as a hobby.
Currently has a major bleed from a duodenal ulcer, with transfusion under way.
During a checkup in 2024, free T3 was 3.2 pg/mL.
Zinc of 85 mcg/dL in 2007.
In 2006, lipase was 30 U/L.
His roommate sprained a thumb last month.
Knits as a hobby.
Pupils equal and reactive to light.
His roommate burned a hand on a stove years ago.
Plays the piano.
Prefers morning appointments.
Sees a dentist yearly.
Lives in a second-floor apartment.","Male patient of 83 years.
Community-acquired pneumonia confirmed on chest radiograph.
Swallows one low-dose aspirin each night.
Photographs local wildlife.
His friend has a lazy eye.
Uses sunscreen in summer.
His friend had heart failure long ago and made a full recovery.
Owns a bicycle.
Current respiratory rate 18/min.
Paints watercolors as a hobby.
Currently has a major bleed from a duodenal ulcer, with transfusion under way.
During a checkup in 2024, free T3 was 3.2 pg/mL.
Zinc of 85 mcg/dL in 2007.
In 2006, lipase was 30 U/L.
His roommate sprained a thumb last month.
Knits as a hobby.
Pupils equal and reactive to light.
His roommate burned a hand on a stove years ago.
Plays the piano.
Prefers morning appointments.
Sees a dentist yearly.
Lives in a second-floor apartment.","need: heart failure
found: not mentioned
subject: patient
status: absent
time: current","need: heart failure
found: Formerly had heart failure from stress cardiomyopathy; recovered fully in 2009 and off all heart medicines since.
subject: patient
status: present
time: past (2009)","need: heart failure
found: His friend had heart failure long ago and made a full recovery.
subject: other (friend)
status: present
time: past",,,,"{""criterion_holds"": 0, ""hdr"": 5, ""keywords"": [""heart failure""], ""overrides"": {}, ""seed"": 1446, ""tpl"": [""aspirin/present/5"", ""filler/neutral/10"", ""filler/other/10"", ""filler/neutral/22"", ""chf/rel_past/5"", ""filler/neutral/34"", ""rr/current/4"", ""filler/neutral/28"", ""bleeding/present/4"", ""filler/lab/17"", ""filler/lab/16"", ""filler/lab/11"", ""filler/other/5"", ""filler/neutral/46"", ""filler/neutral/11"", ""filler/other/11"", ""filler/neutral/41"", ""filler/neutral/29"", ""filler/neutral/23"", ""filler/neutral/16""], ""tpl_split"": ""test""}",,,,,
E135,3,verdict x blocks,B-F-verdict-blocks-s0,rule_v1.test.gs139.c2.subject.long.925,gs139,g_all_of,subject,long,L2,near,26.963109016418457,-24.98824691772461,-22.407012939453125,26.913453102111816,"For vaginal candidiasis, prescribe oral fluconazole. If the patient currently has tender anterior cervical lymph nodes and the patient has ever had angioedema (current or past), prescribe clotrimazole pessaries instead.",angioedema,Prescribe oral fluconazole.,Prescribe clotrimazole pessaries.,"Woman of 33 years.
Vaginal itching and discharge; candidiasis confirmed on microscopy.
Her sister lives with psoriasis.
Owns a bicycle.
Drives a car.
Her wife burned a hand on a stove years ago.
Her friend has a lazy eye.
During a checkup in 2016, free T3 was 3.2 pg/mL.
Photographs local wildlife.
Enjoys board games.
Zinc of 85 mcg/dL in 2022.
During a checkup in 2021, total protein was 7.0 g/dL.
Paints watercolors as a hobby.
Her uncle has recovered from a dislocated finger.
Pupils equal and reactive to light.
Free of facial or oropharyngeal edema.
Knits as a hobby.
Prefers morning appointments.
Lives in a second-floor apartment.
Tender, swollen lymph nodes in the front of the neck.","Woman of 33 years.
Vaginal itching and discharge; candidiasis confirmed on microscopy.
Her sister lives with psoriasis.
Owns a bicycle.
Drives a car.
Her wife burned a hand on a stove years ago.
Her friend has a lazy eye.
During a checkup in 2016, free T3 was 3.2 pg/mL.
Photographs local wildlife.
Enjoys board games.
Zinc of 85 mcg/dL in 2022.
During a checkup in 2021, total protein was 7.0 g/dL.
Paints watercolors as a hobby.
Her uncle has recovered from a dislocated finger.
Pupils equal and reactive to light.
Recurrent angioedema, under allergy follow-up.
Knits as a hobby.
Prefers morning appointments.
Lives in a second-floor apartment.
Tender, swollen lymph nodes in the front of the neck.","Woman of 33 years.
Vaginal itching and discharge; candidiasis confirmed on microscopy.
Her sister lives with psoriasis.
Owns a bicycle.
Drives a car.
Her wife burned a hand on a stove years ago.
Her friend has a lazy eye.
During a checkup in 2016, free T3 was 3.2 pg/mL.
Photographs local wildlife.
Enjoys board games.
Zinc of 85 mcg/dL in 2022.
During a checkup in 2021, total protein was 7.0 g/dL.
Paints watercolors as a hobby.
Her uncle has recovered from a dislocated finger.
Pupils equal and reactive to light.
Her wife is being treated for angioedema.
Knits as a hobby.
Prefers morning appointments.
Lives in a second-floor apartment.
Tender, swollen lymph nodes in the front of the neck.","need: angioedema
found: Free of facial or oropharyngeal edema.
subject: patient
status: absent
time: current","need: angioedema
found: Recurrent angioedema, under allergy follow-up.
subject: patient
status: present
time: current","need: angioedema
found: Her wife is being treated for angioedema.
subject: other (wife)
status: present
time: current",,,,"{""criterion_holds"": 0, ""hdr"": 4, ""keywords"": [""angioedema""], ""overrides"": {}, ""seed"": 925, ""tpl"": [""filler/other/4"", ""filler/neutral/34"", ""filler/neutral/17"", ""filler/other/11"", ""filler/other/10"", ""filler/lab/17"", ""filler/neutral/10"", ""filler/neutral/5"", ""filler/lab/16"", ""filler/lab/10"", ""filler/neutral/28"", ""filler/other/17"", ""filler/neutral/11"", ""angioedema/rel/4"", ""filler/neutral/46"", ""filler/neutral/29"", ""filler/neutral/16"", ""neck_nodes/present/5""], ""tpl_split"": ""test""}",,,,,
E136,3,verdict x blocks,B-F-verdict-blocks-s0,rule_v1.test.s3_childpugh.ascites.subject.long.376,s3_childpugh,additive_score,subject,long,L2,near,19.395264625549316,-21.073415756225586,-3.217474341392517,20.283716201782227,"Child-Pugh score (as used here, partial; each finding below adds 1 point, whatever its grade): 1 point each for a current international normalized ratio (INR) of 1.7 or more; current ascites; new confusion (encephalopathy). Bilirubin, albumin and other items are not part of this question.",ascites,The ascites criterion contributes 0 points.,The ascites criterion contributes 1 point.,"Female patient of 60 years.
Cirrhosis due to chronic hepatitis B; reviewed by the hepatology team.
Current international normalized ratio 1.3.
Speech clear; follows commands.
Paints watercolors as a hobby.
Plays the piano.
Enjoys board games.
Sees a dentist yearly.
Drives a car.
Teeth in good repair.
Pupils equal and reactive to light.
Photographs local wildlife.
Has two cats.
Sleeps seven hours a night.
Her wife lives with psoriasis.
Knits as a hobby.
Prefers morning appointments.
Her roommate wears contact lenses.
During a checkup in 2015, total protein was 7.0 g/dL.
In 2022, lipase was 30 U/L.
Lives in a second-floor apartment.
Owns a bicycle.
Her father sprained a thumb last month.","Female patient of 60 years.
Cirrhosis due to chronic hepatitis B; reviewed by the hepatology team.
Current international normalized ratio 1.3.
Speech clear; follows commands.
Paints watercolors as a hobby.
Plays the piano.
Enjoys board games.
Sees a dentist yearly.
Drives a car.
Teeth in good repair.
Pupils equal and reactive to light.
Photographs local wildlife.
Has two cats.
Sleeps seven hours a night.
Her wife lives with psoriasis.
Has mild ascites, managed with a low-salt diet and diuretics.
Knits as a hobby.
Prefers morning appointments.
Her roommate wears contact lenses.
During a checkup in 2015, total protein was 7.0 g/dL.
In 2022, lipase was 30 U/L.
Lives in a second-floor apartment.
Owns a bicycle.
Her father sprained a thumb last month.","Female patient of 60 years.
Cirrhosis due to chronic hepatitis B; reviewed by the hepatology team.
Current international normalized ratio 1.3.
Speech clear; follows commands.
Paints watercolors as a hobby.
Plays the piano.
Enjoys board games.
Sees a dentist yearly.
Drives a car.
Teeth in good repair.
Pupils equal and reactive to light.
Photographs local wildlife.
Has two cats.
Sleeps seven hours a night.
Her wife lives with psoriasis.
Her wife currently has ascites.
Knits as a hobby.
Prefers morning appointments.
Her roommate wears contact lenses.
During a checkup in 2015, total protein was 7.0 g/dL.
In 2022, lipase was 30 U/L.
Lives in a second-floor apartment.
Owns a bicycle.
Her father sprained a thumb last month.","need: ascites
found: not mentioned
subject: patient
status: absent
time: current","need: ascites
found: Has mild ascites, managed with a low-salt diet and diuretics.
subject: patient
status: present
time: current","need: ascites
found: Her wife currently has ascites.
subject: other (wife)
status: present
time: current",,,,"{""criterion_holds"": 0, ""hdr"": 5, ""keywords"": [""ascites""], ""overrides"": {}, ""seed"": 376, ""tpl"": [""inr/current/4"", ""confusion/generic/4"", ""filler/neutral/28"", ""filler/neutral/41"", ""filler/neutral/5"", ""filler/neutral/23"", ""filler/neutral/17"", ""filler/neutral/35"", ""filler/neutral/11"", ""filler/neutral/10"", ""filler/neutral/40"", ""filler/neutral/4"", ""filler/other/4"", ""ascites/rel/4"", ""filler/neutral/46"", ""filler/neutral/29"", ""filler/other/16"", ""filler/lab/10"", ""filler/lab/11"", ""filler/neutral/16"", ""filler/neutral/34"", ""filler/other/5""], ""tpl_split"": ""test""}",,,,,
E137,3,verdict x blocks,B-F-verdict-blocks-s0,rule_v1.test.gs118.c3.time.easy.1067,gs118,g_score_cutoff,time,easy,L2,flip,19.168593406677246,4.688887357711792,8.00287389755249,20.862977981567383,"For heart failure with reduced ejection fraction, prescribe spironolactone. Score 2 points if the current white cell count is above 12.0 x10^9/L; 3 points if the patient has ever had angioedema (current or past); 2 points if the current eGFR is below 45 mL/min/1.73 m2; 1 point if the current heart rate is above 90/min. If the score is 4 or more, prescribe dapagliflozin instead.",eGFR below 45,Prescribe spironolactone.,Prescribe dapagliflozin.,"Man of 51 years.
Heart failure with reduced ejection fraction (ejection fraction 30%), still symptomatic.
Records from 2017 list eGFR at 52 mL/min/1.73 m2.
Has two cats.
Face and neck without swelling on examination.
Latest WBC is 12.6 x10^9/L.
Pupils equal and reactive to light.
Current eGFR 69 mL/min/1.73 m2.
Uses sunscreen in summer.
Sees a dentist yearly.
Heart rate now 63/min on a pulse check.","Man of 51 years.
Heart failure with reduced ejection fraction (ejection fraction 30%), still symptomatic.
Records from 2017 list eGFR at 52 mL/min/1.73 m2.
Has two cats.
Face and neck without swelling on examination.
Latest WBC is 12.6 x10^9/L.
Pupils equal and reactive to light.
Current eGFR 40 mL/min/1.73 m2.
Uses sunscreen in summer.
Sees a dentist yearly.
Heart rate now 63/min on a pulse check.","Man of 51 years.
Heart failure with reduced ejection fraction (ejection fraction 30%), still symptomatic.
Records from 2017 list eGFR at 35 mL/min/1.73 m2.
Has two cats.
Face and neck without swelling on examination.
Latest WBC is 12.6 x10^9/L.
Pupils equal and reactive to light.
Current eGFR 69 mL/min/1.73 m2.
Uses sunscreen in summer.
Sees a dentist yearly.
Heart rate now 63/min on a pulse check.","need: eGFR below 45
found: 52
subject: patient
status: present
time: past (2017)

need: eGFR below 45
found: 69
subject: patient
status: present
time: current","need: eGFR below 45
found: 52
subject: patient
status: present
time: past (2017)

need: eGFR below 45
found: 40
subject: patient
status: present
time: current","need: eGFR below 45
found: 35
subject: patient
status: present
time: past (2017)

need: eGFR below 45
found: 69
subject: patient
status: present
time: current",,,,"{""criterion_holds"": 0, ""hdr"": 4, ""keywords"": [""egfr""], ""overrides"": {}, ""seed"": 1067, ""tpl"": [""egfr/past/4"", ""filler/neutral/40"", ""angioedema/generic/4"", ""wbc/current/5"", ""filler/neutral/11"", ""egfr/current/4"", ""filler/neutral/22"", ""filler/neutral/23"", ""heart_rate/current/5""], ""tpl_split"": ""test""}",,,,,
E138,3,verdict x blocks,B-F-verdict-blocks-s0,rule_v1.test.gs180.c4.time.long.1672,gs180,g_score_cutoff,time,long,L2,base; near,-7.382198095321655,-15.753796100616455,-14.262414932250977,-4.775437355041504,"For community-acquired pneumonia treated at home, prescribe amoxicillin. Score 1 point if the current systolic blood pressure is above 160 mmHg; 1 point if the patient is allergic to sulfonamide antibiotics; 2 points if the patient has ever had asthma (current or past); 3 points if the patient has active cancer. If the score is 6 or more, prescribe doxycycline instead.",active cancer,Prescribe amoxicillin.,Prescribe doxycycline.,"Woman of 23 years.
Productive cough and fever; consolidation on chest radiograph.
Asthma in the early school years, outgrown long ago.
Pupils equal and reactive to light.
Sleeps seven hours a night.
Uses sunscreen in summer.
Her friend sprained a thumb last month.
During a checkup in 2023, total protein was 7.0 g/dL.
Prefers to be addressed by first name.
Zinc of 85 mcg/dL in 2024.
Sulfonamide antibiotic allergy: generalized rash.
Photographs local wildlife.
Prefers morning appointments.
Enjoys board games.
Sees a dentist yearly.
Plays the piano.
Owns a bicycle.
Her wife wears contact lenses.
Observations now: blood pressure 174/111 mmHg.
Has two cats.
Knits as a hobby.
Teeth in good repair.
Paints watercolors as a hobby.
Her father lives with psoriasis.
Lives in a second-floor apartment.","Woman of 23 years.
Productive cough and fever; consolidation on chest radiograph.
Asthma in the early school years, outgrown long ago.
Pupils equal and reactive to light.
Sleeps seven hours a night.
Uses sunscreen in summer.
Her friend sprained a thumb last month.
During a checkup in 2023, total protein was 7.0 g/dL.
Prefers to be addressed by first name.
Zinc of 85 mcg/dL in 2024.
Sulfonamide antibiotic allergy: generalized rash.
Photographs local wildlife.
Prefers morning appointments.
Enjoys board games.
Sees a dentist yearly.
Plays the piano.
Owns a bicycle.
Her wife wears contact lenses.
Has metastatic lung cancer, receiving palliative treatment.
Observations now: blood pressure 174/111 mmHg.
Has two cats.
Knits as a hobby.
Teeth in good repair.
Paints watercolors as a hobby.
Her father lives with psoriasis.
Lives in a second-floor apartment.","Woman of 23 years.
Productive cough and fever; consolidation on chest radiograph.
Asthma in the early school years, outgrown long ago.
Pupils equal and reactive to light.
Sleeps seven hours a night.
Uses sunscreen in summer.
Her friend sprained a thumb last month.
During a checkup in 2023, total protein was 7.0 g/dL.
Prefers to be addressed by first name.
Zinc of 85 mcg/dL in 2024.
Sulfonamide antibiotic allergy: generalized rash.
Photographs local wildlife.
Prefers morning appointments.
Enjoys board games.
Sees a dentist yearly.
Plays the piano.
Owns a bicycle.
Her wife wears contact lenses.
Formerly had kidney cancer, cured by surgery in 2022.
Observations now: blood pressure 174/111 mmHg.
Has two cats.
Knits as a hobby.
Teeth in good repair.
Paints watercolors as a hobby.
Her father lives with psoriasis.
Lives in a second-floor apartment.","need: active cancer
found: not mentioned
subject: patient
status: absent
time: current","need: active cancer
found: Has metastatic lung cancer, receiving palliative treatment.
subject: patient
status: present
time: current","need: active cancer
found: Formerly had kidney cancer, cured by surgery in 2022.
subject: patient
status: present
time: past (2022)",,,,"{""criterion_holds"": 0, ""hdr"": 4, ""keywords"": [""cancer"", ""lymphoma"", ""leukemia"", ""myeloma"", ""carcinoma""], ""overrides"": {}, ""seed"": 1672, ""tpl"": [""asthma/past/4"", ""filler/neutral/11"", ""filler/neutral/4"", ""filler/neutral/22"", ""filler/other/5"", ""filler/lab/10"", ""filler/neutral/47"", ""filler/lab/16"", ""sulfa_allergy/present/4"", ""filler/neutral/10"", ""filler/neutral/29"", ""filler/neutral/5"", ""filler/neutral/23"", ""filler/neutral/41"", ""filler/neutral/34"", ""filler/other/16"", ""cancer/past/5"", ""sbp/current/5"", ""filler/neutral/40"", ""filler/neutral/46"", ""filler/neutral/35"", ""filler/neutral/28"", ""filler/other/4"", ""filler/neutral/16""], ""tpl_split"": ""test""}",,,,,
E139,3,verdict x triplets,B-F-verdict-triplets-s0,rule_v1.test.gs024.c1.boundary.easy.967,gs024,g_score_cutoff,boundary,easy,L2,flip,20.845335006713867,8.793334722518921,21.53136920928955,18.49106502532959,"For uncomplicated cystitis, prescribe trimethoprim-sulfamethoxazole. Score 3 points if the current ALT is above 120 U/L; 1 point if the patient or a first-degree relative (parent, sibling or child) has had diabetes at any time; 3 points if the current systolic blood pressure is above 160 mmHg; 2 points if the patient or a first-degree relative (parent, sibling or child) has had a venous thromboembolism at any time. If the score is 4 or more, prescribe nitrofurantoin instead.",ALT above 120,Prescribe trimethoprim-sulfamethoxazole.,Prescribe nitrofurantoin.,"Female patient of 26 years.
Dysuria and urinary frequency for two days; urine dipstick positive for nitrites.
Observations now: blood pressure 133/88 mmHg.
Has an acute pulmonary embolism, diagnosed this week.
Prefers morning appointments.
HbA1c 5.3% at a routine check.
Sleeps seven hours a night.
ALT now 22 U/L.
Drives a car.","Female patient of 26 years.
Dysuria and urinary frequency for two days; urine dipstick positive for nitrites.
Observations now: blood pressure 133/88 mmHg.
Has an acute pulmonary embolism, diagnosed this week.
Prefers morning appointments.
HbA1c 5.3% at a routine check.
Sleeps seven hours a night.
ALT now 135 U/L.
Drives a car.","Female patient of 26 years.
Dysuria and urinary frequency for two days; urine dipstick positive for nitrites.
Observations now: blood pressure 133/88 mmHg.
Has an acute pulmonary embolism, diagnosed this week.
Prefers morning appointments.
HbA1c 5.3% at a routine check.
Sleeps seven hours a night.
ALT now 120 U/L.
Drives a car.","need: ALT above 120
found: 22
subject: patient
status: present
time: current","need: ALT above 120
found: 135
subject: patient
status: present
time: current","need: ALT above 120
found: 120
subject: patient
status: present
time: current",,,,"{""criterion_holds"": 0, ""hdr"": 5, ""keywords"": [""alt ""], ""overrides"": {}, ""seed"": 967, ""tpl"": [""sbp/current/5"", ""vte/present/4"", ""filler/neutral/29"", ""diabetes/generic/4"", ""filler/neutral/4"", ""alt_enzyme/current/5"", ""filler/neutral/17""], ""tpl_split"": ""test""}",,,,,
E140,3,verdict x triplets,B-F-verdict-triplets-s0,rule_v1.test.gs118.c4.boundary.easy.574,gs118,g_score_cutoff,boundary,easy,L2,flip,20.729026794433594,9.341615200042725,20.154303550720215,18.939879417419434,"For heart failure with reduced ejection fraction, prescribe spironolactone. Score 2 points if the current white cell count is above 12.0 x10^9/L; 3 points if the patient has ever had angioedema (current or past); 2 points if the current eGFR is below 45 mL/min/1.73 m2; 1 point if the current heart rate is above 90/min. If the score is 4 or more, prescribe dapagliflozin instead.",heart rate above 90,Prescribe spironolactone.,Prescribe dapagliflozin.,"Woman of 49 years.
Heart failure with reduced ejection fraction (ejection fraction 30%), still symptomatic.
Lives with chronic angioedema that flares several times a year.
Sleeps seven hours a night.
Latest WBC is 7.7 x10^9/L.
Knits as a hobby.
Prefers morning appointments.
Heart rate now 71/min on a pulse check.
Enjoys board games.
Current eGFR 79 mL/min/1.73 m2.","Woman of 49 years.
Heart failure with reduced ejection fraction (ejection fraction 30%), still symptomatic.
Lives with chronic angioedema that flares several times a year.
Sleeps seven hours a night.
Latest WBC is 7.7 x10^9/L.
Knits as a hobby.
Prefers morning appointments.
Heart rate now 100/min on a pulse check.
Enjoys board games.
Current eGFR 79 mL/min/1.73 m2.","Woman of 49 years.
Heart failure with reduced ejection fraction (ejection fraction 30%), still symptomatic.
Lives with chronic angioedema that flares several times a year.
Sleeps seven hours a night.
Latest WBC is 7.7 x10^9/L.
Knits as a hobby.
Prefers morning appointments.
Heart rate now 90/min on a pulse check.
Enjoys board games.
Current eGFR 79 mL/min/1.73 m2.","need: heart rate above 90
found: 71
subject: patient
status: present
time: current","need: heart rate above 90
found: 100
subject: patient
status: present
time: current","need: heart rate above 90
found: 90
subject: patient
status: present
time: current",,,,"{""criterion_holds"": 0, ""hdr"": 4, ""keywords"": [""heart rate""], ""overrides"": {}, ""seed"": 574, ""tpl"": [""angioedema/present/5"", ""filler/neutral/4"", ""wbc/current/5"", ""filler/neutral/46"", ""filler/neutral/29"", ""heart_rate/current/5"", ""filler/neutral/5"", ""egfr/current/4""], ""tpl_split"": ""test""}",,,,,
E141,3,verdict x triplets,B-F-verdict-triplets-s0,rule_v1.test.cut_bleed.bleed.negation.easy.1065,cut_bleed,score_cutoff,negation,easy,L2,flip,26.142894744873047,17.37186050415039,26.773700714111328,26.313185691833496,"For dual antiplatelet therapy after a myocardial infarction, prescribe aspirin plus ticagrelor. Score 2 points for a major bleeding event at any time; 1 point for age 75 years or more; 1 point for a current eGFR below 30 mL/min/1.73 m2. If the score is 2 or more, prescribe aspirin plus clopidogrel instead.",bleeding history,Prescribe aspirin plus ticagrelor.,Prescribe aspirin plus clopidogrel.,"An adult woman.
Recovering on the ward after a myocardial infarction treated with a stent.
Current eGFR 85 mL/min/1.73 m2.
Examination shows no signs of blood loss.
Knits as a hobby.
Has two cats.
Drives a car.
Photographs local wildlife.
Currently aged 63 years.","An adult woman.
Recovering on the ward after a myocardial infarction treated with a stent.
Current eGFR 85 mL/min/1.73 m2.
Major bleed from the stomach at present, with hemoglobin falling.
Knits as a hobby.
Has two cats.
Drives a car.
Photographs local wildlife.
Currently aged 63 years.","An adult woman.
Recovering on the ward after a myocardial infarction treated with a stent.
Current eGFR 85 mL/min/1.73 m2.
Medical records negative for major bleeding at any time.
Knits as a hobby.
Has two cats.
Drives a car.
Photographs local wildlife.
Currently aged 63 years.","need: bleeding history
found: Examination shows no signs of blood loss.
subject: patient
status: absent
time: current","need: bleeding history
found: Major bleed from the stomach at present, with hemoglobin falling.
subject: patient
status: present
time: current","need: bleeding history
found: Medical records negative for major bleeding at any time.
subject: patient
status: absent
time: current",,,,"{""criterion_holds"": 0, ""hdr"": 4, ""keywords"": [""bleed""], ""overrides"": {}, ""seed"": 1065, ""tpl"": [""egfr/current/4"", ""bleeding/absent/5"", ""filler/neutral/46"", ""filler/neutral/40"", ""filler/neutral/17"", ""filler/neutral/10"", ""age/current/4""], ""tpl_split"": ""test""}",,,,,
E142,3,verdict x triplets,B-F-verdict-triplets-s0,rule_v1.test.gs054.c1.negation.long.1701,gs054,g_score_cutoff,negation,long,L2,near,2.189195990562439,-10.304642677307129,-3.47257137298584,-2.6311129331588745,"For community-acquired pneumonia, prescribe oral amoxicillin. Score 3 points if the patient currently has a venous thromboembolism; 2 points if the patient or a first-degree relative (parent, sibling or child) has had colorectal cancer at any time; 2 points if the current respiratory rate is 22/min or more; 1 point if the current oxygen saturation is 91% or less. If the score is 6 or more, prescribe intravenous co-amoxiclav instead.",current venous thromboembolism,Prescribe oral amoxicillin.,Prescribe intravenous co-amoxiclav.,"Woman of 72 years.
Community-acquired pneumonia confirmed on chest radiograph.
Her roommate lives with psoriasis.
Her sister has a lazy eye.
Prefers morning appointments.
Teeth in good repair.
Photographs local wildlife.
During a checkup in 2006, free T3 was 3.2 pg/mL.
Current respiratory rate 23/min.
Enjoys board games.
Coagulation tests normal on recent bloodwork.
Her sister recovered from colon cancer after an operation in 2015.
Pupils equal and reactive to light.
Her roommate has recovered from a dislocated finger.
Paints watercolors as a hobby.
Latest oxygen saturation reading: 86%.
During a checkup in 2022, total protein was 7.0 g/dL.
Drives a car.
Knits as a hobby.
Uses sunscreen in summer.
Has two cats.
In 2012, folate was 12 ng/mL.
Prefers to be addressed by first name.
In 2015, lipase was 30 U/L.","Woman of 72 years.
Community-acquired pneumonia confirmed on chest radiograph.
Her roommate lives with psoriasis.
Her sister has a lazy eye.
Prefers morning appointments.
Teeth in good repair.
Photographs local wildlife.
During a checkup in 2006, free T3 was 3.2 pg/mL.
Current respiratory rate 23/min.
Enjoys board games.
Ongoing treatment for a deep vein thrombosis of the left arm.
Her sister recovered from colon cancer after an operation in 2015.
Pupils equal and reactive to light.
Her roommate has recovered from a dislocated finger.
Paints watercolors as a hobby.
Latest oxygen saturation reading: 86%.
During a checkup in 2022, total protein was 7.0 g/dL.
Drives a car.
Knits as a hobby.
Uses sunscreen in summer.
Has two cats.
In 2012, folate was 12 ng/mL.
Prefers to be addressed by first name.
In 2015, lipase was 30 U/L.","Woman of 72 years.
Community-acquired pneumonia confirmed on chest radiograph.
Her roommate lives with psoriasis.
Her sister has a lazy eye.
Prefers morning appointments.
Teeth in good repair.
Photographs local wildlife.
During a checkup in 2006, free T3 was 3.2 pg/mL.
Current respiratory rate 23/min.
Enjoys board games.
Venous thromboembolism has never occurred in the patient or in any parent, sibling or child.
Her sister recovered from colon cancer after an operation in 2015.
Pupils equal and reactive to light.
Her roommate has recovered from a dislocated finger.
Paints watercolors as a hobby.
Latest oxygen saturation reading: 86%.
During a checkup in 2022, total protein was 7.0 g/dL.
Drives a car.
Knits as a hobby.
Uses sunscreen in summer.
Has two cats.
In 2012, folate was 12 ng/mL.
Prefers to be addressed by first name.
In 2015, lipase was 30 U/L.","need: current venous thromboembolism
found: Coagulation tests normal on recent bloodwork.
subject: patient
status: absent
time: current","need: current venous thromboembolism
found: Ongoing treatment for a deep vein thrombosis of the left arm.
subject: patient
status: present
time: current","need: current venous thromboembolism
found: Venous thromboembolism has never occurred in the patient or in any parent, sibling or child.
subject: patient
status: absent
time: current",,,,"{""criterion_holds"": 0, ""hdr"": 4, ""keywords"": [""thrombo"", ""dvt"", ""pulmonary embol""], ""overrides"": {}, ""seed"": 1701, ""tpl"": [""filler/other/4"", ""filler/other/10"", ""filler/neutral/29"", ""filler/neutral/35"", ""filler/neutral/10"", ""filler/lab/17"", ""rr/current/4"", ""filler/neutral/5"", ""vte/absent/5"", ""crc/rel_past/5"", ""filler/neutral/11"", ""filler/other/17"", ""filler/neutral/28"", ""spo2/current/5"", ""filler/lab/10"", ""filler/neutral/17"", ""filler/neutral/46"", ""filler/neutral/22"", ""filler/neutral/40"", ""filler/lab/4"", ""filler/neutral/47"", ""filler/lab/11""], ""tpl_split"": ""test""}",,,,,
E143,3,verdict x triplets,B-F-verdict-triplets-s0,rule_v1.test.gs180.c4.negation.long.1618,gs180,g_score_cutoff,negation,long,L2,near,0.8801052570343018,-12.234206676483154,-2.4709746837615967,-5.561107873916626,"For community-acquired pneumonia treated at home, prescribe amoxicillin. Score 1 point if the current systolic blood pressure is above 160 mmHg; 1 point if the patient is allergic to sulfonamide antibiotics; 2 points if the patient has ever had asthma (current or past); 3 points if the patient has active cancer. If the score is 6 or more, prescribe doxycycline instead.",active cancer,Prescribe amoxicillin.,Prescribe doxycycline.,"Man of 33 years.
Productive cough and fever; consolidation on chest radiograph.
In 2023, lipase was 30 U/L.
Enjoys board games.
His roommate burned a hand on a stove years ago.
Teeth in good repair.
Has two cats.
Observations now: blood pressure 167/107 mmHg.
Asthma, on a daily inhaled steroid.
Uses sunscreen in summer.
Sulfonamide antibiotic allergy: generalized rash.
Prefers to be addressed by first name.
Lives in a second-floor apartment.
Knits as a hobby.
Sleeps seven hours a night.
His uncle wears contact lenses.
His friend sprained a thumb last month.
Zinc of 85 mcg/dL in 2020.
His father lives with psoriasis.
Photographs local wildlife.
Oncology follow-up: none.
Plays the piano.","Man of 33 years.
Productive cough and fever; consolidation on chest radiograph.
In 2023, lipase was 30 U/L.
Enjoys board games.
His roommate burned a hand on a stove years ago.
Teeth in good repair.
Has two cats.
Observations now: blood pressure 167/107 mmHg.
Asthma, on a daily inhaled steroid.
Uses sunscreen in summer.
Sulfonamide antibiotic allergy: generalized rash.
Prefers to be addressed by first name.
Lives in a second-floor apartment.
Knits as a hobby.
Sleeps seven hours a night.
His uncle wears contact lenses.
His friend sprained a thumb last month.
Zinc of 85 mcg/dL in 2020.
His father lives with psoriasis.
Photographs local wildlife.
Has melanoma skin cancer and is receiving treatment for it.
Plays the piano.","Man of 33 years.
Productive cough and fever; consolidation on chest radiograph.
In 2023, lipase was 30 U/L.
Enjoys board games.
His roommate burned a hand on a stove years ago.
Teeth in good repair.
Has two cats.
Observations now: blood pressure 167/107 mmHg.
Asthma, on a daily inhaled steroid.
Uses sunscreen in summer.
Sulfonamide antibiotic allergy: generalized rash.
Prefers to be addressed by first name.
Lives in a second-floor apartment.
Knits as a hobby.
Sleeps seven hours a night.
His uncle wears contact lenses.
His friend sprained a thumb last month.
Zinc of 85 mcg/dL in 2020.
His father lives with psoriasis.
Photographs local wildlife.
Free of cancer throughout life.
Plays the piano.","need: active cancer
found: Oncology follow-up: none.
subject: patient
status: absent
time: current","need: active cancer
found: Has melanoma skin cancer and is receiving treatment for it.
subject: patient
status: present
time: current","need: active cancer
found: Free of cancer throughout life.
subject: patient
status: absent
time: current",,,,"{""criterion_holds"": 0, ""hdr"": 4, ""keywords"": [""cancer"", ""lymphoma"", ""leukemia"", ""myeloma"", ""carcinoma""], ""overrides"": {}, ""seed"": 1618, ""tpl"": [""filler/lab/11"", ""filler/neutral/5"", ""filler/other/11"", ""filler/neutral/35"", ""filler/neutral/40"", ""sbp/current/5"", ""asthma/present/4"", ""filler/neutral/22"", ""sulfa_allergy/present/4"", ""filler/neutral/47"", ""filler/neutral/16"", ""filler/neutral/46"", ""filler/neutral/4"", ""filler/other/16"", ""filler/other/5"", ""filler/lab/16"", ""filler/other/4"", ""filler/neutral/10"", ""cancer/absent/5"", ""filler/neutral/41""], ""tpl_split"": ""test""}",,,,,
E144,3,verdict x triplets,B-F-verdict-triplets-s0,rule_v1.test.gs024.c3.numeric.easy.493,gs024,g_score_cutoff,numeric,easy,L2,flip,20.62536907196045,3.642223834991455,17.825700759887695,20.365184783935547,"For uncomplicated cystitis, prescribe trimethoprim-sulfamethoxazole. Score 3 points if the current ALT is above 120 U/L; 1 point if the patient or a first-degree relative (parent, sibling or child) has had diabetes at any time; 3 points if the current systolic blood pressure is above 160 mmHg; 2 points if the patient or a first-degree relative (parent, sibling or child) has had a venous thromboembolism at any time. If the score is 4 or more, prescribe nitrofurantoin instead.",systolic blood pressure above 160,Prescribe trimethoprim-sulfamethoxazole.,Prescribe nitrofurantoin.,"Female patient of 34 years.
Dysuria and urinary frequency for two days; urine dipstick positive for nitrites.
Observations now: blood pressure 139/91 mmHg.
Sleeps seven hours a night.
Enjoys board games.
Formerly diabetic; in remission since 2019.
Sees a dentist yearly.
ALT now 13 U/L.
Coagulation tests normal on recent bloodwork.","Female patient of 34 years.
Dysuria and urinary frequency for two days; urine dipstick positive for nitrites.
Observations now: blood pressure 165/106 mmHg.
Sleeps seven hours a night.
Enjoys board games.
Formerly diabetic; in remission since 2019.
Sees a dentist yearly.
ALT now 13 U/L.
Coagulation tests normal on recent bloodwork.","Female patient of 34 years.
Dysuria and urinary frequency for two days; urine dipstick positive for nitrites.
Observations now: blood pressure 159/102 mmHg.
Sleeps seven hours a night.
Enjoys board games.
Formerly diabetic; in remission since 2019.
Sees a dentist yearly.
ALT now 13 U/L.
Coagulation tests normal on recent bloodwork.","need: systolic blood pressure above 160
found: 139
subject: patient
status: present
time: current","need: systolic blood pressure above 160
found: 165
subject: patient
status: present
time: current","need: systolic blood pressure above 160
found: 159
subject: patient
status: present
time: current",,,,"{""criterion_holds"": 0, ""hdr"": 5, ""keywords"": [""systolic"", ""blood pressure"", ""bp ""], ""overrides"": {}, ""seed"": 493, ""tpl"": [""sbp/current/5"", ""filler/neutral/4"", ""filler/neutral/5"", ""diabetes/past/5"", ""filler/neutral/23"", ""alt_enzyme/current/5"", ""vte/generic/4""], ""tpl_split"": ""test""}",,,,,
E145,3,verdict x triplets,B-F-verdict-triplets-s0,rule_v1.test.gs118.c4.numeric.easy.1427,gs118,g_score_cutoff,numeric,easy,L2,flip,19.463966369628906,10.428922653198242,18.77792453765869,18.413442611694336,"For heart failure with reduced ejection fraction, prescribe spironolactone. Score 2 points if the current white cell count is above 12.0 x10^9/L; 3 points if the patient has ever had angioedema (current or past); 2 points if the current eGFR is below 45 mL/min/1.73 m2; 1 point if the current heart rate is above 90/min. If the score is 4 or more, prescribe dapagliflozin instead.",heart rate above 90,Prescribe spironolactone.,Prescribe dapagliflozin.,"Male patient of 49 years.
Heart failure with reduced ejection fraction (ejection fraction 30%), still symptomatic.
Current eGFR 76 mL/min/1.73 m2.
Current heart rate 80/min.
Owns a bicycle.
Latest WBC is 6.0 x10^9/L.
Recurrent angioedema, under allergy follow-up.
Photographs local wildlife.","Male patient of 49 years.
Heart failure with reduced ejection fraction (ejection fraction 30%), still symptomatic.
Current eGFR 76 mL/min/1.73 m2.
Current heart rate 104/min.
Owns a bicycle.
Latest WBC is 6.0 x10^9/L.
Recurrent angioedema, under allergy follow-up.
Photographs local wildlife.","Male patient of 49 years.
Heart failure with reduced ejection fraction (ejection fraction 30%), still symptomatic.
Current eGFR 76 mL/min/1.73 m2.
Current heart rate 88/min.
Owns a bicycle.
Latest WBC is 6.0 x10^9/L.
Recurrent angioedema, under allergy follow-up.
Photographs local wildlife.","need: heart rate above 90
found: 80
subject: patient
status: present
time: current","need: heart rate above 90
found: 104
subject: patient
status: present
time: current","need: heart rate above 90
found: 88
subject: patient
status: present
time: current",,,,"{""criterion_holds"": 0, ""hdr"": 5, ""keywords"": [""heart rate""], ""overrides"": {}, ""seed"": 1427, ""tpl"": [""egfr/current/4"", ""heart_rate/current/4"", ""filler/neutral/34"", ""wbc/current/5"", ""angioedema/present/4"", ""filler/neutral/10""], ""tpl_split"": ""test""}",,,,,
E146,3,verdict x triplets,B-F-verdict-triplets-s0,rule_v1.test.gs037.c1.subject.easy.1214,gs037,g_score_cutoff,subject,easy,L2,base,-0.008115887641906738,-11.947009086608887,12.884310245513916,4.463655948638916,"For inpatient VTE prophylaxis, prescribe enoxaparin. Score 1 point if the patient has ever had angioedema (current or past); 1 point if the patient has new confusion; 2 points if the current temperature is above 38.0 C; 2 points if the age of the patient is 65 years or more. If the score is 5 or more, prescribe intermittent pneumatic compression instead.",angioedema,Prescribe enoxaparin.,Prescribe intermittent pneumatic compression.,"An adult man.
Admitted for community-acquired pneumonia; immobile.
Current age 68 years.
Gives a clear account of the illness.
Teeth in good repair.
Enjoys board games.
Photographs local wildlife.
Temperature now 38.7 C (tympanic).","An adult man.
Admitted for community-acquired pneumonia; immobile.
Current age 68 years.
Gives a clear account of the illness.
Teeth in good repair.
Enjoys board games.
Photographs local wildlife.
Temperature now 38.7 C (tympanic).
An episode of angioedema years ago, with full recovery.","An adult man.
Admitted for community-acquired pneumonia; immobile.
Current age 68 years.
Gives a clear account of the illness.
Teeth in good repair.
Enjoys board games.
Photographs local wildlife.
Temperature now 38.7 C (tympanic).
His sister recovered from an episode of angioedema in 2014.","need: angioedema
found: not mentioned
subject: patient
status: absent
time: current","need: angioedema
found: An episode of angioedema years ago, with full recovery.
subject: patient
status: present
time: past","need: angioedema
found: His sister recovered from an episode of angioedema in 2014.
subject: other (sister)
status: present
time: past (2014)",,,,"{""criterion_holds"": 0, ""hdr"": 4, ""keywords"": [""angioedema""], ""overrides"": {}, ""seed"": 1214, ""tpl"": [""age/current/5"", ""confusion/generic/5"", ""filler/neutral/35"", ""filler/neutral/5"", ""filler/neutral/10"", ""temperature/current/5"", ""angioedema/rel_past/5""], ""tpl_split"": ""test""}",,,,,
E147,3,verdict x triplets,B-F-verdict-triplets-s0,rule_v1.test.gs134.c1.subject.easy.617,gs134,g_score_cutoff,subject,easy,L2,base,-1.429604172706604,-12.264904975891113,5.428730726242065,2.184149980545044,"For contraception, prescribe a combined oral contraceptive. Score 2 points if the patient or a first-degree relative (parent, sibling or child) has had coronary artery disease at any time; 2 points if the current weight is 60 kg or less; 2 points if the current platelet count is below 50 x10^9/L; 1 point if the patient currently has tender anterior cervical lymph nodes. If the score is 7 or more, prescribe a progestin-only pill instead.",coronary artery disease (patient or first-degree relative),Prescribe a combined oral contraceptive.,Prescribe a progestin-only pill.,"Woman of 29 years.
Requests contraception.
Current platelet count 37 x10^9/L.
Prefers morning appointments.
Teeth in good repair.
Current weight 55 kg.
Lives in a second-floor apartment.
Tender, swollen lymph nodes in the front of the neck.
Chest pain on exertion: none reported.","Woman of 29 years.
Requests contraception.
Current platelet count 37 x10^9/L.
Prefers morning appointments.
Teeth in good repair.
Current weight 55 kg.
Lives in a second-floor apartment.
Tender, swollen lymph nodes in the front of the neck.
Her father has known coronary artery disease.","Woman of 29 years.
Requests contraception.
Current platelet count 37 x10^9/L.
Prefers morning appointments.
Teeth in good repair.
Current weight 55 kg.
Lives in a second-floor apartment.
Tender, swollen lymph nodes in the front of the neck.
Her wife has angina from coronary artery disease.","need: coronary artery disease (patient or first-degree relative)
found: Chest pain on exertion: none reported.
subject: patient
status: absent
time: current","need: coronary artery disease (patient or first-degree relative)
found: Her father has known coronary artery disease.
subject: other (father)
status: present
time: current","need: coronary artery disease (patient or first-degree relative)
found: Her wife has angina from coronary artery disease.
subject: other (wife)
status: present
time: current",,,,"{""criterion_holds"": 0, ""hdr"": 4, ""keywords"": [""coronary""], ""overrides"": {}, ""seed"": 617, ""tpl"": [""platelets/current/4"", ""filler/neutral/29"", ""filler/neutral/35"", ""weight/current/4"", ""filler/neutral/16"", ""neck_nodes/present/5"", ""cad/rel/4""], ""tpl_split"": ""test""}",,,,,
E148,3,verdict x triplets,B-F-verdict-triplets-s0,rule_v1.test.gs211.c3.subject.easy.1356,gs211,g_two_of_three,subject,easy,L2,flip,18.83974313735962,0.18117713928222656,19.60905170440674,18.720162391662598,"For stroke prevention in atrial fibrillation, prescribe apixaban. If at least two of the following apply, prescribe warfarin instead: the current blood urea nitrogen is above 19 mg/dL; the patient or a first-degree relative (parent, sibling or child) has had diabetes at any time; the patient has an active peptic ulcer.",active peptic ulcer,Prescribe apixaban.,Prescribe warfarin.,"Man of 74 years.
Atrial fibrillation; anticoagulation indicated.
His sister lives with type 1 diabetes.
Prefers to be addressed by first name.
Blood urea nitrogen now: 12 mg/dL.
Appetite good; no indigestion.
Knits as a hobby.","Man of 74 years.
Atrial fibrillation; anticoagulation indicated.
His sister lives with type 1 diabetes.
Prefers to be addressed by first name.
Blood urea nitrogen now: 12 mg/dL.
Has an active duodenal ulcer.
Knits as a hobby.","Man of 74 years.
Atrial fibrillation; anticoagulation indicated.
His sister lives with type 1 diabetes.
Prefers to be addressed by first name.
Blood urea nitrogen now: 12 mg/dL.
His sister has peptic ulcer disease.
Knits as a hobby.","need: active peptic ulcer
found: Appetite good; no indigestion.
subject: patient
status: absent
time: current","need: active peptic ulcer
found: Has an active duodenal ulcer.
subject: patient
status: present
time: current","need: active peptic ulcer
found: His sister has peptic ulcer disease.
subject: other (sister)
status: present
time: current",,,,"{""criterion_holds"": 0, ""hdr"": 4, ""keywords"": [""ulcer""], ""overrides"": {}, ""seed"": 1356, ""tpl"": [""diabetes/rel/5"", ""filler/neutral/47"", ""bun/current/4"", ""peptic_ulcer/rel/5"", ""filler/neutral/46""], ""tpl_split"": ""test""}",,,,,
E149,3,verdict x triplets,B-F-verdict-triplets-s0,rule_v1.test.gs096.c3.time.easy.1718,gs096,g_score_cutoff,time,easy,L2,base,-0.28603315353393555,-11.100444316864014,0.6028597354888916,7.450581073760986,"For stroke prevention in atrial fibrillation, prescribe apixaban. Score 2 points if the patient has ever had coronary artery disease (current or past); 3 points if the patient currently has tonsillar exudate; 2 points if the current ALT is above 120 U/L; 2 points if the current weight is 60 kg or less. If the score is 6 or more, prescribe warfarin instead.",ALT above 120,Prescribe apixaban.,Prescribe warfarin.,"Female patient of 60 years.
Atrial fibrillation; anticoagulation indicated.
Current weight 92 kg.
ALT now 43 U/L.
Had coronary artery disease, treated with bypass surgery in 2016; recovered well.
Records from 2020 list ALT at 16 U/L.
Teeth in good repair.
Tonsillar exudate visible on both sides.","Female patient of 60 years.
Atrial fibrillation; anticoagulation indicated.
Current weight 92 kg.
ALT now 145 U/L.
Had coronary artery disease, treated with bypass surgery in 2016; recovered well.
Records from 2020 list ALT at 16 U/L.
Teeth in good repair.
Tonsillar exudate visible on both sides.","Female patient of 60 years.
Atrial fibrillation; anticoagulation indicated.
Current weight 92 kg.
ALT now 43 U/L.
Had coronary artery disease, treated with bypass surgery in 2016; recovered well.
Records from 2020 list ALT at 141 U/L.
Teeth in good repair.
Tonsillar exudate visible on both sides.","need: ALT above 120
found: 43
subject: patient
status: present
time: current

need: ALT above 120
found: 16
subject: patient
status: present
time: past (2020)","need: ALT above 120
found: 145
subject: patient
status: present
time: current

need: ALT above 120
found: 16
subject: patient
status: present
time: past (2020)","need: ALT above 120
found: 43
subject: patient
status: present
time: current

need: ALT above 120
found: 141
subject: patient
status: present
time: past (2020)",,,,"{""criterion_holds"": 0, ""hdr"": 5, ""keywords"": [""alt ""], ""overrides"": {}, ""seed"": 1718, ""tpl"": [""weight/current/4"", ""alt_enzyme/current/5"", ""cad/past/5"", ""alt_enzyme/past/4"", ""filler/neutral/35"", ""exudate/present/5""], ""tpl_split"": ""test""}",,,,,
E150,3,verdict x triplets,B-F-verdict-triplets-s0,rule_v1.test.gs139.c1.time.easy.1320,gs139,g_all_of,time,easy,L2,near,31.151826858520508,-27.799912452697754,-21.8332462310791,30.25521469116211,"For vaginal candidiasis, prescribe oral fluconazole. If the patient currently has tender anterior cervical lymph nodes and the patient has ever had angioedema (current or past), prescribe clotrimazole pessaries instead.",tender cervical lymph nodes,Prescribe oral fluconazole.,Prescribe clotrimazole pessaries.,"Woman of 35 years.
Vaginal itching and discharge; candidiasis confirmed on microscopy.
Front of the neck without tenderness or swelling.
An episode of angioedema years ago, with full recovery.
Enjoys board games.","Woman of 35 years.
Vaginal itching and discharge; candidiasis confirmed on microscopy.
Tender, swollen lymph nodes in the front of the neck.
An episode of angioedema years ago, with full recovery.
Enjoys board games.","Woman of 35 years.
Vaginal itching and discharge; candidiasis confirmed on microscopy.
Tender anterior cervical lymph nodes with a throat infection years ago, which went down within two weeks.
An episode of angioedema years ago, with full recovery.
Enjoys board games.","need: tender cervical lymph nodes
found: Front of the neck without tenderness or swelling.
subject: patient
status: absent
time: current","need: tender cervical lymph nodes
found: Tender, swollen lymph nodes in the front of the neck.
subject: patient
status: present
time: current","need: tender cervical lymph nodes
found: Tender anterior cervical lymph nodes with a throat infection years ago, which went down within two weeks.
subject: patient
status: present
time: past",,,,"{""criterion_holds"": 0, ""hdr"": 4, ""keywords"": [""lymph node"", ""lymphaden""], ""overrides"": {}, ""seed"": 1320, ""tpl"": [""neck_nodes/past/4"", ""angioedema/past/4"", ""filler/neutral/5""], ""tpl_split"": ""test""}",,,,,
E151,4,ledger2 x blocks,B-F-ledger2-blocks-s0,rule_v1.test.gs050.c1.boundary.easy.1687,gs050,g_any_of,boundary,easy,L2,near,30.78325366973877,-33.79965400695801,-1.5605976581573486,30.78325366973877,"For community-acquired pneumonia treated at home, prescribe amoxicillin. If the current eGFR is below 60 mL/min/1.73 m2 or the current ALT is above 120 U/L, prescribe doxycycline instead.",eGFR below 60,Prescribe amoxicillin.,Prescribe doxycycline.,"Woman of 22 years.
Productive cough and fever; consolidation on chest radiograph.
Drives a car.
Current eGFR 94 mL/min/1.73 m2.
Current ALT 13 U/L.
Prefers morning appointments.
Plays the piano.
Pupils equal and reactive to light.","Woman of 22 years.
Productive cough and fever; consolidation on chest radiograph.
Drives a car.
Current eGFR 51 mL/min/1.73 m2.
Current ALT 13 U/L.
Prefers morning appointments.
Plays the piano.
Pupils equal and reactive to light.","Woman of 22 years.
Productive cough and fever; consolidation on chest radiograph.
Drives a car.
Current eGFR 60 mL/min/1.73 m2.
Current ALT 13 U/L.
Prefers morning appointments.
Plays the piano.
Pupils equal and reactive to light.","need: eGFR below 60
found: 94
subject: patient
status: present
time: current","need: eGFR below 60
found: 51
subject: patient
status: present
time: current","need: eGFR below 60
found: 60
subject: patient
status: present
time: current","need: eGFR below 60
found: 94
subject: patient
status: present
time: current","need: eGFR below 60
found: 51
subject: patient
status: present
time: current","need: eGFR below 60
found: 60
subject: patient
status: present
time: current","{""criterion_holds"": 0, ""hdr"": 4, ""keywords"": [""egfr""], ""overrides"": {}, ""seed"": 1687, ""tpl"": [""filler/neutral/17"", ""egfr/current/4"", ""alt_enzyme/current/4"", ""filler/neutral/29"", ""filler/neutral/41"", ""filler/neutral/11""], ""tpl_split"": ""test""}",,,,,
E152,4,ledger2 x blocks,B-F-ledger2-blocks-s0,rule_v1.test.gs052.c2.boundary.easy.1349,gs052,g_any_of,boundary,easy,L2,near,31.762998580932617,-31.15364360809326,-5.432459115982056,31.762998580932617,"For primary prevention, prescribe atorvastatin. If the current heart rate is above 90/min or the current serum potassium is above 5.0 mmol/L, prescribe ezetimibe instead.",serum potassium above 5.0,Prescribe atorvastatin.,Prescribe ezetimibe.,"Male patient of 55 years.
Primary prevention; LDL cholesterol 182 mg/dL.
Sees a dentist yearly.
Heart rate now 83/min on a pulse check.
Paints watercolors as a hobby.
Current serum potassium 4.1 mmol/L.
Plays the piano.","Male patient of 55 years.
Primary prevention; LDL cholesterol 182 mg/dL.
Sees a dentist yearly.
Heart rate now 83/min on a pulse check.
Paints watercolors as a hobby.
Current serum potassium 5.2 mmol/L.
Plays the piano.","Male patient of 55 years.
Primary prevention; LDL cholesterol 182 mg/dL.
Sees a dentist yearly.
Heart rate now 83/min on a pulse check.
Paints watercolors as a hobby.
Current serum potassium 5.0 mmol/L.
Plays the piano.","need: serum potassium above 5.0
found: 4.1
subject: patient
status: present
time: current","need: serum potassium above 5.0
found: 5.2
subject: patient
status: present
time: current","need: serum potassium above 5.0
found: 5.0
subject: patient
status: present
time: current","need: serum potassium above 5.0
found: 4.1
subject: patient
status: present
time: current","need: serum potassium above 5.0
found: 5.2
subject: patient
status: present
time: current","need: serum potassium above 5.0
found: 5.0
subject: patient
status: present
time: current","{""criterion_holds"": 0, ""hdr"": 5, ""keywords"": [""potassium""], ""overrides"": {}, ""seed"": 1349, ""tpl"": [""filler/neutral/23"", ""heart_rate/current/5"", ""filler/neutral/28"", ""potassium/current/4"", ""filler/neutral/41""], ""tpl_split"": ""test""}",,,,,
E153,4,ledger2 x blocks,B-F-ledger2-blocks-s0,rule_v1.test.gs224.c2.boundary.easy.1743,gs224,g_all_of,boundary,easy,L2,near,33.12190246582031,-30.69310188293457,-4.3473687171936035,33.12190246582031,"For vaginal candidiasis, prescribe oral fluconazole. If the patient has ever had a venous thromboembolism (current or past) and the current serum creatinine is above 2.0 mg/dL, prescribe clotrimazole pessaries instead.",serum creatinine above 2.0,Prescribe oral fluconazole.,Prescribe clotrimazole pessaries.,"Woman of 38 years.
Vaginal itching and discharge; candidiasis confirmed on microscopy.
Paints watercolors as a hobby.
Prefers to be addressed by first name.
Pulmonary embolism years ago, treated for six months.
Current serum creatinine 0.9 mg/dL.
Has two cats.
Plays the piano.","Woman of 38 years.
Vaginal itching and discharge; candidiasis confirmed on microscopy.
Paints watercolors as a hobby.
Prefers to be addressed by first name.
Pulmonary embolism years ago, treated for six months.
Current serum creatinine 2.2 mg/dL.
Has two cats.
Plays the piano.","Woman of 38 years.
Vaginal itching and discharge; candidiasis confirmed on microscopy.
Paints watercolors as a hobby.
Prefers to be addressed by first name.
Pulmonary embolism years ago, treated for six months.
Current serum creatinine 2.0 mg/dL.
Has two cats.
Plays the piano.","need: serum creatinine above 2.0
found: 0.9
subject: patient
status: present
time: current","need: serum creatinine above 2.0
found: 2.2
subject: patient
status: present
time: current","need: serum creatinine above 2.0
found: 2.0
subject: patient
status: present
time: current","need: serum creatinine above 2.0
found: 0.9
subject: patient
status: present
time: current","need: serum creatinine above 2.0
found: 2.2
subject: patient
status: present
time: current","need: serum creatinine above 2.0
found: 2.0
subject: patient
status: present
time: current","{""criterion_holds"": 0, ""hdr"": 4, ""keywords"": [""creatinine""], ""overrides"": {}, ""seed"": 1743, ""tpl"": [""filler/neutral/28"", ""filler/neutral/47"", ""vte/past/4"", ""creatinine/current/4"", ""filler/neutral/40"", ""filler/neutral/41""], ""tpl_split"": ""test""}",,,,,
E154,4,ledger2 x blocks,B-F-ledger2-blocks-s0,rule_v1.test.gs083.c2.negation.easy.384,gs083,g_all_of,negation,easy,L2,base,-32.465091705322266,-33.92468452453613,31.865999221801758,-32.465091705322266,"For community-acquired pneumonia, prescribe oral amoxicillin. If the current serum creatinine is 1.5 mg/dL or more and the patient has ever had heart failure (current or past), prescribe intravenous co-amoxiclav instead.",heart failure,Prescribe oral amoxicillin.,Prescribe intravenous co-amoxiclav.,"Man of 83 years.
Community-acquired pneumonia confirmed on chest radiograph.
Enjoys board games.
Sleeps flat on one pillow.
Sees a dentist yearly.
Current serum creatinine 1.8 mg/dL.
Has two cats.","Man of 83 years.
Community-acquired pneumonia confirmed on chest radiograph.
Enjoys board games.
Current heart failure with ankle swelling.
Sees a dentist yearly.
Current serum creatinine 1.8 mg/dL.
Has two cats.","Man of 83 years.
Community-acquired pneumonia confirmed on chest radiograph.
Enjoys board games.
Has never had heart failure.
Sees a dentist yearly.
Current serum creatinine 1.8 mg/dL.
Has two cats.","need: heart failure
found: Sleeps flat on one pillow.
subject: patient
status: absent
time: current","need: heart failure
found: Current heart failure with ankle swelling.
subject: patient
status: present
time: current","need: heart failure
found: Has never had heart failure.
subject: patient
status: absent
time: current","need: heart failure
found: Sleeps flat on one pillow.
subject: patient
status: present
time: current","need: heart failure
found: Current heart failure with ankle swelling.
subject: patient
status: present
time: current","need: heart failure
found: Has never had heart failure.
subject: patient
status: absent
time: current","{""criterion_holds"": 0, ""hdr"": 4, ""keywords"": [""heart failure""], ""overrides"": {}, ""seed"": 384, ""tpl"": [""filler/neutral/5"", ""chf/absent/4"", ""filler/neutral/23"", ""creatinine/current/4"", ""filler/neutral/40""], ""tpl_split"": ""test""}",,,,,
E155,4,ledger2 x blocks,B-F-ledger2-blocks-s0,rule_v1.test.gs157.c1.negation.easy.686,gs157,g_two_of_three,negation,easy,L2,base,-32.82138252258301,-20.70588493347168,32.52758026123047,-32.82138252258301,"For community-acquired pneumonia, prescribe oral amoxicillin. If at least two of the following apply, prescribe intravenous co-amoxiclav instead: the patient has ever had heart failure (current or past); the current platelet count is below 50 x10^9/L; the current temperature is above 38.0 C.",heart failure,Prescribe oral amoxicillin.,Prescribe intravenous co-amoxiclav.,"Woman of 39 years.
Community-acquired pneumonia confirmed on chest radiograph.
Platelet count now 170 x10^9/L.
Has two cats.
Enjoys board games.
Plays the piano.
Current temperature 38.7 C.
Sleeps flat on one pillow.","Woman of 39 years.
Community-acquired pneumonia confirmed on chest radiograph.
Platelet count now 170 x10^9/L.
Has two cats.
Enjoys board games.
Plays the piano.
Current temperature 38.7 C.
Formerly had heart failure from stress cardiomyopathy; recovered fully in 2015 and off all heart medicines since.","Woman of 39 years.
Community-acquired pneumonia confirmed on chest radiograph.
Platelet count now 170 x10^9/L.
Has two cats.
Enjoys board games.
Plays the piano.
Current temperature 38.7 C.
Heart failure: never diagnosed.","need: heart failure
found: Sleeps flat on one pillow.
subject: patient
status: absent
time: current","need: heart failure
found: Formerly had heart failure from stress cardiomyopathy; recovered fully in 2015 and off all heart medicines since.
subject: patient
status: present
time: past (2015)","need: heart failure
found: Heart failure: never diagnosed.
subject: patient
status: absent
time: current","need: heart failure
found: Sleeps flat on one pillow.
subject: patient
status: present
time: current","need: heart failure
found: Formerly had heart failure from stress cardiomyopathy; recovered fully in 2015 and off all heart medicines since.
subject: patient
status: present
time: past (2015)","need: heart failure
found: Heart failure: never diagnosed.
subject: patient
status: absent
time: current","{""criterion_holds"": 0, ""hdr"": 4, ""keywords"": [""heart failure""], ""overrides"": {}, ""seed"": 686, ""tpl"": [""platelets/current/5"", ""filler/neutral/40"", ""filler/neutral/5"", ""filler/neutral/41"", ""temperature/current/4"", ""chf/absent/5""], ""tpl_split"": ""test""}",,,,,
E156,4,ledger2 x blocks,B-F-ledger2-blocks-s0,rule_v1.test.gs048.c2.numeric.long.1505,gs048,g_any_of,numeric,long,L2,base,-21.564005851745605,-30.1562557220459,19.685019969940186,-21.564005851745605,"For heart failure with reduced ejection fraction, prescribe spironolactone. If the current weight is 60 kg or less or the age of the patient is 75 years or more, prescribe dapagliflozin instead.",age at least 75,Prescribe spironolactone.,Prescribe dapagliflozin.,"An adult man.
Heart failure with reduced ejection fraction (ejection fraction 30%), still symptomatic.
During a checkup in 2020, free T3 was 3.2 pg/mL.
Plays the piano.
His sister lives with psoriasis.
Has two cats.
Currently aged 60 years.
Prefers to be addressed by first name.
Sees a dentist yearly.
Prefers morning appointments.
In 2014, folate was 12 ng/mL.
Sleeps seven hours a night.
Teeth in good repair.
Paints watercolors as a hobby.
Current weight 74 kg.
Photographs local wildlife.
Pupils equal and reactive to light.
His sister has a lazy eye.
Enjoys board games.
His wife sprained a thumb last month.
His sister wears contact lenses.
Knits as a hobby.
Owns a bicycle.
Lives in a second-floor apartment.","An adult man.
Heart failure with reduced ejection fraction (ejection fraction 30%), still symptomatic.
During a checkup in 2020, free T3 was 3.2 pg/mL.
Plays the piano.
His sister lives with psoriasis.
Has two cats.
Currently aged 87 years.
Prefers to be addressed by first name.
Sees a dentist yearly.
Prefers morning appointments.
In 2014, folate was 12 ng/mL.
Sleeps seven hours a night.
Teeth in good repair.
Paints watercolors as a hobby.
Current weight 74 kg.
Photographs local wildlife.
Pupils equal and reactive to light.
His sister has a lazy eye.
Enjoys board games.
His wife sprained a thumb last month.
His sister wears contact lenses.
Knits as a hobby.
Owns a bicycle.
Lives in a second-floor apartment.","An adult man.
Heart failure with reduced ejection fraction (ejection fraction 30%), still symptomatic.
During a checkup in 2020, free T3 was 3.2 pg/mL.
Plays the piano.
His sister lives with psoriasis.
Has two cats.
Currently aged 72 years.
Prefers to be addressed by first name.
Sees a dentist yearly.
Prefers morning appointments.
In 2014, folate was 12 ng/mL.
Sleeps seven hours a night.
Teeth in good repair.
Paints watercolors as a hobby.
Current weight 74 kg.
Photographs local wildlife.
Pupils equal and reactive to light.
His sister has a lazy eye.
Enjoys board games.
His wife sprained a thumb last month.
His sister wears contact lenses.
Knits as a hobby.
Owns a bicycle.
Lives in a second-floor apartment.","need: age at least 75
found: 60
subject: patient
status: present
time: current","need: age at least 75
found: 87
subject: patient
status: present
time: current","need: age at least 75
found: 72
subject: patient
status: present
time: current","need: age at least 75
found: 60
subject: patient
status: present
time: current","need: age at least 75
found: 87
subject: patient
status: present
time: current","need: age at least 75
found: 72
subject: patient
status: present
time: current","{""criterion_holds"": 0, ""hdr"": 4, ""keywords"": [""age""], ""overrides"": {}, ""seed"": 1505, ""tpl"": [""filler/lab/17"", ""filler/neutral/41"", ""filler/other/4"", ""filler/neutral/40"", ""age/current/4"", ""filler/neutral/47"", ""filler/neutral/23"", ""filler/neutral/29"", ""filler/lab/4"", ""filler/neutral/4"", ""filler/neutral/35"", ""filler/neutral/28"", ""weight/current/4"", ""filler/neutral/10"", ""filler/neutral/11"", ""filler/other/10"", ""filler/neutral/5"", ""filler/other/5"", ""filler/other/16"", ""filler/neutral/46"", ""filler/neutral/34"", ""filler/neutral/16""], ""tpl_split"": ""test""}",,,,,
E157,4,ledger2 x blocks,B-F-ledger2-blocks-s0,rule_v1.test.gs054.c1.subject.long.1730,gs054,g_score_cutoff,subject,long,L2,near,23.04709243774414,-27.216891288757324,-9.521902918815613,23.04709243774414,"For community-acquired pneumonia, prescribe oral amoxicillin. Score 3 points if the patient currently has a venous thromboembolism; 2 points if the patient or a first-degree relative (parent, sibling or child) has had colorectal cancer at any time; 2 points if the current respiratory rate is 22/min or more; 1 point if the current oxygen saturation is 91% or less. If the score is 6 or more, prescribe intravenous co-amoxiclav instead.",current venous thromboembolism,Prescribe oral amoxicillin.,Prescribe intravenous co-amoxiclav.,"Male patient of 70 years.
Community-acquired pneumonia confirmed on chest radiograph.
Pupils equal and reactive to light.
During a checkup in 2020, total protein was 7.0 g/dL.
Has two cats.
Prefers to be addressed by first name.
Lives in a second-floor apartment.
Uses sunscreen in summer.
Rectal exam unremarkable.
His wife burned a hand on a stove years ago.
Zinc of 85 mcg/dL in 2008.
Knits as a hobby.
Free T4 of 1.2 ng/dL in 2023.
His wife has recovered from a dislocated finger.
Current respiratory rate 27/min.
Photographs local wildlife.
Latest oxygen saturation reading: 90%.
Teeth in good repair.
His friend sprained a thumb last month.
In 2009, folate was 12 ng/mL.
Sleeps seven hours a night.
His sister wears contact lenses.","Male patient of 70 years.
Community-acquired pneumonia confirmed on chest radiograph.
Pupils equal and reactive to light.
During a checkup in 2020, total protein was 7.0 g/dL.
Has two cats.
Ongoing treatment for a deep vein thrombosis of the left arm.
Prefers to be addressed by first name.
Lives in a second-floor apartment.
Uses sunscreen in summer.
Rectal exam unremarkable.
His wife burned a hand on a stove years ago.
Zinc of 85 mcg/dL in 2008.
Knits as a hobby.
Free T4 of 1.2 ng/dL in 2023.
His wife has recovered from a dislocated finger.
Current respiratory rate 27/min.
Photographs local wildlife.
Latest oxygen saturation reading: 90%.
Teeth in good repair.
His friend sprained a thumb last month.
In 2009, folate was 12 ng/mL.
Sleeps seven hours a night.
His sister wears contact lenses.","Male patient of 70 years.
Community-acquired pneumonia confirmed on chest radiograph.
Pupils equal and reactive to light.
During a checkup in 2020, total protein was 7.0 g/dL.
Has two cats.
His wife is being treated for a pulmonary embolism.
Prefers to be addressed by first name.
Lives in a second-floor apartment.
Uses sunscreen in summer.
Rectal exam unremarkable.
His wife burned a hand on a stove years ago.
Zinc of 85 mcg/dL in 2008.
Knits as a hobby.
Free T4 of 1.2 ng/dL in 2023.
His wife has recovered from a dislocated finger.
Current respiratory rate 27/min.
Photographs local wildlife.
Latest oxygen saturation reading: 90%.
Teeth in good repair.
His friend sprained a thumb last month.
In 2009, folate was 12 ng/mL.
Sleeps seven hours a night.
His sister wears contact lenses.","need: current venous thromboembolism
found: not mentioned
subject: patient
status: absent
time: current","need: current venous thromboembolism
found: Ongoing treatment for a deep vein thrombosis of the left arm.
subject: patient
status: present
time: current","need: current venous thromboembolism
found: His wife is being treated for a pulmonary embolism.
subject: other (wife)
status: present
time: current","need: current venous thromboembolism
found: not mentioned
subject: patient
status: absent
time: current","need: current venous thromboembolism
found: Ongoing treatment for a deep vein thrombosis of the left arm.
subject: patient
status: present
time: current","need: current venous thromboembolism
found: His wife is being treated for a pulmonary embolism.
subject: other (wife)
status: present
time: current","{""criterion_holds"": 0, ""hdr"": 5, ""keywords"": [""thrombo"", ""dvt"", ""pulmonary embol""], ""overrides"": {}, ""seed"": 1730, ""tpl"": [""filler/neutral/11"", ""filler/lab/10"", ""filler/neutral/40"", ""vte/rel/4"", ""filler/neutral/47"", ""filler/neutral/16"", ""filler/neutral/22"", ""crc/generic/4"", ""filler/other/11"", ""filler/lab/16"", ""filler/neutral/46"", ""filler/lab/5"", ""filler/other/17"", ""rr/current/4"", ""filler/neutral/10"", ""spo2/current/5"", ""filler/neutral/35"", ""filler/other/5"", ""filler/lab/4"", ""filler/neutral/4"", ""filler/other/16""], ""tpl_split"": ""test""}",,,,,
E158,4,ledger2 x blocks,B-F-ledger2-blocks-s0,rule_v1.test.gs131.c3.subject.easy.1927,gs131,g_score_cutoff,subject,easy,L2,near,18.613621711730957,-29.06564998626709,-12.845337152481079,18.613621711730957,"For vaginal candidiasis, prescribe oral fluconazole. Score 1 point if the current eGFR is below 45 mL/min/1.73 m2; 3 points if the current heart rate is above 90/min; 2 points if the patient has ever had coronary artery disease (current or past). If the score is 6 or more, prescribe clotrimazole pessaries instead.",coronary artery disease,Prescribe oral fluconazole.,Prescribe clotrimazole pessaries.,"Woman of 27 years.
Vaginal itching and discharge; candidiasis confirmed on microscopy.
eGFR now 42 mL/min/1.73 m2.
Cardiac stress test unremarkable last year.
Heart rate now 99/min on a pulse check.
Enjoys board games.","Woman of 27 years.
Vaginal itching and discharge; candidiasis confirmed on microscopy.
eGFR now 42 mL/min/1.73 m2.
Known coronary artery disease (two-vessel disease on angiography).
Heart rate now 99/min on a pulse check.
Enjoys board games.","Woman of 27 years.
Vaginal itching and discharge; candidiasis confirmed on microscopy.
eGFR now 42 mL/min/1.73 m2.
Her father has known coronary artery disease.
Heart rate now 99/min on a pulse check.
Enjoys board games.","need: coronary artery disease
found: Cardiac stress test unremarkable last year.
subject: patient
status: absent
time: current","need: coronary artery disease
found: Known coronary artery disease (two-vessel disease on angiography).
subject: patient
status: present
time: current","need: coronary artery disease
found: Her father has known coronary artery disease.
subject: other (father)
status: present
time: current","need: coronary artery disease
found: Cardiac stress test unremarkable last year.
subject: patient
status: absent
time: past","need: coronary artery disease
found: Known coronary artery disease (two-vessel disease on angiography).
subject: patient
status: present
time: current","need: coronary artery disease
found: Her father has known coronary artery disease.
subject: other (father)
status: present
time: current","{""criterion_holds"": 0, ""hdr"": 4, ""keywords"": [""coronary""], ""overrides"": {}, ""seed"": 1927, ""tpl"": [""egfr/current/5"", ""cad/rel/5"", ""heart_rate/current/5"", ""filler/neutral/5""], ""tpl_split"": ""test""}",,,,,
E159,4,ledger2 x blocks,B-F-ledger2-blocks-s0,rule_v1.test.s2_geneva.hemoptysis.subject.long.1326,s2_geneva,additive_score,subject,long,L2,near,29.453906059265137,-30.968421936035156,-14.33740246295929,29.453906059265137,"Revised Geneva score (as used here, partial): 2 points each for active cancer and current hemoptysis (coughing up blood); 1 point for a current age above 65 years. Other Geneva items are not part of this question.",hemoptysis,The hemoptysis criterion contributes 0 points.,The hemoptysis criterion contributes 2 points.,"An adult woman.
Pleuritic chest pain and breathlessness for two days; seen in the emergency department.
Plays the piano.
In 2019, lipase was 30 U/L.
Currently aged 51 years.
Enjoys board games.
Her sister burned a hand on a stove years ago.
Her wife has a lazy eye.
Teeth in good repair.
Lives in a second-floor apartment.
Uses sunscreen in summer.
Sees a dentist yearly.
Dry cough, with nothing brought up.
Paints watercolors as a hobby.
Owns a bicycle.
Photographs local wildlife.
Prefers morning appointments.
Free T4 of 1.2 ng/dL in 2020.
Zinc of 85 mcg/dL in 2020.
Her father wears contact lenses.","An adult woman.
Pleuritic chest pain and breathlessness for two days; seen in the emergency department.
Plays the piano.
In 2019, lipase was 30 U/L.
Currently aged 51 years.
Enjoys board games.
Her sister burned a hand on a stove years ago.
Her wife has a lazy eye.
Teeth in good repair.
Lives in a second-floor apartment.
Uses sunscreen in summer.
Sees a dentist yearly.
Currently coughing up blood with each bout of coughing.
Paints watercolors as a hobby.
Owns a bicycle.
Photographs local wildlife.
Prefers morning appointments.
Free T4 of 1.2 ng/dL in 2020.
Zinc of 85 mcg/dL in 2020.
Her father wears contact lenses.","An adult woman.
Pleuritic chest pain and breathlessness for two days; seen in the emergency department.
Plays the piano.
In 2019, lipase was 30 U/L.
Currently aged 51 years.
Enjoys board games.
Her sister burned a hand on a stove years ago.
Her wife has a lazy eye.
Teeth in good repair.
Lives in a second-floor apartment.
Uses sunscreen in summer.
Sees a dentist yearly.
Her roommate coughs up blood and is awaiting a chest scan.
Paints watercolors as a hobby.
Owns a bicycle.
Photographs local wildlife.
Prefers morning appointments.
Free T4 of 1.2 ng/dL in 2020.
Zinc of 85 mcg/dL in 2020.
Her father wears contact lenses.","need: hemoptysis
found: Dry cough, with nothing brought up.
subject: patient
status: absent
time: current","need: hemoptysis
found: Currently coughing up blood with each bout of coughing.
subject: patient
status: present
time: current","need: hemoptysis
found: Her roommate coughs up blood and is awaiting a chest scan.
subject: other (roommate)
status: present
time: current","need: hemoptysis
found: Dry cough, with nothing brought up.
subject: patient
status: absent
time: current","need: hemoptysis
found: Currently coughing up blood with each bout of coughing.
subject: patient
status: present
time: current","need: hemoptysis
found: Her roommate coughs up blood and is awaiting a chest scan.
subject: other
status: present
time: current","{""criterion_holds"": 0, ""hdr"": 4, ""keywords"": [""coughing up blood"", ""coughs up blood"", ""coughed up blood""], ""overrides"": {}, ""seed"": 1326, ""tpl"": [""filler/neutral/41"", ""filler/lab/11"", ""age/current/4"", ""filler/neutral/5"", ""filler/other/11"", ""filler/other/10"", ""filler/neutral/35"", ""filler/neutral/16"", ""filler/neutral/22"", ""filler/neutral/23"", ""hemoptysis/rel/5"", ""filler/neutral/28"", ""filler/neutral/34"", ""filler/neutral/10"", ""filler/neutral/29"", ""filler/lab/5"", ""filler/lab/16"", ""filler/other/16""], ""tpl_split"": ""test""}",,,,,
E160,4,ledger2 x blocks,B-F-ledger2-blocks-s0,rule_v1.test.gs071.c1.time.superseded.1234,gs071,g_all_of,time,superseded,L2,near,28.631979942321777,-28.109758377075195,-11.059089660644531,16.54672145843506,"For stroke prevention in atrial fibrillation, prescribe apixaban. If the current temperature is above 38.0 C and the patient has ever had a peptic ulcer (current or past), prescribe warfarin instead.",temperature above 38.0,Prescribe apixaban.,Prescribe warfarin.,"Female patient of 50 years.
Atrial fibrillation; anticoagulation indicated.
Teeth in good repair.
Current temperature 37.3 C.
Has an active duodenal ulcer.
Last month, temperature was 37.2 C; the newest measurement replaces it.
Has two cats.","Female patient of 50 years.
Atrial fibrillation; anticoagulation indicated.
Teeth in good repair.
Current temperature 39.1 C.
Has an active duodenal ulcer.
Last month, temperature was 37.2 C; the newest measurement replaces it.
Has two cats.","Female patient of 50 years.
Atrial fibrillation; anticoagulation indicated.
Teeth in good repair.
Current temperature 37.3 C.
Has an active duodenal ulcer.
Last month, temperature was 39.2 C; the newest measurement replaces it.
Has two cats.","need: temperature above 38.0
found: 37.3
subject: patient
status: present
time: current

need: temperature above 38.0
found: 37.2
subject: patient
status: present
time: past","need: temperature above 38.0
found: 39.1
subject: patient
status: present
time: current

need: temperature above 38.0
found: 37.2
subject: patient
status: present
time: past","need: temperature above 38.0
found: 37.3
subject: patient
status: present
time: current

need: temperature above 38.0
found: 39.2
subject: patient
status: present
time: past","need: temperature above 38.0
found: 37.3
subject: patient
status: present
time: current

need: temperature above 38.0
found: 37.2
subject: patient
status: present
time: past","need: temperature above 38.0
found: 39.1
subject: patient
status: present
time: current

need: temperature above 38.0
found: 37.2
subject: patient
status: present
time: past","need: temperature above 38.0
found: 37.3
subject: patient
status: present
time: current

need: temperature above 38.0
found: 39.2
subject: patient
status: present
time: past","{""criterion_holds"": 0, ""hdr"": 5, ""keywords"": [""temperature""], ""overrides"": {}, ""seed"": 1234, ""tpl"": [""filler/neutral/35"", ""temperature/current/4"", ""peptic_ulcer/present/4"", ""temperature/superseded/5"", ""filler/neutral/40""], ""tpl_split"": ""test""}",,,,,
E161,4,ledger2 x blocks,B-F-ledger2-blocks-s0,rule_v1.test.gs157.c2.time.easy.216,gs157,g_two_of_three,time,easy,L2,near,17.036384105682373,-31.2006254196167,-8.406720399856567,17.036384105682373,"For community-acquired pneumonia, prescribe oral amoxicillin. If at least two of the following apply, prescribe intravenous co-amoxiclav instead: the patient has ever had heart failure (current or past); the current platelet count is below 50 x10^9/L; the current temperature is above 38.0 C.",platelet count below 50,Prescribe oral amoxicillin.,Prescribe intravenous co-amoxiclav.,"Man of 80 years.
Community-acquired pneumonia confirmed on chest radiograph.
Platelet count now 378 x10^9/L.
Records from 2006 list platelet count at 187 x10^9/L.
Teeth in good repair.
Formerly had heart failure from stress cardiomyopathy; recovered fully in 2008 and off all heart medicines since.
Sleeps seven hours a night.
Knits as a hobby.
Lives in a second-floor apartment.
Temperature now 36.9 C (tympanic).","Man of 80 years.
Community-acquired pneumonia confirmed on chest radiograph.
Platelet count now 32 x10^9/L.
Records from 2006 list platelet count at 187 x10^9/L.
Teeth in good repair.
Formerly had heart failure from stress cardiomyopathy; recovered fully in 2008 and off all heart medicines since.
Sleeps seven hours a night.
Knits as a hobby.
Lives in a second-floor apartment.
Temperature now 36.9 C (tympanic).","Man of 80 years.
Community-acquired pneumonia confirmed on chest radiograph.
Platelet count now 378 x10^9/L.
Records from 2006 list platelet count at 27 x10^9/L.
Teeth in good repair.
Formerly had heart failure from stress cardiomyopathy; recovered fully in 2008 and off all heart medicines since.
Sleeps seven hours a night.
Knits as a hobby.
Lives in a second-floor apartment.
Temperature now 36.9 C (tympanic).","need: platelet count below 50
found: 378
subject: patient
status: present
time: current

need: platelet count below 50
found: 187
subject: patient
status: present
time: past (2006)","need: platelet count below 50
found: 32
subject: patient
status: present
time: current

need: platelet count below 50
found: 187
subject: patient
status: present
time: past (2006)","need: platelet count below 50
found: 378
subject: patient
status: present
time: current

need: platelet count below 50
found: 27
subject: patient
status: present
time: past (2006)","need: platelet count below 50
found: 378
subject: patient
status: present
time: current

need: platelet count below 50
found: 187
subject: patient
status: present
time: past (2006)","need: platelet count below 50
found: 32
subject: patient
status: present
time: current

need: platelet count below 50
found: 187
subject: patient
status: present
time: past (2006)","need: platelet count below 50
found: 378
subject: patient
status: present
time: current

need: platelet count below 50
found: 27
subject: patient
status: present
time: past (2006)","{""criterion_holds"": 0, ""hdr"": 4, ""keywords"": [""platelet""], ""overrides"": {}, ""seed"": 216, ""tpl"": [""platelets/current/5"", ""platelets/past/4"", ""filler/neutral/35"", ""chf/past/5"", ""filler/neutral/4"", ""filler/neutral/46"", ""filler/neutral/16"", ""temperature/current/5""], ""tpl_split"": ""test""}",,,,,
E162,4,ledger2 x blocks,B-F-ledger2-blocks-s0,rule_v1.test.s3_aims65.inr.time.superseded.1045,s3_aims65,additive_score,time,superseded,L2,near,25.437044143676758,-29.379294395446777,-0.21832048892974854,25.437044143676758,"AIMS65 (as used here, partial): 1 point each for a current international normalized ratio (INR) above 1.5; current altered mental status (confusion or disorientation); a current systolic blood pressure of 90 mmHg or less; age 65 years or more. Other AIMS65 items are not part of this question.",international normalized ratio above 1.5,The international normalized ratio criterion contributes 0 points.,The international normalized ratio criterion contributes 1 point.,"Man, adult.
Upper gastrointestinal bleeding with black stools; admitted for endoscopy.
Lives in a second-floor apartment.
Latest international normalized ratio (INR): 0.9.
Enjoys board games.
Gives a clear account of the illness.
Current age 43 years.
Last month, international normalized ratio was 1.2; the newest measurement replaces it.
Plays the piano.
Observations now: blood pressure 114/78 mmHg.","Man, adult.
Upper gastrointestinal bleeding with black stools; admitted for endoscopy.
Lives in a second-floor apartment.
Latest international normalized ratio (INR): 2.2.
Enjoys board games.
Gives a clear account of the illness.
Current age 43 years.
Last month, international normalized ratio was 1.2; the newest measurement replaces it.
Plays the piano.
Observations now: blood pressure 114/78 mmHg.","Man, adult.
Upper gastrointestinal bleeding with black stools; admitted for endoscopy.
Lives in a second-floor apartment.
Latest international normalized ratio (INR): 0.9.
Enjoys board games.
Gives a clear account of the illness.
Current age 43 years.
Last month, international normalized ratio was 1.6; the newest measurement replaces it.
Plays the piano.
Observations now: blood pressure 114/78 mmHg.","need: international normalized ratio above 1.5
found: 0.9
subject: patient
status: present
time: current

need: international normalized ratio above 1.5
found: 1.2
subject: patient
status: present
time: past","need: international normalized ratio above 1.5
found: 2.2
subject: patient
status: present
time: current

need: international normalized ratio above 1.5
found: 1.2
subject: patient
status: present
time: past","need: international normalized ratio above 1.5
found: 0.9
subject: patient
status: present
time: current

need: international normalized ratio above 1.5
found: 1.6
subject: patient
status: present
time: past","need: international normalized ratio above 1.5
found: 0.9
subject: patient
status: present
time: current

need: international normalized ratio above 1.5
found: 1.2
subject: patient
status: present
time: past","need: international normalized ratio above 1.5
found: 2.2
subject: patient
status: present
time: current

need: international normalized ratio above 1.5
found: 1.2
subject: patient
status: present
time: past","need: international normalized ratio above 1.5
found: 0.9
subject: patient
status: present
time: current

need: international normalized ratio above 1.5
found: 1.6
subject: patient
status: present
time: past","{""criterion_holds"": 0, ""hdr"": 5, ""keywords"": [""international normalized ratio""], ""overrides"": {}, ""seed"": 1045, ""tpl"": [""filler/neutral/16"", ""inr/current/5"", ""filler/neutral/5"", ""confusion/generic/5"", ""age/current/5"", ""inr/superseded/5"", ""filler/neutral/41"", ""sbp/current/5""], ""tpl_split"": ""test""}",,,,,
E163,4,ledger2 x triplets,B-F-ledger2-triplets-s0,rule_v1.test.gs083.c2.negation.easy.384,gs083,g_all_of,negation,easy,L2,base,-21.461909294128418,-37.27883720397949,37.60925483703613,-21.641502380371094,"For community-acquired pneumonia, prescribe oral amoxicillin. If the current serum creatinine is 1.5 mg/dL or more and the patient has ever had heart failure (current or past), prescribe intravenous co-amoxiclav instead.",heart failure,Prescribe oral amoxicillin.,Prescribe intravenous co-amoxiclav.,"Man of 83 years.
Community-acquired pneumonia confirmed on chest radiograph.
Enjoys board games.
Sleeps flat on one pillow.
Sees a dentist yearly.
Current serum creatinine 1.8 mg/dL.
Has two cats.","Man of 83 years.
Community-acquired pneumonia confirmed on chest radiograph.
Enjoys board games.
Current heart failure with ankle swelling.
Sees a dentist yearly.
Current serum creatinine 1.8 mg/dL.
Has two cats.","Man of 83 years.
Community-acquired pneumonia confirmed on chest radiograph.
Enjoys board games.
Has never had heart failure.
Sees a dentist yearly.
Current serum creatinine 1.8 mg/dL.
Has two cats.","need: heart failure
found: Sleeps flat on one pillow.
subject: patient
status: absent
time: current","need: heart failure
found: Current heart failure with ankle swelling.
subject: patient
status: present
time: current","need: heart failure
found: Has never had heart failure.
subject: patient
status: absent
time: current","need: heart failure
found: Sleeps flat on one pillow.
subject: patient
status: present
time: current","need: heart failure
found: Current heart failure with ankle swelling.
subject: patient
status: present
time: current","need: heart failure
found: Has never had heart failure.
subject: patient
status: absent
time: current","{""criterion_holds"": 0, ""hdr"": 4, ""keywords"": [""heart failure""], ""overrides"": {}, ""seed"": 384, ""tpl"": [""filler/neutral/5"", ""chf/absent/4"", ""filler/neutral/23"", ""creatinine/current/4"", ""filler/neutral/40""], ""tpl_split"": ""test""}",,,,,
E164,4,ledger2 x triplets,B-F-ledger2-triplets-s0,rule_v1.test.cut_bleed.bleed.subject.easy.1387,cut_bleed,score_cutoff,subject,easy,L2,flip,36.2102165222168,4.075995683670044,28.09312343597412,36.2102165222168,"For dual antiplatelet therapy after a myocardial infarction, prescribe aspirin plus ticagrelor. Score 2 points for a major bleeding event at any time; 1 point for age 75 years or more; 1 point for a current eGFR below 30 mL/min/1.73 m2. If the score is 2 or more, prescribe aspirin plus clopidogrel instead.",bleeding history,Prescribe aspirin plus ticagrelor.,Prescribe aspirin plus clopidogrel.,"Woman, adult.
Recovering on the ward after a myocardial infarction treated with a stent.
Sees a dentist yearly.
Current eGFR 58 mL/min/1.73 m2.
Examination shows no signs of blood loss.
Current age 81 years.
Plays the piano.","Woman, adult.
Recovering on the ward after a myocardial infarction treated with a stent.
Sees a dentist yearly.
Current eGFR 58 mL/min/1.73 m2.
Major intracranial bleed after a fall years ago, with full recovery.
Current age 81 years.
Plays the piano.","Woman, adult.
Recovering on the ward after a myocardial infarction treated with a stent.
Sees a dentist yearly.
Current eGFR 58 mL/min/1.73 m2.
Her sister recovered from a major intracranial bleed in 2011.
Current age 81 years.
Plays the piano.","need: bleeding history
found: Examination shows no signs of blood loss.
subject: patient
status: absent
time: current","need: bleeding history
found: Major intracranial bleed after a fall years ago, with full recovery.
subject: patient
status: present
time: past","need: bleeding history
found: Her sister recovered from a major intracranial bleed in 2011.
subject: other (sister)
status: present
time: past (2011)","need: bleeding history
found: Examination shows no signs of blood loss.
subject: patient
status: absent
time: current","need: bleeding history
found: Major intracranial bleed after a fall years ago, with full recovery.
subject: patient
status: present
time: past","need: bleeding history
found: Her sister recovered from a major intracranial bleed in 2011.
subject: other (sister)
status: present
time: past (2011)","{""criterion_holds"": 0, ""hdr"": 5, ""keywords"": [""bleed""], ""overrides"": {}, ""seed"": 1387, ""tpl"": [""filler/neutral/23"", ""egfr/current/4"", ""bleeding/rel_past/5"", ""age/current/5"", ""filler/neutral/41""], ""tpl_split"": ""test""}",,,,,
E165,4,ledger2 x triplets,B-F-ledger2-triplets-s0,rule_v1.test.gs094.c1.subject.easy.591,gs094,g_all_of,subject,easy,L2,base,-22.558425903320312,-34.28307342529297,33.06162452697754,-22.558425903320312,"For primary prevention, prescribe atorvastatin. If the patient has ever had heart failure (current or past) and the age of the patient is 75 years or more, prescribe ezetimibe instead.",heart failure,Prescribe atorvastatin.,Prescribe ezetimibe.,"Man, adult.
Primary prevention; LDL cholesterol 182 mg/dL.
Currently aged 78 years.
Sleeps flat on one pillow.
Pupils equal and reactive to light.","Man, adult.
Primary prevention; LDL cholesterol 182 mg/dL.
Currently aged 78 years.
Current heart failure with ankle swelling.
Pupils equal and reactive to light.","Man, adult.
Primary prevention; LDL cholesterol 182 mg/dL.
Currently aged 78 years.
His roommate has advanced heart failure.
Pupils equal and reactive to light.","need: heart failure
found: Sleeps flat on one pillow.
subject: patient
status: absent
time: current","need: heart failure
found: Current heart failure with ankle swelling.
subject: patient
status: present
time: current","need: heart failure
found: His roommate has advanced heart failure.
subject: other (roommate)
status: present
time: current","need: heart failure
found: Sleeps flat on one pillow.
subject: patient
status: present
time: current","need: heart failure
found: Current heart failure with ankle swelling.
subject: patient
status: present
time: current","need: heart failure
found: His roommate has advanced heart failure.
subject: other (roommate)
status: present
time: current","{""criterion_holds"": 0, ""hdr"": 5, ""keywords"": [""heart failure""], ""overrides"": {}, ""seed"": 591, ""tpl"": [""age/current/4"", ""chf/rel/5"", ""filler/neutral/11""], ""tpl_split"": ""test""}",,,,,
E166,4,ledger2 x triplets,B-F-ledger2-triplets-s0,rule_v1.test.gs249.c1.subject.long.42,gs249,g_all_of,subject,long,L2,flip,35.93286895751953,18.632051944732666,32.50634765625,35.93286895751953,"For community-acquired pneumonia treated at home, prescribe amoxicillin. If the patient or a first-degree relative (parent, sibling or child) has had colorectal cancer at any time and the patient has an active peptic ulcer, prescribe doxycycline instead.",colorectal cancer (patient or first-degree relative),Prescribe amoxicillin.,Prescribe doxycycline.,"Male patient of 68 years.
Productive cough and fever; consolidation on chest radiograph.
In 2023, lipase was 30 U/L.
Photographs local wildlife.
During a checkup in 2019, free T3 was 3.2 pg/mL.
Has an active duodenal ulcer.
His roommate burned a hand on a stove years ago.
Prefers morning appointments.
Sees a dentist yearly.
Teeth in good repair.
Sleeps seven hours a night.
Paints watercolors as a hobby.
His roommate has a lazy eye.
Drives a car.
Has two cats.
His friend wears contact lenses.
His roommate sprained a thumb last month.
Uses sunscreen in summer.
Plays the piano.","Male patient of 68 years.
Productive cough and fever; consolidation on chest radiograph.
In 2023, lipase was 30 U/L.
Photographs local wildlife.
During a checkup in 2019, free T3 was 3.2 pg/mL.
Has an active duodenal ulcer.
His roommate burned a hand on a stove years ago.
Prefers morning appointments.
Sees a dentist yearly.
Teeth in good repair.
Sleeps seven hours a night.
Paints watercolors as a hobby.
His roommate has a lazy eye.
Drives a car.
Has two cats.
His friend wears contact lenses.
Lives with colon cancer and attends an oncology clinic.
His roommate sprained a thumb last month.
Uses sunscreen in summer.
Plays the piano.","Male patient of 68 years.
Productive cough and fever; consolidation on chest radiograph.
In 2023, lipase was 30 U/L.
Photographs local wildlife.
During a checkup in 2019, free T3 was 3.2 pg/mL.
Has an active duodenal ulcer.
His roommate burned a hand on a stove years ago.
Prefers morning appointments.
Sees a dentist yearly.
Teeth in good repair.
Sleeps seven hours a night.
Paints watercolors as a hobby.
His roommate has a lazy eye.
Drives a car.
Has two cats.
His friend wears contact lenses.
His roommate is undergoing surgery for bowel cancer.
His roommate sprained a thumb last month.
Uses sunscreen in summer.
Plays the piano.","need: colorectal cancer (patient or first-degree relative)
found: not mentioned
subject: patient
status: absent
time: current","need: colorectal cancer (patient or first-degree relative)
found: Lives with colon cancer and attends an oncology clinic.
subject: patient
status: present
time: current","need: colorectal cancer (patient or first-degree relative)
found: His roommate is undergoing surgery for bowel cancer.
subject: other (roommate)
status: present
time: current","need: colorectal cancer (patient or first-degree relative)
found: not mentioned
subject: patient
status: absent
time: current","need: colorectal cancer (patient or first-degree relative)
found: Lives with colon cancer and attends an oncology clinic.
subject: other (roommate)
status: present
time: current","need: colorectal cancer (patient or first-degree relative)
found: His roommate is undergoing surgery for bowel cancer.
subject: other (roommate)
status: present
time: current","{""criterion_holds"": 0, ""hdr"": 5, ""keywords"": [""colorectal cancer"", ""colon cancer"", ""bowel cancer""], ""overrides"": {}, ""seed"": 42, ""tpl"": [""filler/lab/11"", ""filler/neutral/10"", ""filler/lab/17"", ""peptic_ulcer/present/4"", ""filler/other/11"", ""filler/neutral/29"", ""filler/neutral/23"", ""filler/neutral/35"", ""filler/neutral/4"", ""filler/neutral/28"", ""filler/other/10"", ""filler/neutral/17"", ""filler/neutral/40"", ""filler/other/16"", ""crc/rel/4"", ""filler/other/5"", ""filler/neutral/22"", ""filler/neutral/41""], ""tpl_split"": ""test""}",,,,,
E167,4,summary2 x triplets,B-F-summary2-triplets-s0,rule_v1.test.gs009.c2.negation.easy.501,gs009,g_all_of,negation,easy,L2,base,-28.361648559570312,-25.840205192565918,32.50412368774414,-28.361648559570312,"For acute streptococcal pharyngitis, prescribe amoxicillin. If the current white cell count is above 12.0 x10^9/L and the patient or a first-degree relative (parent, sibling or child) has had diabetes at any time, prescribe azithromycin instead.",diabetes (patient or first-degree relative),Prescribe amoxicillin.,Prescribe azithromycin.,"Man of 37 years.
Presents with acute streptococcal pharyngitis (rapid antigen test positive).
Current white cell count 12.8 x10^9/L.
Paints watercolors as a hobby.
Prefers morning appointments.
Random glucose 92 mg/dL.","Man of 37 years.
Presents with acute streptococcal pharyngitis (rapid antigen test positive).
Current white cell count 12.8 x10^9/L.
Paints watercolors as a hobby.
Prefers morning appointments.
His sister was diabetic until bariatric surgery several years ago.","Man of 37 years.
Presents with acute streptococcal pharyngitis (rapid antigen test positive).
Current white cell count 12.8 x10^9/L.
Paints watercolors as a hobby.
Prefers morning appointments.
Has never had diabetes.","need: diabetes (patient or first-degree relative)
found: Random glucose 92 mg/dL.
subject: patient
status: absent
time: current","need: diabetes (patient or first-degree relative)
found: His sister was diabetic until bariatric surgery several years ago.
subject: other (sister)
status: present
time: past","need: diabetes (patient or first-degree relative)
found: Has never had diabetes.
subject: patient
status: absent
time: current","For diabetes (patient or first-degree relative), the note states ""92""; this concerns the patient, is recorded as present, at present.","For diabetes (patient or first-degree relative), the note states ""His sister was diabetic until bariatric surgery several years ago.""; this concerns the patient's sister, is recorded as present, in the past.","For diabetes (patient or first-degree relative), the note states ""Has never had diabetes.""; this concerns the patient, is recorded as absent, at present.","{""criterion_holds"": 0, ""hdr"": 4, ""keywords"": [""diabet""], ""overrides"": {}, ""seed"": 501, ""tpl"": [""wbc/current/4"", ""filler/neutral/28"", ""filler/neutral/29"", ""diabetes/absent/4""], ""tpl_split"": ""test""}",,,,,
E168,4,summary2 x triplets,B-F-summary2-triplets-s0,rule_v1.test.gs179.c1.negation.easy.963,gs179,g_all_of,negation,easy,L2,base,-28.58786964416504,-31.403590202331543,32.14095878601074,-28.58786964416504,"For rate control in atrial fibrillation, prescribe metoprolol. If the patient has ever had diabetes (current or past) and the current white cell count is above 12.0 x10^9/L, prescribe diltiazem instead.",diabetes,Prescribe metoprolol.,Prescribe diltiazem.,"Female patient of 78 years.
Atrial fibrillation with a ventricular rate of 128/min.
Photographs local wildlife.
Plays the piano.
Latest WBC is 13.3 x10^9/L.
Random glucose 92 mg/dL.","Female patient of 78 years.
Atrial fibrillation with a ventricular rate of 128/min.
Photographs local wildlife.
Plays the piano.
Latest WBC is 13.3 x10^9/L.
Has type 2 diabetes on metformin.","Female patient of 78 years.
Atrial fibrillation with a ventricular rate of 128/min.
Photographs local wildlife.
Plays the piano.
Latest WBC is 13.3 x10^9/L.
Never diagnosed with diabetes.","need: diabetes
found: Random glucose 92 mg/dL.
subject: patient
status: absent
time: current","need: diabetes
found: Has type 2 diabetes on metformin.
subject: patient
status: present
time: current","need: diabetes
found: Never diagnosed with diabetes.
subject: patient
status: absent
time: current","For diabetes, the note states ""92""; this concerns the patient, is recorded as present, at present.","For diabetes, the note states ""Has type 2 diabetes on metformin.""; this concerns the patient, is recorded as present, at present.","For diabetes, the note states ""Never diagnosed with diabetes.""; this concerns the patient, is recorded as absent, at present.","{""criterion_holds"": 0, ""hdr"": 5, ""keywords"": [""diabet""], ""overrides"": {}, ""seed"": 963, ""tpl"": [""filler/neutral/10"", ""filler/neutral/41"", ""wbc/current/5"", ""diabetes/absent/5""], ""tpl_split"": ""test""}",,,,,
E169,4,summary2 x triplets,B-F-summary2-triplets-s0,rule_v1.test.gs220.c2.negation.long.890,gs220,g_all_of,negation,long,L2,base,-14.71402359008789,-28.426342010498047,30.43777370452881,-14.71402359008789,"For contraception, prescribe a combined oral contraceptive. If the current eGFR is below 30 mL/min/1.73 m2 and the patient or a first-degree relative (parent, sibling or child) has had diabetes at any time, prescribe a progestin-only pill instead.",diabetes (patient or first-degree relative),Prescribe a combined oral contraceptive.,Prescribe a progestin-only pill.,"Woman of 36 years.
Requests contraception.
During a checkup in 2023, free T3 was 3.2 pg/mL.
Has two cats.
Current eGFR 21 mL/min/1.73 m2.
Teeth in good repair.
HbA1c 5.3% at a routine check.
Lives in a second-floor apartment.
Knits as a hobby.
Her wife burned a hand on a stove years ago.
Prefers to be addressed by first name.
Owns a bicycle.
Pupils equal and reactive to light.
Her friend has recovered from a dislocated finger.
Prefers morning appointments.
Plays the piano.
Uses sunscreen in summer.
Sleeps seven hours a night.
Enjoys board games.
In 2020, folate was 12 ng/mL.
During a checkup in 2021, total protein was 7.0 g/dL.
Paints watercolors as a hobby.","Woman of 36 years.
Requests contraception.
During a checkup in 2023, free T3 was 3.2 pg/mL.
Has two cats.
Current eGFR 21 mL/min/1.73 m2.
Teeth in good repair.
Formerly diabetic; in remission since 2009.
Lives in a second-floor apartment.
Knits as a hobby.
Her wife burned a hand on a stove years ago.
Prefers to be addressed by first name.
Owns a bicycle.
Pupils equal and reactive to light.
Her friend has recovered from a dislocated finger.
Prefers morning appointments.
Plays the piano.
Uses sunscreen in summer.
Sleeps seven hours a night.
Enjoys board games.
In 2020, folate was 12 ng/mL.
During a checkup in 2021, total protein was 7.0 g/dL.
Paints watercolors as a hobby.","Woman of 36 years.
Requests contraception.
During a checkup in 2023, free T3 was 3.2 pg/mL.
Has two cats.
Current eGFR 21 mL/min/1.73 m2.
Teeth in good repair.
Has never had diabetes.
Lives in a second-floor apartment.
Knits as a hobby.
Her wife burned a hand on a stove years ago.
Prefers to be addressed by first name.
Owns a bicycle.
Pupils equal and reactive to light.
Her friend has recovered from a dislocated finger.
Prefers morning appointments.
Plays the piano.
Uses sunscreen in summer.
Sleeps seven hours a night.
Enjoys board games.
In 2020, folate was 12 ng/mL.
During a checkup in 2021, total protein was 7.0 g/dL.
Paints watercolors as a hobby.","need: diabetes (patient or first-degree relative)
found: HbA1c 5.3% at a routine check.
subject: patient
status: absent
time: current","need: diabetes (patient or first-degree relative)
found: Formerly diabetic; in remission since 2009.
subject: patient
status: present
time: past (2009)","need: diabetes (patient or first-degree relative)
found: Has never had diabetes.
subject: patient
status: absent
time: current","For diabetes (patient or first-degree relative), the note states ""HbA1c 5.3% at a routine check.""; this concerns the patient, is recorded as present, at present.","For diabetes (patient or first-degree relative), the note states ""Formerly diabetic; in remission since 2009.""; this concerns the patient, is recorded as present, in the past (2009).","For diabetes (patient or first-degree relative), the note states ""Has never had diabetes.""; this concerns the patient, is recorded as absent, at present.","{""criterion_holds"": 0, ""hdr"": 4, ""keywords"": [""diabet""], ""overrides"": {}, ""seed"": 890, ""tpl"": [""filler/lab/17"", ""filler/neutral/40"", ""egfr/current/4"", ""filler/neutral/35"", ""diabetes/absent/4"", ""filler/neutral/16"", ""filler/neutral/46"", ""filler/other/11"", ""filler/neutral/47"", ""filler/neutral/34"", ""filler/neutral/11"", ""filler/other/17"", ""filler/neutral/29"", ""filler/neutral/41"", ""filler/neutral/22"", ""filler/neutral/4"", ""filler/neutral/5"", ""filler/lab/4"", ""filler/lab/10"", ""filler/neutral/28""], ""tpl_split"": ""test""}",,,,,
E170,4,summary2 x triplets,B-F-summary2-triplets-s0,rule_v1.test.gs049.c2.subject.easy.182,gs049,g_all_of,subject,easy,L2,base; near,-28.439234733581543,-24.58141040802002,-0.8428094387054443,-28.439234733581543,"For uncomplicated cystitis, prescribe trimethoprim-sulfamethoxazole. If the patient or a first-degree relative (parent, sibling or child) has had a venous thromboembolism at any time and the patient or a first-degree relative (parent, sibling or child) has had diabetes at any time, prescribe nitrofurantoin instead.",diabetes (patient or first-degree relative),Prescribe trimethoprim-sulfamethoxazole.,Prescribe nitrofurantoin.,"Female patient of 48 years.
Dysuria and urinary frequency for two days; urine dipstick positive for nitrites.
HbA1c 5.3% at a routine check.
Prefers morning appointments.
Has an acute pulmonary embolism, diagnosed this week.","Female patient of 48 years.
Dysuria and urinary frequency for two days; urine dipstick positive for nitrites.
Her sister was diabetic until bariatric surgery several years ago.
Prefers morning appointments.
Has an acute pulmonary embolism, diagnosed this week.","Female patient of 48 years.
Dysuria and urinary frequency for two days; urine dipstick positive for nitrites.
Her wife was diabetic until bariatric surgery several years ago.
Prefers morning appointments.
Has an acute pulmonary embolism, diagnosed this week.","need: diabetes (patient or first-degree relative)
found: HbA1c 5.3% at a routine check.
subject: patient
status: absent
time: current","need: diabetes (patient or first-degree relative)
found: Her sister was diabetic until bariatric surgery several years ago.
subject: other (sister)
status: present
time: past","need: diabetes (patient or first-degree relative)
found: Her wife was diabetic until bariatric surgery several years ago.
subject: other (wife)
status: present
time: past","For diabetes (patient or first-degree relative), the note states ""5.3""; this concerns the patient, is recorded as present, at present.","For diabetes (patient or first-degree relative), the note states ""Her sister was diabetic until bariatric surgery several years ago.""; this concerns the patient's sister, is recorded as present, in the past.","For diabetes (patient or first-degree relative), the note states ""Her wife was diabetic until bariatric surgery several years ago.""; this concerns the patient's wife, is recorded as present, in the past.","{""criterion_holds"": 0, ""hdr"": 5, ""keywords"": [""diabet""], ""overrides"": {}, ""seed"": 182, ""tpl"": [""diabetes/rel_past/5"", ""filler/neutral/29"", ""vte/present/4""], ""tpl_split"": ""test""}",,,,,
E171,4,summary2 x triplets,B-F-summary2-triplets-s0,rule_v1.test.gs064.c2.subject.easy.468,gs064,g_all_of,subject,easy,L2,near,28.40085506439209,-32.196266174316406,-1.3256523609161377,28.40085506439209,"For an acute gout flare, prescribe colchicine. If the patient has ever had angioedema (current or past) and the patient or a first-degree relative (parent, sibling or child) has had colorectal cancer at any time, prescribe prednisone instead.",colorectal cancer (patient or first-degree relative),Prescribe colchicine.,Prescribe prednisone.,"Male patient of 35 years.
Acute gout flare of the right first metatarsophalangeal joint.
Recurrent angioedema, under allergy follow-up.
Sees a dentist yearly.
Photographs local wildlife.","Male patient of 35 years.
Acute gout flare of the right first metatarsophalangeal joint.
Colorectal cancer under active treatment.
Recurrent angioedema, under allergy follow-up.
Sees a dentist yearly.
Photographs local wildlife.","Male patient of 35 years.
Acute gout flare of the right first metatarsophalangeal joint.
His wife is undergoing surgery for bowel cancer.
Recurrent angioedema, under allergy follow-up.
Sees a dentist yearly.
Photographs local wildlife.","need: colorectal cancer (patient or first-degree relative)
found: not mentioned
subject: patient
status: absent
time: current","need: colorectal cancer (patient or first-degree relative)
found: Colorectal cancer under active treatment.
subject: patient
status: present
time: current","need: colorectal cancer (patient or first-degree relative)
found: His wife is undergoing surgery for bowel cancer.
subject: other (wife)
status: present
time: current",The note does not mention colorectal cancer (patient or first-degree relative).,"For colorectal cancer (patient or first-degree relative), the note states ""Colorectal cancer under active treatment.""; this concerns the patient, is recorded as present, at present.","For colorectal cancer (patient or first-degree relative), the note states ""His wife is undergoing surgery for bowel cancer.""; this concerns the patient's wife, is recorded as present, at present.","{""criterion_holds"": 0, ""hdr"": 5, ""keywords"": [""colorectal cancer"", ""colon cancer"", ""bowel cancer""], ""overrides"": {}, ""seed"": 468, ""tpl"": [""crc/rel/4"", ""angioedema/present/4"", ""filler/neutral/23"", ""filler/neutral/10""], ""tpl_split"": ""test""}",,,,,
E172,4,summary2 x triplets,B-F-summary2-triplets-s0,rule_v1.test.gs123.c2.subject.long.558,gs123,g_two_of_three,subject,long,L2,base,-27.188721656799316,-25.13033390045166,27.83839702606201,-27.188721656799316,"For vaginal candidiasis, prescribe oral fluconazole. If at least two of the following apply, prescribe clotrimazole pessaries instead: the patient is currently taking aspirin; the patient or a first-degree relative (parent, sibling or child) has had diabetes at any time; the current serum potassium is above 5.0 mmol/L.",diabetes (patient or first-degree relative),Prescribe oral fluconazole.,Prescribe clotrimazole pessaries.,"Woman of 43 years.
Vaginal itching and discharge; candidiasis confirmed on microscopy.
Current serum potassium 5.5 mmol/L.
Sees a dentist yearly.
In 2005, lipase was 30 U/L.
Teeth in good repair.
Drives a car.
Random glucose 92 mg/dL.
Her sister has recovered from a dislocated finger.
Prefers to be addressed by first name.
Her sister has a lazy eye.
Lives in a second-floor apartment.
Sleeps seven hours a night.
Photographs local wildlife.
Has two cats.
Uses sunscreen in summer.
Prefers morning appointments.
Knits as a hobby.
Plays the piano.
Her wife wears contact lenses.
Pupils equal and reactive to light.
Enjoys board games.
Antiplatelet therapy: none at present.
Zinc of 85 mcg/dL in 2019.
Owns a bicycle.","Woman of 43 years.
Vaginal itching and discharge; candidiasis confirmed on microscopy.
Current serum potassium 5.5 mmol/L.
Sees a dentist yearly.
In 2005, lipase was 30 U/L.
Teeth in good repair.
Drives a car.
Her sister lives with type 1 diabetes.
Her sister has recovered from a dislocated finger.
Prefers to be addressed by first name.
Her sister has a lazy eye.
Lives in a second-floor apartment.
Sleeps seven hours a night.
Photographs local wildlife.
Has two cats.
Uses sunscreen in summer.
Prefers morning appointments.
Knits as a hobby.
Plays the piano.
Her wife wears contact lenses.
Pupils equal and reactive to light.
Enjoys board games.
Antiplatelet therapy: none at present.
Zinc of 85 mcg/dL in 2019.
Owns a bicycle.","Woman of 43 years.
Vaginal itching and discharge; candidiasis confirmed on microscopy.
Current serum potassium 5.5 mmol/L.
Sees a dentist yearly.
In 2005, lipase was 30 U/L.
Teeth in good repair.
Drives a car.
Her friend lives with type 1 diabetes.
Her sister has recovered from a dislocated finger.
Prefers to be addressed by first name.
Her sister has a lazy eye.
Lives in a second-floor apartment.
Sleeps seven hours a night.
Photographs local wildlife.
Has two cats.
Uses sunscreen in summer.
Prefers morning appointments.
Knits as a hobby.
Plays the piano.
Her wife wears contact lenses.
Pupils equal and reactive to light.
Enjoys board games.
Antiplatelet therapy: none at present.
Zinc of 85 mcg/dL in 2019.
Owns a bicycle.","need: diabetes (patient or first-degree relative)
found: Random glucose 92 mg/dL.
subject: patient
status: absent
time: current","need: diabetes (patient or first-degree relative)
found: Her sister lives with type 1 diabetes.
subject: other (sister)
status: present
time: current","need: diabetes (patient or first-degree relative)
found: Her friend lives with type 1 diabetes.
subject: other (friend)
status: present
time: current","For diabetes (patient or first-degree relative), the note states ""92""; this concerns the patient, is recorded as present, at present.","For diabetes (patient or first-degree relative), the note states ""Her sister lives with type 1 diabetes.""; this concerns the patient's sister, is recorded as present, at present.","For diabetes (patient or first-degree relative), the note states ""Her friend lives with type 1 diabetes.""; this concerns the patient's friend, is recorded as present, at present.","{""criterion_holds"": 0, ""hdr"": 4, ""keywords"": [""diabet""], ""overrides"": {}, ""seed"": 558, ""tpl"": [""potassium/current/4"", ""filler/neutral/23"", ""filler/lab/11"", ""filler/neutral/35"", ""filler/neutral/17"", ""diabetes/rel/5"", ""filler/other/17"", ""filler/neutral/47"", ""filler/other/10"", ""filler/neutral/16"", ""filler/neutral/4"", ""filler/neutral/10"", ""filler/neutral/40"", ""filler/neutral/22"", ""filler/neutral/29"", ""filler/neutral/46"", ""filler/neutral/41"", ""filler/other/16"", ""filler/neutral/11"", ""filler/neutral/5"", ""aspirin/generic/4"", ""filler/lab/16"", ""filler/neutral/34""], ""tpl_split"": ""test""}",,,,,
E173,4,summary2 x triplets,B-F-summary2-triplets-s0,rule_v1.test.gs161.c1.subject.easy.1202,gs161,g_all_of,subject,easy,L2,base,-22.711732864379883,-28.13361358642578,10.4288010597229,-22.711732864379883,"For acute streptococcal pharyngitis, prescribe amoxicillin. If the patient or a first-degree relative (parent, sibling or child) has had diabetes at any time and the patient has active cancer, prescribe azithromycin instead.",diabetes (patient or first-degree relative),Prescribe amoxicillin.,Prescribe azithromycin.,"Woman of 62 years.
Presents with acute streptococcal pharyngitis (rapid antigen test positive).
Knits as a hobby.
Pupils equal and reactive to light.
Has metastatic lung cancer, receiving palliative treatment.
Random glucose 92 mg/dL.
Drives a car.
Teeth in good repair.","Woman of 62 years.
Presents with acute streptococcal pharyngitis (rapid antigen test positive).
Knits as a hobby.
Pupils equal and reactive to light.
Has metastatic lung cancer, receiving palliative treatment.
Has type 2 diabetes on metformin.
Drives a car.
Teeth in good repair.","Woman of 62 years.
Presents with acute streptococcal pharyngitis (rapid antigen test positive).
Knits as a hobby.
Pupils equal and reactive to light.
Has metastatic lung cancer, receiving palliative treatment.
Her wife lives with type 1 diabetes.
Drives a car.
Teeth in good repair.","need: diabetes (patient or first-degree relative)
found: Random glucose 92 mg/dL.
subject: patient
status: absent
time: current","need: diabetes (patient or first-degree relative)
found: Has type 2 diabetes on metformin.
subject: patient
status: present
time: current","need: diabetes (patient or first-degree relative)
found: Her wife lives with type 1 diabetes.
subject: other (wife)
status: present
time: current","For diabetes (patient or first-degree relative), the note states ""92""; this concerns the patient, is recorded as present, at present.","For diabetes (patient or first-degree relative), the note states ""Has type 2 diabetes on metformin.""; this concerns the patient, is recorded as present, at present.","For diabetes (patient or first-degree relative), the note states ""Her wife lives with type 1 diabetes.""; this concerns the patient's wife, is recorded as present, at present.","{""criterion_holds"": 0, ""hdr"": 4, ""keywords"": [""diabet""], ""overrides"": {}, ""seed"": 1202, ""tpl"": [""filler/neutral/46"", ""filler/neutral/11"", ""cancer/present/4"", ""diabetes/rel/5"", ""filler/neutral/17"", ""filler/neutral/35""], ""tpl_split"": ""test""}",,,,,
E174,4,summary2 x triplets,B-F-summary2-triplets-s0,rule_v1.test.gs192.c4.subject.long.553,gs192,g_score_cutoff,subject,long,L2,base; near,-13.527506828308105,-25.365145683288574,-3.248441696166992,-13.527506828308105,"For uncomplicated cystitis, prescribe trimethoprim-sulfamethoxazole. Score 2 points if the patient has ever had asthma (current or past); 1 point if the current calf swelling compared with the other leg is 3.0 cm or more; 1 point if the patient has ever had a peptic ulcer (current or past); 2 points if the patient or a first-degree relative (parent, sibling or child) has had diabetes at any time. If the score is 6 or more, prescribe nitrofurantoin instead.",diabetes (patient or first-degree relative),Prescribe trimethoprim-sulfamethoxazole.,Prescribe nitrofurantoin.,"Woman of 23 years.
Dysuria and urinary frequency for two days; urine dipstick positive for nitrites.
Prefers to be addressed by first name.
Sees a dentist yearly.
Knits as a hobby.
Difference in calf circumference now 3.9 cm.
Her sister lives with psoriasis.
Free T4 of 1.2 ng/dL in 2021.
Enjoys board games.
Asthma, on a daily inhaled steroid.
Pupils equal and reactive to light.
Formerly treated for a peptic ulcer; endoscopy in 2023 showed it had gone.
HbA1c 5.3% at a routine check.
During a checkup in 2022, total protein was 7.0 g/dL.
Sleeps seven hours a night.
Photographs local wildlife.
Lives in a second-floor apartment.
In 2022, folate was 12 ng/mL.
Uses sunscreen in summer.
Her wife wears contact lenses.
Has two cats.
Her uncle sprained a thumb last month.
Her uncle has a lazy eye.
Drives a car.","Woman of 23 years.
Dysuria and urinary frequency for two days; urine dipstick positive for nitrites.
Prefers to be addressed by first name.
Sees a dentist yearly.
Knits as a hobby.
Difference in calf circumference now 3.9 cm.
Her sister lives with psoriasis.
Free T4 of 1.2 ng/dL in 2021.
Enjoys board games.
Asthma, on a daily inhaled steroid.
Pupils equal and reactive to light.
Formerly treated for a peptic ulcer; endoscopy in 2023 showed it had gone.
Had diabetes years ago that went into remission on a low-calorie diet.
During a checkup in 2022, total protein was 7.0 g/dL.
Sleeps seven hours a night.
Photographs local wildlife.
Lives in a second-floor apartment.
In 2022, folate was 12 ng/mL.
Uses sunscreen in summer.
Her wife wears contact lenses.
Has two cats.
Her uncle sprained a thumb last month.
Her uncle has a lazy eye.
Drives a car.","Woman of 23 years.
Dysuria and urinary frequency for two days; urine dipstick positive for nitrites.
Prefers to be addressed by first name.
Sees a dentist yearly.
Knits as a hobby.
Difference in calf circumference now 3.9 cm.
Her sister lives with psoriasis.
Free T4 of 1.2 ng/dL in 2021.
Enjoys board games.
Asthma, on a daily inhaled steroid.
Pupils equal and reactive to light.
Formerly treated for a peptic ulcer; endoscopy in 2023 showed it had gone.
Her wife was diabetic until bariatric surgery several years ago.
During a checkup in 2022, total protein was 7.0 g/dL.
Sleeps seven hours a night.
Photographs local wildlife.
Lives in a second-floor apartment.
In 2022, folate was 12 ng/mL.
Uses sunscreen in summer.
Her wife wears contact lenses.
Has two cats.
Her uncle sprained a thumb last month.
Her uncle has a lazy eye.
Drives a car.","need: diabetes (patient or first-degree relative)
found: HbA1c 5.3% at a routine check.
subject: patient
status: absent
time: current","need: diabetes (patient or first-degree relative)
found: Had diabetes years ago that went into remission on a low-calorie diet.
subject: patient
status: present
time: past","need: diabetes (patient or first-degree relative)
found: Her wife was diabetic until bariatric surgery several years ago.
subject: other (wife)
status: present
time: past","For diabetes (patient or first-degree relative), the note states ""HbA1c 5.3% at a routine check.""; this concerns the patient, is recorded as present, at present.","For diabetes (patient or first-degree relative), the note states ""Had diabetes years ago that went into remission on a low-calorie diet.""; this concerns the patient, is recorded as present, in the past.","For diabetes (patient or first-degree relative), the note states ""Her wife was diabetic until bariatric surgery several years ago.""; this concerns the patient's wife, is recorded as present, in the past.","{""criterion_holds"": 0, ""hdr"": 4, ""keywords"": [""diabet""], ""overrides"": {}, ""seed"": 553, ""tpl"": [""filler/neutral/47"", ""filler/neutral/23"", ""filler/neutral/46"", ""calf_swelling/current/5"", ""filler/other/4"", ""filler/lab/5"", ""filler/neutral/5"", ""asthma/present/4"", ""filler/neutral/11"", ""peptic_ulcer/past/5"", ""diabetes/rel_past/5"", ""filler/lab/10"", ""filler/neutral/4"", ""filler/neutral/10"", ""filler/neutral/16"", ""filler/lab/4"", ""filler/neutral/22"", ""filler/other/16"", ""filler/neutral/40"", ""filler/other/5"", ""filler/other/10"", ""filler/neutral/17""], ""tpl_split"": ""test""}",,,,,
E175,4,summary2 x triplets,B-F-summary2-triplets-s0,rule_v1.test.gs220.c2.subject.easy.1809,gs220,g_all_of,subject,easy,L2,base,-23.838424682617188,-28.80916118621826,28.35194206237793,29.010026931762695,"For contraception, prescribe a combined oral contraceptive. If the current eGFR is below 30 mL/min/1.73 m2 and the patient or a first-degree relative (parent, sibling or child) has had diabetes at any time, prescribe a progestin-only pill instead.",diabetes (patient or first-degree relative),Prescribe a combined oral contraceptive.,Prescribe a progestin-only pill.,"Woman of 40 years.
Requests contraception.
HbA1c 5.3% at a routine check.
Current eGFR 21 mL/min/1.73 m2.
Photographs local wildlife.","Woman of 40 years.
Requests contraception.
Formerly diabetic; in remission since 2013.
Current eGFR 21 mL/min/1.73 m2.
Photographs local wildlife.","Woman of 40 years.
Requests contraception.
Her roommate had diabetes years ago that went away after a change in diet.
Current eGFR 21 mL/min/1.73 m2.
Photographs local wildlife.","need: diabetes (patient or first-degree relative)
found: HbA1c 5.3% at a routine check.
subject: patient
status: absent
time: current","need: diabetes (patient or first-degree relative)
found: Formerly diabetic; in remission since 2013.
subject: patient
status: present
time: past (2013)","need: diabetes (patient or first-degree relative)
found: Her roommate had diabetes years ago that went away after a change in diet.
subject: other (roommate)
status: present
time: past","For diabetes (patient or first-degree relative), the note states ""5.3""; this concerns the patient, is recorded as present, at present.","For diabetes (patient or first-degree relative), the note states ""Formerly diabetic; in remission since 2013.""; this concerns the patient, is recorded as present, in the past (2013).","For diabetes (patient or first-degree relative), the note states ""Her roommate had diabetes years ago that went away after a change in diet.""; this concerns the patient's roommate, is recorded as present, in the past.","{""criterion_holds"": 0, ""hdr"": 4, ""keywords"": [""diabet""], ""overrides"": {}, ""seed"": 1809, ""tpl"": [""diabetes/rel_past/4"", ""egfr/current/4"", ""filler/neutral/10""], ""tpl_split"": ""test""}",,,,,
E176,4,summary2 x triplets,B-F-summary2-triplets-s0,rule_v1.test.gs157.c2.time.superseded.833,gs157,g_two_of_three,time,superseded,L2,flip,29.36488914489746,21.688954830169678,24.841946601867676,31.321483612060547,"For community-acquired pneumonia, prescribe oral amoxicillin. If at least two of the following apply, prescribe intravenous co-amoxiclav instead: the patient has ever had heart failure (current or past); the current platelet count is below 50 x10^9/L; the current temperature is above 38.0 C.",platelet count below 50,Prescribe oral amoxicillin.,Prescribe intravenous co-amoxiclav.,"Male patient of 33 years.
Community-acquired pneumonia confirmed on chest radiograph.
Lives in a second-floor apartment.
Has two cats.
Current heart failure with ankle swelling.
Last month, platelet count was 303 x10^9/L; the newest measurement replaces it.
Current temperature 36.6 C.
Current platelet count 208 x10^9/L.","Male patient of 33 years.
Community-acquired pneumonia confirmed on chest radiograph.
Lives in a second-floor apartment.
Has two cats.
Current heart failure with ankle swelling.
Last month, platelet count was 303 x10^9/L; the newest measurement replaces it.
Current temperature 36.6 C.
Current platelet count 37 x10^9/L.","Male patient of 33 years.
Community-acquired pneumonia confirmed on chest radiograph.
Lives in a second-floor apartment.
Has two cats.
Current heart failure with ankle swelling.
Last month, platelet count was 40 x10^9/L; the newest measurement replaces it.
Current temperature 36.6 C.
Current platelet count 208 x10^9/L.","need: platelet count below 50
found: 303
subject: patient
status: present
time: past

need: platelet count below 50
found: 208
subject: patient
status: present
time: current","need: platelet count below 50
found: 303
subject: patient
status: present
time: past

need: platelet count below 50
found: 37
subject: patient
status: present
time: current","need: platelet count below 50
found: 40
subject: patient
status: present
time: past

need: platelet count below 50
found: 208
subject: patient
status: present
time: current","For platelet count below 50, the note states ""303""; this concerns the patient, is recorded as present, in the past. For platelet count below 50, the note states ""208""; this concerns the patient, is recorded as present, at present.","For platelet count below 50, the note states ""303""; this concerns the patient, is recorded as present, in the past. For platelet count below 50, the note states ""37""; this concerns the patient, is recorded as present, at present.","For platelet count below 50, the note states ""40""; this concerns the patient, is recorded as present, in the past. For platelet count below 50, the note states ""208""; this concerns the patient, is recorded as present, at present.","{""criterion_holds"": 0, ""hdr"": 5, ""keywords"": [""platelet""], ""overrides"": {}, ""seed"": 833, ""tpl"": [""filler/neutral/16"", ""filler/neutral/40"", ""chf/present/5"", ""platelets/superseded/5"", ""temperature/current/4"", ""platelets/current/4""], ""tpl_split"": ""test""}",,,,,
E177,4,verdict x blocks,B-F-verdict-blocks-s0,rule_v1.test.gs050.c2.boundary.easy.942,gs050,g_any_of,boundary,easy,L2,near,30.268890380859375,-27.703510284423828,-10.712070941925049,31.188650131225586,"For community-acquired pneumonia treated at home, prescribe amoxicillin. If the current eGFR is below 60 mL/min/1.73 m2 or the current ALT is above 120 U/L, prescribe doxycycline instead.",ALT above 120,Prescribe amoxicillin.,Prescribe doxycycline.,"Woman of 52 years.
Productive cough and fever; consolidation on chest radiograph.
ALT now 26 U/L.
Lives in a second-floor apartment.
Uses sunscreen in summer.
eGFR now 70 mL/min/1.73 m2.","Woman of 52 years.
Productive cough and fever; consolidation on chest radiograph.
ALT now 148 U/L.
Lives in a second-floor apartment.
Uses sunscreen in summer.
eGFR now 70 mL/min/1.73 m2.","Woman of 52 years.
Productive cough and fever; consolidation on chest radiograph.
ALT now 120 U/L.
Lives in a second-floor apartment.
Uses sunscreen in summer.
eGFR now 70 mL/min/1.73 m2.","need: ALT above 120
found: 26
subject: patient
status: present
time: current","need: ALT above 120
found: 148
subject: patient
status: present
time: current","need: ALT above 120
found: 120
subject: patient
status: present
time: current",,,,"{""criterion_holds"": 0, ""hdr"": 4, ""keywords"": [""alt ""], ""overrides"": {}, ""seed"": 942, ""tpl"": [""alt_enzyme/current/5"", ""filler/neutral/16"", ""filler/neutral/22"", ""egfr/current/5""], ""tpl_split"": ""test""}",,,,,
E178,4,verdict x blocks,B-F-verdict-blocks-s0,rule_v1.test.gs180.c1.boundary.easy.1654,gs180,g_score_cutoff,boundary,easy,L2,near,2.3829039335250854,-13.164232730865479,-10.663035869598389,10.069128036499023,"For community-acquired pneumonia treated at home, prescribe amoxicillin. Score 1 point if the current systolic blood pressure is above 160 mmHg; 1 point if the patient is allergic to sulfonamide antibiotics; 2 points if the patient has ever had asthma (current or past); 3 points if the patient has active cancer. If the score is 6 or more, prescribe doxycycline instead.",systolic blood pressure above 160,Prescribe amoxicillin.,Prescribe doxycycline.,"Male patient of 43 years.
Productive cough and fever; consolidation on chest radiograph.
Prefers morning appointments.
Observations now: blood pressure 140/92 mmHg.
Plays the piano.
Lives in a second-floor apartment.
Has melanoma skin cancer and is receiving treatment for it.
Asthma in the early school years, outgrown long ago.
Enjoys board games.","Male patient of 43 years.
Productive cough and fever; consolidation on chest radiograph.
Prefers morning appointments.
Observations now: blood pressure 181/115 mmHg.
Plays the piano.
Lives in a second-floor apartment.
Has melanoma skin cancer and is receiving treatment for it.
Asthma in the early school years, outgrown long ago.
Enjoys board games.","Male patient of 43 years.
Productive cough and fever; consolidation on chest radiograph.
Prefers morning appointments.
Observations now: blood pressure 160/103 mmHg.
Plays the piano.
Lives in a second-floor apartment.
Has melanoma skin cancer and is receiving treatment for it.
Asthma in the early school years, outgrown long ago.
Enjoys board games.","need: systolic blood pressure above 160
found: 140
subject: patient
status: present
time: current","need: systolic blood pressure above 160
found: 181
subject: patient
status: present
time: current","need: systolic blood pressure above 160
found: 160
subject: patient
status: present
time: current",,,,"{""criterion_holds"": 0, ""hdr"": 5, ""keywords"": [""systolic"", ""blood pressure"", ""bp ""], ""overrides"": {}, ""seed"": 1654, ""tpl"": [""filler/neutral/29"", ""sbp/current/5"", ""filler/neutral/41"", ""filler/neutral/16"", ""cancer/present/5"", ""asthma/past/4"", ""filler/neutral/5""], ""tpl_split"": ""test""}",,,,,
E179,4,verdict x blocks,B-F-verdict-blocks-s0,rule_v1.test.gs074.c4.negation.easy.1019,gs074,g_score_cutoff,negation,easy,L2,flip,20.23239040374756,5.640729904174805,22.62409782409668,21.930238723754883,"For suspected infection on the medical ward, prescribe oral amoxicillin. Score 3 points if the age of the patient is 65 years or more; 2 points if the current systolic blood pressure is below 90 mmHg; 1 point if the current blood urea nitrogen is above 19 mg/dL; 3 points if the patient has ever had diabetes (current or past). If the score is 6 or more, prescribe intravenous piperacillin-tazobactam instead.",diabetes,Prescribe oral amoxicillin.,Prescribe intravenous piperacillin-tazobactam.,"An adult woman.
Suspected chest infection; assessed on the medical ward.
Prefers morning appointments.
Paints watercolors as a hobby.
Blood urea nitrogen 14 mg/dL on the current labs.
Plays the piano.
Enjoys board games.
Observations now: blood pressure 108/74 mmHg.
Currently aged 67 years.","An adult woman.
Suspected chest infection; assessed on the medical ward.
Prefers morning appointments.
Paints watercolors as a hobby.
Blood urea nitrogen 14 mg/dL on the current labs.
Plays the piano.
Enjoys board games.
Observations now: blood pressure 108/74 mmHg.
Insulin-treated diabetes.
Currently aged 67 years.","An adult woman.
Suspected chest infection; assessed on the medical ward.
Prefers morning appointments.
Paints watercolors as a hobby.
Blood urea nitrogen 14 mg/dL on the current labs.
Plays the piano.
Enjoys board games.
Observations now: blood pressure 108/74 mmHg.
Has never had diabetes.
Currently aged 67 years.","need: diabetes
found: not mentioned
subject: patient
status: absent
time: current","need: diabetes
found: Insulin-treated diabetes.
subject: patient
status: present
time: current","need: diabetes
found: Has never had diabetes.
subject: patient
status: absent
time: current",,,,"{""criterion_holds"": 0, ""hdr"": 4, ""keywords"": [""diabet""], ""overrides"": {}, ""seed"": 1019, ""tpl"": [""filler/neutral/29"", ""filler/neutral/28"", ""bun/current/5"", ""filler/neutral/41"", ""filler/neutral/5"", ""sbp/current/5"", ""diabetes/absent/4"", ""age/current/4""], ""tpl_split"": ""test""}",,,,,
E180,4,verdict x blocks,B-F-verdict-blocks-s0,rule_v1.test.gs180.c2.negation.long.476,gs180,g_score_cutoff,negation,long,L2,flip,11.458192348480225,0.21549677848815918,10.445388793945312,8.284472703933716,"For community-acquired pneumonia treated at home, prescribe amoxicillin. Score 1 point if the current systolic blood pressure is above 160 mmHg; 1 point if the patient is allergic to sulfonamide antibiotics; 2 points if the patient has ever had asthma (current or past); 3 points if the patient has active cancer. If the score is 6 or more, prescribe doxycycline instead.",sulfonamide allergy,Prescribe amoxicillin.,Prescribe doxycycline.,"Woman of 55 years.
Productive cough and fever; consolidation on chest radiograph.
Current systolic blood pressure 117 mmHg.
Her roommate burned a hand on a stove years ago.
Current drug allergies: none.
Teeth in good repair.
Knits as a hobby.
Pupils equal and reactive to light.
Formerly had asthma in elementary school; well for many years without inhalers.
Lives in a second-floor apartment.
During a checkup in 2011, free T3 was 3.2 pg/mL.
In 2022, lipase was 30 U/L.
Enjoys board games.
Plays the piano.
Her wife wears contact lenses.
Prefers to be addressed by first name.
Her friend lives with psoriasis.
Has metastatic lung cancer, receiving palliative treatment.
Uses sunscreen in summer.
Paints watercolors as a hobby.
Owns a bicycle.
Sleeps seven hours a night.","Woman of 55 years.
Productive cough and fever; consolidation on chest radiograph.
Current systolic blood pressure 117 mmHg.
Her roommate burned a hand on a stove years ago.
Sulfonamide antibiotic allergy: generalized rash.
Teeth in good repair.
Knits as a hobby.
Pupils equal and reactive to light.
Formerly had asthma in elementary school; well for many years without inhalers.
Lives in a second-floor apartment.
During a checkup in 2011, free T3 was 3.2 pg/mL.
In 2022, lipase was 30 U/L.
Enjoys board games.
Plays the piano.
Her wife wears contact lenses.
Prefers to be addressed by first name.
Her friend lives with psoriasis.
Has metastatic lung cancer, receiving palliative treatment.
Uses sunscreen in summer.
Paints watercolors as a hobby.
Owns a bicycle.
Sleeps seven hours a night.","Woman of 55 years.
Productive cough and fever; consolidation on chest radiograph.
Current systolic blood pressure 117 mmHg.
Her roommate burned a hand on a stove years ago.
Has never been allergic to sulfonamide antibiotics.
Teeth in good repair.
Knits as a hobby.
Pupils equal and reactive to light.
Formerly had asthma in elementary school; well for many years without inhalers.
Lives in a second-floor apartment.
During a checkup in 2011, free T3 was 3.2 pg/mL.
In 2022, lipase was 30 U/L.
Enjoys board games.
Plays the piano.
Her wife wears contact lenses.
Prefers to be addressed by first name.
Her friend lives with psoriasis.
Has metastatic lung cancer, receiving palliative treatment.
Uses sunscreen in summer.
Paints watercolors as a hobby.
Owns a bicycle.
Sleeps seven hours a night.","need: sulfonamide allergy
found: Current drug allergies: none.
subject: patient
status: absent
time: current","need: sulfonamide allergy
found: Sulfonamide antibiotic allergy: generalized rash.
subject: patient
status: present
time: current","need: sulfonamide allergy
found: Has never been allergic to sulfonamide antibiotics.
subject: patient
status: absent
time: current",,,,"{""criterion_holds"": 0, ""hdr"": 4, ""keywords"": [""sulfonamide"", ""sulfa""], ""overrides"": {}, ""seed"": 476, ""tpl"": [""sbp/current/4"", ""filler/other/11"", ""sulfa_allergy/absent/4"", ""filler/neutral/35"", ""filler/neutral/46"", ""filler/neutral/11"", ""asthma/past/5"", ""filler/neutral/16"", ""filler/lab/17"", ""filler/lab/11"", ""filler/neutral/5"", ""filler/neutral/41"", ""filler/other/16"", ""filler/neutral/47"", ""filler/other/4"", ""cancer/present/4"", ""filler/neutral/22"", ""filler/neutral/28"", ""filler/neutral/34"", ""filler/neutral/4""], ""tpl_split"": ""test""}",,,,,
E181,4,verdict x blocks,B-F-verdict-blocks-s0,rule_v1.test.gs230.c4.negation.long.916,gs230,g_score_cutoff,negation,long,L2,base; near,-10.125954151153564,-13.287250995635986,-8.655408382415771,-8.56680154800415,"For uncomplicated cystitis, prescribe trimethoprim-sulfamethoxazole. Score 2 points if the patient has ever had a myocardial infarction or peripheral artery disease (current or past); 2 points if the patient currently has tonsillar exudate; 3 points if the current calf swelling compared with the other leg is 3.0 cm or more; 1 point if the patient has ever had a peptic ulcer (current or past). If the score is 8 or more, prescribe nitrofurantoin instead.",peptic ulcer at any time,Prescribe trimethoprim-sulfamethoxazole.,Prescribe nitrofurantoin.,"Female patient of 39 years.
Dysuria and urinary frequency for two days; urine dipstick positive for nitrites.
Recovered from a heart attack in 2007.
Owns a bicycle.
Teeth in good repair.
Photographs local wildlife.
Drives a car.
Paints watercolors as a hobby.
Sees a dentist yearly.
Sleeps seven hours a night.
Lives in a second-floor apartment.
Appetite good; no indigestion.
Free T4 of 1.2 ng/dL in 2013.
Zinc of 85 mcg/dL in 2011.
Knits as a hobby.
Tonsillar exudate visible on both sides.
Plays the piano.
During a checkup in 2016, free T3 was 3.2 pg/mL.
Her roommate has recovered from a dislocated finger.
Difference in calf circumference now 3.5 cm.
Enjoys board games.
In 2016, lipase was 30 U/L.
Pupils equal and reactive to light.
Her sister lives with psoriasis.","Female patient of 39 years.
Dysuria and urinary frequency for two days; urine dipstick positive for nitrites.
Recovered from a heart attack in 2007.
Owns a bicycle.
Teeth in good repair.
Photographs local wildlife.
Drives a car.
Paints watercolors as a hobby.
Sees a dentist yearly.
Sleeps seven hours a night.
Lives in a second-floor apartment.
Formerly treated for a peptic ulcer; endoscopy in 2018 showed it had gone.
Free T4 of 1.2 ng/dL in 2013.
Zinc of 85 mcg/dL in 2011.
Knits as a hobby.
Tonsillar exudate visible on both sides.
Plays the piano.
During a checkup in 2016, free T3 was 3.2 pg/mL.
Her roommate has recovered from a dislocated finger.
Difference in calf circumference now 3.5 cm.
Enjoys board games.
In 2016, lipase was 30 U/L.
Pupils equal and reactive to light.
Her sister lives with psoriasis.","Female patient of 39 years.
Dysuria and urinary frequency for two days; urine dipstick positive for nitrites.
Recovered from a heart attack in 2007.
Owns a bicycle.
Teeth in good repair.
Photographs local wildlife.
Drives a car.
Paints watercolors as a hobby.
Sees a dentist yearly.
Sleeps seven hours a night.
Lives in a second-floor apartment.
Has never had a peptic ulcer.
Free T4 of 1.2 ng/dL in 2013.
Zinc of 85 mcg/dL in 2011.
Knits as a hobby.
Tonsillar exudate visible on both sides.
Plays the piano.
During a checkup in 2016, free T3 was 3.2 pg/mL.
Her roommate has recovered from a dislocated finger.
Difference in calf circumference now 3.5 cm.
Enjoys board games.
In 2016, lipase was 30 U/L.
Pupils equal and reactive to light.
Her sister lives with psoriasis.","need: peptic ulcer at any time
found: Appetite good; no indigestion.
subject: patient
status: absent
time: current","need: peptic ulcer at any time
found: Formerly treated for a peptic ulcer; endoscopy in 2018 showed it had gone.
subject: patient
status: present
time: past (2018)","need: peptic ulcer at any time
found: Has never had a peptic ulcer.
subject: patient
status: absent
time: current",,,,"{""criterion_holds"": 0, ""hdr"": 5, ""keywords"": [""ulcer""], ""overrides"": {}, ""seed"": 916, ""tpl"": [""vascular/past/5"", ""filler/neutral/34"", ""filler/neutral/35"", ""filler/neutral/10"", ""filler/neutral/17"", ""filler/neutral/28"", ""filler/neutral/23"", ""filler/neutral/4"", ""filler/neutral/16"", ""peptic_ulcer/absent/4"", ""filler/lab/5"", ""filler/lab/16"", ""filler/neutral/46"", ""exudate/present/5"", ""filler/neutral/41"", ""filler/lab/17"", ""filler/other/17"", ""calf_swelling/current/5"", ""filler/neutral/5"", ""filler/lab/11"", ""filler/neutral/11"", ""filler/other/4""], ""tpl_split"": ""test""}",,,,,
E182,4,verdict x blocks,B-F-verdict-blocks-s0,rule_v1.test.gs118.c3.numeric.long.853,gs118,g_score_cutoff,numeric,long,L2,flip,21.209860801696777,1.7265430688858032,13.01824140548706,17.453962326049805,"For heart failure with reduced ejection fraction, prescribe spironolactone. Score 2 points if the current white cell count is above 12.0 x10^9/L; 3 points if the patient has ever had angioedema (current or past); 2 points if the current eGFR is below 45 mL/min/1.73 m2; 1 point if the current heart rate is above 90/min. If the score is 4 or more, prescribe dapagliflozin instead.",eGFR below 45,Prescribe spironolactone.,Prescribe dapagliflozin.,"Woman of 71 years.
Heart failure with reduced ejection fraction (ejection fraction 30%), still symptomatic.
Free T4 of 1.2 ng/dL in 2005.
During a checkup in 2021, total protein was 7.0 g/dL.
Plays the piano.
Her wife wears contact lenses.
Heart rate now 69/min on a pulse check.
In 2008, lipase was 30 U/L.
Prefers morning appointments.
Owns a bicycle.
Current eGFR 87 mL/min/1.73 m2.
Lives in a second-floor apartment.
Uses sunscreen in summer.
Enjoys board games.
Current white cell count 13.1 x10^9/L.
Sleeps seven hours a night.
In 2024, folate was 12 ng/mL.
Face and neck without swelling on examination.
Sees a dentist yearly.
Drives a car.
Knits as a hobby.
Her wife sprained a thumb last month.
Has two cats.
Paints watercolors as a hobby.
Photographs local wildlife.
Prefers to be addressed by first name.","Woman of 71 years.
Heart failure with reduced ejection fraction (ejection fraction 30%), still symptomatic.
Free T4 of 1.2 ng/dL in 2005.
During a checkup in 2021, total protein was 7.0 g/dL.
Plays the piano.
Her wife wears contact lenses.
Heart rate now 69/min on a pulse check.
In 2008, lipase was 30 U/L.
Prefers morning appointments.
Owns a bicycle.
Current eGFR 40 mL/min/1.73 m2.
Lives in a second-floor apartment.
Uses sunscreen in summer.
Enjoys board games.
Current white cell count 13.1 x10^9/L.
Sleeps seven hours a night.
In 2024, folate was 12 ng/mL.
Face and neck without swelling on examination.
Sees a dentist yearly.
Drives a car.
Knits as a hobby.
Her wife sprained a thumb last month.
Has two cats.
Paints watercolors as a hobby.
Photographs local wildlife.
Prefers to be addressed by first name.","Woman of 71 years.
Heart failure with reduced ejection fraction (ejection fraction 30%), still symptomatic.
Free T4 of 1.2 ng/dL in 2005.
During a checkup in 2021, total protein was 7.0 g/dL.
Plays the piano.
Her wife wears contact lenses.
Heart rate now 69/min on a pulse check.
In 2008, lipase was 30 U/L.
Prefers morning appointments.
Owns a bicycle.
Current eGFR 46 mL/min/1.73 m2.
Lives in a second-floor apartment.
Uses sunscreen in summer.
Enjoys board games.
Current white cell count 13.1 x10^9/L.
Sleeps seven hours a night.
In 2024, folate was 12 ng/mL.
Face and neck without swelling on examination.
Sees a dentist yearly.
Drives a car.
Knits as a hobby.
Her wife sprained a thumb last month.
Has two cats.
Paints watercolors as a hobby.
Photographs local wildlife.
Prefers to be addressed by first name.","need: eGFR below 45
found: 87
subject: patient
status: present
time: current","need: eGFR below 45
found: 40
subject: patient
status: present
time: current","need: eGFR below 45
found: 46
subject: patient
status: present
time: current",,,,"{""criterion_holds"": 0, ""hdr"": 4, ""keywords"": [""egfr""], ""overrides"": {}, ""seed"": 853, ""tpl"": [""filler/lab/5"", ""filler/lab/10"", ""filler/neutral/41"", ""filler/other/16"", ""heart_rate/current/5"", ""filler/lab/11"", ""filler/neutral/29"", ""filler/neutral/34"", ""egfr/current/4"", ""filler/neutral/16"", ""filler/neutral/22"", ""filler/neutral/5"", ""wbc/current/4"", ""filler/neutral/4"", ""filler/lab/4"", ""angioedema/generic/4"", ""filler/neutral/23"", ""filler/neutral/17"", ""filler/neutral/46"", ""filler/other/5"", ""filler/neutral/40"", ""filler/neutral/28"", ""filler/neutral/10"", ""filler/neutral/47""], ""tpl_split"": ""test""}",,,,,
E183,4,verdict x blocks,B-F-verdict-blocks-s0,rule_v1.test.gs134.c3.numeric.long.1471,gs134,g_score_cutoff,numeric,long,L2,base; near,-2.541861057281494,-13.941644668579102,-8.131421327590942,-2.306963801383972,"For contraception, prescribe a combined oral contraceptive. Score 2 points if the patient or a first-degree relative (parent, sibling or child) has had coronary artery disease at any time; 2 points if the current weight is 60 kg or less; 2 points if the current platelet count is below 50 x10^9/L; 1 point if the patient currently has tender anterior cervical lymph nodes. If the score is 7 or more, prescribe a progestin-only pill instead.",platelet count below 50,Prescribe a combined oral contraceptive.,Prescribe a progestin-only pill.,"Female patient of 34 years.
Requests contraception.
Pupils equal and reactive to light.
Owns a bicycle.
Has two cats.
During a checkup in 2011, total protein was 7.0 g/dL.
Current platelet count 196 x10^9/L.
Her wife has recovered from a dislocated finger.
Her roommate has a lazy eye.
Photographs local wildlife.
Prefers to be addressed by first name.
Teeth in good repair.
Paints watercolors as a hobby.
Her uncle burned a hand on a stove years ago.
Coronary artery disease years ago, with angina that went away after bypass surgery.
Her friend wears contact lenses.
Plays the piano.
Anterior cervical lymph nodes enlarged and tender to touch.
Sees a dentist yearly.
Prefers morning appointments.
Latest weight 52 kg.
In 2020, lipase was 30 U/L.
Enjoys board games.
During a checkup in 2019, free T3 was 3.2 pg/mL.","Female patient of 34 years.
Requests contraception.
Pupils equal and reactive to light.
Owns a bicycle.
Has two cats.
During a checkup in 2011, total protein was 7.0 g/dL.
Current platelet count 35 x10^9/L.
Her wife has recovered from a dislocated finger.
Her roommate has a lazy eye.
Photographs local wildlife.
Prefers to be addressed by first name.
Teeth in good repair.
Paints watercolors as a hobby.
Her uncle burned a hand on a stove years ago.
Coronary artery disease years ago, with angina that went away after bypass surgery.
Her friend wears contact lenses.
Plays the piano.
Anterior cervical lymph nodes enlarged and tender to touch.
Sees a dentist yearly.
Prefers morning appointments.
Latest weight 52 kg.
In 2020, lipase was 30 U/L.
Enjoys board games.
During a checkup in 2019, free T3 was 3.2 pg/mL.","Female patient of 34 years.
Requests contraception.
Pupils equal and reactive to light.
Owns a bicycle.
Has two cats.
During a checkup in 2011, total protein was 7.0 g/dL.
Current platelet count 52 x10^9/L.
Her wife has recovered from a dislocated finger.
Her roommate has a lazy eye.
Photographs local wildlife.
Prefers to be addressed by first name.
Teeth in good repair.
Paints watercolors as a hobby.
Her uncle burned a hand on a stove years ago.
Coronary artery disease years ago, with angina that went away after bypass surgery.
Her friend wears contact lenses.
Plays the piano.
Anterior cervical lymph nodes enlarged and tender to touch.
Sees a dentist yearly.
Prefers morning appointments.
Latest weight 52 kg.
In 2020, lipase was 30 U/L.
Enjoys board games.
During a checkup in 2019, free T3 was 3.2 pg/mL.","need: platelet count below 50
found: 196
subject: patient
status: present
time: current","need: platelet count below 50
found: 35
subject: patient
status: present
time: current","need: platelet count below 50
found: 52
subject: patient
status: present
time: current",,,,"{""criterion_holds"": 0, ""hdr"": 5, ""keywords"": [""platelet""], ""overrides"": {}, ""seed"": 1471, ""tpl"": [""filler/neutral/11"", ""filler/neutral/34"", ""filler/neutral/40"", ""filler/lab/10"", ""platelets/current/4"", ""filler/other/17"", ""filler/other/10"", ""filler/neutral/10"", ""filler/neutral/47"", ""filler/neutral/35"", ""filler/neutral/28"", ""filler/other/11"", ""cad/past/4"", ""filler/other/16"", ""filler/neutral/41"", ""neck_nodes/present/4"", ""filler/neutral/23"", ""filler/neutral/29"", ""weight/current/5"", ""filler/lab/11"", ""filler/neutral/5"", ""filler/lab/17""], ""tpl_split"": ""test""}",,,,,
E184,4,verdict x blocks,B-F-verdict-blocks-s0,rule_v1.test.gs075.c1.subject.long.952,gs075,g_two_of_three,subject,long,L2,near,22.774574279785156,-23.39297389984131,-21.83424186706543,19.91038990020752,"For newly diagnosed hypertension, prescribe lisinopril. If at least two of the following apply, prescribe amlodipine instead: the patient or a first-degree relative (parent, sibling or child) has had colorectal cancer at any time; the patient is currently taking warfarin; the current calf swelling compared with the other leg is 3.0 cm or more.",colorectal cancer (patient or first-degree relative),Prescribe lisinopril.,Prescribe amlodipine.,"Man of 36 years.
Newly diagnosed hypertension (blood pressure 158/94 mmHg on repeated readings).
In 2021, lipase was 30 U/L.
Owns a bicycle.
Lives in a second-floor apartment.
Pupils equal and reactive to light.
Drives a car.
Sees a dentist yearly.
Uses sunscreen in summer.
Current calf swelling 3.4 cm compared with the other leg.
During a checkup in 2009, total protein was 7.0 g/dL.
Has two cats.
Hemoglobin within the normal range on recent blood tests.
His roommate has a lazy eye.
His father has recovered from a dislocated finger.
Photographs local wildlife.
Current anticoagulants: none.
Enjoys board games.
Paints watercolors as a hobby.
Teeth in good repair.
During a checkup in 2013, free T3 was 3.2 pg/mL.
Knits as a hobby.
Sleeps seven hours a night.","Man of 36 years.
Newly diagnosed hypertension (blood pressure 158/94 mmHg on repeated readings).
In 2021, lipase was 30 U/L.
Owns a bicycle.
Lives in a second-floor apartment.
Pupils equal and reactive to light.
Drives a car.
Sees a dentist yearly.
Uses sunscreen in summer.
Current calf swelling 3.4 cm compared with the other leg.
During a checkup in 2009, total protein was 7.0 g/dL.
Has two cats.
Colorectal cancer under active treatment.
His roommate has a lazy eye.
His father has recovered from a dislocated finger.
Photographs local wildlife.
Current anticoagulants: none.
Enjoys board games.
Paints watercolors as a hobby.
Teeth in good repair.
During a checkup in 2013, free T3 was 3.2 pg/mL.
Knits as a hobby.
Sleeps seven hours a night.","Man of 36 years.
Newly diagnosed hypertension (blood pressure 158/94 mmHg on repeated readings).
In 2021, lipase was 30 U/L.
Owns a bicycle.
Lives in a second-floor apartment.
Pupils equal and reactive to light.
Drives a car.
Sees a dentist yearly.
Uses sunscreen in summer.
Current calf swelling 3.4 cm compared with the other leg.
During a checkup in 2009, total protein was 7.0 g/dL.
Has two cats.
His wife has advanced colorectal cancer.
His roommate has a lazy eye.
His father has recovered from a dislocated finger.
Photographs local wildlife.
Current anticoagulants: none.
Enjoys board games.
Paints watercolors as a hobby.
Teeth in good repair.
During a checkup in 2013, free T3 was 3.2 pg/mL.
Knits as a hobby.
Sleeps seven hours a night.","need: colorectal cancer (patient or first-degree relative)
found: Hemoglobin within the normal range on recent blood tests.
subject: patient
status: absent
time: current","need: colorectal cancer (patient or first-degree relative)
found: Colorectal cancer under active treatment.
subject: patient
status: present
time: current","need: colorectal cancer (patient or first-degree relative)
found: His wife has advanced colorectal cancer.
subject: other (wife)
status: present
time: current",,,,"{""criterion_holds"": 0, ""hdr"": 4, ""keywords"": [""colorectal cancer"", ""colon cancer"", ""bowel cancer""], ""overrides"": {}, ""seed"": 952, ""tpl"": [""filler/lab/11"", ""filler/neutral/34"", ""filler/neutral/16"", ""filler/neutral/11"", ""filler/neutral/17"", ""filler/neutral/23"", ""filler/neutral/22"", ""calf_swelling/current/4"", ""filler/lab/10"", ""filler/neutral/40"", ""crc/rel/5"", ""filler/other/10"", ""filler/other/17"", ""filler/neutral/10"", ""warfarin/generic/4"", ""filler/neutral/5"", ""filler/neutral/28"", ""filler/neutral/35"", ""filler/lab/17"", ""filler/neutral/46"", ""filler/neutral/4""], ""tpl_split"": ""test""}",,,,,
E185,4,verdict x blocks,B-F-verdict-blocks-s0,rule_v1.test.gs224.c1.subject.easy.1001,gs224,g_all_of,subject,easy,L2,near,23.940858840942383,-26.750988960266113,-21.549193382263184,25.407306671142578,"For vaginal candidiasis, prescribe oral fluconazole. If the patient has ever had a venous thromboembolism (current or past) and the current serum creatinine is above 2.0 mg/dL, prescribe clotrimazole pessaries instead.",venous thromboembolism,Prescribe oral fluconazole.,Prescribe clotrimazole pessaries.,"Female patient of 20 years.
Vaginal itching and discharge; candidiasis confirmed on microscopy.
Plays the piano.
Paints watercolors as a hobby.
Latest creatinine result: 2.5 mg/dL.","Female patient of 20 years.
Vaginal itching and discharge; candidiasis confirmed on microscopy.
Recovered from a pulmonary embolism in 2024.
Plays the piano.
Paints watercolors as a hobby.
Latest creatinine result: 2.5 mg/dL.","Female patient of 20 years.
Vaginal itching and discharge; candidiasis confirmed on microscopy.
Her sister had a DVT years ago.
Plays the piano.
Paints watercolors as a hobby.
Latest creatinine result: 2.5 mg/dL.","need: venous thromboembolism
found: not mentioned
subject: patient
status: absent
time: current","need: venous thromboembolism
found: Recovered from a pulmonary embolism in 2024.
subject: patient
status: present
time: past (2024)","need: venous thromboembolism
found: Her sister had a DVT years ago.
subject: other (sister)
status: present
time: past",,,,"{""criterion_holds"": 0, ""hdr"": 5, ""keywords"": [""thrombo"", ""dvt"", ""pulmonary embol""], ""overrides"": {}, ""seed"": 1001, ""tpl"": [""vte/rel_past/4"", ""filler/neutral/41"", ""filler/neutral/28"", ""creatinine/current/5""], ""tpl_split"": ""test""}",,,,,
E186,4,verdict x blocks,B-F-verdict-blocks-s0,rule_v1.test.gs010.c3.time.superseded.692,gs010,g_score_cutoff,time,superseded,L2,near,0.6195082664489746,-17.79135036468506,-3.2020859718322754,13.539756298065186,"For stroke prevention in atrial fibrillation, prescribe apixaban. Score 3 points if the patient has ever had coronary artery disease (current or past); 3 points if the patient or a first-degree relative (parent, sibling or child) has had colorectal cancer at any time; 2 points if the current white cell count is above 12.0 x10^9/L. If the score is 7 or more, prescribe warfarin instead.",white cell count above 12.0,Prescribe apixaban.,Prescribe warfarin.,"Male patient of 83 years.
Atrial fibrillation; anticoagulation indicated.
Coronary artery disease years ago, with angina that went away after bypass surgery.
Current white cell count 10.6 x10^9/L.
Prefers morning appointments.
Earlier this week, white cell count was 8.8 x10^9/L; a newer reading supersedes it.
Bowel cancer cured by surgery years ago, without recurrence.","Male patient of 83 years.
Atrial fibrillation; anticoagulation indicated.
Coronary artery disease years ago, with angina that went away after bypass surgery.
Current white cell count 14.2 x10^9/L.
Prefers morning appointments.
Earlier this week, white cell count was 8.8 x10^9/L; a newer reading supersedes it.
Bowel cancer cured by surgery years ago, without recurrence.","Male patient of 83 years.
Atrial fibrillation; anticoagulation indicated.
Coronary artery disease years ago, with angina that went away after bypass surgery.
Current white cell count 10.6 x10^9/L.
Prefers morning appointments.
Earlier this week, white cell count was 13.0 x10^9/L; a newer reading supersedes it.
Bowel cancer cured by surgery years ago, without recurrence.","need: white cell count above 12.0
found: 10.6
subject: patient
status: present
time: current

need: white cell count above 12.0
found: 8.8
subject: patient
status: present
time: past","need: white cell count above 12.0
found: 14.2
subject: patient
status: present
time: current

need: white cell count above 12.0
found: 8.8
subject: patient
status: present
time: past","need: white cell count above 12.0
found: 10.6
subject: patient
status: present
time: current

need: white cell count above 12.0
found: 13.0
subject: patient
status: present
time: past",,,,"{""criterion_holds"": 0, ""hdr"": 5, ""keywords"": [""white cell"", ""wbc""], ""overrides"": {}, ""seed"": 692, ""tpl"": [""cad/past/4"", ""wbc/current/4"", ""filler/neutral/29"", ""wbc/superseded/4"", ""crc/past/4""], ""tpl_split"": ""test""}",,,,,
E187,4,verdict x blocks,B-F-verdict-blocks-s0,rule_v1.test.gs125.c1.time.easy.938,gs125,g_all_of,time,easy,L2,near,28.66517734527588,-28.04490089416504,-26.34282398223877,28.28007411956787,"For dual antiplatelet therapy after a myocardial infarction, prescribe aspirin plus ticagrelor. If the patient currently has asthma and the patient has had cancer at any time (active or in remission), prescribe aspirin plus clopidogrel instead.",asthma,Prescribe aspirin plus ticagrelor.,Prescribe aspirin plus clopidogrel.,"Male patient of 49 years.
Recovering on the ward after a myocardial infarction treated with a stent.
Prefers morning appointments.
Lungs clear, without wheeze or prolonged expiration.
Had thyroid cancer years ago and is now cured.
Knits as a hobby.
Prefers to be addressed by first name.","Male patient of 49 years.
Recovering on the ward after a myocardial infarction treated with a stent.
Prefers morning appointments.
Persistent asthma, using a rescue inhaler most weeks.
Had thyroid cancer years ago and is now cured.
Knits as a hobby.
Prefers to be addressed by first name.","Male patient of 49 years.
Recovering on the ward after a myocardial infarction treated with a stent.
Prefers morning appointments.
Asthma in the early school years, outgrown long ago.
Had thyroid cancer years ago and is now cured.
Knits as a hobby.
Prefers to be addressed by first name.","need: asthma
found: Lungs clear, without wheeze or prolonged expiration.
subject: patient
status: absent
time: current","need: asthma
found: Persistent asthma, using a rescue inhaler most weeks.
subject: patient
status: present
time: current","need: asthma
found: Asthma in the early school years, outgrown long ago.
subject: patient
status: present
time: past",,,,"{""criterion_holds"": 0, ""hdr"": 5, ""keywords"": [""asthma""], ""overrides"": {}, ""seed"": 938, ""tpl"": [""filler/neutral/29"", ""asthma/past/4"", ""cancer/past/4"", ""filler/neutral/46"", ""filler/neutral/47""], ""tpl_split"": ""test""}",,,,,
E188,4,verdict x blocks,B-F-verdict-blocks-s0,rule_v1.test.gs230.c3.time.long.500,gs230,g_score_cutoff,time,long,L2,near,6.18666410446167,-13.463335990905762,-4.48577606678009,-0.6099582314491272,"For uncomplicated cystitis, prescribe trimethoprim-sulfamethoxazole. Score 2 points if the patient has ever had a myocardial infarction or peripheral artery disease (current or past); 2 points if the patient currently has tonsillar exudate; 3 points if the current calf swelling compared with the other leg is 3.0 cm or more; 1 point if the patient has ever had a peptic ulcer (current or past). If the score is 8 or more, prescribe nitrofurantoin instead.",calf swelling at least 3.0,Prescribe trimethoprim-sulfamethoxazole.,Prescribe nitrofurantoin.,"Woman of 67 years.
Dysuria and urinary frequency for two days; urine dipstick positive for nitrites.
Enjoys board games.
Prefers morning appointments.
Uses sunscreen in summer.
Sees a dentist yearly.
Back in 2018, calf swelling stood at 0.5 cm.
Owns a bicycle.
Tonsils swollen and coated with yellow exudate.
Her roommate wears contact lenses.
Her friend burned a hand on a stove years ago.
Prefers to be addressed by first name.
Has two cats.
Knits as a hobby.
In 2005, folate was 12 ng/mL.
Difference in calf circumference now 0.3 cm.
Heart attack years ago, with full recovery.
Has an active duodenal ulcer.
Plays the piano.
Zinc of 85 mcg/dL in 2016.
Free T4 of 1.2 ng/dL in 2024.
Photographs local wildlife.
Drives a car.
During a checkup in 2016, total protein was 7.0 g/dL.
Lives in a second-floor apartment.
Sleeps seven hours a night.
Pupils equal and reactive to light.","Woman of 67 years.
Dysuria and urinary frequency for two days; urine dipstick positive for nitrites.
Enjoys board games.
Prefers morning appointments.
Uses sunscreen in summer.
Sees a dentist yearly.
Back in 2018, calf swelling stood at 0.5 cm.
Owns a bicycle.
Tonsils swollen and coated with yellow exudate.
Her roommate wears contact lenses.
Her friend burned a hand on a stove years ago.
Prefers to be addressed by first name.
Has two cats.
Knits as a hobby.
In 2005, folate was 12 ng/mL.
Difference in calf circumference now 5.1 cm.
Heart attack years ago, with full recovery.
Has an active duodenal ulcer.
Plays the piano.
Zinc of 85 mcg/dL in 2016.
Free T4 of 1.2 ng/dL in 2024.
Photographs local wildlife.
Drives a car.
During a checkup in 2016, total protein was 7.0 g/dL.
Lives in a second-floor apartment.
Sleeps seven hours a night.
Pupils equal and reactive to light.","Woman of 67 years.
Dysuria and urinary frequency for two days; urine dipstick positive for nitrites.
Enjoys board games.
Prefers morning appointments.
Uses sunscreen in summer.
Sees a dentist yearly.
Back in 2018, calf swelling stood at 3.6 cm.
Owns a bicycle.
Tonsils swollen and coated with yellow exudate.
Her roommate wears contact lenses.
Her friend burned a hand on a stove years ago.
Prefers to be addressed by first name.
Has two cats.
Knits as a hobby.
In 2005, folate was 12 ng/mL.
Difference in calf circumference now 0.3 cm.
Heart attack years ago, with full recovery.
Has an active duodenal ulcer.
Plays the piano.
Zinc of 85 mcg/dL in 2016.
Free T4 of 1.2 ng/dL in 2024.
Photographs local wildlife.
Drives a car.
During a checkup in 2016, total protein was 7.0 g/dL.
Lives in a second-floor apartment.
Sleeps seven hours a night.
Pupils equal and reactive to light.","need: calf swelling at least 3.0
found: 0.5
subject: patient
status: present
time: past (2018)

need: calf swelling at least 3.0
found: 0.3
subject: patient
status: present
time: current","need: calf swelling at least 3.0
found: 0.5
subject: patient
status: present
time: past (2018)

need: calf swelling at least 3.0
found: 5.1
subject: patient
status: present
time: current","need: calf swelling at least 3.0
found: 3.6
subject: patient
status: present
time: past (2018)

need: calf swelling at least 3.0
found: 0.3
subject: patient
status: present
time: current",,,,"{""criterion_holds"": 0, ""hdr"": 4, ""keywords"": [""calf circumference"", ""calf swelling""], ""overrides"": {}, ""seed"": 500, ""tpl"": [""filler/neutral/5"", ""filler/neutral/29"", ""filler/neutral/22"", ""filler/neutral/23"", ""calf_swelling/past/5"", ""filler/neutral/34"", ""exudate/present/4"", ""filler/other/16"", ""filler/other/11"", ""filler/neutral/47"", ""filler/neutral/40"", ""filler/neutral/46"", ""filler/lab/4"", ""calf_swelling/current/5"", ""vascular/past/4"", ""peptic_ulcer/present/4"", ""filler/neutral/41"", ""filler/lab/16"", ""filler/lab/5"", ""filler/neutral/10"", ""filler/neutral/17"", ""filler/lab/10"", ""filler/neutral/16"", ""filler/neutral/4"", ""filler/neutral/11""], ""tpl_split"": ""test""}",,,,,
E189,4,verdict x triplets,B-F-verdict-triplets-s0,rule_v1.test.gs024.c3.boundary.easy.1885,gs024,g_score_cutoff,boundary,easy,L2,flip,21.12312889099121,5.515138030052185,18.982563018798828,21.845269203186035,"For uncomplicated cystitis, prescribe trimethoprim-sulfamethoxazole. Score 3 points if the current ALT is above 120 U/L; 1 point if the patient or a first-degree relative (parent, sibling or child) has had diabetes at any time; 3 points if the current systolic blood pressure is above 160 mmHg; 2 points if the patient or a first-degree relative (parent, sibling or child) has had a venous thromboembolism at any time. If the score is 4 or more, prescribe nitrofurantoin instead.",systolic blood pressure above 160,Prescribe trimethoprim-sulfamethoxazole.,Prescribe nitrofurantoin.,"Woman of 42 years.
Dysuria and urinary frequency for two days; urine dipstick positive for nitrites.
Insulin-treated diabetes.
Has two cats.
ALT now 37 U/L.
Enjoys board games.
Paints watercolors as a hobby.
Current systolic blood pressure 120 mmHg.","Woman of 42 years.
Dysuria and urinary frequency for two days; urine dipstick positive for nitrites.
Insulin-treated diabetes.
Has two cats.
ALT now 37 U/L.
Enjoys board games.
Paints watercolors as a hobby.
Current systolic blood pressure 173 mmHg.","Woman of 42 years.
Dysuria and urinary frequency for two days; urine dipstick positive for nitrites.
Insulin-treated diabetes.
Has two cats.
ALT now 37 U/L.
Enjoys board games.
Paints watercolors as a hobby.
Current systolic blood pressure 160 mmHg.","need: systolic blood pressure above 160
found: 120
subject: patient
status: present
time: current","need: systolic blood pressure above 160
found: 173
subject: patient
status: present
time: current","need: systolic blood pressure above 160
found: 160
subject: patient
status: present
time: current",,,,"{""criterion_holds"": 0, ""hdr"": 4, ""keywords"": [""systolic"", ""blood pressure"", ""bp ""], ""overrides"": {}, ""seed"": 1885, ""tpl"": [""diabetes/present/5"", ""filler/neutral/40"", ""alt_enzyme/current/5"", ""filler/neutral/5"", ""filler/neutral/28"", ""sbp/current/4""], ""tpl_split"": ""test""}",,,,,
E190,4,verdict x triplets,B-F-verdict-triplets-s0,rule_v1.test.gs118.c4.boundary.long.1208,gs118,g_score_cutoff,boundary,long,L2,flip,20.507366180419922,9.310696125030518,19.94300937652588,21.13580894470215,"For heart failure with reduced ejection fraction, prescribe spironolactone. Score 2 points if the current white cell count is above 12.0 x10^9/L; 3 points if the patient has ever had angioedema (current or past); 2 points if the current eGFR is below 45 mL/min/1.73 m2; 1 point if the current heart rate is above 90/min. If the score is 4 or more, prescribe dapagliflozin instead.",heart rate above 90,Prescribe spironolactone.,Prescribe dapagliflozin.,"Female patient of 49 years.
Heart failure with reduced ejection fraction (ejection fraction 30%), still symptomatic.
Her friend wears contact lenses.
Sees a dentist yearly.
During a checkup in 2018, total protein was 7.0 g/dL.
An episode of angioedema years ago, with full recovery.
Sleeps seven hours a night.
Owns a bicycle.
In 2013, folate was 12 ng/mL.
Her father lives with psoriasis.
Heart rate now 74/min on a pulse check.
Prefers morning appointments.
Teeth in good repair.
Knits as a hobby.
Current white cell count 9.4 x10^9/L.
Lives in a second-floor apartment.
Prefers to be addressed by first name.
Enjoys board games.
Pupils equal and reactive to light.
eGFR now 81 mL/min/1.73 m2.
In 2015, lipase was 30 U/L.
Plays the piano.
Photographs local wildlife.
Paints watercolors as a hobby.","Female patient of 49 years.
Heart failure with reduced ejection fraction (ejection fraction 30%), still symptomatic.
Her friend wears contact lenses.
Sees a dentist yearly.
During a checkup in 2018, total protein was 7.0 g/dL.
An episode of angioedema years ago, with full recovery.
Sleeps seven hours a night.
Owns a bicycle.
In 2013, folate was 12 ng/mL.
Her father lives with psoriasis.
Heart rate now 96/min on a pulse check.
Prefers morning appointments.
Teeth in good repair.
Knits as a hobby.
Current white cell count 9.4 x10^9/L.
Lives in a second-floor apartment.
Prefers to be addressed by first name.
Enjoys board games.
Pupils equal and reactive to light.
eGFR now 81 mL/min/1.73 m2.
In 2015, lipase was 30 U/L.
Plays the piano.
Photographs local wildlife.
Paints watercolors as a hobby.","Female patient of 49 years.
Heart failure with reduced ejection fraction (ejection fraction 30%), still symptomatic.
Her friend wears contact lenses.
Sees a dentist yearly.
During a checkup in 2018, total protein was 7.0 g/dL.
An episode of angioedema years ago, with full recovery.
Sleeps seven hours a night.
Owns a bicycle.
In 2013, folate was 12 ng/mL.
Her father lives with psoriasis.
Heart rate now 90/min on a pulse check.
Prefers morning appointments.
Teeth in good repair.
Knits as a hobby.
Current white cell count 9.4 x10^9/L.
Lives in a second-floor apartment.
Prefers to be addressed by first name.
Enjoys board games.
Pupils equal and reactive to light.
eGFR now 81 mL/min/1.73 m2.
In 2015, lipase was 30 U/L.
Plays the piano.
Photographs local wildlife.
Paints watercolors as a hobby.","need: heart rate above 90
found: 74
subject: patient
status: present
time: current","need: heart rate above 90
found: 96
subject: patient
status: present
time: current","need: heart rate above 90
found: 90
subject: patient
status: present
time: current",,,,"{""criterion_holds"": 0, ""hdr"": 5, ""keywords"": [""heart rate""], ""overrides"": {}, ""seed"": 1208, ""tpl"": [""filler/other/16"", ""filler/neutral/23"", ""filler/lab/10"", ""angioedema/past/4"", ""filler/neutral/4"", ""filler/neutral/34"", ""filler/lab/4"", ""filler/other/4"", ""heart_rate/current/5"", ""filler/neutral/29"", ""filler/neutral/35"", ""filler/neutral/46"", ""wbc/current/4"", ""filler/neutral/16"", ""filler/neutral/47"", ""filler/neutral/5"", ""filler/neutral/11"", ""egfr/current/5"", ""filler/lab/11"", ""filler/neutral/41"", ""filler/neutral/10"", ""filler/neutral/28""], ""tpl_split"": ""test""}",,,,,
E191,4,verdict x triplets,B-F-verdict-triplets-s0,rule_v1.test.cut_bleed.bleed.negation.easy.1645,cut_bleed,score_cutoff,negation,easy,L2,flip,25.957561492919922,13.64445447921753,26.416725158691406,25.7703857421875,"For dual antiplatelet therapy after a myocardial infarction, prescribe aspirin plus ticagrelor. Score 2 points for a major bleeding event at any time; 1 point for age 75 years or more; 1 point for a current eGFR below 30 mL/min/1.73 m2. If the score is 2 or more, prescribe aspirin plus clopidogrel instead.",bleeding history,Prescribe aspirin plus ticagrelor.,Prescribe aspirin plus clopidogrel.,"Man, adult.
Recovering on the ward after a myocardial infarction treated with a stent.
Prefers morning appointments.
Bowel habit normal, without any blood in the stool.
Current eGFR 95 mL/min/1.73 m2.
Currently aged 69 years.","Man, adult.
Recovering on the ward after a myocardial infarction treated with a stent.
Prefers morning appointments.
Currently has a major bleed from a duodenal ulcer, with transfusion under way.
Current eGFR 95 mL/min/1.73 m2.
Currently aged 69 years.","Man, adult.
Recovering on the ward after a myocardial infarction treated with a stent.
Prefers morning appointments.
Medical records negative for major bleeding at any time.
Current eGFR 95 mL/min/1.73 m2.
Currently aged 69 years.","need: bleeding history
found: Bowel habit normal, without any blood in the stool.
subject: patient
status: absent
time: current","need: bleeding history
found: Currently has a major bleed from a duodenal ulcer, with transfusion under way.
subject: patient
status: present
time: current","need: bleeding history
found: Medical records negative for major bleeding at any time.
subject: patient
status: absent
time: current",,,,"{""criterion_holds"": 0, ""hdr"": 5, ""keywords"": [""bleed""], ""overrides"": {}, ""seed"": 1645, ""tpl"": [""filler/neutral/29"", ""bleeding/absent/5"", ""egfr/current/4"", ""age/current/4""], ""tpl_split"": ""test""}",,,,,
E192,4,verdict x triplets,B-F-verdict-triplets-s0,rule_v1.test.gs118.c2.negation.easy.528,gs118,g_score_cutoff,negation,easy,L2,flip,20.29192066192627,9.590242862701416,23.100412368774414,21.657869338989258,"For heart failure with reduced ejection fraction, prescribe spironolactone. Score 2 points if the current white cell count is above 12.0 x10^9/L; 3 points if the patient has ever had angioedema (current or past); 2 points if the current eGFR is below 45 mL/min/1.73 m2; 1 point if the current heart rate is above 90/min. If the score is 4 or more, prescribe dapagliflozin instead.",angioedema,Prescribe spironolactone.,Prescribe dapagliflozin.,"Female patient of 59 years.
Heart failure with reduced ejection fraction (ejection fraction 30%), still symptomatic.
Current heart rate 59/min.
eGFR now 40 mL/min/1.73 m2.
Teeth in good repair.
Free of facial or oropharyngeal edema.
Latest WBC is 7.2 x10^9/L.
Has two cats.
Paints watercolors as a hobby.","Female patient of 59 years.
Heart failure with reduced ejection fraction (ejection fraction 30%), still symptomatic.
Current heart rate 59/min.
eGFR now 40 mL/min/1.73 m2.
Teeth in good repair.
Lives with chronic angioedema that flares several times a year.
Latest WBC is 7.2 x10^9/L.
Has two cats.
Paints watercolors as a hobby.","Female patient of 59 years.
Heart failure with reduced ejection fraction (ejection fraction 30%), still symptomatic.
Current heart rate 59/min.
eGFR now 40 mL/min/1.73 m2.
Teeth in good repair.
Never diagnosed with angioedema.
Latest WBC is 7.2 x10^9/L.
Has two cats.
Paints watercolors as a hobby.","need: angioedema
found: Free of facial or oropharyngeal edema.
subject: patient
status: absent
time: current","need: angioedema
found: Lives with chronic angioedema that flares several times a year.
subject: patient
status: present
time: current","need: angioedema
found: Never diagnosed with angioedema.
subject: patient
status: absent
time: current",,,,"{""criterion_holds"": 0, ""hdr"": 5, ""keywords"": [""angioedema""], ""overrides"": {}, ""seed"": 528, ""tpl"": [""heart_rate/current/4"", ""egfr/current/5"", ""filler/neutral/35"", ""angioedema/absent/5"", ""wbc/current/5"", ""filler/neutral/40"", ""filler/neutral/28""], ""tpl_split"": ""test""}",,,,,
E193,4,verdict x triplets,B-F-verdict-triplets-s0,rule_v1.test.gs230.c4.negation.long.1508,gs230,g_score_cutoff,negation,long,L2,base; near,-8.112350702285767,-11.587998390197754,-5.877175807952881,-7.726001262664795,"For uncomplicated cystitis, prescribe trimethoprim-sulfamethoxazole. Score 2 points if the patient has ever had a myocardial infarction or peripheral artery disease (current or past); 2 points if the patient currently has tonsillar exudate; 3 points if the current calf swelling compared with the other leg is 3.0 cm or more; 1 point if the patient has ever had a peptic ulcer (current or past). If the score is 8 or more, prescribe nitrofurantoin instead.",peptic ulcer at any time,Prescribe trimethoprim-sulfamethoxazole.,Prescribe nitrofurantoin.,"Woman of 46 years.
Dysuria and urinary frequency for two days; urine dipstick positive for nitrites.
Current calf swelling 4.2 cm compared with the other leg.
Has two cats.
Lives with peripheral artery disease affecting the left leg.
Appetite good; no indigestion.
During a checkup in 2011, free T3 was 3.2 pg/mL.
Her wife has a lazy eye.
Zinc of 85 mcg/dL in 2006.
Pupils equal and reactive to light.
In 2006, lipase was 30 U/L.
During a checkup in 2021, total protein was 7.0 g/dL.
Her friend has recovered from a dislocated finger.
Lives in a second-floor apartment.
Photographs local wildlife.
Prefers morning appointments.
Sees a dentist yearly.
Uses sunscreen in summer.
Plays the piano.
Her wife burned a hand on a stove years ago.
Knits as a hobby.
Tonsillar exudate visible on both sides.
Sleeps seven hours a night.
Owns a bicycle.
Enjoys board games.","Woman of 46 years.
Dysuria and urinary frequency for two days; urine dipstick positive for nitrites.
Current calf swelling 4.2 cm compared with the other leg.
Has two cats.
Lives with peripheral artery disease affecting the left leg.
Active peptic ulcer disease.
During a checkup in 2011, free T3 was 3.2 pg/mL.
Her wife has a lazy eye.
Zinc of 85 mcg/dL in 2006.
Pupils equal and reactive to light.
In 2006, lipase was 30 U/L.
During a checkup in 2021, total protein was 7.0 g/dL.
Her friend has recovered from a dislocated finger.
Lives in a second-floor apartment.
Photographs local wildlife.
Prefers morning appointments.
Sees a dentist yearly.
Uses sunscreen in summer.
Plays the piano.
Her wife burned a hand on a stove years ago.
Knits as a hobby.
Tonsillar exudate visible on both sides.
Sleeps seven hours a night.
Owns a bicycle.
Enjoys board games.","Woman of 46 years.
Dysuria and urinary frequency for two days; urine dipstick positive for nitrites.
Current calf swelling 4.2 cm compared with the other leg.
Has two cats.
Lives with peripheral artery disease affecting the left leg.
Medical record negative for peptic ulcer, current or past.
During a checkup in 2011, free T3 was 3.2 pg/mL.
Her wife has a lazy eye.
Zinc of 85 mcg/dL in 2006.
Pupils equal and reactive to light.
In 2006, lipase was 30 U/L.
During a checkup in 2021, total protein was 7.0 g/dL.
Her friend has recovered from a dislocated finger.
Lives in a second-floor apartment.
Photographs local wildlife.
Prefers morning appointments.
Sees a dentist yearly.
Uses sunscreen in summer.
Plays the piano.
Her wife burned a hand on a stove years ago.
Knits as a hobby.
Tonsillar exudate visible on both sides.
Sleeps seven hours a night.
Owns a bicycle.
Enjoys board games.","need: peptic ulcer at any time
found: Appetite good; no indigestion.
subject: patient
status: absent
time: current","need: peptic ulcer at any time
found: Active peptic ulcer disease.
subject: patient
status: present
time: current","need: peptic ulcer at any time
found: Medical record negative for peptic ulcer, current or past.
subject: patient
status: absent
time: current",,,,"{""criterion_holds"": 0, ""hdr"": 4, ""keywords"": [""ulcer""], ""overrides"": {}, ""seed"": 1508, ""tpl"": [""calf_swelling/current/4"", ""filler/neutral/40"", ""vascular/present/4"", ""peptic_ulcer/absent/5"", ""filler/lab/17"", ""filler/other/10"", ""filler/lab/16"", ""filler/neutral/11"", ""filler/lab/11"", ""filler/lab/10"", ""filler/other/17"", ""filler/neutral/16"", ""filler/neutral/10"", ""filler/neutral/29"", ""filler/neutral/23"", ""filler/neutral/22"", ""filler/neutral/41"", ""filler/other/11"", ""filler/neutral/46"", ""exudate/present/5"", ""filler/neutral/4"", ""filler/neutral/34"", ""filler/neutral/5""], ""tpl_split"": ""test""}",,,,,
E194,4,verdict x triplets,B-F-verdict-triplets-s0,rule_v1.test.gs024.c3.numeric.long.1134,gs024,g_score_cutoff,numeric,long,L2,flip,20.761463165283203,6.197994947433472,18.85361671447754,17.35155963897705,"For uncomplicated cystitis, prescribe trimethoprim-sulfamethoxazole. Score 3 points if the current ALT is above 120 U/L; 1 point if the patient or a first-degree relative (parent, sibling or child) has had diabetes at any time; 3 points if the current systolic blood pressure is above 160 mmHg; 2 points if the patient or a first-degree relative (parent, sibling or child) has had a venous thromboembolism at any time. If the score is 4 or more, prescribe nitrofurantoin instead.",systolic blood pressure above 160,Prescribe trimethoprim-sulfamethoxazole.,Prescribe nitrofurantoin.,"Female patient of 50 years.
Dysuria and urinary frequency for two days; urine dipstick positive for nitrites.
Has two cats.
Her father sprained a thumb last month.
Lives in a second-floor apartment.
Sees a dentist yearly.
Knits as a hobby.
Sleeps seven hours a night.
Current systolic blood pressure 148 mmHg.
Zinc of 85 mcg/dL in 2010.
Has type 2 diabetes on metformin.
Prefers to be addressed by first name.
Her father has a lazy eye.
ALT now 34 U/L.
Paints watercolors as a hobby.
Her friend wears contact lenses.
Free T4 of 1.2 ng/dL in 2022.
Uses sunscreen in summer.
Her uncle has recovered from a dislocated finger.
Photographs local wildlife.
Owns a bicycle.
Drives a car.","Female patient of 50 years.
Dysuria and urinary frequency for two days; urine dipstick positive for nitrites.
Has two cats.
Her father sprained a thumb last month.
Lives in a second-floor apartment.
Sees a dentist yearly.
Knits as a hobby.
Sleeps seven hours a night.
Current systolic blood pressure 184 mmHg.
Zinc of 85 mcg/dL in 2010.
Has type 2 diabetes on metformin.
Prefers to be addressed by first name.
Her father has a lazy eye.
ALT now 34 U/L.
Paints watercolors as a hobby.
Her friend wears contact lenses.
Free T4 of 1.2 ng/dL in 2022.
Uses sunscreen in summer.
Her uncle has recovered from a dislocated finger.
Photographs local wildlife.
Owns a bicycle.
Drives a car.","Female patient of 50 years.
Dysuria and urinary frequency for two days; urine dipstick positive for nitrites.
Has two cats.
Her father sprained a thumb last month.
Lives in a second-floor apartment.
Sees a dentist yearly.
Knits as a hobby.
Sleeps seven hours a night.
Current systolic blood pressure 153 mmHg.
Zinc of 85 mcg/dL in 2010.
Has type 2 diabetes on metformin.
Prefers to be addressed by first name.
Her father has a lazy eye.
ALT now 34 U/L.
Paints watercolors as a hobby.
Her friend wears contact lenses.
Free T4 of 1.2 ng/dL in 2022.
Uses sunscreen in summer.
Her uncle has recovered from a dislocated finger.
Photographs local wildlife.
Owns a bicycle.
Drives a car.","need: systolic blood pressure above 160
found: 148
subject: patient
status: present
time: current","need: systolic blood pressure above 160
found: 184
subject: patient
status: present
time: current","need: systolic blood pressure above 160
found: 153
subject: patient
status: present
time: current",,,,"{""criterion_holds"": 0, ""hdr"": 5, ""keywords"": [""systolic"", ""blood pressure"", ""bp ""], ""overrides"": {}, ""seed"": 1134, ""tpl"": [""filler/neutral/40"", ""filler/other/5"", ""filler/neutral/16"", ""filler/neutral/23"", ""filler/neutral/46"", ""filler/neutral/4"", ""sbp/current/4"", ""filler/lab/16"", ""diabetes/present/4"", ""filler/neutral/47"", ""filler/other/10"", ""alt_enzyme/current/5"", ""filler/neutral/28"", ""filler/other/16"", ""filler/lab/5"", ""filler/neutral/22"", ""filler/other/17"", ""filler/neutral/10"", ""filler/neutral/34"", ""filler/neutral/17""], ""tpl_split"": ""test""}",,,,,
E195,4,verdict x triplets,B-F-verdict-triplets-s0,rule_v1.test.gs134.c3.numeric.long.1471,gs134,g_score_cutoff,numeric,long,L2,base,-2.4986742734909058,-12.550731182098389,2.0676645040512085,-4.093072772026062,"For contraception, prescribe a combined oral contraceptive. Score 2 points if the patient or a first-degree relative (parent, sibling or child) has had coronary artery disease at any time; 2 points if the current weight is 60 kg or less; 2 points if the current platelet count is below 50 x10^9/L; 1 point if the patient currently has tender anterior cervical lymph nodes. If the score is 7 or more, prescribe a progestin-only pill instead.",platelet count below 50,Prescribe a combined oral contraceptive.,Prescribe a progestin-only pill.,"Female patient of 34 years.
Requests contraception.
Pupils equal and reactive to light.
Owns a bicycle.
Has two cats.
During a checkup in 2011, total protein was 7.0 g/dL.
Current platelet count 196 x10^9/L.
Her wife has recovered from a dislocated finger.
Her roommate has a lazy eye.
Photographs local wildlife.
Prefers to be addressed by first name.
Teeth in good repair.
Paints watercolors as a hobby.
Her uncle burned a hand on a stove years ago.
Coronary artery disease years ago, with angina that went away after bypass surgery.
Her friend wears contact lenses.
Plays the piano.
Anterior cervical lymph nodes enlarged and tender to touch.
Sees a dentist yearly.
Prefers morning appointments.
Latest weight 52 kg.
In 2020, lipase was 30 U/L.
Enjoys board games.
During a checkup in 2019, free T3 was 3.2 pg/mL.","Female patient of 34 years.
Requests contraception.
Pupils equal and reactive to light.
Owns a bicycle.
Has two cats.
During a checkup in 2011, total protein was 7.0 g/dL.
Current platelet count 35 x10^9/L.
Her wife has recovered from a dislocated finger.
Her roommate has a lazy eye.
Photographs local wildlife.
Prefers to be addressed by first name.
Teeth in good repair.
Paints watercolors as a hobby.
Her uncle burned a hand on a stove years ago.
Coronary artery disease years ago, with angina that went away after bypass surgery.
Her friend wears contact lenses.
Plays the piano.
Anterior cervical lymph nodes enlarged and tender to touch.
Sees a dentist yearly.
Prefers morning appointments.
Latest weight 52 kg.
In 2020, lipase was 30 U/L.
Enjoys board games.
During a checkup in 2019, free T3 was 3.2 pg/mL.","Female patient of 34 years.
Requests contraception.
Pupils equal and reactive to light.
Owns a bicycle.
Has two cats.
During a checkup in 2011, total protein was 7.0 g/dL.
Current platelet count 52 x10^9/L.
Her wife has recovered from a dislocated finger.
Her roommate has a lazy eye.
Photographs local wildlife.
Prefers to be addressed by first name.
Teeth in good repair.
Paints watercolors as a hobby.
Her uncle burned a hand on a stove years ago.
Coronary artery disease years ago, with angina that went away after bypass surgery.
Her friend wears contact lenses.
Plays the piano.
Anterior cervical lymph nodes enlarged and tender to touch.
Sees a dentist yearly.
Prefers morning appointments.
Latest weight 52 kg.
In 2020, lipase was 30 U/L.
Enjoys board games.
During a checkup in 2019, free T3 was 3.2 pg/mL.","need: platelet count below 50
found: 196
subject: patient
status: present
time: current","need: platelet count below 50
found: 35
subject: patient
status: present
time: current","need: platelet count below 50
found: 52
subject: patient
status: present
time: current",,,,"{""criterion_holds"": 0, ""hdr"": 5, ""keywords"": [""platelet""], ""overrides"": {}, ""seed"": 1471, ""tpl"": [""filler/neutral/11"", ""filler/neutral/34"", ""filler/neutral/40"", ""filler/lab/10"", ""platelets/current/4"", ""filler/other/17"", ""filler/other/10"", ""filler/neutral/10"", ""filler/neutral/47"", ""filler/neutral/35"", ""filler/neutral/28"", ""filler/other/11"", ""cad/past/4"", ""filler/other/16"", ""filler/neutral/41"", ""neck_nodes/present/4"", ""filler/neutral/23"", ""filler/neutral/29"", ""weight/current/5"", ""filler/lab/11"", ""filler/neutral/5"", ""filler/lab/17""], ""tpl_split"": ""test""}",,,,,
E196,4,verdict x triplets,B-F-verdict-triplets-s0,rule_v1.test.gs054.c1.subject.long.189,gs054,g_score_cutoff,subject,long,L2,base; near,-2.7921841144561768,-11.18018388748169,-4.459658622741699,-0.709636926651001,"For community-acquired pneumonia, prescribe oral amoxicillin. Score 3 points if the patient currently has a venous thromboembolism; 2 points if the patient or a first-degree relative (parent, sibling or child) has had colorectal cancer at any time; 2 points if the current respiratory rate is 22/min or more; 1 point if the current oxygen saturation is 91% or less. If the score is 6 or more, prescribe intravenous co-amoxiclav instead.",current venous thromboembolism,Prescribe oral amoxicillin.,Prescribe intravenous co-amoxiclav.,"Woman of 60 years.
Community-acquired pneumonia confirmed on chest radiograph.
In 2016, lipase was 30 U/L.
Current respiratory rate 27/min.
Paints watercolors as a hobby.
Varicose veins: none seen.
Uses sunscreen in summer.
Bowel cancer cured by surgery years ago, without recurrence.
Owns a bicycle.
Prefers to be addressed by first name.
Sees a dentist yearly.
Sleeps seven hours a night.
Lives in a second-floor apartment.
Her wife burned a hand on a stove years ago.
Teeth in good repair.
Latest oxygen saturation reading: 90%.
Her roommate sprained a thumb last month.
Drives a car.
Has two cats.
Pupils equal and reactive to light.
Her sister has a lazy eye.
Enjoys board games.
Her uncle lives with psoriasis.
Zinc of 85 mcg/dL in 2020.
Knits as a hobby.","Woman of 60 years.
Community-acquired pneumonia confirmed on chest radiograph.
In 2016, lipase was 30 U/L.
Current respiratory rate 27/min.
Paints watercolors as a hobby.
Ongoing treatment for a deep vein thrombosis of the left arm.
Uses sunscreen in summer.
Bowel cancer cured by surgery years ago, without recurrence.
Owns a bicycle.
Prefers to be addressed by first name.
Sees a dentist yearly.
Sleeps seven hours a night.
Lives in a second-floor apartment.
Her wife burned a hand on a stove years ago.
Teeth in good repair.
Latest oxygen saturation reading: 90%.
Her roommate sprained a thumb last month.
Drives a car.
Has two cats.
Pupils equal and reactive to light.
Her sister has a lazy eye.
Enjoys board games.
Her uncle lives with psoriasis.
Zinc of 85 mcg/dL in 2020.
Knits as a hobby.","Woman of 60 years.
Community-acquired pneumonia confirmed on chest radiograph.
In 2016, lipase was 30 U/L.
Current respiratory rate 27/min.
Paints watercolors as a hobby.
Her father is being treated for a pulmonary embolism.
Uses sunscreen in summer.
Bowel cancer cured by surgery years ago, without recurrence.
Owns a bicycle.
Prefers to be addressed by first name.
Sees a dentist yearly.
Sleeps seven hours a night.
Lives in a second-floor apartment.
Her wife burned a hand on a stove years ago.
Teeth in good repair.
Latest oxygen saturation reading: 90%.
Her roommate sprained a thumb last month.
Drives a car.
Has two cats.
Pupils equal and reactive to light.
Her sister has a lazy eye.
Enjoys board games.
Her uncle lives with psoriasis.
Zinc of 85 mcg/dL in 2020.
Knits as a hobby.","need: current venous thromboembolism
found: Varicose veins: none seen.
subject: patient
status: absent
time: current","need: current venous thromboembolism
found: Ongoing treatment for a deep vein thrombosis of the left arm.
subject: patient
status: present
time: current","need: current venous thromboembolism
found: Her father is being treated for a pulmonary embolism.
subject: other (father)
status: present
time: current",,,,"{""criterion_holds"": 0, ""hdr"": 4, ""keywords"": [""thrombo"", ""dvt"", ""pulmonary embol""], ""overrides"": {}, ""seed"": 189, ""tpl"": [""filler/lab/11"", ""rr/current/4"", ""filler/neutral/28"", ""vte/rel/4"", ""filler/neutral/22"", ""crc/past/4"", ""filler/neutral/34"", ""filler/neutral/47"", ""filler/neutral/23"", ""filler/neutral/4"", ""filler/neutral/16"", ""filler/other/11"", ""filler/neutral/35"", ""spo2/current/5"", ""filler/other/5"", ""filler/neutral/17"", ""filler/neutral/40"", ""filler/neutral/11"", ""filler/other/10"", ""filler/neutral/5"", ""filler/other/4"", ""filler/lab/16"", ""filler/neutral/46""], ""tpl_split"": ""test""}",,,,,
E197,4,verdict x triplets,B-F-verdict-triplets-s0,rule_v1.test.gs134.c4.subject.easy.655,gs134,g_score_cutoff,subject,easy,L2,base; near,-5.31120228767395,-13.797626495361328,-0.0017986297607421875,-3.5603877305984497,"For contraception, prescribe a combined oral contraceptive. Score 2 points if the patient or a first-degree relative (parent, sibling or child) has had coronary artery disease at any time; 2 points if the current weight is 60 kg or less; 2 points if the current platelet count is below 50 x10^9/L; 1 point if the patient currently has tender anterior cervical lymph nodes. If the score is 7 or more, prescribe a progestin-only pill instead.",tender cervical lymph nodes,Prescribe a combined oral contraceptive.,Prescribe a progestin-only pill.,"Female patient of 27 years.
Requests contraception.
Photographs local wildlife.
Had coronary artery disease, treated with bypass surgery in 2023; recovered well.
Owns a bicycle.
Current platelet count 36 x10^9/L.
Enjoys board games.
Latest weight 60 kg.","Female patient of 27 years.
Requests contraception.
Photographs local wildlife.
Had coronary artery disease, treated with bypass surgery in 2023; recovered well.
Owns a bicycle.
Current platelet count 36 x10^9/L.
Tender, swollen lymph nodes in the front of the neck.
Enjoys board games.
Latest weight 60 kg.","Female patient of 27 years.
Requests contraception.
Photographs local wildlife.
Had coronary artery disease, treated with bypass surgery in 2023; recovered well.
Owns a bicycle.
Current platelet count 36 x10^9/L.
Her wife currently has tender anterior cervical lymphadenopathy.
Enjoys board games.
Latest weight 60 kg.","need: tender cervical lymph nodes
found: not mentioned
subject: patient
status: absent
time: current","need: tender cervical lymph nodes
found: Tender, swollen lymph nodes in the front of the neck.
subject: patient
status: present
time: current","need: tender cervical lymph nodes
found: Her wife currently has tender anterior cervical lymphadenopathy.
subject: other (wife)
status: present
time: current",,,,"{""criterion_holds"": 0, ""hdr"": 5, ""keywords"": [""lymph node"", ""lymphaden""], ""overrides"": {}, ""seed"": 655, ""tpl"": [""filler/neutral/10"", ""cad/past/5"", ""filler/neutral/34"", ""platelets/current/4"", ""neck_nodes/rel/5"", ""filler/neutral/5"", ""weight/current/5""], ""tpl_split"": ""test""}",,,,,
E198,4,verdict x triplets,B-F-verdict-triplets-s0,rule_v1.test.centor.nodes.time.long.921,centor,additive_score,time,long,L2,near,31.730313301086426,-24.926671981811523,-8.298192262649536,32.38141441345215,"Centor score (as used here, partial): 1 point each for temperature above 38.0 C; tonsillar exudate; tender anterior cervical lymph nodes. Only current findings count.",tender cervical lymph nodes,The tender cervical lymph nodes criterion contributes 0 points.,The tender cervical lymph nodes criterion contributes 1 point.,"Woman of 51 years.
Sore throat for three days.
Front of the neck without tenderness or swelling.
In 2017, lipase was 30 U/L.
Paints watercolors as a hobby.
Temperature now 37.0 C (tympanic).
Her wife burned a hand on a stove years ago.
Plays the piano.
Owns a bicycle.
Her father sprained a thumb last month.
Her roommate lives with psoriasis.
During a checkup in 2018, total protein was 7.0 g/dL.
Teeth in good repair.
Enjoys board games.
Knits as a hobby.
Free T4 of 1.2 ng/dL in 2015.
In 2018, folate was 12 ng/mL.
Sleeps seven hours a night.
Her father wears contact lenses.
Prefers to be addressed by first name.","Woman of 51 years.
Sore throat for three days.
Anterior cervical lymph nodes enlarged and tender to touch.
In 2017, lipase was 30 U/L.
Paints watercolors as a hobby.
Temperature now 37.0 C (tympanic).
Her wife burned a hand on a stove years ago.
Plays the piano.
Owns a bicycle.
Her father sprained a thumb last month.
Her roommate lives with psoriasis.
During a checkup in 2018, total protein was 7.0 g/dL.
Teeth in good repair.
Enjoys board games.
Knits as a hobby.
Free T4 of 1.2 ng/dL in 2015.
In 2018, folate was 12 ng/mL.
Sleeps seven hours a night.
Her father wears contact lenses.
Prefers to be addressed by first name.","Woman of 51 years.
Sore throat for three days.
Tender anterior cervical lymph nodes with a throat infection years ago, which went down within two weeks.
In 2017, lipase was 30 U/L.
Paints watercolors as a hobby.
Temperature now 37.0 C (tympanic).
Her wife burned a hand on a stove years ago.
Plays the piano.
Owns a bicycle.
Her father sprained a thumb last month.
Her roommate lives with psoriasis.
During a checkup in 2018, total protein was 7.0 g/dL.
Teeth in good repair.
Enjoys board games.
Knits as a hobby.
Free T4 of 1.2 ng/dL in 2015.
In 2018, folate was 12 ng/mL.
Sleeps seven hours a night.
Her father wears contact lenses.
Prefers to be addressed by first name.","need: tender cervical lymph nodes
found: Front of the neck without tenderness or swelling.
subject: patient
status: absent
time: current","need: tender cervical lymph nodes
found: Anterior cervical lymph nodes enlarged and tender to touch.
subject: patient
status: present
time: current","need: tender cervical lymph nodes
found: Tender anterior cervical lymph nodes with a throat infection years ago, which went down within two weeks.
subject: patient
status: present
time: past",,,,"{""criterion_holds"": 0, ""hdr"": 4, ""keywords"": [""lymph node"", ""lymphaden""], ""overrides"": {}, ""seed"": 921, ""tpl"": [""neck_nodes/past/4"", ""filler/lab/11"", ""filler/neutral/28"", ""temperature/current/5"", ""filler/other/11"", ""filler/neutral/41"", ""filler/neutral/34"", ""filler/other/5"", ""filler/other/4"", ""filler/lab/10"", ""filler/neutral/35"", ""filler/neutral/5"", ""filler/neutral/46"", ""filler/lab/5"", ""filler/lab/4"", ""filler/neutral/4"", ""filler/other/16"", ""filler/neutral/47""], ""tpl_split"": ""test""}",,,,,
E199,4,verdict x triplets,B-F-verdict-triplets-s0,rule_v1.test.gs118.c3.time.easy.1067,gs118,g_score_cutoff,time,easy,L2,flip,18.512141227722168,5.886058330535889,11.135857105255127,17.761771202087402,"For heart failure with reduced ejection fraction, prescribe spironolactone. Score 2 points if the current white cell count is above 12.0 x10^9/L; 3 points if the patient has ever had angioedema (current or past); 2 points if the current eGFR is below 45 mL/min/1.73 m2; 1 point if the current heart rate is above 90/min. If the score is 4 or more, prescribe dapagliflozin instead.",eGFR below 45,Prescribe spironolactone.,Prescribe dapagliflozin.,"Man of 51 years.
Heart failure with reduced ejection fraction (ejection fraction 30%), still symptomatic.
Records from 2017 list eGFR at 52 mL/min/1.73 m2.
Has two cats.
Face and neck without swelling on examination.
Latest WBC is 12.6 x10^9/L.
Pupils equal and reactive to light.
Current eGFR 69 mL/min/1.73 m2.
Uses sunscreen in summer.
Sees a dentist yearly.
Heart rate now 63/min on a pulse check.","Man of 51 years.
Heart failure with reduced ejection fraction (ejection fraction 30%), still symptomatic.
Records from 2017 list eGFR at 52 mL/min/1.73 m2.
Has two cats.
Face and neck without swelling on examination.
Latest WBC is 12.6 x10^9/L.
Pupils equal and reactive to light.
Current eGFR 40 mL/min/1.73 m2.
Uses sunscreen in summer.
Sees a dentist yearly.
Heart rate now 63/min on a pulse check.","Man of 51 years.
Heart failure with reduced ejection fraction (ejection fraction 30%), still symptomatic.
Records from 2017 list eGFR at 35 mL/min/1.73 m2.
Has two cats.
Face and neck without swelling on examination.
Latest WBC is 12.6 x10^9/L.
Pupils equal and reactive to light.
Current eGFR 69 mL/min/1.73 m2.
Uses sunscreen in summer.
Sees a dentist yearly.
Heart rate now 63/min on a pulse check.","need: eGFR below 45
found: 52
subject: patient
status: present
time: past (2017)

need: eGFR below 45
found: 69
subject: patient
status: present
time: current","need: eGFR below 45
found: 52
subject: patient
status: present
time: past (2017)

need: eGFR below 45
found: 40
subject: patient
status: present
time: current","need: eGFR below 45
found: 35
subject: patient
status: present
time: past (2017)

need: eGFR below 45
found: 69
subject: patient
status: present
time: current",,,,"{""criterion_holds"": 0, ""hdr"": 4, ""keywords"": [""egfr""], ""overrides"": {}, ""seed"": 1067, ""tpl"": [""egfr/past/4"", ""filler/neutral/40"", ""angioedema/generic/4"", ""wbc/current/5"", ""filler/neutral/11"", ""egfr/current/4"", ""filler/neutral/22"", ""filler/neutral/23"", ""heart_rate/current/5""], ""tpl_split"": ""test""}",,,,,
E200,4,verdict x triplets,B-F-verdict-triplets-s0,rule_v1.test.gs192.c2.time.superseded.1705,gs192,g_score_cutoff,time,superseded,L2,base; near,-3.848458409309387,-9.934004306793213,-8.459861278533936,0.9342012405395508,"For uncomplicated cystitis, prescribe trimethoprim-sulfamethoxazole. Score 2 points if the patient has ever had asthma (current or past); 1 point if the current calf swelling compared with the other leg is 3.0 cm or more; 1 point if the patient has ever had a peptic ulcer (current or past); 2 points if the patient or a first-degree relative (parent, sibling or child) has had diabetes at any time. If the score is 6 or more, prescribe nitrofurantoin instead.",calf swelling at least 3.0,Prescribe trimethoprim-sulfamethoxazole.,Prescribe nitrofurantoin.,"Female patient of 27 years.
Dysuria and urinary frequency for two days; urine dipstick positive for nitrites.
Earlier this week, calf swelling was 0.7 cm; a newer reading supersedes it.
Prefers to be addressed by first name.
Persistent asthma, using a rescue inhaler most weeks.
Prefers morning appointments.
Plays the piano.
Current calf swelling 0.4 cm compared with the other leg.
Active peptic ulcer disease.
Had diabetes years ago that went into remission on a low-calorie diet.","Female patient of 27 years.
Dysuria and urinary frequency for two days; urine dipstick positive for nitrites.
Earlier this week, calf swelling was 0.7 cm; a newer reading supersedes it.
Prefers to be addressed by first name.
Persistent asthma, using a rescue inhaler most weeks.
Prefers morning appointments.
Plays the piano.
Current calf swelling 3.0 cm compared with the other leg.
Active peptic ulcer disease.
Had diabetes years ago that went into remission on a low-calorie diet.","Female patient of 27 years.
Dysuria and urinary frequency for two days; urine dipstick positive for nitrites.
Earlier this week, calf swelling was 4.2 cm; a newer reading supersedes it.
Prefers to be addressed by first name.
Persistent asthma, using a rescue inhaler most weeks.
Prefers morning appointments.
Plays the piano.
Current calf swelling 0.4 cm compared with the other leg.
Active peptic ulcer disease.
Had diabetes years ago that went into remission on a low-calorie diet.","need: calf swelling at least 3.0
found: 0.7
subject: patient
status: present
time: past

need: calf swelling at least 3.0
found: 0.4
subject: patient
status: present
time: current","need: calf swelling at least 3.0
found: 0.7
subject: patient
status: present
time: past

need: calf swelling at least 3.0
found: 3.0
subject: patient
status: present
time: current","need: calf swelling at least 3.0
found: 4.2
subject: patient
status: present
time: past

need: calf swelling at least 3.0
found: 0.4
subject: patient
status: present
time: current",,,,"{""criterion_holds"": 0, ""hdr"": 5, ""keywords"": [""calf circumference"", ""calf swelling""], ""overrides"": {}, ""seed"": 1705, ""tpl"": [""calf_swelling/superseded/4"", ""filler/neutral/47"", ""asthma/present/5"", ""filler/neutral/29"", ""filler/neutral/41"", ""calf_swelling/current/4"", ""peptic_ulcer/present/5"", ""diabetes/past/4""], ""tpl_split"": ""test""}",,,,,
