sheet_id,part,system,run_id,tid,rid,family,nm_kind,tier,level,failed_conditions,d_base,d_flip,d_near,d_pres,rule_text,condition,claim_s,claim_s_prime,case_text_base,case_text_flip,case_text_near,gold_ledger_base,gold_ledger_flip,gold_ledger_near,reader_output_base,reader_output_flip,reader_output_near,near_meta,category,subcategory_or_note,coder,second_coder_category,agreed
E101,3,ledger2 x blocks,B-F-ledger2-blocks-s0,rule_v1.test.gs011.c2.boundary.easy.102,gs011,g_all_of,boundary,easy,L2,near,32.08164405822754,-33.267168045043945,-2.127748489379883,32.08164405822754,"For acute streptococcal pharyngitis, prescribe amoxicillin. If the patient or a first-degree relative (parent, sibling or child) has had a venous thromboembolism at any time and the current ALT is above 120 U/L, prescribe azithromycin instead.",ALT above 120,Prescribe amoxicillin.,Prescribe azithromycin.,"Male patient of 54 years.
Presents with acute streptococcal pharyngitis (rapid antigen test positive).
Paints watercolors as a hobby.
Recovered from a pulmonary embolism in 2011.
Current ALT 26 U/L.
Prefers morning appointments.
Drives a car.","Male patient of 54 years.
Presents with acute streptococcal pharyngitis (rapid antigen test positive).
Paints watercolors as a hobby.
Recovered from a pulmonary embolism in 2011.
Current ALT 132 U/L.
Prefers morning appointments.
Drives a car.","Male patient of 54 years.
Presents with acute streptococcal pharyngitis (rapid antigen test positive).
Paints watercolors as a hobby.
Recovered from a pulmonary embolism in 2011.
Current ALT 120 U/L.
Prefers morning appointments.
Drives a car.","need: ALT above 120
found: 26
subject: patient
status: present
time: current","need: ALT above 120
found: 132
subject: patient
status: present
time: current","need: ALT above 120
found: 120
subject: patient
status: present
time: current","need: ALT above 120
found: 26
subject: patient
status: present
time: current","need: ALT above 120
found: 132
subject: patient
status: present
time: current","need: ALT above 120
found: 120
subject: patient
status: present
time: current","{""criterion_holds"": 0, ""hdr"": 5, ""keywords"": [""alt ""], ""overrides"": {}, ""seed"": 102, ""tpl"": [""filler/neutral/28"", ""vte/past/5"", ""alt_enzyme/current/4"", ""filler/neutral/29"", ""filler/neutral/17""], ""tpl_split"": ""test""}",,,,,
E102,3,ledger2 x blocks,B-F-ledger2-blocks-s0,rule_v1.test.gs050.c2.boundary.long.1503,gs050,g_any_of,boundary,long,L2,near,31.819162368774414,-33.26805877685547,-8.513691008090973,31.819162368774414,"For community-acquired pneumonia treated at home, prescribe amoxicillin. If the current eGFR is below 60 mL/min/1.73 m2 or the current ALT is above 120 U/L, prescribe doxycycline instead.",ALT above 120,Prescribe amoxicillin.,Prescribe doxycycline.,"Female patient of 20 years.
Productive cough and fever; consolidation on chest radiograph.
Her uncle burned a hand on a stove years ago.
In 2024, lipase was 30 U/L.
Her father has a lazy eye.
Free T4 of 1.2 ng/dL in 2024.
Current eGFR 85 mL/min/1.73 m2.
Her uncle lives with psoriasis.
Prefers morning appointments.
Teeth in good repair.
Paints watercolors as a hobby.
ALT now 40 U/L.
Knits as a hobby.
Has two cats.
Pupils equal and reactive to light.
Sleeps seven hours a night.
Drives a car.
During a checkup in 2024, free T3 was 3.2 pg/mL.
In 2024, folate was 12 ng/mL.
Her sister sprained a thumb last month.
Plays the piano.","Female patient of 20 years.
Productive cough and fever; consolidation on chest radiograph.
Her uncle burned a hand on a stove years ago.
In 2024, lipase was 30 U/L.
Her father has a lazy eye.
Free T4 of 1.2 ng/dL in 2024.
Current eGFR 85 mL/min/1.73 m2.
Her uncle lives with psoriasis.
Prefers morning appointments.
Teeth in good repair.
Paints watercolors as a hobby.
ALT now 125 U/L.
Knits as a hobby.
Has two cats.
Pupils equal and reactive to light.
Sleeps seven hours a night.
Drives a car.
During a checkup in 2024, free T3 was 3.2 pg/mL.
In 2024, folate was 12 ng/mL.
Her sister sprained a thumb last month.
Plays the piano.","Female patient of 20 years.
Productive cough and fever; consolidation on chest radiograph.
Her uncle burned a hand on a stove years ago.
In 2024, lipase was 30 U/L.
Her father has a lazy eye.
Free T4 of 1.2 ng/dL in 2024.
Current eGFR 85 mL/min/1.73 m2.
Her uncle lives with psoriasis.
Prefers morning appointments.
Teeth in good repair.
Paints watercolors as a hobby.
ALT now 120 U/L.
Knits as a hobby.
Has two cats.
Pupils equal and reactive to light.
Sleeps seven hours a night.
Drives a car.
During a checkup in 2024, free T3 was 3.2 pg/mL.
In 2024, folate was 12 ng/mL.
Her sister sprained a thumb last month.
Plays the piano.","need: ALT above 120
found: 40
subject: patient
status: present
time: current","need: ALT above 120
found: 125
subject: patient
status: present
time: current","need: ALT above 120
found: 120
subject: patient
status: present
time: current","need: ALT above 120
found: 40
subject: patient
status: present
time: current","need: ALT above 120
found: 125
subject: patient
status: present
time: current","need: ALT above 120
found: 120
subject: patient
status: present
time: current","{""criterion_holds"": 0, ""hdr"": 5, ""keywords"": [""alt ""], ""overrides"": {}, ""seed"": 1503, ""tpl"": [""filler/other/11"", ""filler/lab/11"", ""filler/other/10"", ""filler/lab/5"", ""egfr/current/4"", ""filler/other/4"", ""filler/neutral/29"", ""filler/neutral/35"", ""filler/neutral/28"", ""alt_enzyme/current/5"", ""filler/neutral/46"", ""filler/neutral/40"", ""filler/neutral/11"", ""filler/neutral/4"", ""filler/neutral/17"", ""filler/lab/17"", ""filler/lab/4"", ""filler/other/5"", ""filler/neutral/41""], ""tpl_split"": ""test""}",,,,,
E103,3,ledger2 x blocks,B-F-ledger2-blocks-s0,rule_v1.test.gs224.c2.boundary.easy.1700,gs224,g_all_of,boundary,easy,L2,near,32.35542297363281,-31.183055877685547,-4.3473687171936035,32.35542297363281,"For vaginal candidiasis, prescribe oral fluconazole. If the patient has ever had a venous thromboembolism (current or past) and the current serum creatinine is above 2.0 mg/dL, prescribe clotrimazole pessaries instead.",serum creatinine above 2.0,Prescribe oral fluconazole.,Prescribe clotrimazole pessaries.,"Woman of 35 years.
Vaginal itching and discharge; candidiasis confirmed on microscopy.
Sees a dentist yearly.
Has an acute pulmonary embolism, diagnosed this week.
Latest creatinine result: 1.0 mg/dL.
Has two cats.","Woman of 35 years.
Vaginal itching and discharge; candidiasis confirmed on microscopy.
Sees a dentist yearly.
Has an acute pulmonary embolism, diagnosed this week.
Latest creatinine result: 2.4 mg/dL.
Has two cats.","Woman of 35 years.
Vaginal itching and discharge; candidiasis confirmed on microscopy.
Sees a dentist yearly.
Has an acute pulmonary embolism, diagnosed this week.
Latest creatinine result: 2.0 mg/dL.
Has two cats.","need: serum creatinine above 2.0
found: 1.0
subject: patient
status: present
time: current","need: serum creatinine above 2.0
found: 2.4
subject: patient
status: present
time: current","need: serum creatinine above 2.0
found: 2.0
subject: patient
status: present
time: current","need: serum creatinine above 2.0
found: 1.0
subject: patient
status: present
time: current","need: serum creatinine above 2.0
found: 2.4
subject: patient
status: present
time: current","need: serum creatinine above 2.0
found: 2.0
subject: patient
status: present
time: current","{""criterion_holds"": 0, ""hdr"": 4, ""keywords"": [""creatinine""], ""overrides"": {}, ""seed"": 1700, ""tpl"": [""filler/neutral/23"", ""vte/present/4"", ""creatinine/current/5"", ""filler/neutral/40""], ""tpl_split"": ""test""}",,,,,
E104,3,ledger2 x blocks,B-F-ledger2-blocks-s0,rule_v1.test.gs049.c2.negation.long.939,gs049,g_all_of,negation,long,L2,base,-33.61910152435303,-30.788331031799316,32.37128829956055,-33.61910152435303,"For uncomplicated cystitis, prescribe trimethoprim-sulfamethoxazole. If the patient or a first-degree relative (parent, sibling or child) has had a venous thromboembolism at any time and the patient or a first-degree relative (parent, sibling or child) has had diabetes at any time, prescribe nitrofurantoin instead.",diabetes (patient or first-degree relative),Prescribe trimethoprim-sulfamethoxazole.,Prescribe nitrofurantoin.,"Woman of 19 years.
Dysuria and urinary frequency for two days; urine dipstick positive for nitrites.
During a checkup in 2024, free T3 was 3.2 pg/mL.
Pupils equal and reactive to light.
Random glucose 92 mg/dL.
Zinc of 85 mcg/dL in 2024.
In 2024, folate was 12 ng/mL.
Prefers morning appointments.
Drives a car.
Her father sprained a thumb last month.
Her friend lives with psoriasis.
Uses sunscreen in summer.
Pulmonary embolism years ago, treated for six months.
Prefers to be addressed by first name.
Teeth in good repair.
Has two cats.
Photographs local wildlife.
Knits as a hobby.
In 2024, lipase was 30 U/L.
Sleeps seven hours a night.","Woman of 19 years.
Dysuria and urinary frequency for two days; urine dipstick positive for nitrites.
During a checkup in 2024, free T3 was 3.2 pg/mL.
Pupils equal and reactive to light.
Formerly diabetic; in remission since 2024.
Zinc of 85 mcg/dL in 2024.
In 2024, folate was 12 ng/mL.
Prefers morning appointments.
Drives a car.
Her father sprained a thumb last month.
Her friend lives with psoriasis.
Uses sunscreen in summer.
Pulmonary embolism years ago, treated for six months.
Prefers to be addressed by first name.
Teeth in good repair.
Has two cats.
Photographs local wildlife.
Knits as a hobby.
In 2024, lipase was 30 U/L.
Sleeps seven hours a night.","Woman of 19 years.
Dysuria and urinary frequency for two days; urine dipstick positive for nitrites.
During a checkup in 2024, free T3 was 3.2 pg/mL.
Pupils equal and reactive to light.
Has never had diabetes.
Zinc of 85 mcg/dL in 2024.
In 2024, folate was 12 ng/mL.
Prefers morning appointments.
Drives a car.
Her father sprained a thumb last month.
Her friend lives with psoriasis.
Uses sunscreen in summer.
Pulmonary embolism years ago, treated for six months.
Prefers to be addressed by first name.
Teeth in good repair.
Has two cats.
Photographs local wildlife.
Knits as a hobby.
In 2024, lipase was 30 U/L.
Sleeps seven hours a night.","need: diabetes (patient or first-degree relative)
found: Random glucose 92 mg/dL.
subject: patient
status: absent
time: current","need: diabetes (patient or first-degree relative)
found: Formerly diabetic; in remission since 2024.
subject: patient
status: present
time: past (2024)","need: diabetes (patient or first-degree relative)
found: Has never had diabetes.
subject: patient
status: absent
time: current","need: diabetes (patient or first-degree relative)
found: 92
subject: patient
status: present
time: current","need: diabetes (patient or first-degree relative)
found: Formerly diabetic; in remission since 2024.
subject: patient
status: present
time: past (2024)","need: diabetes (patient or first-degree relative)
found: Has never had diabetes.
subject: patient
status: absent
time: current","{""criterion_holds"": 0, ""hdr"": 4, ""keywords"": [""diabet""], ""overrides"": {}, ""seed"": 939, ""tpl"": [""filler/lab/17"", ""filler/neutral/11"", ""diabetes/absent/4"", ""filler/lab/16"", ""filler/lab/4"", ""filler/neutral/29"", ""filler/neutral/17"", ""filler/other/5"", ""filler/other/4"", ""filler/neutral/22"", ""vte/past/4"", ""filler/neutral/47"", ""filler/neutral/35"", ""filler/neutral/40"", ""filler/neutral/10"", ""filler/neutral/46"", ""filler/lab/11"", ""filler/neutral/4""], ""tpl_split"": ""test""}",,,,,
E105,3,ledger2 x blocks,B-F-ledger2-blocks-s0,rule_v1.test.gs147.c4.negation.easy.100,gs147,g_score_cutoff,negation,easy,L2,base,-30.04583168029785,-28.74330997467041,28.263002395629883,-30.04583168029785,"For uncomplicated cystitis, prescribe trimethoprim-sulfamethoxazole. Score 1 point if the current systolic blood pressure is above 160 mmHg; 2 points if the patient or a first-degree relative (parent, sibling or child) has had diabetes at any time; 1 point if the patient has had cancer at any time (active or in remission); 2 points if the patient has ever had heart failure (current or past). If the score is 3 or more, prescribe nitrofurantoin instead.",heart failure,Prescribe trimethoprim-sulfamethoxazole.,Prescribe nitrofurantoin.,"Woman of 50 years.
Dysuria and urinary frequency for two days; urine dipstick positive for nitrites.
Insulin-treated diabetes.
Weight steady over the past year.
Plays the piano.
Observations now: blood pressure 118/80 mmHg.
Sleeps flat on one pillow.
Enjoys board games.","Woman of 50 years.
Dysuria and urinary frequency for two days; urine dipstick positive for nitrites.
Insulin-treated diabetes.
Weight steady over the past year.
Plays the piano.
Observations now: blood pressure 118/80 mmHg.
Formerly had heart failure from stress cardiomyopathy; recovered fully in 2007 and off all heart medicines since.
Enjoys board games.","Woman of 50 years.
Dysuria and urinary frequency for two days; urine dipstick positive for nitrites.
Insulin-treated diabetes.
Weight steady over the past year.
Plays the piano.
Observations now: blood pressure 118/80 mmHg.
Heart failure: never diagnosed.
Enjoys board games.","need: heart failure
found: Sleeps flat on one pillow.
subject: patient
status: absent
time: current","need: heart failure
found: Formerly had heart failure from stress cardiomyopathy; recovered fully in 2007 and off all heart medicines since.
subject: patient
status: present
time: past (2007)","need: heart failure
found: Heart failure: never diagnosed.
subject: patient
status: absent
time: current","need: heart failure
found: Sleeps flat on one pillow.
subject: patient
status: present
time: current","need: heart failure
found: Formerly had heart failure from stress cardiomyopathy; recovered fully in 2007 and off all heart medicines since.
subject: patient
status: present
time: past (2007)","need: heart failure
found: Heart failure: never diagnosed.
subject: patient
status: absent
time: current","{""criterion_holds"": 0, ""hdr"": 4, ""keywords"": [""heart failure""], ""overrides"": {}, ""seed"": 100, ""tpl"": [""diabetes/present/5"", ""cancer/generic/5"", ""filler/neutral/41"", ""sbp/current/5"", ""chf/absent/5"", ""filler/neutral/5""], ""tpl_split"": ""test""}",,,,,
E106,3,ledger2 x blocks,B-F-ledger2-blocks-s0,rule_v1.test.gs245.c1.negation.long.671,gs245,g_two_of_three,negation,long,L2,base,-32.1289119720459,-32.35006523132324,30.383145332336426,28.176055908203125,"For newly diagnosed type 2 diabetes, prescribe metformin. If at least two of the following apply, prescribe sitagliptin instead: the patient has ever had heart failure (current or past); the patient has an active peptic ulcer; the age of the patient is 65 years or more.",heart failure,Prescribe metformin.,Prescribe sitagliptin.,"An adult man.
Newly diagnosed type 2 diabetes (HbA1c 7.9%).
Owns a bicycle.
Lives in a second-floor apartment.
Prefers to be addressed by first name.
Plays the piano.
Prefers morning appointments.
Drives a car.
Enjoys board games.
His roommate burned a hand on a stove years ago.
Abdomen soft and non-tender.
Sees a dentist yearly.
Knits as a hobby.
Uses sunscreen in summer.
In 2007, lipase was 30 U/L.
Paints watercolors as a hobby.
Photographs local wildlife.
His sister has recovered from a dislocated finger.
Teeth in good repair.
Current age 70 years.
Sleeps flat on one pillow.
During a checkup in 2012, total protein was 7.0 g/dL.
Has two cats.","An adult man.
Newly diagnosed type 2 diabetes (HbA1c 7.9%).
Owns a bicycle.
Lives in a second-floor apartment.
Prefers to be addressed by first name.
Plays the piano.
Prefers morning appointments.
Drives a car.
Enjoys board games.
His roommate burned a hand on a stove years ago.
Abdomen soft and non-tender.
Sees a dentist yearly.
Knits as a hobby.
Uses sunscreen in summer.
In 2007, lipase was 30 U/L.
Paints watercolors as a hobby.
Photographs local wildlife.
His sister has recovered from a dislocated finger.
Teeth in good repair.
Current age 70 years.
Current heart failure with ankle swelling.
During a checkup in 2012, total protein was 7.0 g/dL.
Has two cats.","An adult man.
Newly diagnosed type 2 diabetes (HbA1c 7.9%).
Owns a bicycle.
Lives in a second-floor apartment.
Prefers to be addressed by first name.
Plays the piano.
Prefers morning appointments.
Drives a car.
Enjoys board games.
His roommate burned a hand on a stove years ago.
Abdomen soft and non-tender.
Sees a dentist yearly.
Knits as a hobby.
Uses sunscreen in summer.
In 2007, lipase was 30 U/L.
Paints watercolors as a hobby.
Photographs local wildlife.
His sister has recovered from a dislocated finger.
Teeth in good repair.
Current age 70 years.
Has never had heart failure.
During a checkup in 2012, total protein was 7.0 g/dL.
Has two cats.","need: heart failure
found: Sleeps flat on one pillow.
subject: patient
status: absent
time: current","need: heart failure
found: Current heart failure with ankle swelling.
subject: patient
status: present
time: current","need: heart failure
found: Has never had heart failure.
subject: patient
status: absent
time: current","need: heart failure
found: Sleeps flat on one pillow.
subject: patient
status: present
time: current","need: heart failure
found: Current heart failure with ankle swelling.
subject: patient
status: present
time: current","need: heart failure
found: Has never had heart failure.
subject: patient
status: absent
time: current","{""criterion_holds"": 0, ""hdr"": 4, ""keywords"": [""heart failure""], ""overrides"": {}, ""seed"": 671, ""tpl"": [""filler/neutral/34"", ""filler/neutral/16"", ""filler/neutral/47"", ""filler/neutral/41"", ""filler/neutral/29"", ""filler/neutral/17"", ""filler/neutral/5"", ""filler/other/11"", ""peptic_ulcer/generic/4"", ""filler/neutral/23"", ""filler/neutral/46"", ""filler/neutral/22"", ""filler/lab/11"", ""filler/neutral/28"", ""filler/neutral/10"", ""filler/other/17"", ""filler/neutral/35"", ""age/current/5"", ""chf/absent/4"", ""filler/lab/10"", ""filler/neutral/40""], ""tpl_split"": ""test""}",,,,,
E107,3,ledger2 x blocks,B-F-ledger2-blocks-s0,rule_v1.test.gs049.c2.subject.easy.182,gs049,g_all_of,subject,easy,L2,near,25.953590393066406,-30.66452693939209,-12.360159397125244,25.953590393066406,"For uncomplicated cystitis, prescribe trimethoprim-sulfamethoxazole. If the patient or a first-degree relative (parent, sibling or child) has had a venous thromboembolism at any time and the patient or a first-degree relative (parent, sibling or child) has had diabetes at any time, prescribe nitrofurantoin instead.",diabetes (patient or first-degree relative),Prescribe trimethoprim-sulfamethoxazole.,Prescribe nitrofurantoin.,"Female patient of 48 years.
Dysuria and urinary frequency for two days; urine dipstick positive for nitrites.
HbA1c 5.3% at a routine check.
Prefers morning appointments.
Has an acute pulmonary embolism, diagnosed this week.","Female patient of 48 years.
Dysuria and urinary frequency for two days; urine dipstick positive for nitrites.
Her sister was diabetic until bariatric surgery several years ago.
Prefers morning appointments.
Has an acute pulmonary embolism, diagnosed this week.","Female patient of 48 years.
Dysuria and urinary frequency for two days; urine dipstick positive for nitrites.
Her wife was diabetic until bariatric surgery several years ago.
Prefers morning appointments.
Has an acute pulmonary embolism, diagnosed this week.","need: diabetes (patient or first-degree relative)
found: HbA1c 5.3% at a routine check.
subject: patient
status: absent
time: current","need: diabetes (patient or first-degree relative)
found: Her sister was diabetic until bariatric surgery several years ago.
subject: other (sister)
status: present
time: past","need: diabetes (patient or first-degree relative)
found: Her wife was diabetic until bariatric surgery several years ago.
subject: other (wife)
status: present
time: past","need: diabetes (patient or first-degree relative)
found: 5.3
subject: patient
status: absent
time: current","need: diabetes (patient or first-degree relative)
found: Her sister was diabetic until bariatric surgery several years ago.
subject: other (sister)
status: present
time: past","need: diabetes (patient or first-degree relative)
found: Her wife was diabetic until bariatric surgery several years ago.
subject: other (wife)
status: present
time: past","{""criterion_holds"": 0, ""hdr"": 5, ""keywords"": [""diabet""], ""overrides"": {}, ""seed"": 182, ""tpl"": [""diabetes/rel_past/5"", ""filler/neutral/29"", ""vte/present/4""], ""tpl_split"": ""test""}",,,,,
E108,3,ledger2 x blocks,B-F-ledger2-blocks-s0,rule_v1.test.gs113.c2.subject.long.1579,gs113,g_all_of,subject,long,L2,near,30.397314071655273,-33.82930946350098,-2.4389290809631348,30.397314071655273,"For dual antiplatelet therapy after a myocardial infarction, prescribe aspirin plus ticagrelor. If the current serum creatinine is above 2.0 mg/dL and the patient has ever had heart failure (current or past), prescribe aspirin plus clopidogrel instead.",heart failure,Prescribe aspirin plus ticagrelor.,Prescribe aspirin plus clopidogrel.,"Woman of 50 years.
Recovering on the ward after a myocardial infarction treated with a stent.
Drives a car.
Her wife wears contact lenses.
Her uncle has a lazy eye.
Prefers morning appointments.
Her father has recovered from a dislocated finger.
Paints watercolors as a hobby.
Photographs local wildlife.
Knits as a hobby.
Uses sunscreen in summer.
Her friend lives with psoriasis.
During a checkup in 2021, total protein was 7.0 g/dL.
Enjoys board games.
Heart sounds without a gallop.
Owns a bicycle.
Prefers to be addressed by first name.
Has two cats.
Sleeps seven hours a night.
In 2014, folate was 12 ng/mL.
Zinc of 85 mcg/dL in 2018.
Current serum creatinine 2.5 mg/dL.","Woman of 50 years.
Recovering on the ward after a myocardial infarction treated with a stent.
Drives a car.
Her wife wears contact lenses.
Her uncle has a lazy eye.
Prefers morning appointments.
Her father has recovered from a dislocated finger.
Paints watercolors as a hobby.
Photographs local wildlife.
Knits as a hobby.
Uses sunscreen in summer.
Her friend lives with psoriasis.
During a checkup in 2021, total protein was 7.0 g/dL.
Enjoys board games.
Current heart failure with ankle swelling.
Owns a bicycle.
Prefers to be addressed by first name.
Has two cats.
Sleeps seven hours a night.
In 2014, folate was 12 ng/mL.
Zinc of 85 mcg/dL in 2018.
Current serum creatinine 2.5 mg/dL.","Woman of 50 years.
Recovering on the ward after a myocardial infarction treated with a stent.
Drives a car.
Her wife wears contact lenses.
Her uncle has a lazy eye.
Prefers morning appointments.
Her father has recovered from a dislocated finger.
Paints watercolors as a hobby.
Photographs local wildlife.
Knits as a hobby.
Uses sunscreen in summer.
Her friend lives with psoriasis.
During a checkup in 2021, total protein was 7.0 g/dL.
Enjoys board games.
Her sister has advanced heart failure.
Owns a bicycle.
Prefers to be addressed by first name.
Has two cats.
Sleeps seven hours a night.
In 2014, folate was 12 ng/mL.
Zinc of 85 mcg/dL in 2018.
Current serum creatinine 2.5 mg/dL.","need: heart failure
found: Heart sounds without a gallop.
subject: patient
status: absent
time: current","need: heart failure
found: Current heart failure with ankle swelling.
subject: patient
status: present
time: current","need: heart failure
found: Her sister has advanced heart failure.
subject: other (sister)
status: present
time: current","need: heart failure
found: Heart sounds without a gallop.
subject: patient
status: absent
time: current","need: heart failure
found: Current heart failure with ankle swelling.
subject: patient
status: present
time: current","need: heart failure
found: Her sister has advanced heart failure.
subject: other (sister)
status: present
time: current","{""criterion_holds"": 0, ""hdr"": 4, ""keywords"": [""heart failure""], ""overrides"": {}, ""seed"": 1579, ""tpl"": [""filler/neutral/17"", ""filler/other/16"", ""filler/other/10"", ""filler/neutral/29"", ""filler/other/17"", ""filler/neutral/28"", ""filler/neutral/10"", ""filler/neutral/46"", ""filler/neutral/22"", ""filler/other/4"", ""filler/lab/10"", ""filler/neutral/5"", ""chf/rel/5"", ""filler/neutral/34"", ""filler/neutral/47"", ""filler/neutral/40"", ""filler/neutral/4"", ""filler/lab/4"", ""filler/lab/16"", ""creatinine/current/4""], ""tpl_split"": ""test""}",,,,,
E109,3,ledger2 x blocks,B-F-ledger2-blocks-s0,rule_v1.test.s1_news2_other.o2.subject.easy.1658,s1_news2_other,additive_score,subject,easy,L2,near,28.981599807739258,-32.39278984069824,-13.956734776496887,28.981599807739258,"NEWS2 (as used here, partial: only the stated band of each listed item): 3 points for a heart rate of 131/min or more; 3 points for a systolic blood pressure of 220 mmHg or more; 2 points for a temperature of 39.1 C or more; 2 points for current use of supplemental oxygen. Any other value of these items scores 0 here, and the other NEWS2 items are not part of this question. Only current findings count.",supplemental oxygen,The supplemental oxygen criterion contributes 0 points.,The supplemental oxygen criterion contributes 2 points.,"Female patient of 58 years.
Newly admitted to the medical ward with a chest infection.
Self-ventilating in air.
Current temperature 37.7 C.
Heart rate now 61/min on a pulse check.
Owns a bicycle.
Current systolic blood pressure 163 mmHg.
Photographs local wildlife.","Female patient of 58 years.
Newly admitted to the medical ward with a chest infection.
Currently needs supplemental oxygen to keep comfortable.
Current temperature 37.7 C.
Heart rate now 61/min on a pulse check.
Owns a bicycle.
Current systolic blood pressure 163 mmHg.
Photographs local wildlife.","Female patient of 58 years.
Newly admitted to the medical ward with a chest infection.
Her friend now uses supplemental oxygen at night.
Current temperature 37.7 C.
Heart rate now 61/min on a pulse check.
Owns a bicycle.
Current systolic blood pressure 163 mmHg.
Photographs local wildlife.","need: supplemental oxygen
found: Self-ventilating in air.
subject: patient
status: absent
time: current","need: supplemental oxygen
found: Currently needs supplemental oxygen to keep comfortable.
subject: patient
status: present
time: current","need: supplemental oxygen
found: Her friend now uses supplemental oxygen at night.
subject: other (friend)
status: present
time: current","need: supplemental oxygen
found: Self-ventilating in air.
subject: patient
status: absent
time: current","need: supplemental oxygen
found: Currently needs supplemental oxygen to keep comfortable.
subject: patient
status: present
time: current","need: supplemental oxygen
found: Her friend now uses supplemental oxygen at night.
subject: other
status: present
time: current","{""criterion_holds"": 0, ""hdr"": 5, ""keywords"": [""supplemental oxygen""], ""overrides"": {}, ""seed"": 1658, ""tpl"": [""supp_oxygen/rel/5"", ""temperature/current/4"", ""heart_rate/current/5"", ""filler/neutral/34"", ""sbp/current/4"", ""filler/neutral/10""], ""tpl_split"": ""test""}",,,,,
E110,3,ledger2 x blocks,B-F-ledger2-blocks-s0,rule_v1.test.gs067.c1.time.long.22,gs067,g_all_of,time,long,L2,near,33.226858139038086,-32.318016052246094,-7.744968891143799,33.226858139038086,"For knee osteoarthritis pain, prescribe naproxen. If the patient is allergic to penicillin and the patient or a first-degree relative (parent, sibling or child) has had coronary artery disease at any time, prescribe acetaminophen instead.",penicillin allergy,Prescribe naproxen.,Prescribe acetaminophen.,"Woman of 51 years.
Knee osteoarthritis with pain on walking.
Prefers to be addressed by first name.
Paints watercolors as a hobby.
Pupils equal and reactive to light.
Photographs local wildlife.
Plays the piano.
Free T4 of 1.2 ng/dL in 2013.
Has two cats.
Her sister has recovered from a dislocated finger.
Sees a dentist yearly.
Known coronary artery disease (two-vessel disease on angiography).
Prefers morning appointments.
Her uncle sprained a thumb last month.
Teeth in good repair.
During a checkup in 2013, total protein was 7.0 g/dL.
Knits as a hobby.
Owns a bicycle.
Uses sunscreen in summer.
Drives a car.
Zinc of 85 mcg/dL in 2008.
Her uncle wears contact lenses.
Reports no allergies to medicines.","Woman of 51 years.
Knee osteoarthritis with pain on walking.
Prefers to be addressed by first name.
Paints watercolors as a hobby.
Pupils equal and reactive to light.
Photographs local wildlife.
Plays the piano.
Free T4 of 1.2 ng/dL in 2013.
Has two cats.
Her sister has recovered from a dislocated finger.
Sees a dentist yearly.
Known coronary artery disease (two-vessel disease on angiography).
Prefers morning appointments.
Her uncle sprained a thumb last month.
Teeth in good repair.
During a checkup in 2013, total protein was 7.0 g/dL.
Knits as a hobby.
Owns a bicycle.
Uses sunscreen in summer.
Drives a car.
Zinc of 85 mcg/dL in 2008.
Her uncle wears contact lenses.
Known penicillin allergy with angioedema.","Woman of 51 years.
Knee osteoarthritis with pain on walking.
Prefers to be addressed by first name.
Paints watercolors as a hobby.
Pupils equal and reactive to light.
Photographs local wildlife.
Plays the piano.
Free T4 of 1.2 ng/dL in 2013.
Has two cats.
Her sister has recovered from a dislocated finger.
Sees a dentist yearly.
Known coronary artery disease (two-vessel disease on angiography).
Prefers morning appointments.
Her uncle sprained a thumb last month.
Teeth in good repair.
During a checkup in 2013, total protein was 7.0 g/dL.
Knits as a hobby.
Owns a bicycle.
Uses sunscreen in summer.
Drives a car.
Zinc of 85 mcg/dL in 2008.
Her uncle wears contact lenses.
Had a penicillin allergy as a child that was outgrown years ago.","need: penicillin allergy
found: Reports no allergies to medicines.
subject: patient
status: absent
time: current","need: penicillin allergy
found: Known penicillin allergy with angioedema.
subject: patient
status: present
time: current","need: penicillin allergy
found: Had a penicillin allergy as a child that was outgrown years ago.
subject: patient
status: present
time: past","need: penicillin allergy
found: Reports no allergies to medicines.
subject: patient
status: absent
time: current","need: penicillin allergy
found: Known penicillin allergy with angioedema.
subject: patient
status: present
time: current","need: penicillin allergy
found: Had a penicillin allergy as a child that was outgrown years ago.
subject: patient
status: present
time: past","{""criterion_holds"": 0, ""hdr"": 4, ""keywords"": [""penicillin""], ""overrides"": {}, ""seed"": 22, ""tpl"": [""filler/neutral/47"", ""filler/neutral/28"", ""filler/neutral/11"", ""filler/neutral/10"", ""filler/neutral/41"", ""filler/lab/5"", ""filler/neutral/40"", ""filler/other/17"", ""filler/neutral/23"", ""cad/present/5"", ""filler/neutral/29"", ""filler/other/5"", ""filler/neutral/35"", ""filler/lab/10"", ""filler/neutral/46"", ""filler/neutral/34"", ""filler/neutral/22"", ""filler/neutral/17"", ""filler/lab/16"", ""filler/other/16"", ""pen_allergy/past/5""], ""tpl_split"": ""test""}",,,,,
E111,3,ledger2 x blocks,B-F-ledger2-blocks-s0,rule_v1.test.gs124.c2.time.long.67,gs124,g_two_of_three,time,long,L2,near,24.226726531982422,-26.627787590026855,-5.28741192817688,23.446255683898926,"For community-acquired pneumonia, prescribe oral amoxicillin. If at least two of the following apply, prescribe intravenous co-amoxiclav instead: the patient or a first-degree relative (parent, sibling or child) has had colorectal cancer at any time; the current calf swelling compared with the other leg is 3.0 cm or more; the age of the patient is above 65 years.",calf swelling at least 3.0,Prescribe oral amoxicillin.,Prescribe intravenous co-amoxiclav.,"Man, adult.
Community-acquired pneumonia confirmed on chest radiograph.
Lives in a second-floor apartment.
Drives a car.
Knits as a hobby.
During a checkup in 2006, total protein was 7.0 g/dL.
Current calf swelling 0.7 cm compared with the other leg.
During a checkup in 2015, free T3 was 3.2 pg/mL.
Pupils equal and reactive to light.
Plays the piano.
Currently aged 70 years.
Zinc of 85 mcg/dL in 2024.
In 2017, lipase was 30 U/L.
Prefers morning appointments.
Enjoys board games.
His wife sprained a thumb last month.
Prefers to be addressed by first name.
Sees a dentist yearly.
Records from 2017 list calf swelling at 0.9 cm.
His wife has recovered from a dislocated finger.","Man, adult.
Community-acquired pneumonia confirmed on chest radiograph.
Lives in a second-floor apartment.
Drives a car.
Knits as a hobby.
During a checkup in 2006, total protein was 7.0 g/dL.
Current calf swelling 3.2 cm compared with the other leg.
During a checkup in 2015, free T3 was 3.2 pg/mL.
Pupils equal and reactive to light.
Plays the piano.
Currently aged 70 years.
Zinc of 85 mcg/dL in 2024.
In 2017, lipase was 30 U/L.
Prefers morning appointments.
Enjoys board games.
His wife sprained a thumb last month.
Prefers to be addressed by first name.
Sees a dentist yearly.
Records from 2017 list calf swelling at 0.9 cm.
His wife has recovered from a dislocated finger.","Man, adult.
Community-acquired pneumonia confirmed on chest radiograph.
Lives in a second-floor apartment.
Drives a car.
Knits as a hobby.
During a checkup in 2006, total protein was 7.0 g/dL.
Current calf swelling 0.7 cm compared with the other leg.
During a checkup in 2015, free T3 was 3.2 pg/mL.
Pupils equal and reactive to light.
Plays the piano.
Currently aged 70 years.
Zinc of 85 mcg/dL in 2024.
In 2017, lipase was 30 U/L.
Prefers morning appointments.
Enjoys board games.
His wife sprained a thumb last month.
Prefers to be addressed by first name.
Sees a dentist yearly.
Records from 2017 list calf swelling at 3.0 cm.
His wife has recovered from a dislocated finger.","need: calf swelling at least 3.0
found: 0.7
subject: patient
status: present
time: current

need: calf swelling at least 3.0
found: 0.9
subject: patient
status: present
time: past (2017)","need: calf swelling at least 3.0
found: 3.2
subject: patient
status: present
time: current

need: calf swelling at least 3.0
found: 0.9
subject: patient
status: present
time: past (2017)","need: calf swelling at least 3.0
found: 0.7
subject: patient
status: present
time: current

need: calf swelling at least 3.0
found: 3.0
subject: patient
status: present
time: past (2017)","need: calf swelling at least 3.0
found: 0.7
subject: patient
status: present
time: current

need: calf swelling at least 3.0
found: 0.9
subject: patient
status: present
time: past (2017)","need: calf swelling at least 3.0
found: 3.2
subject: patient
status: present
time: current

need: calf swelling at least 3.0
found: 0.9
subject: patient
status: present
time: past (2017)","need: calf swelling at least 3.0
found: 0.7
subject: patient
status: present
time: current

need: calf swelling at least 3.0
found: 3.0
subject: patient
status: present
time: past (2017)","{""criterion_holds"": 0, ""hdr"": 5, ""keywords"": [""calf circumference"", ""calf swelling""], ""overrides"": {}, ""seed"": 67, ""tpl"": [""filler/neutral/16"", ""filler/neutral/17"", ""filler/neutral/46"", ""filler/lab/10"", ""calf_swelling/current/4"", ""filler/lab/17"", ""filler/neutral/11"", ""filler/neutral/41"", ""age/current/4"", ""filler/lab/16"", ""filler/lab/11"", ""filler/neutral/29"", ""filler/neutral/5"", ""filler/other/5"", ""filler/neutral/47"", ""filler/neutral/23"", ""calf_swelling/past/4"", ""filler/other/17""], ""tpl_split"": ""test""}",,,,,
E112,3,ledger2 x blocks,B-F-ledger2-blocks-s0,rule_v1.test.gs209.c3.time.long.951,gs209,g_two_of_three,time,long,L2,near,26.91410255432129,-29.14204502105713,-6.664597034454346,26.91410255432129,"For vaginal candidiasis, prescribe oral fluconazole. If at least two of the following apply, prescribe clotrimazole pessaries instead: the age of the patient is 70 years or more; the patient has ever had a peptic ulcer (current or past); the current heart rate is above 90/min.",heart rate above 90,Prescribe oral fluconazole.,Prescribe clotrimazole pessaries.,"An adult woman.
Vaginal itching and discharge; candidiasis confirmed on microscopy.
Lives in a second-floor apartment.
Plays the piano.
Current heart rate 74/min.
Sleeps seven hours a night.
Prefers morning appointments.
Knits as a hobby.
Her friend wears contact lenses.
Pupils equal and reactive to light.
Paints watercolors as a hobby.
Uses sunscreen in summer.
Owns a bicycle.
Current age 76 years.
Records from 2006 list heart rate at 75/min.
Sees a dentist yearly.
Free T4 of 1.2 ng/dL in 2019.
Her friend has a lazy eye.
Prefers to be addressed by first name.
Drives a car.
Abdomen soft and non-tender.
Enjoys board games.
Has two cats.
Photographs local wildlife.
In 2023, lipase was 30 U/L.
Teeth in good repair.","An adult woman.
Vaginal itching and discharge; candidiasis confirmed on microscopy.
Lives in a second-floor apartment.
Plays the piano.
Current heart rate 102/min.
Sleeps seven hours a night.
Prefers morning appointments.
Knits as a hobby.
Her friend wears contact lenses.
Pupils equal and reactive to light.
Paints watercolors as a hobby.
Uses sunscreen in summer.
Owns a bicycle.
Current age 76 years.
Records from 2006 list heart rate at 75/min.
Sees a dentist yearly.
Free T4 of 1.2 ng/dL in 2019.
Her friend has a lazy eye.
Prefers to be addressed by first name.
Drives a car.
Abdomen soft and non-tender.
Enjoys board games.
Has two cats.
Photographs local wildlife.
In 2023, lipase was 30 U/L.
Teeth in good repair.","An adult woman.
Vaginal itching and discharge; candidiasis confirmed on microscopy.
Lives in a second-floor apartment.
Plays the piano.
Current heart rate 74/min.
Sleeps seven hours a night.
Prefers morning appointments.
Knits as a hobby.
Her friend wears contact lenses.
Pupils equal and reactive to light.
Paints watercolors as a hobby.
Uses sunscreen in summer.
Owns a bicycle.
Current age 76 years.
Records from 2006 list heart rate at 96/min.
Sees a dentist yearly.
Free T4 of 1.2 ng/dL in 2019.
Her friend has a lazy eye.
Prefers to be addressed by first name.
Drives a car.
Abdomen soft and non-tender.
Enjoys board games.
Has two cats.
Photographs local wildlife.
In 2023, lipase was 30 U/L.
Teeth in good repair.","need: heart rate above 90
found: 74
subject: patient
status: present
time: current

need: heart rate above 90
found: 75
subject: patient
status: present
time: past (2006)","need: heart rate above 90
found: 102
subject: patient
status: present
time: current

need: heart rate above 90
found: 75
subject: patient
status: present
time: past (2006)","need: heart rate above 90
found: 74
subject: patient
status: present
time: current

need: heart rate above 90
found: 96
subject: patient
status: present
time: past (2006)","need: heart rate above 90
found: 74
subject: patient
status: present
time: current

need: heart rate above 90
found: 75
subject: patient
status: present
time: past (2006)","need: heart rate above 90
found: 102
subject: patient
status: present
time: current

need: heart rate above 90
found: 75
subject: patient
status: present
time: past (2006)","need: heart rate above 90
found: 74
subject: patient
status: present
time: current

need: heart rate above 90
found: 96
subject: patient
status: present
time: past (2006)","{""criterion_holds"": 0, ""hdr"": 4, ""keywords"": [""heart rate""], ""overrides"": {}, ""seed"": 951, ""tpl"": [""filler/neutral/16"", ""filler/neutral/41"", ""heart_rate/current/4"", ""filler/neutral/4"", ""filler/neutral/29"", ""filler/neutral/46"", ""filler/other/16"", ""filler/neutral/11"", ""filler/neutral/28"", ""filler/neutral/22"", ""filler/neutral/34"", ""age/current/5"", ""heart_rate/past/4"", ""filler/neutral/23"", ""filler/lab/5"", ""filler/other/10"", ""filler/neutral/47"", ""filler/neutral/17"", ""peptic_ulcer/generic/4"", ""filler/neutral/5"", ""filler/neutral/40"", ""filler/neutral/10"", ""filler/lab/11"", ""filler/neutral/35""], ""tpl_split"": ""test""}",,,,,
E113,3,ledger2 x triplets,B-F-ledger2-triplets-s0,rule_v1.test.gs009.c2.negation.long.1978,gs009,g_all_of,negation,long,L2,base,-25.404951095581055,-35.92459297180176,37.678985595703125,20.2659969329834,"For acute streptococcal pharyngitis, prescribe amoxicillin. If the current white cell count is above 12.0 x10^9/L and the patient or a first-degree relative (parent, sibling or child) has had diabetes at any time, prescribe azithromycin instead.",diabetes (patient or first-degree relative),Prescribe amoxicillin.,Prescribe azithromycin.,"Woman of 21 years.
Presents with acute streptococcal pharyngitis (rapid antigen test positive).
In 2024, folate was 12 ng/mL.
Owns a bicycle.
During a checkup in 2024, free T3 was 3.2 pg/mL.
Her sister has recovered from a dislocated finger.
Photographs local wildlife.
Paints watercolors as a hobby.
Zinc of 85 mcg/dL in 2024.
Her sister has a lazy eye.
Random glucose 92 mg/dL.
Pupils equal and reactive to light.
Current white cell count 13.4 x10^9/L.
Her uncle burned a hand on a stove years ago.
Enjoys board games.
Prefers to be addressed by first name.
During a checkup in 2024, total protein was 7.0 g/dL.
Her roommate sprained a thumb last month.
Drives a car.
Knits as a hobby.","Woman of 21 years.
Presents with acute streptococcal pharyngitis (rapid antigen test positive).
In 2024, folate was 12 ng/mL.
Owns a bicycle.
During a checkup in 2024, free T3 was 3.2 pg/mL.
Her sister has recovered from a dislocated finger.
Photographs local wildlife.
Paints watercolors as a hobby.
Zinc of 85 mcg/dL in 2024.
Her sister has a lazy eye.
Has type 2 diabetes on metformin.
Pupils equal and reactive to light.
Current white cell count 13.4 x10^9/L.
Her uncle burned a hand on a stove years ago.
Enjoys board games.
Prefers to be addressed by first name.
During a checkup in 2024, total protein was 7.0 g/dL.
Her roommate sprained a thumb last month.
Drives a car.
Knits as a hobby.","Woman of 21 years.
Presents with acute streptococcal pharyngitis (rapid antigen test positive).
In 2024, folate was 12 ng/mL.
Owns a bicycle.
During a checkup in 2024, free T3 was 3.2 pg/mL.
Her sister has recovered from a dislocated finger.
Photographs local wildlife.
Paints watercolors as a hobby.
Zinc of 85 mcg/dL in 2024.
Her sister has a lazy eye.
Has never had diabetes.
Pupils equal and reactive to light.
Current white cell count 13.4 x10^9/L.
Her uncle burned a hand on a stove years ago.
Enjoys board games.
Prefers to be addressed by first name.
During a checkup in 2024, total protein was 7.0 g/dL.
Her roommate sprained a thumb last month.
Drives a car.
Knits as a hobby.","need: diabetes (patient or first-degree relative)
found: Random glucose 92 mg/dL.
subject: patient
status: absent
time: current","need: diabetes (patient or first-degree relative)
found: Has type 2 diabetes on metformin.
subject: patient
status: present
time: current","need: diabetes (patient or first-degree relative)
found: Has never had diabetes.
subject: patient
status: absent
time: current","need: diabetes (patient or first-degree relative)
found: 92
subject: patient
status: present
time: current","need: diabetes (patient or first-degree relative)
found: Has type 2 diabetes on metformin.
subject: patient
status: present
time: current","need: diabetes (patient or first-degree relative)
found: Has never had diabetes.
subject: patient
status: absent
time: current","{""criterion_holds"": 0, ""hdr"": 4, ""keywords"": [""diabet""], ""overrides"": {}, ""seed"": 1978, ""tpl"": [""filler/lab/4"", ""filler/neutral/34"", ""filler/lab/17"", ""filler/other/17"", ""filler/neutral/10"", ""filler/neutral/28"", ""filler/lab/16"", ""filler/other/10"", ""diabetes/absent/4"", ""filler/neutral/11"", ""wbc/current/4"", ""filler/other/11"", ""filler/neutral/5"", ""filler/neutral/47"", ""filler/lab/10"", ""filler/other/5"", ""filler/neutral/17"", ""filler/neutral/46""], ""tpl_split"": ""test""}",,,,,
E114,3,ledger2 x triplets,B-F-ledger2-triplets-s0,rule_v1.test.gs157.c1.negation.long.418,gs157,g_two_of_three,negation,long,L2,base,-27.395543098449707,-8.954408168792725,38.10512161254883,36.76856231689453,"For community-acquired pneumonia, prescribe oral amoxicillin. If at least two of the following apply, prescribe intravenous co-amoxiclav instead: the patient has ever had heart failure (current or past); the current platelet count is below 50 x10^9/L; the current temperature is above 38.0 C.",heart failure,Prescribe oral amoxicillin.,Prescribe intravenous co-amoxiclav.,"Man of 42 years.
Community-acquired pneumonia confirmed on chest radiograph.
Sleeps flat on one pillow.
Sleeps seven hours a night.
His roommate burned a hand on a stove years ago.
Sees a dentist yearly.
His friend has recovered from a dislocated finger.
Plays the piano.
Has two cats.
Teeth in good repair.
Photographs local wildlife.
His uncle lives with psoriasis.
Temperature now 36.7 C (tympanic).
During a checkup in 2009, free T3 was 3.2 pg/mL.
Prefers morning appointments.
Free T4 of 1.2 ng/dL in 2008.
Platelet count now 38 x10^9/L.
Knits as a hobby.
In 2014, lipase was 30 U/L.
Uses sunscreen in summer.
Prefers to be addressed by first name.
Lives in a second-floor apartment.
Enjoys board games.
Pupils equal and reactive to light.","Man of 42 years.
Community-acquired pneumonia confirmed on chest radiograph.
Formerly had heart failure from stress cardiomyopathy; recovered fully in 2022 and off all heart medicines since.
Sleeps seven hours a night.
His roommate burned a hand on a stove years ago.
Sees a dentist yearly.
His friend has recovered from a dislocated finger.
Plays the piano.
Has two cats.
Teeth in good repair.
Photographs local wildlife.
His uncle lives with psoriasis.
Temperature now 36.7 C (tympanic).
During a checkup in 2009, free T3 was 3.2 pg/mL.
Prefers morning appointments.
Free T4 of 1.2 ng/dL in 2008.
Platelet count now 38 x10^9/L.
Knits as a hobby.
In 2014, lipase was 30 U/L.
Uses sunscreen in summer.
Prefers to be addressed by first name.
Lives in a second-floor apartment.
Enjoys board games.
Pupils equal and reactive to light.","Man of 42 years.
Community-acquired pneumonia confirmed on chest radiograph.
Heart failure: never diagnosed.
Sleeps seven hours a night.
His roommate burned a hand on a stove years ago.
Sees a dentist yearly.
His friend has recovered from a dislocated finger.
Plays the piano.
Has two cats.
Teeth in good repair.
Photographs local wildlife.
His uncle lives with psoriasis.
Temperature now 36.7 C (tympanic).
During a checkup in 2009, free T3 was 3.2 pg/mL.
Prefers morning appointments.
Free T4 of 1.2 ng/dL in 2008.
Platelet count now 38 x10^9/L.
Knits as a hobby.
In 2014, lipase was 30 U/L.
Uses sunscreen in summer.
Prefers to be addressed by first name.
Lives in a second-floor apartment.
Enjoys board games.
Pupils equal and reactive to light.","need: heart failure
found: Sleeps flat on one pillow.
subject: patient
status: absent
time: current","need: heart failure
found: Formerly had heart failure from stress cardiomyopathy; recovered fully in 2022 and off all heart medicines since.
subject: patient
status: present
time: past (2022)","need: heart failure
found: Heart failure: never diagnosed.
subject: patient
status: absent
time: current","need: heart failure
found: Sleeps flat on one pillow.
subject: patient
status: present
time: current","need: heart failure
found: Formerly had heart failure from stress cardiomyopathy; recovered fully in 2022 and off all heart medicines since.
subject: patient
status: present
time: past (2022)","need: heart failure
found: Heart failure: never diagnosed.
subject: patient
status: absent
time: current","{""criterion_holds"": 0, ""hdr"": 4, ""keywords"": [""heart failure""], ""overrides"": {}, ""seed"": 418, ""tpl"": [""chf/absent/5"", ""filler/neutral/4"", ""filler/other/11"", ""filler/neutral/23"", ""filler/other/17"", ""filler/neutral/41"", ""filler/neutral/40"", ""filler/neutral/35"", ""filler/neutral/10"", ""filler/other/4"", ""temperature/current/5"", ""filler/lab/17"", ""filler/neutral/29"", ""filler/lab/5"", ""platelets/current/5"", ""filler/neutral/46"", ""filler/lab/11"", ""filler/neutral/22"", ""filler/neutral/47"", ""filler/neutral/16"", ""filler/neutral/5"", ""filler/neutral/11""], ""tpl_split"": ""test""}",,,,,
E115,3,ledger2 x triplets,B-F-ledger2-triplets-s0,rule_v1.test.gs094.c1.subject.easy.1564,gs094,g_all_of,subject,easy,L2,base,-22.558425903320312,-14.415032386779785,33.344289779663086,-22.558425903320312,"For primary prevention, prescribe atorvastatin. If the patient has ever had heart failure (current or past) and the age of the patient is 75 years or more, prescribe ezetimibe instead.",heart failure,Prescribe atorvastatin.,Prescribe ezetimibe.,"An adult woman.
Primary prevention; LDL cholesterol 182 mg/dL.
Currently aged 80 years.
Prefers to be addressed by first name.
Photographs local wildlife.
Sleeps flat on one pillow.","An adult woman.
Primary prevention; LDL cholesterol 182 mg/dL.
Currently aged 80 years.
Prefers to be addressed by first name.
Photographs local wildlife.
Had heart failure years ago from severe anemia; it recovered fully once the anemia was corrected.","An adult woman.
Primary prevention; LDL cholesterol 182 mg/dL.
Currently aged 80 years.
Prefers to be addressed by first name.
Photographs local wildlife.
Her friend recovered from heart failure in 2014.","need: heart failure
found: Sleeps flat on one pillow.
subject: patient
status: absent
time: current","need: heart failure
found: Had heart failure years ago from severe anemia; it recovered fully once the anemia was corrected.
subject: patient
status: present
time: past","need: heart failure
found: Her friend recovered from heart failure in 2014.
subject: other (friend)
status: present
time: past (2014)","need: heart failure
found: Sleeps flat on one pillow.
subject: patient
status: present
time: current","need: heart failure
found: Had heart failure years ago from severe anemia; it recovered fully once the anemia was corrected.
subject: patient
status: present
time: past","need: heart failure
found: Her friend recovered from heart failure in 2014.
subject: other (friend)
status: present
time: past (2014)","{""criterion_holds"": 0, ""hdr"": 4, ""keywords"": [""heart failure""], ""overrides"": {}, ""seed"": 1564, ""tpl"": [""age/current/4"", ""filler/neutral/47"", ""filler/neutral/10"", ""chf/rel_past/4""], ""tpl_split"": ""test""}",,,,,
E116,3,ledger2 x triplets,B-F-ledger2-triplets-s0,rule_v1.test.gs157.c1.subject.easy.647,gs157,g_two_of_three,subject,easy,L2,base,-27.395543098449707,-2.7713558673858643,34.32656288146973,-27.395543098449707,"For community-acquired pneumonia, prescribe oral amoxicillin. If at least two of the following apply, prescribe intravenous co-amoxiclav instead: the patient has ever had heart failure (current or past); the current platelet count is below 50 x10^9/L; the current temperature is above 38.0 C.",heart failure,Prescribe oral amoxicillin.,Prescribe intravenous co-amoxiclav.,"Man of 66 years.
Community-acquired pneumonia confirmed on chest radiograph.
Sleeps flat on one pillow.
Drives a car.
Current temperature 38.7 C.
Has two cats.
Knits as a hobby.
Platelet count now 302 x10^9/L.","Man of 66 years.
Community-acquired pneumonia confirmed on chest radiograph.
Had heart failure years ago from severe anemia; it recovered fully once the anemia was corrected.
Drives a car.
Current temperature 38.7 C.
Has two cats.
Knits as a hobby.
Platelet count now 302 x10^9/L.","Man of 66 years.
Community-acquired pneumonia confirmed on chest radiograph.
His friend had heart failure long ago and made a full recovery.
Drives a car.
Current temperature 38.7 C.
Has two cats.
Knits as a hobby.
Platelet count now 302 x10^9/L.","need: heart failure
found: Sleeps flat on one pillow.
subject: patient
status: absent
time: current","need: heart failure
found: Had heart failure years ago from severe anemia; it recovered fully once the anemia was corrected.
subject: patient
status: present
time: past","need: heart failure
found: His friend had heart failure long ago and made a full recovery.
subject: other (friend)
status: present
time: past","need: heart failure
found: Sleeps flat on one pillow.
subject: patient
status: present
time: current","need: heart failure
found: Had heart failure years ago from severe anemia; it recovered fully once the anemia was corrected.
subject: patient
status: present
time: past","need: heart failure
found: His friend had heart failure long ago and made a full recovery.
subject: other (friend)
status: present
time: past","{""criterion_holds"": 0, ""hdr"": 4, ""keywords"": [""heart failure""], ""overrides"": {}, ""seed"": 647, ""tpl"": [""chf/rel_past/5"", ""filler/neutral/17"", ""temperature/current/4"", ""filler/neutral/40"", ""filler/neutral/46"", ""platelets/current/5""], ""tpl_split"": ""test""}",,,,,
E117,3,summary2 x triplets,B-F-summary2-triplets-s0,rule_v1.test.gs001.c3.negation.long.641,gs001,g_score_cutoff,negation,long,L2,base,-7.9938483238220215,-9.389827013015747,22.988194465637207,-7.9938483238220215,"For contraception, prescribe a combined oral contraceptive. Score 1 point if the current platelet count is below 50 x10^9/L; 1 point if the patient is currently taking warfarin; 1 point if the patient has ever had diabetes (current or past); 3 points if the patient currently has a mechanical heart valve. If the score is 5 or more, prescribe a progestin-only pill instead.",diabetes,Prescribe a combined oral contraceptive.,Prescribe a progestin-only pill.,"Woman of 34 years.
Requests contraception.
Mechanical mitral valve in place; metallic closing clicks audible.
Platelet count now 38 x10^9/L.
Lives in a second-floor apartment.
Zinc of 85 mcg/dL in 2019.
Drives a car.
Enjoys board games.
Plays the piano.
During a checkup in 2021, total protein was 7.0 g/dL.
Teeth in good repair.
Has two cats.
In 2023, lipase was 30 U/L.
Random glucose 92 mg/dL.
Owns a bicycle.
Paints watercolors as a hobby.
Knits as a hobby.
Her uncle has recovered from a dislocated finger.
During a checkup in 2011, free T3 was 3.2 pg/mL.
Photographs local wildlife.
Sees a dentist yearly.
Her roommate lives with psoriasis.
Pupils equal and reactive to light.","Woman of 34 years.
Requests contraception.
Mechanical mitral valve in place; metallic closing clicks audible.
Platelet count now 38 x10^9/L.
Lives in a second-floor apartment.
Zinc of 85 mcg/dL in 2019.
Drives a car.
Enjoys board games.
Plays the piano.
During a checkup in 2021, total protein was 7.0 g/dL.
Teeth in good repair.
Has two cats.
In 2023, lipase was 30 U/L.
Had diabetes years ago that went into remission on a low-calorie diet.
Owns a bicycle.
Paints watercolors as a hobby.
Knits as a hobby.
Her uncle has recovered from a dislocated finger.
During a checkup in 2011, free T3 was 3.2 pg/mL.
Photographs local wildlife.
Sees a dentist yearly.
Her roommate lives with psoriasis.
Pupils equal and reactive to light.","Woman of 34 years.
Requests contraception.
Mechanical mitral valve in place; metallic closing clicks audible.
Platelet count now 38 x10^9/L.
Lives in a second-floor apartment.
Zinc of 85 mcg/dL in 2019.
Drives a car.
Enjoys board games.
Plays the piano.
During a checkup in 2021, total protein was 7.0 g/dL.
Teeth in good repair.
Has two cats.
In 2023, lipase was 30 U/L.
Has never had diabetes.
Owns a bicycle.
Paints watercolors as a hobby.
Knits as a hobby.
Her uncle has recovered from a dislocated finger.
During a checkup in 2011, free T3 was 3.2 pg/mL.
Photographs local wildlife.
Sees a dentist yearly.
Her roommate lives with psoriasis.
Pupils equal and reactive to light.","need: diabetes
found: Random glucose 92 mg/dL.
subject: patient
status: absent
time: current","need: diabetes
found: Had diabetes years ago that went into remission on a low-calorie diet.
subject: patient
status: present
time: past","need: diabetes
found: Has never had diabetes.
subject: patient
status: absent
time: current","For diabetes, the note states ""92""; this concerns the patient, is recorded as present, at present.","For diabetes, the note states ""Had diabetes years ago that went into remission on a low-calorie diet.""; this concerns the patient, is recorded as present, in the past.","For diabetes, the note states ""Has never had diabetes.""; this concerns the patient, is recorded as absent, at present.","{""criterion_holds"": 0, ""hdr"": 4, ""keywords"": [""diabet""], ""overrides"": {}, ""seed"": 641, ""tpl"": [""mech_valve/present/4"", ""platelets/current/5"", ""filler/neutral/16"", ""filler/lab/16"", ""filler/neutral/17"", ""filler/neutral/5"", ""filler/neutral/41"", ""filler/lab/10"", ""filler/neutral/35"", ""filler/neutral/40"", ""filler/lab/11"", ""diabetes/absent/4"", ""filler/neutral/34"", ""filler/neutral/28"", ""filler/neutral/46"", ""filler/other/17"", ""filler/lab/17"", ""filler/neutral/10"", ""filler/neutral/23"", ""filler/other/4"", ""filler/neutral/11""], ""tpl_split"": ""test""}",,,,,
E118,3,summary2 x triplets,B-F-summary2-triplets-s0,rule_v1.test.gs161.c1.negation.easy.477,gs161,g_all_of,negation,easy,L2,base,-22.807412147521973,-23.67510986328125,32.33212661743164,-22.807412147521973,"For acute streptococcal pharyngitis, prescribe amoxicillin. If the patient or a first-degree relative (parent, sibling or child) has had diabetes at any time and the patient has active cancer, prescribe azithromycin instead.",diabetes (patient or first-degree relative),Prescribe amoxicillin.,Prescribe azithromycin.,"Male patient of 44 years.
Presents with acute streptococcal pharyngitis (rapid antigen test positive).
Has melanoma skin cancer and is receiving treatment for it.
Knits as a hobby.
Random glucose 92 mg/dL.","Male patient of 44 years.
Presents with acute streptococcal pharyngitis (rapid antigen test positive).
Has melanoma skin cancer and is receiving treatment for it.
Knits as a hobby.
His father is diabetic.","Male patient of 44 years.
Presents with acute streptococcal pharyngitis (rapid antigen test positive).
Has melanoma skin cancer and is receiving treatment for it.
Knits as a hobby.
Has never had diabetes.","need: diabetes (patient or first-degree relative)
found: Random glucose 92 mg/dL.
subject: patient
status: absent
time: current","need: diabetes (patient or first-degree relative)
found: His father is diabetic.
subject: other (father)
status: present
time: current","need: diabetes (patient or first-degree relative)
found: Has never had diabetes.
subject: patient
status: absent
time: current","For diabetes (patient or first-degree relative), the note states ""92""; this concerns the patient, is recorded as present, at present.","For diabetes (patient or first-degree relative), the note states ""His father is diabetic.""; this concerns the patient's father, is recorded as present, at present.","For diabetes (patient or first-degree relative), the note states ""Has never had diabetes.""; this concerns the patient, is recorded as absent, at present.","{""criterion_holds"": 0, ""hdr"": 5, ""keywords"": [""diabet""], ""overrides"": {}, ""seed"": 477, ""tpl"": [""cancer/present/5"", ""filler/neutral/46"", ""diabetes/absent/4""], ""tpl_split"": ""test""}",,,,,
E119,3,summary2 x triplets,B-F-summary2-triplets-s0,rule_v1.test.gs220.c2.negation.long.754,gs220,g_all_of,negation,long,L2,base,-14.71402359008789,-21.65648651123047,30.43777370452881,-14.71402359008789,"For contraception, prescribe a combined oral contraceptive. If the current eGFR is below 30 mL/min/1.73 m2 and the patient or a first-degree relative (parent, sibling or child) has had diabetes at any time, prescribe a progestin-only pill instead.",diabetes (patient or first-degree relative),Prescribe a combined oral contraceptive.,Prescribe a progestin-only pill.,"Female patient of 19 years.
Requests contraception.
During a checkup in 2024, total protein was 7.0 g/dL.
Has two cats.
Lives in a second-floor apartment.
Sees a dentist yearly.
Her roommate sprained a thumb last month.
Plays the piano.
Zinc of 85 mcg/dL in 2024.
Teeth in good repair.
In 2024, folate was 12 ng/mL.
Pupils equal and reactive to light.
Her sister burned a hand on a stove years ago.
Knits as a hobby.
Paints watercolors as a hobby.
Enjoys board games.
eGFR now 24 mL/min/1.73 m2.
Prefers to be addressed by first name.
Owns a bicycle.
HbA1c 5.3% at a routine check.
Photographs local wildlife.","Female patient of 19 years.
Requests contraception.
During a checkup in 2024, total protein was 7.0 g/dL.
Has two cats.
Lives in a second-floor apartment.
Sees a dentist yearly.
Her roommate sprained a thumb last month.
Plays the piano.
Zinc of 85 mcg/dL in 2024.
Teeth in good repair.
In 2024, folate was 12 ng/mL.
Pupils equal and reactive to light.
Her sister burned a hand on a stove years ago.
Knits as a hobby.
Paints watercolors as a hobby.
Enjoys board games.
eGFR now 24 mL/min/1.73 m2.
Prefers to be addressed by first name.
Owns a bicycle.
Her sister had diabetes years ago that went away after a change in diet.
Photographs local wildlife.","Female patient of 19 years.
Requests contraception.
During a checkup in 2024, total protein was 7.0 g/dL.
Has two cats.
Lives in a second-floor apartment.
Sees a dentist yearly.
Her roommate sprained a thumb last month.
Plays the piano.
Zinc of 85 mcg/dL in 2024.
Teeth in good repair.
In 2024, folate was 12 ng/mL.
Pupils equal and reactive to light.
Her sister burned a hand on a stove years ago.
Knits as a hobby.
Paints watercolors as a hobby.
Enjoys board games.
eGFR now 24 mL/min/1.73 m2.
Prefers to be addressed by first name.
Owns a bicycle.
Has never had diabetes.
Photographs local wildlife.","need: diabetes (patient or first-degree relative)
found: HbA1c 5.3% at a routine check.
subject: patient
status: absent
time: current","need: diabetes (patient or first-degree relative)
found: Her sister had diabetes years ago that went away after a change in diet.
subject: other (sister)
status: present
time: past","need: diabetes (patient or first-degree relative)
found: Has never had diabetes.
subject: patient
status: absent
time: current","For diabetes (patient or first-degree relative), the note states ""HbA1c 5.3% at a routine check.""; this concerns the patient, is recorded as present, at present.","For diabetes (patient or first-degree relative), the note states ""Her sister had diabetes years ago that went away after a change in diet.""; this concerns the patient's sister, is recorded as present, in the past.","For diabetes (patient or first-degree relative), the note states ""Has never had diabetes.""; this concerns the patient, is recorded as absent, at present.","{""criterion_holds"": 0, ""hdr"": 5, ""keywords"": [""diabet""], ""overrides"": {}, ""seed"": 754, ""tpl"": [""filler/lab/10"", ""filler/neutral/40"", ""filler/neutral/16"", ""filler/neutral/23"", ""filler/other/5"", ""filler/neutral/41"", ""filler/lab/16"", ""filler/neutral/35"", ""filler/lab/4"", ""filler/neutral/11"", ""filler/other/11"", ""filler/neutral/46"", ""filler/neutral/28"", ""filler/neutral/5"", ""egfr/current/5"", ""filler/neutral/47"", ""filler/neutral/34"", ""diabetes/absent/4"", ""filler/neutral/10""], ""tpl_split"": ""test""}",,,,,
E120,3,summary2 x triplets,B-F-summary2-triplets-s0,rule_v1.test.gs024.c2.subject.easy.271,gs024,g_score_cutoff,subject,easy,L2,base,-6.017456769943237,-14.565814018249512,21.257230758666992,-6.017456769943237,"For uncomplicated cystitis, prescribe trimethoprim-sulfamethoxazole. Score 3 points if the current ALT is above 120 U/L; 1 point if the patient or a first-degree relative (parent, sibling or child) has had diabetes at any time; 3 points if the current systolic blood pressure is above 160 mmHg; 2 points if the patient or a first-degree relative (parent, sibling or child) has had a venous thromboembolism at any time. If the score is 4 or more, prescribe nitrofurantoin instead.",diabetes (patient or first-degree relative),Prescribe trimethoprim-sulfamethoxazole.,Prescribe nitrofurantoin.,"Female patient of 44 years.
Dysuria and urinary frequency for two days; urine dipstick positive for nitrites.
Current ALT 133 U/L.
Prefers to be addressed by first name.
Observations now: blood pressure 140/92 mmHg.
Owns a bicycle.
Random glucose 92 mg/dL.","Female patient of 44 years.
Dysuria and urinary frequency for two days; urine dipstick positive for nitrites.
Current ALT 133 U/L.
Prefers to be addressed by first name.
Observations now: blood pressure 140/92 mmHg.
Owns a bicycle.
Formerly diabetic; in remission since 2024.","Female patient of 44 years.
Dysuria and urinary frequency for two days; urine dipstick positive for nitrites.
Current ALT 133 U/L.
Prefers to be addressed by first name.
Observations now: blood pressure 140/92 mmHg.
Owns a bicycle.
Her friend was diabetic until bariatric surgery several years ago.","need: diabetes (patient or first-degree relative)
found: Random glucose 92 mg/dL.
subject: patient
status: absent
time: current","need: diabetes (patient or first-degree relative)
found: Formerly diabetic; in remission since 2024.
subject: patient
status: present
time: past (2024)","need: diabetes (patient or first-degree relative)
found: Her friend was diabetic until bariatric surgery several years ago.
subject: other (friend)
status: present
time: past","For diabetes (patient or first-degree relative), the note states ""92""; this concerns the patient, is recorded as present, at present.","For diabetes (patient or first-degree relative), the note states ""Formerly diabetic; in remission since 2024.""; this concerns the patient, is recorded as present, in the past (2024).","For diabetes (patient or first-degree relative), the note states ""Her friend was diabetic until bariatric surgery several years ago.""; this concerns the patient's friend, is recorded as present, in the past.","{""criterion_holds"": 0, ""hdr"": 5, ""keywords"": [""diabet""], ""overrides"": {}, ""seed"": 271, ""tpl"": [""alt_enzyme/current/4"", ""filler/neutral/47"", ""sbp/current/5"", ""filler/neutral/34"", ""diabetes/rel_past/5""], ""tpl_split"": ""test""}",,,,,
E121,3,summary2 x triplets,B-F-summary2-triplets-s0,rule_v1.test.gs064.c1.subject.easy.1243,gs064,g_all_of,subject,easy,L2,near,28.503400802612305,-32.06937789916992,-21.45620822906494,28.503400802612305,"For an acute gout flare, prescribe colchicine. If the patient has ever had angioedema (current or past) and the patient or a first-degree relative (parent, sibling or child) has had colorectal cancer at any time, prescribe prednisone instead.",angioedema,Prescribe colchicine.,Prescribe prednisone.,"Man of 65 years.
Acute gout flare of the right first metatarsophalangeal joint.
Drives a car.
Prefers to be addressed by first name.
Teeth in good repair.
Pupils equal and reactive to light.
Formerly had colon cancer; recovered fully after an operation in 2013.","Man of 65 years.
Acute gout flare of the right first metatarsophalangeal joint.
Drives a car.
Prefers to be addressed by first name.
Lives with chronic angioedema that flares several times a year.
Teeth in good repair.
Pupils equal and reactive to light.
Formerly had colon cancer; recovered fully after an operation in 2013.","Man of 65 years.
Acute gout flare of the right first metatarsophalangeal joint.
Drives a car.
Prefers to be addressed by first name.
His sister is being treated for angioedema.
Teeth in good repair.
Pupils equal and reactive to light.
Formerly had colon cancer; recovered fully after an operation in 2013.","need: angioedema
found: not mentioned
subject: patient
status: absent
time: current","need: angioedema
found: Lives with chronic angioedema that flares several times a year.
subject: patient
status: present
time: current","need: angioedema
found: His sister is being treated for angioedema.
subject: other (sister)
status: present
time: current",The note does not mention angioedema.,"For angioedema, the note states ""Lives with chronic angioedema that flares several times a year.""; this concerns the patient, is recorded as present, at present.","For angioedema, the note states ""His sister is being treated for angioedema.""; this concerns the patient's sister, is recorded as present, at present.","{""criterion_holds"": 0, ""hdr"": 4, ""keywords"": [""angioedema""], ""overrides"": {}, ""seed"": 1243, ""tpl"": [""filler/neutral/17"", ""filler/neutral/47"", ""angioedema/rel/4"", ""filler/neutral/35"", ""filler/neutral/11"", ""crc/past/5""], ""tpl_split"": ""test""}",,,,,
E122,3,summary2 x triplets,B-F-summary2-triplets-s0,rule_v1.test.gs087.c2.subject.easy.164,gs087,g_score_cutoff,subject,easy,L2,near,23.552623748779297,-26.716988563537598,-0.36720073223114014,23.552623748779297,"For knee osteoarthritis pain, prescribe naproxen. Score 2 points if the patient is allergic to penicillin; 1 point if the patient or a first-degree relative (parent, sibling or child) has had a venous thromboembolism at any time; 3 points if the current heart rate is above 90/min. If the score is 6 or more, prescribe acetaminophen instead.",venous thromboembolism (patient or first-degree relative),Prescribe naproxen.,Prescribe acetaminophen.,"Female patient of 81 years.
Knee osteoarthritis with pain on walking.
Current heart rate 96/min.
Photographs local wildlife.
Penicillin allergy: anaphylaxis.
Coagulation tests normal on recent bloodwork.","Female patient of 81 years.
Knee osteoarthritis with pain on walking.
Current heart rate 96/min.
Photographs local wildlife.
Penicillin allergy: anaphylaxis.
Ongoing treatment for a deep vein thrombosis of the left arm.","Female patient of 81 years.
Knee osteoarthritis with pain on walking.
Current heart rate 96/min.
Photographs local wildlife.
Penicillin allergy: anaphylaxis.
Her wife is being treated for a pulmonary embolism.","need: venous thromboembolism (patient or first-degree relative)
found: Coagulation tests normal on recent bloodwork.
subject: patient
status: absent
time: current","need: venous thromboembolism (patient or first-degree relative)
found: Ongoing treatment for a deep vein thrombosis of the left arm.
subject: patient
status: present
time: current","need: venous thromboembolism (patient or first-degree relative)
found: Her wife is being treated for a pulmonary embolism.
subject: other (wife)
status: present
time: current","For venous thromboembolism (patient or first-degree relative), the note states ""Coagulation tests normal on recent bloodwork.""; this concerns the patient, is recorded as absent, at present.","For venous thromboembolism (patient or first-degree relative), the note states ""Ongoing treatment for a deep vein thrombosis of the left arm.""; this concerns the patient, is recorded as present, at present.","For venous thromboembolism (patient or first-degree relative), the note states ""Her wife is being treated for a pulmonary embolism.""; this concerns the patient's wife, is recorded as present, at present.","{""criterion_holds"": 0, ""hdr"": 5, ""keywords"": [""thrombo"", ""dvt"", ""pulmonary embol""], ""overrides"": {}, ""seed"": 164, ""tpl"": [""heart_rate/current/4"", ""filler/neutral/10"", ""pen_allergy/present/4"", ""vte/rel/4""], ""tpl_split"": ""test""}",,,,,
E123,3,summary2 x triplets,B-F-summary2-triplets-s0,rule_v1.test.gs138.c1.subject.easy.1359,gs138,g_two_of_three,subject,easy,L2,near,29.717805862426758,-28.588135719299316,-3.7904480695724487,29.717805862426758,"For stroke prevention in atrial fibrillation, prescribe apixaban. If at least two of the following apply, prescribe warfarin instead: the patient or a first-degree relative (parent, sibling or child) has had a venous thromboembolism at any time; the current weight is 60 kg or less; the patient currently has heart failure.",venous thromboembolism (patient or first-degree relative),Prescribe apixaban.,Prescribe warfarin.,"Man of 51 years.
Atrial fibrillation; anticoagulation indicated.
Has heart failure, treated with diuretics.
Lives in a second-floor apartment.
Current weight 87 kg.
Coagulation tests normal on recent bloodwork.","Man of 51 years.
Atrial fibrillation; anticoagulation indicated.
Has heart failure, treated with diuretics.
Lives in a second-floor apartment.
Current weight 87 kg.
Recovered from a pulmonary embolism in 2022.","Man of 51 years.
Atrial fibrillation; anticoagulation indicated.
Has heart failure, treated with diuretics.
Lives in a second-floor apartment.
Current weight 87 kg.
His wife recovered from a pulmonary embolism in 2024.","need: venous thromboembolism (patient or first-degree relative)
found: Coagulation tests normal on recent bloodwork.
subject: patient
status: absent
time: current","need: venous thromboembolism (patient or first-degree relative)
found: Recovered from a pulmonary embolism in 2022.
subject: patient
status: present
time: past (2022)","need: venous thromboembolism (patient or first-degree relative)
found: His wife recovered from a pulmonary embolism in 2024.
subject: other (wife)
status: present
time: past (2024)","For venous thromboembolism (patient or first-degree relative), the note states ""Coagulation tests normal on recent bloodwork.""; this concerns the patient, is recorded as absent, at present.","For venous thromboembolism (patient or first-degree relative), the note states ""Recovered from a pulmonary embolism in 2022.""; this concerns the patient, is recorded as present, in the past (2022).","For venous thromboembolism (patient or first-degree relative), the note states ""His wife recovered from a pulmonary embolism in 2024.""; this concerns the patient's wife, is recorded as present, in the past (2024).","{""criterion_holds"": 0, ""hdr"": 4, ""keywords"": [""thrombo"", ""dvt"", ""pulmonary embol""], ""overrides"": {}, ""seed"": 1359, ""tpl"": [""chf/present/4"", ""filler/neutral/16"", ""weight/current/4"", ""vte/rel_past/5""], ""tpl_split"": ""test""}",,,,,
E124,3,summary2 x triplets,B-F-summary2-triplets-s0,rule_v1.test.gs180.c3.subject.easy.218,gs180,g_score_cutoff,subject,easy,L2,flip,25.661333084106445,5.115417003631592,22.6082763671875,25.661333084106445,"For community-acquired pneumonia treated at home, prescribe amoxicillin. Score 1 point if the current systolic blood pressure is above 160 mmHg; 1 point if the patient is allergic to sulfonamide antibiotics; 2 points if the patient has ever had asthma (current or past); 3 points if the patient has active cancer. If the score is 6 or more, prescribe doxycycline instead.",asthma at any time,Prescribe amoxicillin.,Prescribe doxycycline.,"Female patient of 53 years.
Productive cough and fever; consolidation on chest radiograph.
Drives a car.
Inhaler use: none.
Uses sunscreen in summer.
Has metastatic lung cancer, receiving palliative treatment.
Owns a bicycle.
Current systolic blood pressure 176 mmHg.","Female patient of 53 years.
Productive cough and fever; consolidation on chest radiograph.
Drives a car.
Asthma in the early school years, outgrown long ago.
Uses sunscreen in summer.
Has metastatic lung cancer, receiving palliative treatment.
Owns a bicycle.
Current systolic blood pressure 176 mmHg.","Female patient of 53 years.
Productive cough and fever; consolidation on chest radiograph.
Drives a car.
Her wife had asthma years ago.
Uses sunscreen in summer.
Has metastatic lung cancer, receiving palliative treatment.
Owns a bicycle.
Current systolic blood pressure 176 mmHg.","need: asthma at any time
found: Inhaler use: none.
subject: patient
status: absent
time: current","need: asthma at any time
found: Asthma in the early school years, outgrown long ago.
subject: patient
status: present
time: past","need: asthma at any time
found: Her wife had asthma years ago.
subject: other (wife)
status: present
time: past","For asthma at any time, the note states ""Inhaler use: none.""; this concerns the patient, is recorded as absent, at present.","For asthma at any time, the note states ""Asthma in the early school years, outgrown long ago.""; this concerns the patient, is recorded as present, in the past.","For asthma at any time, the note states ""Her wife had asthma years ago.""; this concerns the patient's wife, is recorded as present, in the past.","{""criterion_holds"": 0, ""hdr"": 5, ""keywords"": [""asthma""], ""overrides"": {}, ""seed"": 218, ""tpl"": [""filler/neutral/17"", ""asthma/rel_past/4"", ""filler/neutral/22"", ""cancer/present/4"", ""filler/neutral/34"", ""sbp/current/4""], ""tpl_split"": ""test""}",,,,,
E125,3,summary2 x triplets,B-F-summary2-triplets-s0,rule_v1.test.gs220.c2.subject.easy.1566,gs220,g_all_of,subject,easy,L2,base,-22.055150985717773,-29.39729404449463,29.576151847839355,28.279726028442383,"For contraception, prescribe a combined oral contraceptive. If the current eGFR is below 30 mL/min/1.73 m2 and the patient or a first-degree relative (parent, sibling or child) has had diabetes at any time, prescribe a progestin-only pill instead.",diabetes (patient or first-degree relative),Prescribe a combined oral contraceptive.,Prescribe a progestin-only pill.,"Female patient of 20 years.
Requests contraception.
Plays the piano.
Current eGFR 20 mL/min/1.73 m2.
Random glucose 92 mg/dL.","Female patient of 20 years.
Requests contraception.
Plays the piano.
Current eGFR 20 mL/min/1.73 m2.
Had diabetes years ago that went into remission on a low-calorie diet.","Female patient of 20 years.
Requests contraception.
Plays the piano.
Current eGFR 20 mL/min/1.73 m2.
Her friend had diabetes years ago that went away after a change in diet.","need: diabetes (patient or first-degree relative)
found: Random glucose 92 mg/dL.
subject: patient
status: absent
time: current","need: diabetes (patient or first-degree relative)
found: Had diabetes years ago that went into remission on a low-calorie diet.
subject: patient
status: present
time: past","need: diabetes (patient or first-degree relative)
found: Her friend had diabetes years ago that went away after a change in diet.
subject: other (friend)
status: present
time: past","For diabetes (patient or first-degree relative), the note states ""92""; this concerns the patient, is recorded as present, at present.","For diabetes (patient or first-degree relative), the note states ""Had diabetes years ago that went into remission on a low-calorie diet.""; this concerns the patient, is recorded as present, in the past.","For diabetes (patient or first-degree relative), the note states ""Her friend had diabetes years ago that went away after a change in diet.""; this concerns the patient's friend, is recorded as present, in the past.","{""criterion_holds"": 0, ""hdr"": 5, ""keywords"": [""diabet""], ""overrides"": {}, ""seed"": 1566, ""tpl"": [""filler/neutral/41"", ""egfr/current/4"", ""diabetes/rel_past/4""], ""tpl_split"": ""test""}",,,,,
E126,3,summary2 x triplets,B-F-summary2-triplets-s0,rule_v1.test.gs223.c2.subject.easy.1817,gs223,g_two_of_three,subject,easy,L2,near,27.894556045532227,-31.983020782470703,-2.0560696125030518,27.894556045532227,"For contraception, prescribe a combined oral contraceptive. If at least two of the following apply, prescribe a progestin-only pill instead: the patient or a first-degree relative (parent, sibling or child) has had diabetes at any time; the patient or a first-degree relative (parent, sibling or child) has had colorectal cancer at any time; the current blood urea nitrogen is above 19 mg/dL.",colorectal cancer (patient or first-degree relative),Prescribe a combined oral contraceptive.,Prescribe a progestin-only pill.,"Female patient of 21 years.
Requests contraception.
Plays the piano.
Random glucose 92 mg/dL.
Has two cats.
Rectal exam unremarkable.
Uses sunscreen in summer.
Blood urea nitrogen now: 27 mg/dL.
Teeth in good repair.","Female patient of 21 years.
Requests contraception.
Plays the piano.
Random glucose 92 mg/dL.
Has two cats.
Colorectal cancer under active treatment.
Uses sunscreen in summer.
Blood urea nitrogen now: 27 mg/dL.
Teeth in good repair.","Female patient of 21 years.
Requests contraception.
Plays the piano.
Random glucose 92 mg/dL.
Has two cats.
Her wife is undergoing surgery for bowel cancer.
Uses sunscreen in summer.
Blood urea nitrogen now: 27 mg/dL.
Teeth in good repair.","need: colorectal cancer (patient or first-degree relative)
found: Rectal exam unremarkable.
subject: patient
status: absent
time: current","need: colorectal cancer (patient or first-degree relative)
found: Colorectal cancer under active treatment.
subject: patient
status: present
time: current","need: colorectal cancer (patient or first-degree relative)
found: Her wife is undergoing surgery for bowel cancer.
subject: other (wife)
status: present
time: current","For colorectal cancer (patient or first-degree relative), the note states ""Rectal exam unremarkable.""; this concerns the patient, is recorded as absent, at present.","For colorectal cancer (patient or first-degree relative), the note states ""Colorectal cancer under active treatment.""; this concerns the patient, is recorded as present, at present.","For colorectal cancer (patient or first-degree relative), the note states ""Her wife is undergoing surgery for bowel cancer.""; this concerns the patient's wife, is recorded as present, at present.","{""criterion_holds"": 0, ""hdr"": 5, ""keywords"": [""colorectal cancer"", ""colon cancer"", ""bowel cancer""], ""overrides"": {}, ""seed"": 1817, ""tpl"": [""filler/neutral/41"", ""diabetes/generic/5"", ""filler/neutral/40"", ""crc/rel/4"", ""filler/neutral/22"", ""bun/current/4"", ""filler/neutral/35""], ""tpl_split"": ""test""}",,,,,
E127,3,verdict x blocks,B-F-verdict-blocks-s0,rule_v1.test.gs002.c2.boundary.easy.197,gs002,g_any_of,boundary,easy,L2,near,29.164608001708984,-26.51223087310791,-10.599393844604492,29.860130310058594,"For uncomplicated cystitis, prescribe trimethoprim-sulfamethoxazole. If the current heart rate is above 90/min or the current serum potassium is above 4.8 mmol/L, prescribe nitrofurantoin instead.",serum potassium above 4.8,Prescribe trimethoprim-sulfamethoxazole.,Prescribe nitrofurantoin.,"Female patient of 37 years.
Dysuria and urinary frequency for two days; urine dipstick positive for nitrites.
Photographs local wildlife.
Current heart rate 78/min.
Latest potassium result: 3.8 mmol/L.
Sleeps seven hours a night.","Female patient of 37 years.
Dysuria and urinary frequency for two days; urine dipstick positive for nitrites.
Photographs local wildlife.
Current heart rate 78/min.
Latest potassium result: 5.3 mmol/L.
Sleeps seven hours a night.","Female patient of 37 years.
Dysuria and urinary frequency for two days; urine dipstick positive for nitrites.
Photographs local wildlife.
Current heart rate 78/min.
Latest potassium result: 4.8 mmol/L.
Sleeps seven hours a night.","need: serum potassium above 4.8
found: 3.8
subject: patient
status: present
time: current","need: serum potassium above 4.8
found: 5.3
subject: patient
status: present
time: current","need: serum potassium above 4.8
found: 4.8
subject: patient
status: present
time: current",,,,"{""criterion_holds"": 0, ""hdr"": 5, ""keywords"": [""potassium""], ""overrides"": {}, ""seed"": 197, ""tpl"": [""filler/neutral/10"", ""heart_rate/current/4"", ""potassium/current/5"", ""filler/neutral/4""], ""tpl_split"": ""test""}",,,,,
E128,3,verdict x blocks,B-F-verdict-blocks-s0,rule_v1.test.gs118.c3.boundary.easy.136,gs118,g_score_cutoff,boundary,easy,L2,flip,19.57566738128662,4.4350444078445435,11.768134117126465,23.81597900390625,"For heart failure with reduced ejection fraction, prescribe spironolactone. Score 2 points if the current white cell count is above 12.0 x10^9/L; 3 points if the patient has ever had angioedema (current or past); 2 points if the current eGFR is below 45 mL/min/1.73 m2; 1 point if the current heart rate is above 90/min. If the score is 4 or more, prescribe dapagliflozin instead.",eGFR below 45,Prescribe spironolactone.,Prescribe dapagliflozin.,"Male patient of 76 years.
Heart failure with reduced ejection fraction (ejection fraction 30%), still symptomatic.
Drives a car.
Latest WBC is 13.1 x10^9/L.
Heart rate now 58/min on a pulse check.
Current eGFR 88 mL/min/1.73 m2.","Male patient of 76 years.
Heart failure with reduced ejection fraction (ejection fraction 30%), still symptomatic.
Drives a car.
Latest WBC is 13.1 x10^9/L.
Heart rate now 58/min on a pulse check.
Current eGFR 40 mL/min/1.73 m2.","Male patient of 76 years.
Heart failure with reduced ejection fraction (ejection fraction 30%), still symptomatic.
Drives a car.
Latest WBC is 13.1 x10^9/L.
Heart rate now 58/min on a pulse check.
Current eGFR 45 mL/min/1.73 m2.","need: eGFR below 45
found: 88
subject: patient
status: present
time: current","need: eGFR below 45
found: 40
subject: patient
status: present
time: current","need: eGFR below 45
found: 45
subject: patient
status: present
time: current",,,,"{""criterion_holds"": 0, ""hdr"": 5, ""keywords"": [""egfr""], ""overrides"": {}, ""seed"": 136, ""tpl"": [""filler/neutral/17"", ""wbc/current/5"", ""heart_rate/current/5"", ""egfr/current/4""], ""tpl_split"": ""test""}",,,,,
E129,3,verdict x blocks,B-F-verdict-blocks-s0,rule_v1.test.gs010.c2.negation.easy.784,gs010,g_score_cutoff,negation,easy,L2,base; near,-2.249564051628113,-19.208979606628418,-1.2470238208770752,8.389822959899902,"For stroke prevention in atrial fibrillation, prescribe apixaban. Score 3 points if the patient has ever had coronary artery disease (current or past); 3 points if the patient or a first-degree relative (parent, sibling or child) has had colorectal cancer at any time; 2 points if the current white cell count is above 12.0 x10^9/L. If the score is 7 or more, prescribe warfarin instead.",colorectal cancer (patient or first-degree relative),Prescribe apixaban.,Prescribe warfarin.,"Man of 77 years.
Atrial fibrillation; anticoagulation indicated.
Current white cell count 13.0 x10^9/L.
Uses sunscreen in summer.
Had coronary artery disease, treated with bypass surgery in 2006; recovered well.","Man of 77 years.
Atrial fibrillation; anticoagulation indicated.
Current white cell count 13.0 x10^9/L.
His sister has advanced colorectal cancer.
Uses sunscreen in summer.
Had coronary artery disease, treated with bypass surgery in 2006; recovered well.","Man of 77 years.
Atrial fibrillation; anticoagulation indicated.
Current white cell count 13.0 x10^9/L.
Has never had bowel cancer.
Uses sunscreen in summer.
Had coronary artery disease, treated with bypass surgery in 2006; recovered well.","need: colorectal cancer (patient or first-degree relative)
found: not mentioned
subject: patient
status: absent
time: current","need: colorectal cancer (patient or first-degree relative)
found: His sister has advanced colorectal cancer.
subject: other (sister)
status: present
time: current","need: colorectal cancer (patient or first-degree relative)
found: Has never had bowel cancer.
subject: patient
status: absent
time: current",,,,"{""criterion_holds"": 0, ""hdr"": 4, ""keywords"": [""colorectal cancer"", ""colon cancer"", ""bowel cancer""], ""overrides"": {}, ""seed"": 784, ""tpl"": [""wbc/current/4"", ""crc/absent/4"", ""filler/neutral/22"", ""cad/past/5""], ""tpl_split"": ""test""}",,,,,
E130,3,verdict x blocks,B-F-verdict-blocks-s0,rule_v1.test.gs140.c1.negation.easy.1123,gs140,g_score_cutoff,negation,easy,L2,flip,24.9406099319458,1.8759348392486572,25.917811393737793,22.416611671447754,"For primary prevention, prescribe atorvastatin. Score 2 points if the patient has ever had a venous thromboembolism (current or past); 1 point if the patient or a first-degree relative (parent, sibling or child) has had colorectal cancer at any time; 2 points if the current temperature is above 38.0 C. If the score is 3 or more, prescribe ezetimibe instead.",venous thromboembolism,Prescribe atorvastatin.,Prescribe ezetimibe.,"Man of 45 years.
Primary prevention; LDL cholesterol 182 mg/dL.
Current temperature 37.4 C.
Knits as a hobby.
Coagulation tests normal on recent bloodwork.
Owns a bicycle.
Lives in a second-floor apartment.
Formerly had colon cancer; recovered fully after an operation in 2023.","Man of 45 years.
Primary prevention; LDL cholesterol 182 mg/dL.
Current temperature 37.4 C.
Knits as a hobby.
Ongoing treatment for a deep vein thrombosis of the left arm.
Owns a bicycle.
Lives in a second-floor apartment.
Formerly had colon cancer; recovered fully after an operation in 2023.","Man of 45 years.
Primary prevention; LDL cholesterol 182 mg/dL.
Current temperature 37.4 C.
Knits as a hobby.
Has never had a DVT or pulmonary embolism, nor has any parent, sibling or child.
Owns a bicycle.
Lives in a second-floor apartment.
Formerly had colon cancer; recovered fully after an operation in 2023.","need: venous thromboembolism
found: Coagulation tests normal on recent bloodwork.
subject: patient
status: absent
time: current","need: venous thromboembolism
found: Ongoing treatment for a deep vein thrombosis of the left arm.
subject: patient
status: present
time: current","need: venous thromboembolism
found: Has never had a DVT or pulmonary embolism, nor has any parent, sibling or child.
subject: patient
status: absent
time: current",,,,"{""criterion_holds"": 0, ""hdr"": 4, ""keywords"": [""thrombo"", ""dvt"", ""pulmonary embol""], ""overrides"": {}, ""seed"": 1123, ""tpl"": [""temperature/current/4"", ""filler/neutral/46"", ""vte/absent/4"", ""filler/neutral/34"", ""filler/neutral/16"", ""crc/past/5""], ""tpl_split"": ""test""}",,,,,
E131,3,verdict x blocks,B-F-verdict-blocks-s0,rule_v1.test.gs230.c4.negation.easy.436,gs230,g_score_cutoff,negation,easy,L2,base; near,-13.102091789245605,-15.307886600494385,-12.06317663192749,-12.110250473022461,"For uncomplicated cystitis, prescribe trimethoprim-sulfamethoxazole. Score 2 points if the patient has ever had a myocardial infarction or peripheral artery disease (current or past); 2 points if the patient currently has tonsillar exudate; 3 points if the current calf swelling compared with the other leg is 3.0 cm or more; 1 point if the patient has ever had a peptic ulcer (current or past). If the score is 8 or more, prescribe nitrofurantoin instead.",peptic ulcer at any time,Prescribe trimethoprim-sulfamethoxazole.,Prescribe nitrofurantoin.,"Woman of 26 years.
Dysuria and urinary frequency for two days; urine dipstick positive for nitrites.
Has two cats.
Abdomen soft and non-tender.
Tonsillar exudate visible on both sides.
Current calf swelling 4.3 cm compared with the other leg.
Lives with peripheral artery disease affecting the left leg.","Woman of 26 years.
Dysuria and urinary frequency for two days; urine dipstick positive for nitrites.
Has two cats.
Has an active duodenal ulcer.
Tonsillar exudate visible on both sides.
Current calf swelling 4.3 cm compared with the other leg.
Lives with peripheral artery disease affecting the left leg.","Woman of 26 years.
Dysuria and urinary frequency for two days; urine dipstick positive for nitrites.
Has two cats.
Has never had a peptic ulcer.
Tonsillar exudate visible on both sides.
Current calf swelling 4.3 cm compared with the other leg.
Lives with peripheral artery disease affecting the left leg.","need: peptic ulcer at any time
found: Abdomen soft and non-tender.
subject: patient
status: absent
time: current","need: peptic ulcer at any time
found: Has an active duodenal ulcer.
subject: patient
status: present
time: current","need: peptic ulcer at any time
found: Has never had a peptic ulcer.
subject: patient
status: absent
time: current",,,,"{""criterion_holds"": 0, ""hdr"": 4, ""keywords"": [""ulcer""], ""overrides"": {}, ""seed"": 436, ""tpl"": [""filler/neutral/40"", ""peptic_ulcer/absent/4"", ""exudate/present/5"", ""calf_swelling/current/4"", ""vascular/present/4""], ""tpl_split"": ""test""}",,,,,
E132,3,verdict x blocks,B-F-verdict-blocks-s0,rule_v1.test.gs010.c3.numeric.easy.831,gs010,g_score_cutoff,numeric,easy,L2,base,-2.3428536653518677,-18.89455223083496,1.6066619157791138,6.12936806678772,"For stroke prevention in atrial fibrillation, prescribe apixaban. Score 3 points if the patient has ever had coronary artery disease (current or past); 3 points if the patient or a first-degree relative (parent, sibling or child) has had colorectal cancer at any time; 2 points if the current white cell count is above 12.0 x10^9/L. If the score is 7 or more, prescribe warfarin instead.",white cell count above 12.0,Prescribe apixaban.,Prescribe warfarin.,"Man of 52 years.
Atrial fibrillation; anticoagulation indicated.
Prefers morning appointments.
Lives in a second-floor apartment.
Current white cell count 6.3 x10^9/L.
Colorectal cancer under active treatment.
Known coronary artery disease (two-vessel disease on angiography).
Teeth in good repair.","Man of 52 years.
Atrial fibrillation; anticoagulation indicated.
Prefers morning appointments.
Lives in a second-floor apartment.
Current white cell count 13.5 x10^9/L.
Colorectal cancer under active treatment.
Known coronary artery disease (two-vessel disease on angiography).
Teeth in good repair.","Man of 52 years.
Atrial fibrillation; anticoagulation indicated.
Prefers morning appointments.
Lives in a second-floor apartment.
Current white cell count 11.3 x10^9/L.
Colorectal cancer under active treatment.
Known coronary artery disease (two-vessel disease on angiography).
Teeth in good repair.","need: white cell count above 12.0
found: 6.3
subject: patient
status: present
time: current","need: white cell count above 12.0
found: 13.5
subject: patient
status: present
time: current","need: white cell count above 12.0
found: 11.3
subject: patient
status: present
time: current",,,,"{""criterion_holds"": 0, ""hdr"": 4, ""keywords"": [""white cell"", ""wbc""], ""overrides"": {}, ""seed"": 831, ""tpl"": [""filler/neutral/29"", ""filler/neutral/16"", ""wbc/current/4"", ""crc/present/4"", ""cad/present/5"", ""filler/neutral/35""], ""tpl_split"": ""test""}",,,,,
E133,3,verdict x blocks,B-F-verdict-blocks-s0,rule_v1.test.gs134.c2.numeric.long.974,gs134,g_score_cutoff,numeric,long,L2,base; near,-1.729992389678955,-13.198545455932617,-0.1883392333984375,-4.578357696533203,"For contraception, prescribe a combined oral contraceptive. Score 2 points if the patient or a first-degree relative (parent, sibling or child) has had coronary artery disease at any time; 2 points if the current weight is 60 kg or less; 2 points if the current platelet count is below 50 x10^9/L; 1 point if the patient currently has tender anterior cervical lymph nodes. If the score is 7 or more, prescribe a progestin-only pill instead.",weight at or below 60,Prescribe a combined oral contraceptive.,Prescribe a progestin-only pill.,"Female patient of 19 years.
Requests contraception.
Her roommate wears contact lenses.
Photographs local wildlife.
Owns a bicycle.
Teeth in good repair.
Had coronary artery disease, treated with bypass surgery in 2024; recovered well.
In 2024, folate was 12 ng/mL.
Prefers morning appointments.
Her roommate lives with psoriasis.
Her sister sprained a thumb last month.
Sees a dentist yearly.
Her friend has a lazy eye.
Knits as a hobby.
Plays the piano.
Anterior cervical lymph nodes enlarged and tender to touch.
Paints watercolors as a hobby.
Platelet count now 49 x10^9/L.
Current weight 69 kg.
Sleeps seven hours a night.
Uses sunscreen in summer.
Prefers to be addressed by first name.
In 2024, lipase was 30 U/L.","Female patient of 19 years.
Requests contraception.
Her roommate wears contact lenses.
Photographs local wildlife.
Owns a bicycle.
Teeth in good repair.
Had coronary artery disease, treated with bypass surgery in 2024; recovered well.
In 2024, folate was 12 ng/mL.
Prefers morning appointments.
Her roommate lives with psoriasis.
Her sister sprained a thumb last month.
Sees a dentist yearly.
Her friend has a lazy eye.
Knits as a hobby.
Plays the piano.
Anterior cervical lymph nodes enlarged and tender to touch.
Paints watercolors as a hobby.
Platelet count now 49 x10^9/L.
Current weight 59 kg.
Sleeps seven hours a night.
Uses sunscreen in summer.
Prefers to be addressed by first name.
In 2024, lipase was 30 U/L.","Female patient of 19 years.
Requests contraception.
Her roommate wears contact lenses.
Photographs local wildlife.
Owns a bicycle.
Teeth in good repair.
Had coronary artery disease, treated with bypass surgery in 2024; recovered well.
In 2024, folate was 12 ng/mL.
Prefers morning appointments.
Her roommate lives with psoriasis.
Her sister sprained a thumb last month.
Sees a dentist yearly.
Her friend has a lazy eye.
Knits as a hobby.
Plays the piano.
Anterior cervical lymph nodes enlarged and tender to touch.
Paints watercolors as a hobby.
Platelet count now 49 x10^9/L.
Current weight 63 kg.
Sleeps seven hours a night.
Uses sunscreen in summer.
Prefers to be addressed by first name.
In 2024, lipase was 30 U/L.","need: weight at or below 60
found: 69
subject: patient
status: present
time: current","need: weight at or below 60
found: 59
subject: patient
status: present
time: current","need: weight at or below 60
found: 63
subject: patient
status: present
time: current",,,,"{""criterion_holds"": 0, ""hdr"": 5, ""keywords"": [""weight"", ""weighs""], ""overrides"": {}, ""seed"": 974, ""tpl"": [""filler/other/16"", ""filler/neutral/10"", ""filler/neutral/34"", ""filler/neutral/35"", ""cad/past/5"", ""filler/lab/4"", ""filler/neutral/29"", ""filler/other/4"", ""filler/other/5"", ""filler/neutral/23"", ""filler/other/10"", ""filler/neutral/46"", ""filler/neutral/41"", ""neck_nodes/present/4"", ""filler/neutral/28"", ""platelets/current/5"", ""weight/current/4"", ""filler/neutral/4"", ""filler/neutral/22"", ""filler/neutral/47"", ""filler/lab/11""], ""tpl_split"": ""test""}",,,,,
E134,3,verdict x blocks,B-F-verdict-blocks-s0,rule_v1.test.gs004.c2.subject.long.1446,gs004,g_score_cutoff,subject,long,L2,near,12.201966285705566,-10.084219932556152,-7.461276531219482,8.595194816589355,"For community-acquired pneumonia, prescribe oral amoxicillin. Score 1 point if the patient is currently taking aspirin; 2 points if the patient has ever had heart failure (current or past); 1 point if the patient has had a major bleeding event at any time; 3 points if the current respiratory rate is 25/min or more. If the score is 4 or more, prescribe intravenous co-amoxiclav instead.",heart failure,Prescribe oral amoxicillin.,Prescribe intravenous co-amoxiclav.,"Male patient of 83 years.
Community-acquired pneumonia confirmed on chest radiograph.
Swallows one low-dose aspirin each night.
Photographs local wildlife.
His friend has a lazy eye.
Uses sunscreen in summer.
Owns a bicycle.
Current respiratory rate 18/min.
Paints watercolors as a hobby.
Currently has a major bleed from a duodenal ulcer, with transfusion under way.
During a checkup in 2024, free T3 was 3.2 pg/mL.
Zinc of 85 mcg/dL in 2007.
In 2006, lipase was 30 U/L.
His roommate sprained a thumb last month.
Knits as a hobby.
Pupils equal and reactive to light.
His roommate burned a hand on a stove years ago.
Plays the piano.
Prefers morning appointments.
Sees a dentist yearly.
Lives in a second-floor apartment.","Male patient of 83 years.
Community-acquired pneumonia confirmed on chest radiograph.
Swallows one low-dose aspirin each night.
Photographs local wildlife.
His friend has a lazy eye.
Uses sunscreen in summer.
Formerly had heart failure from stress cardiomyopathy; recovered fully in 2009 and off all heart medicines since.
Owns a bicycle.
Current respiratory rate 18/min.
Paints watercolors as a hobby.
Currently has a major bleed from a duodenal ulcer, with transfusion under way.
During a checkup in 2024, free T3 was 3.2 pg/mL.
Zinc of 85 mcg/dL in 2007.
In 2006, lipase was 30 U/L.
His roommate sprained a thumb last month.
Knits as a hobby.
Pupils equal and reactive to light.
His roommate burned a hand on a stove years ago.
Plays the piano.
Prefers morning appointments.
Sees a dentist yearly.
Lives in a second-floor apartment.","Male patient of 83 years.
Community-acquired pneumonia confirmed on chest radiograph.
Swallows one low-dose aspirin each night.
Photographs local wildlife.
His friend has a lazy eye.
Uses sunscreen in summer.
His friend had heart failure long ago and made a full recovery.
Owns a bicycle.
Current respiratory rate 18/min.
Paints watercolors as a hobby.
Currently has a major bleed from a duodenal ulcer, with transfusion under way.
During a checkup in 2024, free T3 was 3.2 pg/mL.
Zinc of 85 mcg/dL in 2007.
In 2006, lipase was 30 U/L.
His roommate sprained a thumb last month.
Knits as a hobby.
Pupils equal and reactive to light.
His roommate burned a hand on a stove years ago.
Plays the piano.
Prefers morning appointments.
Sees a dentist yearly.
Lives in a second-floor apartment.","need: heart failure
found: not mentioned
subject: patient
status: absent
time: current","need: heart failure
found: Formerly had heart failure from stress cardiomyopathy; recovered fully in 2009 and off all heart medicines since.
subject: patient
status: present
time: past (2009)","need: heart failure
found: His friend had heart failure long ago and made a full recovery.
subject: other (friend)
status: present
time: past",,,,"{""criterion_holds"": 0, ""hdr"": 5, ""keywords"": [""heart failure""], ""overrides"": {}, ""seed"": 1446, ""tpl"": [""aspirin/present/5"", ""filler/neutral/10"", ""filler/other/10"", ""filler/neutral/22"", ""chf/rel_past/5"", ""filler/neutral/34"", ""rr/current/4"", ""filler/neutral/28"", ""bleeding/present/4"", ""filler/lab/17"", ""filler/lab/16"", ""filler/lab/11"", ""filler/other/5"", ""filler/neutral/46"", ""filler/neutral/11"", ""filler/other/11"", ""filler/neutral/41"", ""filler/neutral/29"", ""filler/neutral/23"", ""filler/neutral/16""], ""tpl_split"": ""test""}",,,,,
E135,3,verdict x blocks,B-F-verdict-blocks-s0,rule_v1.test.gs139.c2.subject.long.925,gs139,g_all_of,subject,long,L2,near,26.963109016418457,-24.98824691772461,-22.407012939453125,26.913453102111816,"For vaginal candidiasis, prescribe oral fluconazole. If the patient currently has tender anterior cervical lymph nodes and the patient has ever had angioedema (current or past), prescribe clotrimazole pessaries instead.",angioedema,Prescribe oral fluconazole.,Prescribe clotrimazole pessaries.,"Woman of 33 years.
Vaginal itching and discharge; candidiasis confirmed on microscopy.
Her sister lives with psoriasis.
Owns a bicycle.
Drives a car.
Her wife burned a hand on a stove years ago.
Her friend has a lazy eye.
During a checkup in 2016, free T3 was 3.2 pg/mL.
Photographs local wildlife.
Enjoys board games.
Zinc of 85 mcg/dL in 2022.
During a checkup in 2021, total protein was 7.0 g/dL.
Paints watercolors as a hobby.
Her uncle has recovered from a dislocated finger.
Pupils equal and reactive to light.
Free of facial or oropharyngeal edema.
Knits as a hobby.
Prefers morning appointments.
Lives in a second-floor apartment.
Tender, swollen lymph nodes in the front of the neck.","Woman of 33 years.
Vaginal itching and discharge; candidiasis confirmed on microscopy.
Her sister lives with psoriasis.
Owns a bicycle.
Drives a car.
Her wife burned a hand on a stove years ago.
Her friend has a lazy eye.
During a checkup in 2016, free T3 was 3.2 pg/mL.
Photographs local wildlife.
Enjoys board games.
Zinc of 85 mcg/dL in 2022.
During a checkup in 2021, total protein was 7.0 g/dL.
Paints watercolors as a hobby.
Her uncle has recovered from a dislocated finger.
Pupils equal and reactive to light.
Recurrent angioedema, under allergy follow-up.
Knits as a hobby.
Prefers morning appointments.
Lives in a second-floor apartment.
Tender, swollen lymph nodes in the front of the neck.","Woman of 33 years.
Vaginal itching and discharge; candidiasis confirmed on microscopy.
Her sister lives with psoriasis.
Owns a bicycle.
Drives a car.
Her wife burned a hand on a stove years ago.
Her friend has a lazy eye.
During a checkup in 2016, free T3 was 3.2 pg/mL.
Photographs local wildlife.
Enjoys board games.
Zinc of 85 mcg/dL in 2022.
During a checkup in 2021, total protein was 7.0 g/dL.
Paints watercolors as a hobby.
Her uncle has recovered from a dislocated finger.
Pupils equal and reactive to light.
Her wife is being treated for angioedema.
Knits as a hobby.
Prefers morning appointments.
Lives in a second-floor apartment.
Tender, swollen lymph nodes in the front of the neck.","need: angioedema
found: Free of facial or oropharyngeal edema.
subject: patient
status: absent
time: current","need: angioedema
found: Recurrent angioedema, under allergy follow-up.
subject: patient
status: present
time: current","need: angioedema
found: Her wife is being treated for angioedema.
subject: other (wife)
status: present
time: current",,,,"{""criterion_holds"": 0, ""hdr"": 4, ""keywords"": [""angioedema""], ""overrides"": {}, ""seed"": 925, ""tpl"": [""filler/other/4"", ""filler/neutral/34"", ""filler/neutral/17"", ""filler/other/11"", ""filler/other/10"", ""filler/lab/17"", ""filler/neutral/10"", ""filler/neutral/5"", ""filler/lab/16"", ""filler/lab/10"", ""filler/neutral/28"", ""filler/other/17"", ""filler/neutral/11"", ""angioedema/rel/4"", ""filler/neutral/46"", ""filler/neutral/29"", ""filler/neutral/16"", ""neck_nodes/present/5""], ""tpl_split"": ""test""}",,,,,
E136,3,verdict x blocks,B-F-verdict-blocks-s0,rule_v1.test.s3_childpugh.ascites.subject.long.376,s3_childpugh,additive_score,subject,long,L2,near,19.395264625549316,-21.073415756225586,-3.217474341392517,20.283716201782227,"Child-Pugh score (as used here, partial; each finding below adds 1 point, whatever its grade): 1 point each for a current international normalized ratio (INR) of 1.7 or more; current ascites; new confusion (encephalopathy). Bilirubin, albumin and other items are not part of this question.",ascites,The ascites criterion contributes 0 points.,The ascites criterion contributes 1 point.,"Female patient of 60 years.
Cirrhosis due to chronic hepatitis B; reviewed by the hepatology team.
Current international normalized ratio 1.3.
Speech clear; follows commands.
Paints watercolors as a hobby.
Plays the piano.
Enjoys board games.
Sees a dentist yearly.
Drives a car.
Teeth in good repair.
Pupils equal and reactive to light.
Photographs local wildlife.
Has two cats.
Sleeps seven hours a night.
Her wife lives with psoriasis.
Knits as a hobby.
Prefers morning appointments.
Her roommate wears contact lenses.
During a checkup in 2015, total protein was 7.0 g/dL.
In 2022, lipase was 30 U/L.
Lives in a second-floor apartment.
Owns a bicycle.
Her father sprained a thumb last month.","Female patient of 60 years.
Cirrhosis due to chronic hepatitis B; reviewed by the hepatology team.
Current international normalized ratio 1.3.
Speech clear; follows commands.
Paints watercolors as a hobby.
Plays the piano.
Enjoys board games.
Sees a dentist yearly.
Drives a car.
Teeth in good repair.
Pupils equal and reactive to light.
Photographs local wildlife.
Has two cats.
Sleeps seven hours a night.
Her wife lives with psoriasis.
Has mild ascites, managed with a low-salt diet and diuretics.
Knits as a hobby.
Prefers morning appointments.
Her roommate wears contact lenses.
During a checkup in 2015, total protein was 7.0 g/dL.
In 2022, lipase was 30 U/L.
Lives in a second-floor apartment.
Owns a bicycle.
Her father sprained a thumb last month.","Female patient of 60 years.
Cirrhosis due to chronic hepatitis B; reviewed by the hepatology team.
Current international normalized ratio 1.3.
Speech clear; follows commands.
Paints watercolors as a hobby.
Plays the piano.
Enjoys board games.
Sees a dentist yearly.
Drives a car.
Teeth in good repair.
Pupils equal and reactive to light.
Photographs local wildlife.
Has two cats.
Sleeps seven hours a night.
Her wife lives with psoriasis.
Her wife currently has ascites.
Knits as a hobby.
Prefers morning appointments.
Her roommate wears contact lenses.
During a checkup in 2015, total protein was 7.0 g/dL.
In 2022, lipase was 30 U/L.
Lives in a second-floor apartment.
Owns a bicycle.
Her father sprained a thumb last month.","need: ascites
found: not mentioned
subject: patient
status: absent
time: current","need: ascites
found: Has mild ascites, managed with a low-salt diet and diuretics.
subject: patient
status: present
time: current","need: ascites
found: Her wife currently has ascites.
subject: other (wife)
status: present
time: current",,,,"{""criterion_holds"": 0, ""hdr"": 5, ""keywords"": [""ascites""], ""overrides"": {}, ""seed"": 376, ""tpl"": [""inr/current/4"", ""confusion/generic/4"", ""filler/neutral/28"", ""filler/neutral/41"", ""filler/neutral/5"", ""filler/neutral/23"", ""filler/neutral/17"", ""filler/neutral/35"", ""filler/neutral/11"", ""filler/neutral/10"", ""filler/neutral/40"", ""filler/neutral/4"", ""filler/other/4"", ""ascites/rel/4"", ""filler/neutral/46"", ""filler/neutral/29"", ""filler/other/16"", ""filler/lab/10"", ""filler/lab/11"", ""filler/neutral/16"", ""filler/neutral/34"", ""filler/other/5""], ""tpl_split"": ""test""}",,,,,
E137,3,verdict x blocks,B-F-verdict-blocks-s0,rule_v1.test.gs118.c3.time.easy.1067,gs118,g_score_cutoff,time,easy,L2,flip,19.168593406677246,4.688887357711792,8.00287389755249,20.862977981567383,"For heart failure with reduced ejection fraction, prescribe spironolactone. Score 2 points if the current white cell count is above 12.0 x10^9/L; 3 points if the patient has ever had angioedema (current or past); 2 points if the current eGFR is below 45 mL/min/1.73 m2; 1 point if the current heart rate is above 90/min. If the score is 4 or more, prescribe dapagliflozin instead.",eGFR below 45,Prescribe spironolactone.,Prescribe dapagliflozin.,"Man of 51 years.
Heart failure with reduced ejection fraction (ejection fraction 30%), still symptomatic.
Records from 2017 list eGFR at 52 mL/min/1.73 m2.
Has two cats.
Face and neck without swelling on examination.
Latest WBC is 12.6 x10^9/L.
Pupils equal and reactive to light.
Current eGFR 69 mL/min/1.73 m2.
Uses sunscreen in summer.
Sees a dentist yearly.
Heart rate now 63/min on a pulse check.","Man of 51 years.
Heart failure with reduced ejection fraction (ejection fraction 30%), still symptomatic.
Records from 2017 list eGFR at 52 mL/min/1.73 m2.
Has two cats.
Face and neck without swelling on examination.
Latest WBC is 12.6 x10^9/L.
Pupils equal and reactive to light.
Current eGFR 40 mL/min/1.73 m2.
Uses sunscreen in summer.
Sees a dentist yearly.
Heart rate now 63/min on a pulse check.","Man of 51 years.
Heart failure with reduced ejection fraction (ejection fraction 30%), still symptomatic.
Records from 2017 list eGFR at 35 mL/min/1.73 m2.
Has two cats.
Face and neck without swelling on examination.
Latest WBC is 12.6 x10^9/L.
Pupils equal and reactive to light.
Current eGFR 69 mL/min/1.73 m2.
Uses sunscreen in summer.
Sees a dentist yearly.
Heart rate now 63/min on a pulse check.","need: eGFR below 45
found: 52
subject: patient
status: present
time: past (2017)

need: eGFR below 45
found: 69
subject: patient
status: present
time: current","need: eGFR below 45
found: 52
subject: patient
status: present
time: past (2017)

need: eGFR below 45
found: 40
subject: patient
status: present
time: current","need: eGFR below 45
found: 35
subject: patient
status: present
time: past (2017)

need: eGFR below 45
found: 69
subject: patient
status: present
time: current",,,,"{""criterion_holds"": 0, ""hdr"": 4, ""keywords"": [""egfr""], ""overrides"": {}, ""seed"": 1067, ""tpl"": [""egfr/past/4"", ""filler/neutral/40"", ""angioedema/generic/4"", ""wbc/current/5"", ""filler/neutral/11"", ""egfr/current/4"", ""filler/neutral/22"", ""filler/neutral/23"", ""heart_rate/current/5""], ""tpl_split"": ""test""}",,,,,
E138,3,verdict x blocks,B-F-verdict-blocks-s0,rule_v1.test.gs180.c4.time.long.1672,gs180,g_score_cutoff,time,long,L2,base; near,-7.382198095321655,-15.753796100616455,-14.262414932250977,-4.775437355041504,"For community-acquired pneumonia treated at home, prescribe amoxicillin. Score 1 point if the current systolic blood pressure is above 160 mmHg; 1 point if the patient is allergic to sulfonamide antibiotics; 2 points if the patient has ever had asthma (current or past); 3 points if the patient has active cancer. If the score is 6 or more, prescribe doxycycline instead.",active cancer,Prescribe amoxicillin.,Prescribe doxycycline.,"Woman of 23 years.
Productive cough and fever; consolidation on chest radiograph.
Asthma in the early school years, outgrown long ago.
Pupils equal and reactive to light.
Sleeps seven hours a night.
Uses sunscreen in summer.
Her friend sprained a thumb last month.
During a checkup in 2023, total protein was 7.0 g/dL.
Prefers to be addressed by first name.
Zinc of 85 mcg/dL in 2024.
Sulfonamide antibiotic allergy: generalized rash.
Photographs local wildlife.
Prefers morning appointments.
Enjoys board games.
Sees a dentist yearly.
Plays the piano.
Owns a bicycle.
Her wife wears contact lenses.
Observations now: blood pressure 174/111 mmHg.
Has two cats.
Knits as a hobby.
Teeth in good repair.
Paints watercolors as a hobby.
Her father lives with psoriasis.
Lives in a second-floor apartment.","Woman of 23 years.
Productive cough and fever; consolidation on chest radiograph.
Asthma in the early school years, outgrown long ago.
Pupils equal and reactive to light.
Sleeps seven hours a night.
Uses sunscreen in summer.
Her friend sprained a thumb last month.
During a checkup in 2023, total protein was 7.0 g/dL.
Prefers to be addressed by first name.
Zinc of 85 mcg/dL in 2024.
Sulfonamide antibiotic allergy: generalized rash.
Photographs local wildlife.
Prefers morning appointments.
Enjoys board games.
Sees a dentist yearly.
Plays the piano.
Owns a bicycle.
Her wife wears contact lenses.
Has metastatic lung cancer, receiving palliative treatment.
Observations now: blood pressure 174/111 mmHg.
Has two cats.
Knits as a hobby.
Teeth in good repair.
Paints watercolors as a hobby.
Her father lives with psoriasis.
Lives in a second-floor apartment.","Woman of 23 years.
Productive cough and fever; consolidation on chest radiograph.
Asthma in the early school years, outgrown long ago.
Pupils equal and reactive to light.
Sleeps seven hours a night.
Uses sunscreen in summer.
Her friend sprained a thumb last month.
During a checkup in 2023, total protein was 7.0 g/dL.
Prefers to be addressed by first name.
Zinc of 85 mcg/dL in 2024.
Sulfonamide antibiotic allergy: generalized rash.
Photographs local wildlife.
Prefers morning appointments.
Enjoys board games.
Sees a dentist yearly.
Plays the piano.
Owns a bicycle.
Her wife wears contact lenses.
Formerly had kidney cancer, cured by surgery in 2022.
Observations now: blood pressure 174/111 mmHg.
Has two cats.
Knits as a hobby.
Teeth in good repair.
Paints watercolors as a hobby.
Her father lives with psoriasis.
Lives in a second-floor apartment.","need: active cancer
found: not mentioned
subject: patient
status: absent
time: current","need: active cancer
found: Has metastatic lung cancer, receiving palliative treatment.
subject: patient
status: present
time: current","need: active cancer
found: Formerly had kidney cancer, cured by surgery in 2022.
subject: patient
status: present
time: past (2022)",,,,"{""criterion_holds"": 0, ""hdr"": 4, ""keywords"": [""cancer"", ""lymphoma"", ""leukemia"", ""myeloma"", ""carcinoma""], ""overrides"": {}, ""seed"": 1672, ""tpl"": [""asthma/past/4"", ""filler/neutral/11"", ""filler/neutral/4"", ""filler/neutral/22"", ""filler/other/5"", ""filler/lab/10"", ""filler/neutral/47"", ""filler/lab/16"", ""sulfa_allergy/present/4"", ""filler/neutral/10"", ""filler/neutral/29"", ""filler/neutral/5"", ""filler/neutral/23"", ""filler/neutral/41"", ""filler/neutral/34"", ""filler/other/16"", ""cancer/past/5"", ""sbp/current/5"", ""filler/neutral/40"", ""filler/neutral/46"", ""filler/neutral/35"", ""filler/neutral/28"", ""filler/other/4"", ""filler/neutral/16""], ""tpl_split"": ""test""}",,,,,
E139,3,verdict x triplets,B-F-verdict-triplets-s0,rule_v1.test.gs024.c1.boundary.easy.967,gs024,g_score_cutoff,boundary,easy,L2,flip,20.845335006713867,8.793334722518921,21.53136920928955,18.49106502532959,"For uncomplicated cystitis, prescribe trimethoprim-sulfamethoxazole. Score 3 points if the current ALT is above 120 U/L; 1 point if the patient or a first-degree relative (parent, sibling or child) has had diabetes at any time; 3 points if the current systolic blood pressure is above 160 mmHg; 2 points if the patient or a first-degree relative (parent, sibling or child) has had a venous thromboembolism at any time. If the score is 4 or more, prescribe nitrofurantoin instead.",ALT above 120,Prescribe trimethoprim-sulfamethoxazole.,Prescribe nitrofurantoin.,"Female patient of 26 years.
Dysuria and urinary frequency for two days; urine dipstick positive for nitrites.
Observations now: blood pressure 133/88 mmHg.
Has an acute pulmonary embolism, diagnosed this week.
Prefers morning appointments.
HbA1c 5.3% at a routine check.
Sleeps seven hours a night.
ALT now 22 U/L.
Drives a car.","Female patient of 26 years.
Dysuria and urinary frequency for two days; urine dipstick positive for nitrites.
Observations now: blood pressure 133/88 mmHg.
Has an acute pulmonary embolism, diagnosed this week.
Prefers morning appointments.
HbA1c 5.3% at a routine check.
Sleeps seven hours a night.
ALT now 135 U/L.
Drives a car.","Female patient of 26 years.
Dysuria and urinary frequency for two days; urine dipstick positive for nitrites.
Observations now: blood pressure 133/88 mmHg.
Has an acute pulmonary embolism, diagnosed this week.
Prefers morning appointments.
HbA1c 5.3% at a routine check.
Sleeps seven hours a night.
ALT now 120 U/L.
Drives a car.","need: ALT above 120
found: 22
subject: patient
status: present
time: current","need: ALT above 120
found: 135
subject: patient
status: present
time: current","need: ALT above 120
found: 120
subject: patient
status: present
time: current",,,,"{""criterion_holds"": 0, ""hdr"": 5, ""keywords"": [""alt ""], ""overrides"": {}, ""seed"": 967, ""tpl"": [""sbp/current/5"", ""vte/present/4"", ""filler/neutral/29"", ""diabetes/generic/4"", ""filler/neutral/4"", ""alt_enzyme/current/5"", ""filler/neutral/17""], ""tpl_split"": ""test""}",,,,,
E140,3,verdict x triplets,B-F-verdict-triplets-s0,rule_v1.test.gs118.c4.boundary.easy.574,gs118,g_score_cutoff,boundary,easy,L2,flip,20.729026794433594,9.341615200042725,20.154303550720215,18.939879417419434,"For heart failure with reduced ejection fraction, prescribe spironolactone. Score 2 points if the current white cell count is above 12.0 x10^9/L; 3 points if the patient has ever had angioedema (current or past); 2 points if the current eGFR is below 45 mL/min/1.73 m2; 1 point if the current heart rate is above 90/min. If the score is 4 or more, prescribe dapagliflozin instead.",heart rate above 90,Prescribe spironolactone.,Prescribe dapagliflozin.,"Woman of 49 years.
Heart failure with reduced ejection fraction (ejection fraction 30%), still symptomatic.
Lives with chronic angioedema that flares several times a year.
Sleeps seven hours a night.
Latest WBC is 7.7 x10^9/L.
Knits as a hobby.
Prefers morning appointments.
Heart rate now 71/min on a pulse check.
Enjoys board games.
Current eGFR 79 mL/min/1.73 m2.","Woman of 49 years.
Heart failure with reduced ejection fraction (ejection fraction 30%), still symptomatic.
Lives with chronic angioedema that flares several times a year.
Sleeps seven hours a night.
Latest WBC is 7.7 x10^9/L.
Knits as a hobby.
Prefers morning appointments.
Heart rate now 100/min on a pulse check.
Enjoys board games.
Current eGFR 79 mL/min/1.73 m2.","Woman of 49 years.
Heart failure with reduced ejection fraction (ejection fraction 30%), still symptomatic.
Lives with chronic angioedema that flares several times a year.
Sleeps seven hours a night.
Latest WBC is 7.7 x10^9/L.
Knits as a hobby.
Prefers morning appointments.
Heart rate now 90/min on a pulse check.
Enjoys board games.
Current eGFR 79 mL/min/1.73 m2.","need: heart rate above 90
found: 71
subject: patient
status: present
time: current","need: heart rate above 90
found: 100
subject: patient
status: present
time: current","need: heart rate above 90
found: 90
subject: patient
status: present
time: current",,,,"{""criterion_holds"": 0, ""hdr"": 4, ""keywords"": [""heart rate""], ""overrides"": {}, ""seed"": 574, ""tpl"": [""angioedema/present/5"", ""filler/neutral/4"", ""wbc/current/5"", ""filler/neutral/46"", ""filler/neutral/29"", ""heart_rate/current/5"", ""filler/neutral/5"", ""egfr/current/4""], ""tpl_split"": ""test""}",,,,,
E141,3,verdict x triplets,B-F-verdict-triplets-s0,rule_v1.test.cut_bleed.bleed.negation.easy.1065,cut_bleed,score_cutoff,negation,easy,L2,flip,26.142894744873047,17.37186050415039,26.773700714111328,26.313185691833496,"For dual antiplatelet therapy after a myocardial infarction, prescribe aspirin plus ticagrelor. Score 2 points for a major bleeding event at any time; 1 point for age 75 years or more; 1 point for a current eGFR below 30 mL/min/1.73 m2. If the score is 2 or more, prescribe aspirin plus clopidogrel instead.",bleeding history,Prescribe aspirin plus ticagrelor.,Prescribe aspirin plus clopidogrel.,"An adult woman.
Recovering on the ward after a myocardial infarction treated with a stent.
Current eGFR 85 mL/min/1.73 m2.
Examination shows no signs of blood loss.
Knits as a hobby.
Has two cats.
Drives a car.
Photographs local wildlife.
Currently aged 63 years.","An adult woman.
Recovering on the ward after a myocardial infarction treated with a stent.
Current eGFR 85 mL/min/1.73 m2.
Major bleed from the stomach at present, with hemoglobin falling.
Knits as a hobby.
Has two cats.
Drives a car.
Photographs local wildlife.
Currently aged 63 years.","An adult woman.
Recovering on the ward after a myocardial infarction treated with a stent.
Current eGFR 85 mL/min/1.73 m2.
Medical records negative for major bleeding at any time.
Knits as a hobby.
Has two cats.
Drives a car.
Photographs local wildlife.
Currently aged 63 years.","need: bleeding history
found: Examination shows no signs of blood loss.
subject: patient
status: absent
time: current","need: bleeding history
found: Major bleed from the stomach at present, with hemoglobin falling.
subject: patient
status: present
time: current","need: bleeding history
found: Medical records negative for major bleeding at any time.
subject: patient
status: absent
time: current",,,,"{""criterion_holds"": 0, ""hdr"": 4, ""keywords"": [""bleed""], ""overrides"": {}, ""seed"": 1065, ""tpl"": [""egfr/current/4"", ""bleeding/absent/5"", ""filler/neutral/46"", ""filler/neutral/40"", ""filler/neutral/17"", ""filler/neutral/10"", ""age/current/4""], ""tpl_split"": ""test""}",,,,,
E142,3,verdict x triplets,B-F-verdict-triplets-s0,rule_v1.test.gs054.c1.negation.long.1701,gs054,g_score_cutoff,negation,long,L2,near,2.189195990562439,-10.304642677307129,-3.47257137298584,-2.6311129331588745,"For community-acquired pneumonia, prescribe oral amoxicillin. Score 3 points if the patient currently has a venous thromboembolism; 2 points if the patient or a first-degree relative (parent, sibling or child) has had colorectal cancer at any time; 2 points if the current respiratory rate is 22/min or more; 1 point if the current oxygen saturation is 91% or less. If the score is 6 or more, prescribe intravenous co-amoxiclav instead.",current venous thromboembolism,Prescribe oral amoxicillin.,Prescribe intravenous co-amoxiclav.,"Woman of 72 years.
Community-acquired pneumonia confirmed on chest radiograph.
Her roommate lives with psoriasis.
Her sister has a lazy eye.
Prefers morning appointments.
Teeth in good repair.
Photographs local wildlife.
During a checkup in 2006, free T3 was 3.2 pg/mL.
Current respiratory rate 23/min.
Enjoys board games.
Coagulation tests normal on recent bloodwork.
Her sister recovered from colon cancer after an operation in 2015.
Pupils equal and reactive to light.
Her roommate has recovered from a dislocated finger.
Paints watercolors as a hobby.
Latest oxygen saturation reading: 86%.
During a checkup in 2022, total protein was 7.0 g/dL.
Drives a car.
Knits as a hobby.
Uses sunscreen in summer.
Has two cats.
In 2012, folate was 12 ng/mL.
Prefers to be addressed by first name.
In 2015, lipase was 30 U/L.","Woman of 72 years.
Community-acquired pneumonia confirmed on chest radiograph.
Her roommate lives with psoriasis.
Her sister has a lazy eye.
Prefers morning appointments.
Teeth in good repair.
Photographs local wildlife.
During a checkup in 2006, free T3 was 3.2 pg/mL.
Current respiratory rate 23/min.
Enjoys board games.
Ongoing treatment for a deep vein thrombosis of the left arm.
Her sister recovered from colon cancer after an operation in 2015.
Pupils equal and reactive to light.
Her roommate has recovered from a dislocated finger.
Paints watercolors as a hobby.
Latest oxygen saturation reading: 86%.
During a checkup in 2022, total protein was 7.0 g/dL.
Drives a car.
Knits as a hobby.
Uses sunscreen in summer.
Has two cats.
In 2012, folate was 12 ng/mL.
Prefers to be addressed by first name.
In 2015, lipase was 30 U/L.","Woman of 72 years.
Community-acquired pneumonia confirmed on chest radiograph.
Her roommate lives with psoriasis.
Her sister has a lazy eye.
Prefers morning appointments.
Teeth in good repair.
Photographs local wildlife.
During a checkup in 2006, free T3 was 3.2 pg/mL.
Current respiratory rate 23/min.
Enjoys board games.
Venous thromboembolism has never occurred in the patient or in any parent, sibling or child.
Her sister recovered from colon cancer after an operation in 2015.
Pupils equal and reactive to light.
Her roommate has recovered from a dislocated finger.
Paints watercolors as a hobby.
Latest oxygen saturation reading: 86%.
During a checkup in 2022, total protein was 7.0 g/dL.
Drives a car.
Knits as a hobby.
Uses sunscreen in summer.
Has two cats.
In 2012, folate was 12 ng/mL.
Prefers to be addressed by first name.
In 2015, lipase was 30 U/L.","need: current venous thromboembolism
found: Coagulation tests normal on recent bloodwork.
subject: patient
status: absent
time: current","need: current venous thromboembolism
found: Ongoing treatment for a deep vein thrombosis of the left arm.
subject: patient
status: present
time: current","need: current venous thromboembolism
found: Venous thromboembolism has never occurred in the patient or in any parent, sibling or child.
subject: patient
status: absent
time: current",,,,"{""criterion_holds"": 0, ""hdr"": 4, ""keywords"": [""thrombo"", ""dvt"", ""pulmonary embol""], ""overrides"": {}, ""seed"": 1701, ""tpl"": [""filler/other/4"", ""filler/other/10"", ""filler/neutral/29"", ""filler/neutral/35"", ""filler/neutral/10"", ""filler/lab/17"", ""rr/current/4"", ""filler/neutral/5"", ""vte/absent/5"", ""crc/rel_past/5"", ""filler/neutral/11"", ""filler/other/17"", ""filler/neutral/28"", ""spo2/current/5"", ""filler/lab/10"", ""filler/neutral/17"", ""filler/neutral/46"", ""filler/neutral/22"", ""filler/neutral/40"", ""filler/lab/4"", ""filler/neutral/47"", ""filler/lab/11""], ""tpl_split"": ""test""}",,,,,
E143,3,verdict x triplets,B-F-verdict-triplets-s0,rule_v1.test.gs180.c4.negation.long.1618,gs180,g_score_cutoff,negation,long,L2,near,0.8801052570343018,-12.234206676483154,-2.4709746837615967,-5.561107873916626,"For community-acquired pneumonia treated at home, prescribe amoxicillin. Score 1 point if the current systolic blood pressure is above 160 mmHg; 1 point if the patient is allergic to sulfonamide antibiotics; 2 points if the patient has ever had asthma (current or past); 3 points if the patient has active cancer. If the score is 6 or more, prescribe doxycycline instead.",active cancer,Prescribe amoxicillin.,Prescribe doxycycline.,"Man of 33 years.
Productive cough and fever; consolidation on chest radiograph.
In 2023, lipase was 30 U/L.
Enjoys board games.
His roommate burned a hand on a stove years ago.
Teeth in good repair.
Has two cats.
Observations now: blood pressure 167/107 mmHg.
Asthma, on a daily inhaled steroid.
Uses sunscreen in summer.
Sulfonamide antibiotic allergy: generalized rash.
Prefers to be addressed by first name.
Lives in a second-floor apartment.
Knits as a hobby.
Sleeps seven hours a night.
His uncle wears contact lenses.
His friend sprained a thumb last month.
Zinc of 85 mcg/dL in 2020.
His father lives with psoriasis.
Photographs local wildlife.
Oncology follow-up: none.
Plays the piano.","Man of 33 years.
Productive cough and fever; consolidation on chest radiograph.
In 2023, lipase was 30 U/L.
Enjoys board games.
His roommate burned a hand on a stove years ago.
Teeth in good repair.
Has two cats.
Observations now: blood pressure 167/107 mmHg.
Asthma, on a daily inhaled steroid.
Uses sunscreen in summer.
Sulfonamide antibiotic allergy: generalized rash.
Prefers to be addressed by first name.
Lives in a second-floor apartment.
Knits as a hobby.
Sleeps seven hours a night.
His uncle wears contact lenses.
His friend sprained a thumb last month.
Zinc of 85 mcg/dL in 2020.
His father lives with psoriasis.
Photographs local wildlife.
Has melanoma skin cancer and is receiving treatment for it.
Plays the piano.","Man of 33 years.
Productive cough and fever; consolidation on chest radiograph.
In 2023, lipase was 30 U/L.
Enjoys board games.
His roommate burned a hand on a stove years ago.
Teeth in good repair.
Has two cats.
Observations now: blood pressure 167/107 mmHg.
Asthma, on a daily inhaled steroid.
Uses sunscreen in summer.
Sulfonamide antibiotic allergy: generalized rash.
Prefers to be addressed by first name.
Lives in a second-floor apartment.
Knits as a hobby.
Sleeps seven hours a night.
His uncle wears contact lenses.
His friend sprained a thumb last month.
Zinc of 85 mcg/dL in 2020.
His father lives with psoriasis.
Photographs local wildlife.
Free of cancer throughout life.
Plays the piano.","need: active cancer
found: Oncology follow-up: none.
subject: patient
status: absent
time: current","need: active cancer
found: Has melanoma skin cancer and is receiving treatment for it.
subject: patient
status: present
time: current","need: active cancer
found: Free of cancer throughout life.
subject: patient
status: absent
time: current",,,,"{""criterion_holds"": 0, ""hdr"": 4, ""keywords"": [""cancer"", ""lymphoma"", ""leukemia"", ""myeloma"", ""carcinoma""], ""overrides"": {}, ""seed"": 1618, ""tpl"": [""filler/lab/11"", ""filler/neutral/5"", ""filler/other/11"", ""filler/neutral/35"", ""filler/neutral/40"", ""sbp/current/5"", ""asthma/present/4"", ""filler/neutral/22"", ""sulfa_allergy/present/4"", ""filler/neutral/47"", ""filler/neutral/16"", ""filler/neutral/46"", ""filler/neutral/4"", ""filler/other/16"", ""filler/other/5"", ""filler/lab/16"", ""filler/other/4"", ""filler/neutral/10"", ""cancer/absent/5"", ""filler/neutral/41""], ""tpl_split"": ""test""}",,,,,
E144,3,verdict x triplets,B-F-verdict-triplets-s0,rule_v1.test.gs024.c3.numeric.easy.493,gs024,g_score_cutoff,numeric,easy,L2,flip,20.62536907196045,3.642223834991455,17.825700759887695,20.365184783935547,"For uncomplicated cystitis, prescribe trimethoprim-sulfamethoxazole. Score 3 points if the current ALT is above 120 U/L; 1 point if the patient or a first-degree relative (parent, sibling or child) has had diabetes at any time; 3 points if the current systolic blood pressure is above 160 mmHg; 2 points if the patient or a first-degree relative (parent, sibling or child) has had a venous thromboembolism at any time. If the score is 4 or more, prescribe nitrofurantoin instead.",systolic blood pressure above 160,Prescribe trimethoprim-sulfamethoxazole.,Prescribe nitrofurantoin.,"Female patient of 34 years.
Dysuria and urinary frequency for two days; urine dipstick positive for nitrites.
Observations now: blood pressure 139/91 mmHg.
Sleeps seven hours a night.
Enjoys board games.
Formerly diabetic; in remission since 2019.
Sees a dentist yearly.
ALT now 13 U/L.
Coagulation tests normal on recent bloodwork.","Female patient of 34 years.
Dysuria and urinary frequency for two days; urine dipstick positive for nitrites.
Observations now: blood pressure 165/106 mmHg.
Sleeps seven hours a night.
Enjoys board games.
Formerly diabetic; in remission since 2019.
Sees a dentist yearly.
ALT now 13 U/L.
Coagulation tests normal on recent bloodwork.","Female patient of 34 years.
Dysuria and urinary frequency for two days; urine dipstick positive for nitrites.
Observations now: blood pressure 159/102 mmHg.
Sleeps seven hours a night.
Enjoys board games.
Formerly diabetic; in remission since 2019.
Sees a dentist yearly.
ALT now 13 U/L.
Coagulation tests normal on recent bloodwork.","need: systolic blood pressure above 160
found: 139
subject: patient
status: present
time: current","need: systolic blood pressure above 160
found: 165
subject: patient
status: present
time: current","need: systolic blood pressure above 160
found: 159
subject: patient
status: present
time: current",,,,"{""criterion_holds"": 0, ""hdr"": 5, ""keywords"": [""systolic"", ""blood pressure"", ""bp ""], ""overrides"": {}, ""seed"": 493, ""tpl"": [""sbp/current/5"", ""filler/neutral/4"", ""filler/neutral/5"", ""diabetes/past/5"", ""filler/neutral/23"", ""alt_enzyme/current/5"", ""vte/generic/4""], ""tpl_split"": ""test""}",,,,,
E145,3,verdict x triplets,B-F-verdict-triplets-s0,rule_v1.test.gs118.c4.numeric.easy.1427,gs118,g_score_cutoff,numeric,easy,L2,flip,19.463966369628906,10.428922653198242,18.77792453765869,18.413442611694336,"For heart failure with reduced ejection fraction, prescribe spironolactone. Score 2 points if the current white cell count is above 12.0 x10^9/L; 3 points if the patient has ever had angioedema (current or past); 2 points if the current eGFR is below 45 mL/min/1.73 m2; 1 point if the current heart rate is above 90/min. If the score is 4 or more, prescribe dapagliflozin instead.",heart rate above 90,Prescribe spironolactone.,Prescribe dapagliflozin.,"Male patient of 49 years.
Heart failure with reduced ejection fraction (ejection fraction 30%), still symptomatic.
Current eGFR 76 mL/min/1.73 m2.
Current heart rate 80/min.
Owns a bicycle.
Latest WBC is 6.0 x10^9/L.
Recurrent angioedema, under allergy follow-up.
Photographs local wildlife.","Male patient of 49 years.
Heart failure with reduced ejection fraction (ejection fraction 30%), still symptomatic.
Current eGFR 76 mL/min/1.73 m2.
Current heart rate 104/min.
Owns a bicycle.
Latest WBC is 6.0 x10^9/L.
Recurrent angioedema, under allergy follow-up.
Photographs local wildlife.","Male patient of 49 years.
Heart failure with reduced ejection fraction (ejection fraction 30%), still symptomatic.
Current eGFR 76 mL/min/1.73 m2.
Current heart rate 88/min.
Owns a bicycle.
Latest WBC is 6.0 x10^9/L.
Recurrent angioedema, under allergy follow-up.
Photographs local wildlife.","need: heart rate above 90
found: 80
subject: patient
status: present
time: current","need: heart rate above 90
found: 104
subject: patient
status: present
time: current","need: heart rate above 90
found: 88
subject: patient
status: present
time: current",,,,"{""criterion_holds"": 0, ""hdr"": 5, ""keywords"": [""heart rate""], ""overrides"": {}, ""seed"": 1427, ""tpl"": [""egfr/current/4"", ""heart_rate/current/4"", ""filler/neutral/34"", ""wbc/current/5"", ""angioedema/present/4"", ""filler/neutral/10""], ""tpl_split"": ""test""}",,,,,
E146,3,verdict x triplets,B-F-verdict-triplets-s0,rule_v1.test.gs037.c1.subject.easy.1214,gs037,g_score_cutoff,subject,easy,L2,base,-0.008115887641906738,-11.947009086608887,12.884310245513916,4.463655948638916,"For inpatient VTE prophylaxis, prescribe enoxaparin. Score 1 point if the patient has ever had angioedema (current or past); 1 point if the patient has new confusion; 2 points if the current temperature is above 38.0 C; 2 points if the age of the patient is 65 years or more. If the score is 5 or more, prescribe intermittent pneumatic compression instead.",angioedema,Prescribe enoxaparin.,Prescribe intermittent pneumatic compression.,"An adult man.
Admitted for community-acquired pneumonia; immobile.
Current age 68 years.
Gives a clear account of the illness.
Teeth in good repair.
Enjoys board games.
Photographs local wildlife.
Temperature now 38.7 C (tympanic).","An adult man.
Admitted for community-acquired pneumonia; immobile.
Current age 68 years.
Gives a clear account of the illness.
Teeth in good repair.
Enjoys board games.
Photographs local wildlife.
Temperature now 38.7 C (tympanic).
An episode of angioedema years ago, with full recovery.","An adult man.
Admitted for community-acquired pneumonia; immobile.
Current age 68 years.
Gives a clear account of the illness.
Teeth in good repair.
Enjoys board games.
Photographs local wildlife.
Temperature now 38.7 C (tympanic).
His sister recovered from an episode of angioedema in 2014.","need: angioedema
found: not mentioned
subject: patient
status: absent
time: current","need: angioedema
found: An episode of angioedema years ago, with full recovery.
subject: patient
status: present
time: past","need: angioedema
found: His sister recovered from an episode of angioedema in 2014.
subject: other (sister)
status: present
time: past (2014)",,,,"{""criterion_holds"": 0, ""hdr"": 4, ""keywords"": [""angioedema""], ""overrides"": {}, ""seed"": 1214, ""tpl"": [""age/current/5"", ""confusion/generic/5"", ""filler/neutral/35"", ""filler/neutral/5"", ""filler/neutral/10"", ""temperature/current/5"", ""angioedema/rel_past/5""], ""tpl_split"": ""test""}",,,,,
E147,3,verdict x triplets,B-F-verdict-triplets-s0,rule_v1.test.gs134.c1.subject.easy.617,gs134,g_score_cutoff,subject,easy,L2,base,-1.429604172706604,-12.264904975891113,5.428730726242065,2.184149980545044,"For contraception, prescribe a combined oral contraceptive. Score 2 points if the patient or a first-degree relative (parent, sibling or child) has had coronary artery disease at any time; 2 points if the current weight is 60 kg or less; 2 points if the current platelet count is below 50 x10^9/L; 1 point if the patient currently has tender anterior cervical lymph nodes. If the score is 7 or more, prescribe a progestin-only pill instead.",coronary artery disease (patient or first-degree relative),Prescribe a combined oral contraceptive.,Prescribe a progestin-only pill.,"Woman of 29 years.
Requests contraception.
Current platelet count 37 x10^9/L.
Prefers morning appointments.
Teeth in good repair.
Current weight 55 kg.
Lives in a second-floor apartment.
Tender, swollen lymph nodes in the front of the neck.
Chest pain on exertion: none reported.","Woman of 29 years.
Requests contraception.
Current platelet count 37 x10^9/L.
Prefers morning appointments.
Teeth in good repair.
Current weight 55 kg.
Lives in a second-floor apartment.
Tender, swollen lymph nodes in the front of the neck.
Her father has known coronary artery disease.","Woman of 29 years.
Requests contraception.
Current platelet count 37 x10^9/L.
Prefers morning appointments.
Teeth in good repair.
Current weight 55 kg.
Lives in a second-floor apartment.
Tender, swollen lymph nodes in the front of the neck.
Her wife has angina from coronary artery disease.","need: coronary artery disease (patient or first-degree relative)
found: Chest pain on exertion: none reported.
subject: patient
status: absent
time: current","need: coronary artery disease (patient or first-degree relative)
found: Her father has known coronary artery disease.
subject: other (father)
status: present
time: current","need: coronary artery disease (patient or first-degree relative)
found: Her wife has angina from coronary artery disease.
subject: other (wife)
status: present
time: current",,,,"{""criterion_holds"": 0, ""hdr"": 4, ""keywords"": [""coronary""], ""overrides"": {}, ""seed"": 617, ""tpl"": [""platelets/current/4"", ""filler/neutral/29"", ""filler/neutral/35"", ""weight/current/4"", ""filler/neutral/16"", ""neck_nodes/present/5"", ""cad/rel/4""], ""tpl_split"": ""test""}",,,,,
E148,3,verdict x triplets,B-F-verdict-triplets-s0,rule_v1.test.gs211.c3.subject.easy.1356,gs211,g_two_of_three,subject,easy,L2,flip,18.83974313735962,0.18117713928222656,19.60905170440674,18.720162391662598,"For stroke prevention in atrial fibrillation, prescribe apixaban. If at least two of the following apply, prescribe warfarin instead: the current blood urea nitrogen is above 19 mg/dL; the patient or a first-degree relative (parent, sibling or child) has had diabetes at any time; the patient has an active peptic ulcer.",active peptic ulcer,Prescribe apixaban.,Prescribe warfarin.,"Man of 74 years.
Atrial fibrillation; anticoagulation indicated.
His sister lives with type 1 diabetes.
Prefers to be addressed by first name.
Blood urea nitrogen now: 12 mg/dL.
Appetite good; no indigestion.
Knits as a hobby.","Man of 74 years.
Atrial fibrillation; anticoagulation indicated.
His sister lives with type 1 diabetes.
Prefers to be addressed by first name.
Blood urea nitrogen now: 12 mg/dL.
Has an active duodenal ulcer.
Knits as a hobby.","Man of 74 years.
Atrial fibrillation; anticoagulation indicated.
His sister lives with type 1 diabetes.
Prefers to be addressed by first name.
Blood urea nitrogen now: 12 mg/dL.
His sister has peptic ulcer disease.
Knits as a hobby.","need: active peptic ulcer
found: Appetite good; no indigestion.
subject: patient
status: absent
time: current","need: active peptic ulcer
found: Has an active duodenal ulcer.
subject: patient
status: present
time: current","need: active peptic ulcer
found: His sister has peptic ulcer disease.
subject: other (sister)
status: present
time: current",,,,"{""criterion_holds"": 0, ""hdr"": 4, ""keywords"": [""ulcer""], ""overrides"": {}, ""seed"": 1356, ""tpl"": [""diabetes/rel/5"", ""filler/neutral/47"", ""bun/current/4"", ""peptic_ulcer/rel/5"", ""filler/neutral/46""], ""tpl_split"": ""test""}",,,,,
E149,3,verdict x triplets,B-F-verdict-triplets-s0,rule_v1.test.gs096.c3.time.easy.1718,gs096,g_score_cutoff,time,easy,L2,base,-0.28603315353393555,-11.100444316864014,0.6028597354888916,7.450581073760986,"For stroke prevention in atrial fibrillation, prescribe apixaban. Score 2 points if the patient has ever had coronary artery disease (current or past); 3 points if the patient currently has tonsillar exudate; 2 points if the current ALT is above 120 U/L; 2 points if the current weight is 60 kg or less. If the score is 6 or more, prescribe warfarin instead.",ALT above 120,Prescribe apixaban.,Prescribe warfarin.,"Female patient of 60 years.
Atrial fibrillation; anticoagulation indicated.
Current weight 92 kg.
ALT now 43 U/L.
Had coronary artery disease, treated with bypass surgery in 2016; recovered well.
Records from 2020 list ALT at 16 U/L.
Teeth in good repair.
Tonsillar exudate visible on both sides.","Female patient of 60 years.
Atrial fibrillation; anticoagulation indicated.
Current weight 92 kg.
ALT now 145 U/L.
Had coronary artery disease, treated with bypass surgery in 2016; recovered well.
Records from 2020 list ALT at 16 U/L.
Teeth in good repair.
Tonsillar exudate visible on both sides.","Female patient of 60 years.
Atrial fibrillation; anticoagulation indicated.
Current weight 92 kg.
ALT now 43 U/L.
Had coronary artery disease, treated with bypass surgery in 2016; recovered well.
Records from 2020 list ALT at 141 U/L.
Teeth in good repair.
Tonsillar exudate visible on both sides.","need: ALT above 120
found: 43
subject: patient
status: present
time: current

need: ALT above 120
found: 16
subject: patient
status: present
time: past (2020)","need: ALT above 120
found: 145
subject: patient
status: present
time: current

need: ALT above 120
found: 16
subject: patient
status: present
time: past (2020)","need: ALT above 120
found: 43
subject: patient
status: present
time: current

need: ALT above 120
found: 141
subject: patient
status: present
time: past (2020)",,,,"{""criterion_holds"": 0, ""hdr"": 5, ""keywords"": [""alt ""], ""overrides"": {}, ""seed"": 1718, ""tpl"": [""weight/current/4"", ""alt_enzyme/current/5"", ""cad/past/5"", ""alt_enzyme/past/4"", ""filler/neutral/35"", ""exudate/present/5""], ""tpl_split"": ""test""}",,,,,
E150,3,verdict x triplets,B-F-verdict-triplets-s0,rule_v1.test.gs139.c1.time.easy.1320,gs139,g_all_of,time,easy,L2,near,31.151826858520508,-27.799912452697754,-21.8332462310791,30.25521469116211,"For vaginal candidiasis, prescribe oral fluconazole. If the patient currently has tender anterior cervical lymph nodes and the patient has ever had angioedema (current or past), prescribe clotrimazole pessaries instead.",tender cervical lymph nodes,Prescribe oral fluconazole.,Prescribe clotrimazole pessaries.,"Woman of 35 years.
Vaginal itching and discharge; candidiasis confirmed on microscopy.
Front of the neck without tenderness or swelling.
An episode of angioedema years ago, with full recovery.
Enjoys board games.","Woman of 35 years.
Vaginal itching and discharge; candidiasis confirmed on microscopy.
Tender, swollen lymph nodes in the front of the neck.
An episode of angioedema years ago, with full recovery.
Enjoys board games.","Woman of 35 years.
Vaginal itching and discharge; candidiasis confirmed on microscopy.
Tender anterior cervical lymph nodes with a throat infection years ago, which went down within two weeks.
An episode of angioedema years ago, with full recovery.
Enjoys board games.","need: tender cervical lymph nodes
found: Front of the neck without tenderness or swelling.
subject: patient
status: absent
time: current","need: tender cervical lymph nodes
found: Tender, swollen lymph nodes in the front of the neck.
subject: patient
status: present
time: current","need: tender cervical lymph nodes
found: Tender anterior cervical lymph nodes with a throat infection years ago, which went down within two weeks.
subject: patient
status: present
time: past",,,,"{""criterion_holds"": 0, ""hdr"": 4, ""keywords"": [""lymph node"", ""lymphaden""], ""overrides"": {}, ""seed"": 1320, ""tpl"": [""neck_nodes/past/4"", ""angioedema/past/4"", ""filler/neutral/5""], ""tpl_split"": ""test""}",,,,,
