author,group_no,set,tid,near_miss_kind,tier,case,rule_text,claim_s,claim_s_prime,program_answer,facts_in_state,case_text,text_states_exactly_these_facts,correct_claim_unambiguous,problem_type,note
author4,4,rule_v1/test_hard,rule_v1.test.gs137.c1.subject.long.128,subject,long,base,"For hip osteoarthritis pain, prescribe naproxen alone. If the patient has ever had diabetes (current or past) and the current serum creatinine is 1.5 mg/dL or more, prescribe naproxen with omeprazole instead.",Prescribe naproxen alone.,Prescribe naproxen with omeprazole.,s,patient: serum creatinine = 1.5; present; current,"Female patient of 53 years.
Hip osteoarthritis with pain on walking.
Her roommate has recovered from a dislocated finger.
Prefers morning appointments.
During a checkup in 2013, total protein was 7.0 g/dL.
Teeth in good repair.
Owns a bicycle.
Sleeps seven hours a night.
Free T4 of 1.2 ng/dL in 2005.
Her sister wears contact lenses.
Lives in a second-floor apartment.
Her roommate lives with psoriasis.
In 2009, lipase was 30 U/L.
During a checkup in 2008, free T3 was 3.2 pg/mL.
Current serum creatinine 1.5 mg/dL.
Pupils equal and reactive to light.
Uses sunscreen in summer.
Her friend has a lazy eye.",,,,
author4,4,rule_v1/test_hard,rule_v1.test.gs137.c1.subject.long.128,subject,long,flip,"For hip osteoarthritis pain, prescribe naproxen alone. If the patient has ever had diabetes (current or past) and the current serum creatinine is 1.5 mg/dL or more, prescribe naproxen with omeprazole instead.",Prescribe naproxen alone.,Prescribe naproxen with omeprazole.,s',patient: diabetes; present; past | patient: serum creatinine = 1.5; present; current,"Female patient of 53 years.
Hip osteoarthritis with pain on walking.
Her roommate has recovered from a dislocated finger.
Prefers morning appointments.
During a checkup in 2013, total protein was 7.0 g/dL.
Teeth in good repair.
Owns a bicycle.
Sleeps seven hours a night.
Had diabetes years ago that went into remission on a low-calorie diet.
Free T4 of 1.2 ng/dL in 2005.
Her sister wears contact lenses.
Lives in a second-floor apartment.
Her roommate lives with psoriasis.
In 2009, lipase was 30 U/L.
During a checkup in 2008, free T3 was 3.2 pg/mL.
Current serum creatinine 1.5 mg/dL.
Pupils equal and reactive to light.
Uses sunscreen in summer.
Her friend has a lazy eye.",,,,
author4,4,rule_v1/test_hard,rule_v1.test.gs137.c1.subject.long.128,subject,long,near,"For hip osteoarthritis pain, prescribe naproxen alone. If the patient has ever had diabetes (current or past) and the current serum creatinine is 1.5 mg/dL or more, prescribe naproxen with omeprazole instead.",Prescribe naproxen alone.,Prescribe naproxen with omeprazole.,s,friend: diabetes; present; past | patient: serum creatinine = 1.5; present; current,"Female patient of 53 years.
Hip osteoarthritis with pain on walking.
Her roommate has recovered from a dislocated finger.
Prefers morning appointments.
During a checkup in 2013, total protein was 7.0 g/dL.
Teeth in good repair.
Owns a bicycle.
Sleeps seven hours a night.
Her friend was diabetic until bariatric surgery several years ago.
Free T4 of 1.2 ng/dL in 2005.
Her sister wears contact lenses.
Lives in a second-floor apartment.
Her roommate lives with psoriasis.
In 2009, lipase was 30 U/L.
During a checkup in 2008, free T3 was 3.2 pg/mL.
Current serum creatinine 1.5 mg/dL.
Pupils equal and reactive to light.
Uses sunscreen in summer.
Her friend has a lazy eye.",,,,
author4,4,rule_v1/test_hard,rule_v1.test.gs137.c1.subject.long.128,subject,long,pres,"For hip osteoarthritis pain, prescribe naproxen alone. If the patient has ever had diabetes (current or past) and the current serum creatinine is 1.5 mg/dL or more, prescribe naproxen with omeprazole instead.",Prescribe naproxen alone.,Prescribe naproxen with omeprazole.,s,patient: serum creatinine = 1.5; present; current,"Woman of 53 years.
Hip osteoarthritis with pain on walking.
Teeth in good repair.
In 2009, lipase was 30 U/L.
Her sister wears contact lenses.
Sleeps seven hours a night.
Lives in a second-floor apartment.
Pupils equal and reactive to light.
Uses sunscreen in summer.
Her friend has a lazy eye.
Her roommate lives with psoriasis.
Owns a bicycle.
Her roommate has recovered from a dislocated finger.
During a checkup in 2008, free T3 was 3.2 pg/mL.
Free T4 of 1.2 ng/dL in 2005.
Latest creatinine result: 1.5 mg/dL.
Prefers morning appointments.
During a checkup in 2013, total protein was 7.0 g/dL.",,,,
author4,8,rule_v1/test_hard,rule_v1.test.gs123.c2.negation.long.268,negation,long,base,"For vaginal candidiasis, prescribe oral fluconazole. If at least two of the following apply, prescribe clotrimazole pessaries instead: the patient is currently taking aspirin; the patient or a first-degree relative (parent, sibling or child) has had diabetes at any time; the current serum potassium is above 5.0 mmol/L.",Prescribe oral fluconazole.,Prescribe clotrimazole pessaries.,s,patient: serum potassium = 5.4; present; current | patient: diabetes (patient or first-degree relative); absent; current,"Female patient of 43 years.
Vaginal itching and discharge; candidiasis confirmed on microscopy.
Sees a dentist yearly.
Paints watercolors as a hobby.
Drives a car.
Latest potassium result: 5.4 mmol/L.
Zinc of 85 mcg/dL in 2007.
Pupils equal and reactive to light.
Her roommate has a lazy eye.
During a checkup in 2005, total protein was 7.0 g/dL.
Owns a bicycle.
Her friend has recovered from a dislocated finger.
Her wife lives with psoriasis.
Random glucose 92 mg/dL.
Prefers morning appointments.
Free T4 of 1.2 ng/dL in 2012.
In 2023, folate was 12 ng/mL.
Prefers to be addressed by first name.
Sleeps seven hours a night.
Her uncle wears contact lenses.
Lives in a second-floor apartment.",,,,
author4,8,rule_v1/test_hard,rule_v1.test.gs123.c2.negation.long.268,negation,long,flip,"For vaginal candidiasis, prescribe oral fluconazole. If at least two of the following apply, prescribe clotrimazole pessaries instead: the patient is currently taking aspirin; the patient or a first-degree relative (parent, sibling or child) has had diabetes at any time; the current serum potassium is above 5.0 mmol/L.",Prescribe oral fluconazole.,Prescribe clotrimazole pessaries.,s',patient: serum potassium = 5.4; present; current | patient: diabetes (patient or first-degree relative); present; past (2014),"Female patient of 43 years.
Vaginal itching and discharge; candidiasis confirmed on microscopy.
Sees a dentist yearly.
Paints watercolors as a hobby.
Drives a car.
Latest potassium result: 5.4 mmol/L.
Zinc of 85 mcg/dL in 2007.
Pupils equal and reactive to light.
Her roommate has a lazy eye.
During a checkup in 2005, total protein was 7.0 g/dL.
Owns a bicycle.
Her friend has recovered from a dislocated finger.
Her wife lives with psoriasis.
Formerly diabetic; in remission since 2014.
Prefers morning appointments.
Free T4 of 1.2 ng/dL in 2012.
In 2023, folate was 12 ng/mL.
Prefers to be addressed by first name.
Sleeps seven hours a night.
Her uncle wears contact lenses.
Lives in a second-floor apartment.",,,,
author4,8,rule_v1/test_hard,rule_v1.test.gs123.c2.negation.long.268,negation,long,near,"For vaginal candidiasis, prescribe oral fluconazole. If at least two of the following apply, prescribe clotrimazole pessaries instead: the patient is currently taking aspirin; the patient or a first-degree relative (parent, sibling or child) has had diabetes at any time; the current serum potassium is above 5.0 mmol/L.",Prescribe oral fluconazole.,Prescribe clotrimazole pessaries.,s,patient: serum potassium = 5.4; present; current | patient: diabetes (patient or first-degree relative); absent; current,"Female patient of 43 years.
Vaginal itching and discharge; candidiasis confirmed on microscopy.
Sees a dentist yearly.
Paints watercolors as a hobby.
Drives a car.
Latest potassium result: 5.4 mmol/L.
Zinc of 85 mcg/dL in 2007.
Pupils equal and reactive to light.
Her roommate has a lazy eye.
During a checkup in 2005, total protein was 7.0 g/dL.
Owns a bicycle.
Her friend has recovered from a dislocated finger.
Her wife lives with psoriasis.
Has never had diabetes.
Prefers morning appointments.
Free T4 of 1.2 ng/dL in 2012.
In 2023, folate was 12 ng/mL.
Prefers to be addressed by first name.
Sleeps seven hours a night.
Her uncle wears contact lenses.
Lives in a second-floor apartment.",,,,
author4,8,rule_v1/test_hard,rule_v1.test.gs123.c2.negation.long.268,negation,long,pres,"For vaginal candidiasis, prescribe oral fluconazole. If at least two of the following apply, prescribe clotrimazole pessaries instead: the patient is currently taking aspirin; the patient or a first-degree relative (parent, sibling or child) has had diabetes at any time; the current serum potassium is above 5.0 mmol/L.",Prescribe oral fluconazole.,Prescribe clotrimazole pessaries.,s,patient: serum potassium = 5.4; present; current | patient: diabetes (patient or first-degree relative); absent; current,"Woman of 43 years.
Vaginal itching and discharge; candidiasis confirmed on microscopy.
Zinc of 85 mcg/dL in 2007.
Current serum potassium 5.4 mmol/L.
In 2023, folate was 12 ng/mL.
Drives a car.
Pupils equal and reactive to light.
Paints watercolors as a hobby.
Her wife lives with psoriasis.
Prefers to be addressed by first name.
Lives in a second-floor apartment.
Her uncle wears contact lenses.
Sleeps seven hours a night.
Random glucose 92 mg/dL.
During a checkup in 2005, total protein was 7.0 g/dL.
Owns a bicycle.
Prefers morning appointments.
Her roommate has a lazy eye.
Sees a dentist yearly.
Her friend has recovered from a dislocated finger.
Free T4 of 1.2 ng/dL in 2012.",,,,
author4,12,rule_v1/test_L3inv,rule_v1.test.inv000.c2.numeric.easy.796,numeric,easy,base,"For Pallis disease, prescribe brexadol. Score 2 points if the patient has ever had heparin-induced thrombocytopenia (current or past); 1 point if the current calf swelling compared with the other leg is 3.0 cm or more; 2 points if the patient or a first-degree relative (parent, sibling or child) has had diabetes at any time. If the score is 5 or more, prescribe corlitane instead.",Prescribe brexadol.,Prescribe corlitane.,s,patient: calf swelling = 0.3; present; current | patient: diabetes (patient or first-degree relative); present; past | patient: heparin-induced thrombocytopenia; present; past (2019),"Female patient of 47 years.
Referred with Pallis disease.
Photographs local wildlife.
Paints watercolors as a hobby.
Difference in calf circumference now 0.3 cm.
Owns a bicycle.
Had diabetes years ago that went into remission on a low-calorie diet.
Formerly had heparin-induced thrombocytopenia during a hospital stay in 2019; blood counts recovered afterward.",,,,
author4,12,rule_v1/test_L3inv,rule_v1.test.inv000.c2.numeric.easy.796,numeric,easy,flip,"For Pallis disease, prescribe brexadol. Score 2 points if the patient has ever had heparin-induced thrombocytopenia (current or past); 1 point if the current calf swelling compared with the other leg is 3.0 cm or more; 2 points if the patient or a first-degree relative (parent, sibling or child) has had diabetes at any time. If the score is 5 or more, prescribe corlitane instead.",Prescribe brexadol.,Prescribe corlitane.,s',patient: calf swelling = 5.2; present; current | patient: diabetes (patient or first-degree relative); present; past | patient: heparin-induced thrombocytopenia; present; past (2019),"Female patient of 47 years.
Referred with Pallis disease.
Photographs local wildlife.
Paints watercolors as a hobby.
Difference in calf circumference now 5.2 cm.
Owns a bicycle.
Had diabetes years ago that went into remission on a low-calorie diet.
Formerly had heparin-induced thrombocytopenia during a hospital stay in 2019; blood counts recovered afterward.",,,,
author4,12,rule_v1/test_L3inv,rule_v1.test.inv000.c2.numeric.easy.796,numeric,easy,near,"For Pallis disease, prescribe brexadol. Score 2 points if the patient has ever had heparin-induced thrombocytopenia (current or past); 1 point if the current calf swelling compared with the other leg is 3.0 cm or more; 2 points if the patient or a first-degree relative (parent, sibling or child) has had diabetes at any time. If the score is 5 or more, prescribe corlitane instead.",Prescribe brexadol.,Prescribe corlitane.,s,patient: calf swelling = 2.6; present; current | patient: diabetes (patient or first-degree relative); present; past | patient: heparin-induced thrombocytopenia; present; past (2019),"Female patient of 47 years.
Referred with Pallis disease.
Photographs local wildlife.
Paints watercolors as a hobby.
Difference in calf circumference now 2.6 cm.
Owns a bicycle.
Had diabetes years ago that went into remission on a low-calorie diet.
Formerly had heparin-induced thrombocytopenia during a hospital stay in 2019; blood counts recovered afterward.",,,,
author4,12,rule_v1/test_L3inv,rule_v1.test.inv000.c2.numeric.easy.796,numeric,easy,pres,"For Pallis disease, prescribe brexadol. Score 2 points if the patient has ever had heparin-induced thrombocytopenia (current or past); 1 point if the current calf swelling compared with the other leg is 3.0 cm or more; 2 points if the patient or a first-degree relative (parent, sibling or child) has had diabetes at any time. If the score is 5 or more, prescribe corlitane instead.",Prescribe brexadol.,Prescribe corlitane.,s,patient: calf swelling = 0.3; present; current | patient: heparin-induced thrombocytopenia; present; past (2019) | patient: diabetes (patient or first-degree relative); present; past,"Woman of 47 years.
Referred with Pallis disease.
Photographs local wildlife.
Current calf swelling 0.3 cm compared with the other leg.
Formerly had heparin-induced thrombocytopenia during a hospital stay in 2019; blood counts recovered afterward.
Owns a bicycle.
Had diabetes years ago that went into remission on a low-calorie diet.
Paints watercolors as a hobby.",,,,
author4,16,rule_v1/test_L2,rule_v1.test.gs209.c3.numeric.easy.1864,numeric,easy,base,"For vaginal candidiasis, prescribe oral fluconazole. If at least two of the following apply, prescribe clotrimazole pessaries instead: the age of the patient is 70 years or more; the patient has ever had a peptic ulcer (current or past); the current heart rate is above 90/min.",Prescribe oral fluconazole.,Prescribe clotrimazole pessaries.,s,patient: heart rate = 65; present; current | patient: peptic ulcer at any time; present; past | patient: age = 61; present; current,"Woman, adult.
Vaginal itching and discharge; candidiasis confirmed on microscopy.
Heart rate now 65/min on a pulse check.
Duodenal ulcer years ago; recovered fully with treatment.
Currently aged 61 years.
Prefers morning appointments.",,,,
author4,16,rule_v1/test_L2,rule_v1.test.gs209.c3.numeric.easy.1864,numeric,easy,flip,"For vaginal candidiasis, prescribe oral fluconazole. If at least two of the following apply, prescribe clotrimazole pessaries instead: the age of the patient is 70 years or more; the patient has ever had a peptic ulcer (current or past); the current heart rate is above 90/min.",Prescribe oral fluconazole.,Prescribe clotrimazole pessaries.,s',patient: heart rate = 101; present; current | patient: peptic ulcer at any time; present; past | patient: age = 61; present; current,"Woman, adult.
Vaginal itching and discharge; candidiasis confirmed on microscopy.
Heart rate now 101/min on a pulse check.
Duodenal ulcer years ago; recovered fully with treatment.
Currently aged 61 years.
Prefers morning appointments.",,,,
author4,16,rule_v1/test_L2,rule_v1.test.gs209.c3.numeric.easy.1864,numeric,easy,near,"For vaginal candidiasis, prescribe oral fluconazole. If at least two of the following apply, prescribe clotrimazole pessaries instead: the age of the patient is 70 years or more; the patient has ever had a peptic ulcer (current or past); the current heart rate is above 90/min.",Prescribe oral fluconazole.,Prescribe clotrimazole pessaries.,s,patient: heart rate = 87; present; current | patient: peptic ulcer at any time; present; past | patient: age = 61; present; current,"Woman, adult.
Vaginal itching and discharge; candidiasis confirmed on microscopy.
Heart rate now 87/min on a pulse check.
Duodenal ulcer years ago; recovered fully with treatment.
Currently aged 61 years.
Prefers morning appointments.",,,,
author4,16,rule_v1/test_L2,rule_v1.test.gs209.c3.numeric.easy.1864,numeric,easy,pres,"For vaginal candidiasis, prescribe oral fluconazole. If at least two of the following apply, prescribe clotrimazole pessaries instead: the age of the patient is 70 years or more; the patient has ever had a peptic ulcer (current or past); the current heart rate is above 90/min.",Prescribe oral fluconazole.,Prescribe clotrimazole pessaries.,s,patient: heart rate = 65; present; current | patient: peptic ulcer at any time; present; past | patient: age = 61; present; current,"An adult woman.
Vaginal itching and discharge; candidiasis confirmed on microscopy.
Current heart rate 65/min.
Prefers morning appointments.
Duodenal ulcer years ago; recovered fully with treatment.
Current age 61 years.",,,,
author4,20,rule_v1/test_L2,rule_v1.test.s3_aims65.ams.negation.easy.1763,negation,easy,base,"AIMS65 (as used here, partial): 1 point each for a current international normalized ratio (INR) above 1.5; current altered mental status (confusion or disorientation); a current systolic blood pressure of 90 mmHg or less; age 65 years or more. Other AIMS65 items are not part of this question.",The altered mental status criterion contributes 0 points.,The altered mental status criterion contributes 1 point.,s,patient: age = 42; present; current | patient: systolic blood pressure = 118; present; current | patient: international normalized ratio = 1.0; present; current,"An adult man.
Upper gastrointestinal bleeding with black stools; admitted for endoscopy.
Prefers morning appointments.
Owns a bicycle.
Current age 42 years.
Current systolic blood pressure 118 mmHg.
Latest international normalized ratio (INR): 1.0.",,,,
author4,20,rule_v1/test_L2,rule_v1.test.s3_aims65.ams.negation.easy.1763,negation,easy,flip,"AIMS65 (as used here, partial): 1 point each for a current international normalized ratio (INR) above 1.5; current altered mental status (confusion or disorientation); a current systolic blood pressure of 90 mmHg or less; age 65 years or more. Other AIMS65 items are not part of this question.",The altered mental status criterion contributes 0 points.,The altered mental status criterion contributes 1 point.,s',patient: age = 42; present; current | patient: systolic blood pressure = 118; present; current | patient: international normalized ratio = 1.0; present; current | patient: altered mental status; present; current,"An adult man.
Upper gastrointestinal bleeding with black stools; admitted for endoscopy.
Prefers morning appointments.
Owns a bicycle.
Current age 42 years.
Current systolic blood pressure 118 mmHg.
Latest international normalized ratio (INR): 1.0.
Newly disoriented and unable to give a clear history.",,,,
author4,20,rule_v1/test_L2,rule_v1.test.s3_aims65.ams.negation.easy.1763,negation,easy,near,"AIMS65 (as used here, partial): 1 point each for a current international normalized ratio (INR) above 1.5; current altered mental status (confusion or disorientation); a current systolic blood pressure of 90 mmHg or less; age 65 years or more. Other AIMS65 items are not part of this question.",The altered mental status criterion contributes 0 points.,The altered mental status criterion contributes 1 point.,s,patient: age = 42; present; current | patient: systolic blood pressure = 118; present; current | patient: international normalized ratio = 1.0; present; current | patient: altered mental status; absent; current,"An adult man.
Upper gastrointestinal bleeding with black stools; admitted for endoscopy.
Prefers morning appointments.
Owns a bicycle.
Current age 42 years.
Current systolic blood pressure 118 mmHg.
Latest international normalized ratio (INR): 1.0.
Confusion absent; answers questions appropriately.",,,,
author4,20,rule_v1/test_L2,rule_v1.test.s3_aims65.ams.negation.easy.1763,negation,easy,pres,"AIMS65 (as used here, partial): 1 point each for a current international normalized ratio (INR) above 1.5; current altered mental status (confusion or disorientation); a current systolic blood pressure of 90 mmHg or less; age 65 years or more. Other AIMS65 items are not part of this question.",The altered mental status criterion contributes 0 points.,The altered mental status criterion contributes 1 point.,s,patient: international normalized ratio = 1.0; present; current | patient: age = 42; present; current | patient: systolic blood pressure = 118; present; current,"Man, adult.
Upper gastrointestinal bleeding with black stools; admitted for endoscopy.
Prefers morning appointments.
Current international normalized ratio 1.0.
Owns a bicycle.
Currently aged 42 years.
Observations now: blood pressure 118/80 mmHg.",,,,
author4,24,rule_v1/test_hard,rule_v1.test.cut_bleed.bleed.subject.long.789,subject,long,base,"For dual antiplatelet therapy after a myocardial infarction, prescribe aspirin plus ticagrelor. Score 2 points for a major bleeding event at any time; 1 point for age 75 years or more; 1 point for a current eGFR below 30 mL/min/1.73 m2. If the score is 2 or more, prescribe aspirin plus clopidogrel instead.",Prescribe aspirin plus ticagrelor.,Prescribe aspirin plus clopidogrel.,s,patient: age = 79; present; current | patient: bleeding history; absent; current | patient: eGFR = 64; present; current,"Woman, adult.
Recovering on the ward after a myocardial infarction treated with a stent.
Currently aged 79 years.
Plays the piano.
Her sister sprained a thumb last month.
Her wife has recovered from a dislocated finger.
In 2011, folate was 12 ng/mL.
Paints watercolors as a hobby.
Prefers morning appointments.
Owns a bicycle.
Drives a car.
Examination shows no signs of blood loss.
Free T4 of 1.2 ng/dL in 2016.
Uses sunscreen in summer.
Current eGFR 64 mL/min/1.73 m2.
Sleeps seven hours a night.
Prefers to be addressed by first name.
Knits as a hobby.
Sees a dentist yearly.
During a checkup in 2020, total protein was 7.0 g/dL.",,,,
author4,24,rule_v1/test_hard,rule_v1.test.cut_bleed.bleed.subject.long.789,subject,long,flip,"For dual antiplatelet therapy after a myocardial infarction, prescribe aspirin plus ticagrelor. Score 2 points for a major bleeding event at any time; 1 point for age 75 years or more; 1 point for a current eGFR below 30 mL/min/1.73 m2. If the score is 2 or more, prescribe aspirin plus clopidogrel instead.",Prescribe aspirin plus ticagrelor.,Prescribe aspirin plus clopidogrel.,s',patient: age = 79; present; current | patient: bleeding history; present; current | patient: eGFR = 64; present; current,"Woman, adult.
Recovering on the ward after a myocardial infarction treated with a stent.
Currently aged 79 years.
Plays the piano.
Her sister sprained a thumb last month.
Her wife has recovered from a dislocated finger.
In 2011, folate was 12 ng/mL.
Paints watercolors as a hobby.
Prefers morning appointments.
Owns a bicycle.
Drives a car.
Currently has a major bleed from a duodenal ulcer, with transfusion under way.
Free T4 of 1.2 ng/dL in 2016.
Uses sunscreen in summer.
Current eGFR 64 mL/min/1.73 m2.
Sleeps seven hours a night.
Prefers to be addressed by first name.
Knits as a hobby.
Sees a dentist yearly.
During a checkup in 2020, total protein was 7.0 g/dL.",,,,
author4,24,rule_v1/test_hard,rule_v1.test.cut_bleed.bleed.subject.long.789,subject,long,near,"For dual antiplatelet therapy after a myocardial infarction, prescribe aspirin plus ticagrelor. Score 2 points for a major bleeding event at any time; 1 point for age 75 years or more; 1 point for a current eGFR below 30 mL/min/1.73 m2. If the score is 2 or more, prescribe aspirin plus clopidogrel instead.",Prescribe aspirin plus ticagrelor.,Prescribe aspirin plus clopidogrel.,s,patient: age = 79; present; current | friend: bleeding history; present; current | patient: eGFR = 64; present; current,"Woman, adult.
Recovering on the ward after a myocardial infarction treated with a stent.
Currently aged 79 years.
Plays the piano.
Her sister sprained a thumb last month.
Her wife has recovered from a dislocated finger.
In 2011, folate was 12 ng/mL.
Paints watercolors as a hobby.
Prefers morning appointments.
Owns a bicycle.
Drives a car.
Her friend has major bleeding from the bowel at present.
Free T4 of 1.2 ng/dL in 2016.
Uses sunscreen in summer.
Current eGFR 64 mL/min/1.73 m2.
Sleeps seven hours a night.
Prefers to be addressed by first name.
Knits as a hobby.
Sees a dentist yearly.
During a checkup in 2020, total protein was 7.0 g/dL.",,,,
author4,24,rule_v1/test_hard,rule_v1.test.cut_bleed.bleed.subject.long.789,subject,long,pres,"For dual antiplatelet therapy after a myocardial infarction, prescribe aspirin plus ticagrelor. Score 2 points for a major bleeding event at any time; 1 point for age 75 years or more; 1 point for a current eGFR below 30 mL/min/1.73 m2. If the score is 2 or more, prescribe aspirin plus clopidogrel instead.",Prescribe aspirin plus ticagrelor.,Prescribe aspirin plus clopidogrel.,s,patient: bleeding history; absent; current | patient: age = 79; present; current | patient: eGFR = 64; present; current,"An adult woman.
Recovering on the ward after a myocardial infarction treated with a stent.
Paints watercolors as a hobby.
Uses sunscreen in summer.
Sees a dentist yearly.
Drives a car.
Sleeps seven hours a night.
Examination shows no signs of blood loss.
Her sister sprained a thumb last month.
Prefers morning appointments.
During a checkup in 2020, total protein was 7.0 g/dL.
Free T4 of 1.2 ng/dL in 2016.
Prefers to be addressed by first name.
Current age 79 years.
Plays the piano.
Owns a bicycle.
In 2011, folate was 12 ng/mL.
Knits as a hobby.
eGFR now 64 mL/min/1.73 m2.
Her wife has recovered from a dislocated finger.",,,,
author4,28,rule_v1/test_hard,rule_v1.test.gs157.c2.time.superseded.891,time,superseded,base,"For community-acquired pneumonia, prescribe oral amoxicillin. If at least two of the following apply, prescribe intravenous co-amoxiclav instead: the patient has ever had heart failure (current or past); the current platelet count is below 50 x10^9/L; the current temperature is above 38.0 C.",Prescribe oral amoxicillin.,Prescribe intravenous co-amoxiclav.,s,patient: temperature = 38.7; present; current | patient: platelet count = 181; present; current | patient: heart failure; absent; current | patient: platelet count = 207; present; past,"Man of 77 years.
Community-acquired pneumonia confirmed on chest radiograph.
Current temperature 38.7 C.
Current platelet count 181 x10^9/L.
Uses sunscreen in summer.
Heart sounds without a gallop.
Pupils equal and reactive to light.
Earlier this week, platelet count was 207 x10^9/L; a newer reading supersedes it.",,,,
author4,28,rule_v1/test_hard,rule_v1.test.gs157.c2.time.superseded.891,time,superseded,flip,"For community-acquired pneumonia, prescribe oral amoxicillin. If at least two of the following apply, prescribe intravenous co-amoxiclav instead: the patient has ever had heart failure (current or past); the current platelet count is below 50 x10^9/L; the current temperature is above 38.0 C.",Prescribe oral amoxicillin.,Prescribe intravenous co-amoxiclav.,s',patient: temperature = 38.7; present; current | patient: platelet count = 31; present; current | patient: heart failure; absent; current | patient: platelet count = 207; present; past,"Man of 77 years.
Community-acquired pneumonia confirmed on chest radiograph.
Current temperature 38.7 C.
Current platelet count 31 x10^9/L.
Uses sunscreen in summer.
Heart sounds without a gallop.
Pupils equal and reactive to light.
Earlier this week, platelet count was 207 x10^9/L; a newer reading supersedes it.",,,,
author4,28,rule_v1/test_hard,rule_v1.test.gs157.c2.time.superseded.891,time,superseded,near,"For community-acquired pneumonia, prescribe oral amoxicillin. If at least two of the following apply, prescribe intravenous co-amoxiclav instead: the patient has ever had heart failure (current or past); the current platelet count is below 50 x10^9/L; the current temperature is above 38.0 C.",Prescribe oral amoxicillin.,Prescribe intravenous co-amoxiclav.,s,patient: temperature = 38.7; present; current | patient: platelet count = 181; present; current | patient: heart failure; absent; current | patient: platelet count = 44; present; past,"Man of 77 years.
Community-acquired pneumonia confirmed on chest radiograph.
Current temperature 38.7 C.
Current platelet count 181 x10^9/L.
Uses sunscreen in summer.
Heart sounds without a gallop.
Pupils equal and reactive to light.
Earlier this week, platelet count was 44 x10^9/L; a newer reading supersedes it.",,,,
author4,28,rule_v1/test_hard,rule_v1.test.gs157.c2.time.superseded.891,time,superseded,pres,"For community-acquired pneumonia, prescribe oral amoxicillin. If at least two of the following apply, prescribe intravenous co-amoxiclav instead: the patient has ever had heart failure (current or past); the current platelet count is below 50 x10^9/L; the current temperature is above 38.0 C.",Prescribe oral amoxicillin.,Prescribe intravenous co-amoxiclav.,s,patient: temperature = 38.7; present; current | patient: heart failure; absent; current | patient: platelet count = 181; present; current | patient: platelet count = 207; present; past,"Male patient of 77 years.
Community-acquired pneumonia confirmed on chest radiograph.
Pupils equal and reactive to light.
Temperature now 38.7 C (tympanic).
Uses sunscreen in summer.
Heart sounds without a gallop.
Platelet count now 181 x10^9/L.
Earlier this week, platelet count was 207 x10^9/L; a newer reading supersedes it.",,,,
author4,32,rule_v1/test_L3alt,rule_v1.test.hf_spironolactone.k.time.alt.1,time,alt,base,"For heart failure with reduced ejection fraction, add spironolactone. If the current serum potassium is above 4.5 mmol/L, add dapagliflozin instead.",Add spironolactone.,Add dapagliflozin.,s,patient: potassium = 4.2; present; past (2017) | patient: potassium = 4.1; present; current,"Woman of 46 years.
Heart failure with reduced ejection fraction (ejection fraction 30%), still symptomatic.
Drives a car.
Prefers to be addressed by first name.
Back in 2017, serum potassium stood at 4.2 mmol/L.
Prefers morning appointments.
Current serum potassium 4.1 mmol/L.
Enjoys board games.",,,,
author4,32,rule_v1/test_L3alt,rule_v1.test.hf_spironolactone.k.time.alt.1,time,alt,flip,"For heart failure with reduced ejection fraction, add spironolactone. If the current serum potassium is above 4.5 mmol/L, add dapagliflozin instead.",Add spironolactone.,Add dapagliflozin.,s',patient: potassium = 4.2; present; past (2017) | patient: potassium = 5.0; present; current,"Woman of 46 years.
Heart failure with reduced ejection fraction (ejection fraction 30%), still symptomatic.
Drives a car.
Prefers to be addressed by first name.
Back in 2017, serum potassium stood at 4.2 mmol/L.
Prefers morning appointments.
Current serum potassium 5.0 mmol/L.
Enjoys board games.",,,,
author4,32,rule_v1/test_L3alt,rule_v1.test.hf_spironolactone.k.time.alt.1,time,alt,near,"For heart failure with reduced ejection fraction, add spironolactone. If the current serum potassium is above 4.5 mmol/L, add dapagliflozin instead.",Add spironolactone.,Add dapagliflozin.,s,patient: potassium = 5.3; present; past (2017) | patient: potassium = 4.1; present; current,"Woman of 46 years.
Heart failure with reduced ejection fraction (ejection fraction 30%), still symptomatic.
Drives a car.
Prefers to be addressed by first name.
Back in 2017, serum potassium stood at 5.3 mmol/L.
Prefers morning appointments.
Current serum potassium 4.1 mmol/L.
Enjoys board games.",,,,
author4,32,rule_v1/test_L3alt,rule_v1.test.hf_spironolactone.k.time.alt.1,time,alt,pres,"For heart failure with reduced ejection fraction, add spironolactone. If the current serum potassium is above 4.5 mmol/L, add dapagliflozin instead.",Add spironolactone.,Add dapagliflozin.,s,patient: potassium = 4.2; present; past (2017) | patient: potassium = 4.1; present; current,"Female patient of 46 years.
Heart failure with reduced ejection fraction (ejection fraction 30%), still symptomatic.
Prefers to be addressed by first name.
Prefers morning appointments.
Records from 2017 list serum potassium at 4.2 mmol/L.
Latest potassium result: 4.1 mmol/L.
Drives a car.
Enjoys board games.",,,,
author4,36,rule_v1/test_L2,rule_v1.test.gs118.c3.time.easy.1067,time,easy,base,"For heart failure with reduced ejection fraction, prescribe spironolactone. Score 2 points if the current white cell count is above 12.0 x10^9/L; 3 points if the patient has ever had angioedema (current or past); 2 points if the current eGFR is below 45 mL/min/1.73 m2; 1 point if the current heart rate is above 90/min. If the score is 4 or more, prescribe dapagliflozin instead.",Prescribe spironolactone.,Prescribe dapagliflozin.,s,patient: eGFR = 52; present; past (2017) | patient: angioedema; absent; current | patient: white cell count = 12.6; present; current | patient: eGFR = 69; present; current | patient: heart rate = 63; present; current,"Man of 51 years.
Heart failure with reduced ejection fraction (ejection fraction 30%), still symptomatic.
Records from 2017 list eGFR at 52 mL/min/1.73 m2.
Has two cats.
Face and neck without swelling on examination.
Latest WBC is 12.6 x10^9/L.
Pupils equal and reactive to light.
Current eGFR 69 mL/min/1.73 m2.
Uses sunscreen in summer.
Sees a dentist yearly.
Heart rate now 63/min on a pulse check.",,,,
author4,36,rule_v1/test_L2,rule_v1.test.gs118.c3.time.easy.1067,time,easy,flip,"For heart failure with reduced ejection fraction, prescribe spironolactone. Score 2 points if the current white cell count is above 12.0 x10^9/L; 3 points if the patient has ever had angioedema (current or past); 2 points if the current eGFR is below 45 mL/min/1.73 m2; 1 point if the current heart rate is above 90/min. If the score is 4 or more, prescribe dapagliflozin instead.",Prescribe spironolactone.,Prescribe dapagliflozin.,s',patient: eGFR = 52; present; past (2017) | patient: angioedema; absent; current | patient: white cell count = 12.6; present; current | patient: eGFR = 40; present; current | patient: heart rate = 63; present; current,"Man of 51 years.
Heart failure with reduced ejection fraction (ejection fraction 30%), still symptomatic.
Records from 2017 list eGFR at 52 mL/min/1.73 m2.
Has two cats.
Face and neck without swelling on examination.
Latest WBC is 12.6 x10^9/L.
Pupils equal and reactive to light.
Current eGFR 40 mL/min/1.73 m2.
Uses sunscreen in summer.
Sees a dentist yearly.
Heart rate now 63/min on a pulse check.",,,,
author4,36,rule_v1/test_L2,rule_v1.test.gs118.c3.time.easy.1067,time,easy,near,"For heart failure with reduced ejection fraction, prescribe spironolactone. Score 2 points if the current white cell count is above 12.0 x10^9/L; 3 points if the patient has ever had angioedema (current or past); 2 points if the current eGFR is below 45 mL/min/1.73 m2; 1 point if the current heart rate is above 90/min. If the score is 4 or more, prescribe dapagliflozin instead.",Prescribe spironolactone.,Prescribe dapagliflozin.,s,patient: eGFR = 35; present; past (2017) | patient: angioedema; absent; current | patient: white cell count = 12.6; present; current | patient: eGFR = 69; present; current | patient: heart rate = 63; present; current,"Man of 51 years.
Heart failure with reduced ejection fraction (ejection fraction 30%), still symptomatic.
Records from 2017 list eGFR at 35 mL/min/1.73 m2.
Has two cats.
Face and neck without swelling on examination.
Latest WBC is 12.6 x10^9/L.
Pupils equal and reactive to light.
Current eGFR 69 mL/min/1.73 m2.
Uses sunscreen in summer.
Sees a dentist yearly.
Heart rate now 63/min on a pulse check.",,,,
author4,36,rule_v1/test_L2,rule_v1.test.gs118.c3.time.easy.1067,time,easy,pres,"For heart failure with reduced ejection fraction, prescribe spironolactone. Score 2 points if the current white cell count is above 12.0 x10^9/L; 3 points if the patient has ever had angioedema (current or past); 2 points if the current eGFR is below 45 mL/min/1.73 m2; 1 point if the current heart rate is above 90/min. If the score is 4 or more, prescribe dapagliflozin instead.",Prescribe spironolactone.,Prescribe dapagliflozin.,s,patient: heart rate = 63; present; current | patient: eGFR = 69; present; current | patient: eGFR = 52; present; past (2017) | patient: white cell count = 12.6; present; current | patient: angioedema; absent; current,"Male patient of 51 years.
Heart failure with reduced ejection fraction (ejection fraction 30%), still symptomatic.
Pupils equal and reactive to light.
Current heart rate 63/min.
Uses sunscreen in summer.
Has two cats.
eGFR now 69 mL/min/1.73 m2.
Back in 2017, eGFR stood at 52 mL/min/1.73 m2.
Current white cell count 12.6 x10^9/L.
Face and neck without swelling on examination.
Sees a dentist yearly.",,,,
author4,40,rule_v1/test_L2,rule_v1.test.gs124.c3.boundary.easy.731,boundary,easy,base,"For community-acquired pneumonia, prescribe oral amoxicillin. If at least two of the following apply, prescribe intravenous co-amoxiclav instead: the patient or a first-degree relative (parent, sibling or child) has had colorectal cancer at any time; the current calf swelling compared with the other leg is 3.0 cm or more; the age of the patient is above 65 years.",Prescribe oral amoxicillin.,Prescribe intravenous co-amoxiclav.,s,patient: calf swelling = 3.5; present; current | patient: age = 47; present; current | patient: colorectal cancer (patient or first-degree relative); absent; current,"An adult man.
Community-acquired pneumonia confirmed on chest radiograph.
Difference in calf circumference now 3.5 cm.
Sees a dentist yearly.
Currently aged 47 years.
Pupils equal and reactive to light.
Hemoglobin within the normal range on recent blood tests.
Photographs local wildlife.",,,,
author4,40,rule_v1/test_L2,rule_v1.test.gs124.c3.boundary.easy.731,boundary,easy,flip,"For community-acquired pneumonia, prescribe oral amoxicillin. If at least two of the following apply, prescribe intravenous co-amoxiclav instead: the patient or a first-degree relative (parent, sibling or child) has had colorectal cancer at any time; the current calf swelling compared with the other leg is 3.0 cm or more; the age of the patient is above 65 years.",Prescribe oral amoxicillin.,Prescribe intravenous co-amoxiclav.,s',patient: calf swelling = 3.5; present; current | patient: age = 72; present; current | patient: colorectal cancer (patient or first-degree relative); absent; current,"An adult man.
Community-acquired pneumonia confirmed on chest radiograph.
Difference in calf circumference now 3.5 cm.
Sees a dentist yearly.
Currently aged 72 years.
Pupils equal and reactive to light.
Hemoglobin within the normal range on recent blood tests.
Photographs local wildlife.",,,,
author4,40,rule_v1/test_L2,rule_v1.test.gs124.c3.boundary.easy.731,boundary,easy,near,"For community-acquired pneumonia, prescribe oral amoxicillin. If at least two of the following apply, prescribe intravenous co-amoxiclav instead: the patient or a first-degree relative (parent, sibling or child) has had colorectal cancer at any time; the current calf swelling compared with the other leg is 3.0 cm or more; the age of the patient is above 65 years.",Prescribe oral amoxicillin.,Prescribe intravenous co-amoxiclav.,s,patient: calf swelling = 3.5; present; current | patient: age = 65; present; current | patient: colorectal cancer (patient or first-degree relative); absent; current,"An adult man.
Community-acquired pneumonia confirmed on chest radiograph.
Difference in calf circumference now 3.5 cm.
Sees a dentist yearly.
Currently aged 65 years.
Pupils equal and reactive to light.
Hemoglobin within the normal range on recent blood tests.
Photographs local wildlife.",,,,
author4,40,rule_v1/test_L2,rule_v1.test.gs124.c3.boundary.easy.731,boundary,easy,pres,"For community-acquired pneumonia, prescribe oral amoxicillin. If at least two of the following apply, prescribe intravenous co-amoxiclav instead: the patient or a first-degree relative (parent, sibling or child) has had colorectal cancer at any time; the current calf swelling compared with the other leg is 3.0 cm or more; the age of the patient is above 65 years.",Prescribe oral amoxicillin.,Prescribe intravenous co-amoxiclav.,s,patient: colorectal cancer (patient or first-degree relative); absent; current | patient: calf swelling = 3.5; present; current | patient: age = 47; present; current,"Man, adult.
Community-acquired pneumonia confirmed on chest radiograph.
Hemoglobin within the normal range on recent blood tests.
Pupils equal and reactive to light.
Current calf swelling 3.5 cm compared with the other leg.
Photographs local wildlife.
Sees a dentist yearly.
Current age 47 years.",,,,
author4,40,rule_v1/test_L2,rule_v1.test.gs124.c3.boundary.easy.731,boundary,easy,missing,"For community-acquired pneumonia, prescribe oral amoxicillin. If at least two of the following apply, prescribe intravenous co-amoxiclav instead: the patient or a first-degree relative (parent, sibling or child) has had colorectal cancer at any time; the current calf swelling compared with the other leg is 3.0 cm or more; the age of the patient is above 65 years.",Prescribe oral amoxicillin.,Prescribe intravenous co-amoxiclav.,neither,patient: calf swelling = 3.5; present; current | patient: colorectal cancer (patient or first-degree relative); absent; current,"An adult man.
Community-acquired pneumonia confirmed on chest radiograph.
Difference in calf circumference now 3.5 cm.
Sees a dentist yearly.
Pupils equal and reactive to light.
Hemoglobin within the normal range on recent blood tests.
Photographs local wildlife.",,,,
author4,44,rule_v1/test_L2,rule_v1.test.gs245.c3.numeric.easy.1772,numeric,easy,base,"For newly diagnosed type 2 diabetes, prescribe metformin. If at least two of the following apply, prescribe sitagliptin instead: the patient has ever had heart failure (current or past); the patient has an active peptic ulcer; the age of the patient is 65 years or more.",Prescribe metformin.,Prescribe sitagliptin.,s,patient: age = 58; present; current | patient: active peptic ulcer; absent; current | patient: heart failure; present; current,"An adult woman.
Newly diagnosed type 2 diabetes (HbA1c 7.9%).
Sleeps seven hours a night.
Current age 58 years.
Photographs local wildlife.
Appetite good; no indigestion.
Has heart failure, treated with diuretics.
Lives in a second-floor apartment.",,,,
author4,44,rule_v1/test_L2,rule_v1.test.gs245.c3.numeric.easy.1772,numeric,easy,flip,"For newly diagnosed type 2 diabetes, prescribe metformin. If at least two of the following apply, prescribe sitagliptin instead: the patient has ever had heart failure (current or past); the patient has an active peptic ulcer; the age of the patient is 65 years or more.",Prescribe metformin.,Prescribe sitagliptin.,s',patient: age = 68; present; current | patient: active peptic ulcer; absent; current | patient: heart failure; present; current,"An adult woman.
Newly diagnosed type 2 diabetes (HbA1c 7.9%).
Sleeps seven hours a night.
Current age 68 years.
Photographs local wildlife.
Appetite good; no indigestion.
Has heart failure, treated with diuretics.
Lives in a second-floor apartment.",,,,
author4,44,rule_v1/test_L2,rule_v1.test.gs245.c3.numeric.easy.1772,numeric,easy,near,"For newly diagnosed type 2 diabetes, prescribe metformin. If at least two of the following apply, prescribe sitagliptin instead: the patient has ever had heart failure (current or past); the patient has an active peptic ulcer; the age of the patient is 65 years or more.",Prescribe metformin.,Prescribe sitagliptin.,s,patient: age = 63; present; current | patient: active peptic ulcer; absent; current | patient: heart failure; present; current,"An adult woman.
Newly diagnosed type 2 diabetes (HbA1c 7.9%).
Sleeps seven hours a night.
Current age 63 years.
Photographs local wildlife.
Appetite good; no indigestion.
Has heart failure, treated with diuretics.
Lives in a second-floor apartment.",,,,
author4,44,rule_v1/test_L2,rule_v1.test.gs245.c3.numeric.easy.1772,numeric,easy,pres,"For newly diagnosed type 2 diabetes, prescribe metformin. If at least two of the following apply, prescribe sitagliptin instead: the patient has ever had heart failure (current or past); the patient has an active peptic ulcer; the age of the patient is 65 years or more.",Prescribe metformin.,Prescribe sitagliptin.,s,patient: age = 58; present; current | patient: heart failure; present; current | patient: active peptic ulcer; absent; current,"Woman, adult.
Newly diagnosed type 2 diabetes (HbA1c 7.9%).
Currently aged 58 years.
Sleeps seven hours a night.
Lives in a second-floor apartment.
Has heart failure, treated with diuretics.
Photographs local wildlife.
Appetite good; no indigestion.",,,,
author4,48,rule_v1/test_L2,rule_v1.test.gs246.c1.boundary.long.758,boundary,long,base,"For musculoskeletal pain, prescribe ibuprofen. If at least two of the following apply, prescribe acetaminophen instead: the current white cell count is above 12.0 x10^9/L; the patient has ever had angioedema (current or past); the patient has active cancer.",Prescribe ibuprofen.,Prescribe acetaminophen.,s,patient: active cancer; absent; current | patient: angioedema; present; past | patient: white cell count = 4.5; present; current,"Man of 61 years.
Acute low back pain after lifting.
Free T4 of 1.2 ng/dL in 2011.
His wife burned a hand on a stove years ago.
His sister sprained a thumb last month.
In 2012, folate was 12 ng/mL.
His friend lives with psoriasis.
Drives a car.
Paints watercolors as a hobby.
Uses sunscreen in summer.
His father wears contact lenses.
Teeth in good repair.
Oncology follow-up: none.
An episode of angioedema years ago, with full recovery.
Owns a bicycle.
Knits as a hobby.
Plays the piano.
Latest WBC is 4.5 x10^9/L.
Sleeps seven hours a night.
During a checkup in 2010, total protein was 7.0 g/dL.",,,,
author4,48,rule_v1/test_L2,rule_v1.test.gs246.c1.boundary.long.758,boundary,long,flip,"For musculoskeletal pain, prescribe ibuprofen. If at least two of the following apply, prescribe acetaminophen instead: the current white cell count is above 12.0 x10^9/L; the patient has ever had angioedema (current or past); the patient has active cancer.",Prescribe ibuprofen.,Prescribe acetaminophen.,s',patient: active cancer; absent; current | patient: angioedema; present; past | patient: white cell count = 12.7; present; current,"Man of 61 years.
Acute low back pain after lifting.
Free T4 of 1.2 ng/dL in 2011.
His wife burned a hand on a stove years ago.
His sister sprained a thumb last month.
In 2012, folate was 12 ng/mL.
His friend lives with psoriasis.
Drives a car.
Paints watercolors as a hobby.
Uses sunscreen in summer.
His father wears contact lenses.
Teeth in good repair.
Oncology follow-up: none.
An episode of angioedema years ago, with full recovery.
Owns a bicycle.
Knits as a hobby.
Plays the piano.
Latest WBC is 12.7 x10^9/L.
Sleeps seven hours a night.
During a checkup in 2010, total protein was 7.0 g/dL.",,,,
author4,48,rule_v1/test_L2,rule_v1.test.gs246.c1.boundary.long.758,boundary,long,near,"For musculoskeletal pain, prescribe ibuprofen. If at least two of the following apply, prescribe acetaminophen instead: the current white cell count is above 12.0 x10^9/L; the patient has ever had angioedema (current or past); the patient has active cancer.",Prescribe ibuprofen.,Prescribe acetaminophen.,s,patient: active cancer; absent; current | patient: angioedema; present; past | patient: white cell count = 12.0; present; current,"Man of 61 years.
Acute low back pain after lifting.
Free T4 of 1.2 ng/dL in 2011.
His wife burned a hand on a stove years ago.
His sister sprained a thumb last month.
In 2012, folate was 12 ng/mL.
His friend lives with psoriasis.
Drives a car.
Paints watercolors as a hobby.
Uses sunscreen in summer.
His father wears contact lenses.
Teeth in good repair.
Oncology follow-up: none.
An episode of angioedema years ago, with full recovery.
Owns a bicycle.
Knits as a hobby.
Plays the piano.
Latest WBC is 12.0 x10^9/L.
Sleeps seven hours a night.
During a checkup in 2010, total protein was 7.0 g/dL.",,,,
author4,48,rule_v1/test_L2,rule_v1.test.gs246.c1.boundary.long.758,boundary,long,pres,"For musculoskeletal pain, prescribe ibuprofen. If at least two of the following apply, prescribe acetaminophen instead: the current white cell count is above 12.0 x10^9/L; the patient has ever had angioedema (current or past); the patient has active cancer.",Prescribe ibuprofen.,Prescribe acetaminophen.,s,patient: angioedema; present; past | patient: white cell count = 4.5; present; current | patient: active cancer; absent; current,"Male patient of 61 years.
Acute low back pain after lifting.
His sister sprained a thumb last month.
Free T4 of 1.2 ng/dL in 2011.
Sleeps seven hours a night.
Drives a car.
His friend lives with psoriasis.
Plays the piano.
His father wears contact lenses.
Owns a bicycle.
Uses sunscreen in summer.
An episode of angioedema years ago, with full recovery.
Knits as a hobby.
Current white cell count 4.5 x10^9/L.
During a checkup in 2010, total protein was 7.0 g/dL.
Paints watercolors as a hobby.
His wife burned a hand on a stove years ago.
In 2012, folate was 12 ng/mL.
Oncology follow-up: none.
Teeth in good repair.",,,,
author4,48,rule_v1/test_L2,rule_v1.test.gs246.c1.boundary.long.758,boundary,long,missing,"For musculoskeletal pain, prescribe ibuprofen. If at least two of the following apply, prescribe acetaminophen instead: the current white cell count is above 12.0 x10^9/L; the patient has ever had angioedema (current or past); the patient has active cancer.",Prescribe ibuprofen.,Prescribe acetaminophen.,neither,patient: active cancer; absent; current | patient: angioedema; present; past,"Man of 61 years.
Acute low back pain after lifting.
Free T4 of 1.2 ng/dL in 2011.
His wife burned a hand on a stove years ago.
His sister sprained a thumb last month.
In 2012, folate was 12 ng/mL.
His friend lives with psoriasis.
Drives a car.
Paints watercolors as a hobby.
Uses sunscreen in summer.
His father wears contact lenses.
Teeth in good repair.
Oncology follow-up: none.
An episode of angioedema years ago, with full recovery.
Owns a bicycle.
Knits as a hobby.
Plays the piano.
Sleeps seven hours a night.
During a checkup in 2010, total protein was 7.0 g/dL.",,,,
author4,52,rule_v1/test_L3alt,rule_v1.test.t2d_metformin.egfr.numeric.alt.939,numeric,alt,base,"For newly diagnosed type 2 diabetes, start metformin. If the patient's current eGFR is below 45 mL/min/1.73 m2, start sitagliptin instead.",Start metformin.,Start sitagliptin.,s,patient: eGFR = 58; present; current,"Male patient of 47 years.
Newly diagnosed type 2 diabetes (HbA1c 7.9%).
Current eGFR 58 mL/min/1.73 m2.
Sleeps seven hours a night.
Sees a dentist yearly.",,,,
author4,52,rule_v1/test_L3alt,rule_v1.test.t2d_metformin.egfr.numeric.alt.939,numeric,alt,flip,"For newly diagnosed type 2 diabetes, start metformin. If the patient's current eGFR is below 45 mL/min/1.73 m2, start sitagliptin instead.",Start metformin.,Start sitagliptin.,s',patient: eGFR = 34; present; current,"Male patient of 47 years.
Newly diagnosed type 2 diabetes (HbA1c 7.9%).
Current eGFR 34 mL/min/1.73 m2.
Sleeps seven hours a night.
Sees a dentist yearly.",,,,
author4,52,rule_v1/test_L3alt,rule_v1.test.t2d_metformin.egfr.numeric.alt.939,numeric,alt,near,"For newly diagnosed type 2 diabetes, start metformin. If the patient's current eGFR is below 45 mL/min/1.73 m2, start sitagliptin instead.",Start metformin.,Start sitagliptin.,s,patient: eGFR = 50; present; current,"Male patient of 47 years.
Newly diagnosed type 2 diabetes (HbA1c 7.9%).
Current eGFR 50 mL/min/1.73 m2.
Sleeps seven hours a night.
Sees a dentist yearly.",,,,
author4,52,rule_v1/test_L3alt,rule_v1.test.t2d_metformin.egfr.numeric.alt.939,numeric,alt,pres,"For newly diagnosed type 2 diabetes, start metformin. If the patient's current eGFR is below 45 mL/min/1.73 m2, start sitagliptin instead.",Start metformin.,Start sitagliptin.,s,patient: eGFR = 58; present; current,"Man of 47 years.
Newly diagnosed type 2 diabetes (HbA1c 7.9%).
Sees a dentist yearly.
Sleeps seven hours a night.
eGFR now 58 mL/min/1.73 m2.",,,,
author4,56,rule_v1/test_L2,rule_v1.test.gs216.c2.negation.easy.1337,negation,easy,base,"For primary prevention, prescribe atorvastatin. If the age of the patient is 75 years or more and the patient has ever had a venous thromboembolism (current or past), prescribe ezetimibe instead.",Prescribe atorvastatin.,Prescribe ezetimibe.,s,patient: age = 80; present; current | patient: venous thromboembolism; absent; current,"An adult woman.
Primary prevention; LDL cholesterol 182 mg/dL.
Current age 80 years.
Varicose veins: none seen.
Drives a car.
Pupils equal and reactive to light.
Lives in a second-floor apartment.",,,,
author4,56,rule_v1/test_L2,rule_v1.test.gs216.c2.negation.easy.1337,negation,easy,flip,"For primary prevention, prescribe atorvastatin. If the age of the patient is 75 years or more and the patient has ever had a venous thromboembolism (current or past), prescribe ezetimibe instead.",Prescribe atorvastatin.,Prescribe ezetimibe.,s',patient: age = 80; present; current | patient: venous thromboembolism; present; current,"An adult woman.
Primary prevention; LDL cholesterol 182 mg/dL.
Current age 80 years.
Has an acute pulmonary embolism, diagnosed this week.
Drives a car.
Pupils equal and reactive to light.
Lives in a second-floor apartment.",,,,
author4,56,rule_v1/test_L2,rule_v1.test.gs216.c2.negation.easy.1337,negation,easy,near,"For primary prevention, prescribe atorvastatin. If the age of the patient is 75 years or more and the patient has ever had a venous thromboembolism (current or past), prescribe ezetimibe instead.",Prescribe atorvastatin.,Prescribe ezetimibe.,s,patient: age = 80; present; current | patient: venous thromboembolism; absent; current,"An adult woman.
Primary prevention; LDL cholesterol 182 mg/dL.
Current age 80 years.
Has never had a DVT or pulmonary embolism, nor has any parent, sibling or child.
Drives a car.
Pupils equal and reactive to light.
Lives in a second-floor apartment.",,,,
author4,56,rule_v1/test_L2,rule_v1.test.gs216.c2.negation.easy.1337,negation,easy,pres,"For primary prevention, prescribe atorvastatin. If the age of the patient is 75 years or more and the patient has ever had a venous thromboembolism (current or past), prescribe ezetimibe instead.",Prescribe atorvastatin.,Prescribe ezetimibe.,s,patient: venous thromboembolism; absent; current | patient: age = 80; present; current,"Woman, adult.
Primary prevention; LDL cholesterol 182 mg/dL.
Varicose veins: none seen.
Currently aged 80 years.
Pupils equal and reactive to light.
Drives a car.
Lives in a second-floor apartment.",,,,
author4,60,rule_v1/test_hard,rule_v1.test.gs001.c1.numeric.long.631,numeric,long,base,"For contraception, prescribe a combined oral contraceptive. Score 1 point if the current platelet count is below 50 x10^9/L; 1 point if the patient is currently taking warfarin; 1 point if the patient has ever had diabetes (current or past); 3 points if the patient currently has a mechanical heart valve. If the score is 5 or more, prescribe a progestin-only pill instead.",Prescribe a combined oral contraceptive.,Prescribe a progestin-only pill.,s,patient: mechanical heart valve; present; current | patient: platelet count = 315; present; current | patient: warfarin; present; current | patient: diabetes; absent; current,"Woman of 35 years.
Requests contraception.
During a checkup in 2022, free T3 was 3.2 pg/mL.
Plays the piano.
During a checkup in 2016, total protein was 7.0 g/dL.
Photographs local wildlife.
Lives in a second-floor apartment.
Lives with a mechanical aortic valve prosthesis.
Teeth in good repair.
Platelet count now 315 x10^9/L.
Sees a dentist yearly.
Zinc of 85 mcg/dL in 2022.
Pupils equal and reactive to light.
Anticoagulated with warfarin; INR checked monthly at the clinic.
Knits as a hobby.
Her roommate has a lazy eye.
Her father sprained a thumb last month.
Her wife lives with psoriasis.
In 2009, lipase was 30 U/L.
HbA1c 5.3% at a routine check.
Prefers to be addressed by first name.
Prefers morning appointments.",,,,
author4,60,rule_v1/test_hard,rule_v1.test.gs001.c1.numeric.long.631,numeric,long,flip,"For contraception, prescribe a combined oral contraceptive. Score 1 point if the current platelet count is below 50 x10^9/L; 1 point if the patient is currently taking warfarin; 1 point if the patient has ever had diabetes (current or past); 3 points if the patient currently has a mechanical heart valve. If the score is 5 or more, prescribe a progestin-only pill instead.",Prescribe a combined oral contraceptive.,Prescribe a progestin-only pill.,s',patient: mechanical heart valve; present; current | patient: platelet count = 40; present; current | patient: warfarin; present; current | patient: diabetes; absent; current,"Woman of 35 years.
Requests contraception.
During a checkup in 2022, free T3 was 3.2 pg/mL.
Plays the piano.
During a checkup in 2016, total protein was 7.0 g/dL.
Photographs local wildlife.
Lives in a second-floor apartment.
Lives with a mechanical aortic valve prosthesis.
Teeth in good repair.
Platelet count now 40 x10^9/L.
Sees a dentist yearly.
Zinc of 85 mcg/dL in 2022.
Pupils equal and reactive to light.
Anticoagulated with warfarin; INR checked monthly at the clinic.
Knits as a hobby.
Her roommate has a lazy eye.
Her father sprained a thumb last month.
Her wife lives with psoriasis.
In 2009, lipase was 30 U/L.
HbA1c 5.3% at a routine check.
Prefers to be addressed by first name.
Prefers morning appointments.",,,,
author4,60,rule_v1/test_hard,rule_v1.test.gs001.c1.numeric.long.631,numeric,long,near,"For contraception, prescribe a combined oral contraceptive. Score 1 point if the current platelet count is below 50 x10^9/L; 1 point if the patient is currently taking warfarin; 1 point if the patient has ever had diabetes (current or past); 3 points if the patient currently has a mechanical heart valve. If the score is 5 or more, prescribe a progestin-only pill instead.",Prescribe a combined oral contraceptive.,Prescribe a progestin-only pill.,s,patient: mechanical heart valve; present; current | patient: platelet count = 55; present; current | patient: warfarin; present; current | patient: diabetes; absent; current,"Woman of 35 years.
Requests contraception.
During a checkup in 2022, free T3 was 3.2 pg/mL.
Plays the piano.
During a checkup in 2016, total protein was 7.0 g/dL.
Photographs local wildlife.
Lives in a second-floor apartment.
Lives with a mechanical aortic valve prosthesis.
Teeth in good repair.
Platelet count now 55 x10^9/L.
Sees a dentist yearly.
Zinc of 85 mcg/dL in 2022.
Pupils equal and reactive to light.
Anticoagulated with warfarin; INR checked monthly at the clinic.
Knits as a hobby.
Her roommate has a lazy eye.
Her father sprained a thumb last month.
Her wife lives with psoriasis.
In 2009, lipase was 30 U/L.
HbA1c 5.3% at a routine check.
Prefers to be addressed by first name.
Prefers morning appointments.",,,,
author4,60,rule_v1/test_hard,rule_v1.test.gs001.c1.numeric.long.631,numeric,long,pres,"For contraception, prescribe a combined oral contraceptive. Score 1 point if the current platelet count is below 50 x10^9/L; 1 point if the patient is currently taking warfarin; 1 point if the patient has ever had diabetes (current or past); 3 points if the patient currently has a mechanical heart valve. If the score is 5 or more, prescribe a progestin-only pill instead.",Prescribe a combined oral contraceptive.,Prescribe a progestin-only pill.,s,patient: platelet count = 315; present; current | patient: diabetes; absent; current | patient: warfarin; present; current | patient: mechanical heart valve; present; current,"Female patient of 35 years.
Requests contraception.
During a checkup in 2016, total protein was 7.0 g/dL.
Pupils equal and reactive to light.
Photographs local wildlife.
Her roommate has a lazy eye.
Current platelet count 315 x10^9/L.
During a checkup in 2022, free T3 was 3.2 pg/mL.
HbA1c 5.3% at a routine check.
Lives in a second-floor apartment.
Zinc of 85 mcg/dL in 2022.
Plays the piano.
Her wife lives with psoriasis.
In 2009, lipase was 30 U/L.
Prefers to be addressed by first name.
Her father sprained a thumb last month.
Knits as a hobby.
Anticoagulated with warfarin; INR checked monthly at the clinic.
Sees a dentist yearly.
Teeth in good repair.
Lives with a mechanical aortic valve prosthesis.
Prefers morning appointments.",,,,
author4,64,rule_v1/test_L2,rule_v1.test.s1_spesi.cancer.negation.long.1209,negation,long,base,"Simplified Pulmonary Embolism Severity Index (as used here, partial): 1 point each for active cancer; a current heart rate of 110/min or more; a current systolic blood pressure below 100 mmHg; a current oxygen saturation below 90%; an age above 80 years. Other items of the index are not part of this question.",The active cancer criterion contributes 0 points.,The active cancer criterion contributes 1 point.,s,patient: active cancer; absent; current | patient: age = 62; present; current | patient: oxygen saturation = 100; present; current | patient: heart rate = 90; present; current | patient: systolic blood pressure = 121; present; current,"Man, adult.
Acute pulmonary embolism confirmed on CT pulmonary angiography.
His uncle has recovered from a dislocated finger.
In 2010, folate was 12 ng/mL.
Lives in a second-floor apartment.
Prefers morning appointments.
Plays the piano.
Weight steady over the past year.
Currently aged 62 years.
His father wears contact lenses.
Pupils equal and reactive to light.
Has two cats.
Current oxygen saturation 100%.
Heart rate now 90/min on a pulse check.
Sees a dentist yearly.
Enjoys board games.
Observations now: blood pressure 121/82 mmHg.
Photographs local wildlife.
In 2016, lipase was 30 U/L.
Sleeps seven hours a night.
His friend sprained a thumb last month.
Owns a bicycle.
Paints watercolors as a hobby.
His wife lives with psoriasis.
Uses sunscreen in summer.",,,,
author4,64,rule_v1/test_L2,rule_v1.test.s1_spesi.cancer.negation.long.1209,negation,long,flip,"Simplified Pulmonary Embolism Severity Index (as used here, partial): 1 point each for active cancer; a current heart rate of 110/min or more; a current systolic blood pressure below 100 mmHg; a current oxygen saturation below 90%; an age above 80 years. Other items of the index are not part of this question.",The active cancer criterion contributes 0 points.,The active cancer criterion contributes 1 point.,s',patient: active cancer; present; current | patient: age = 62; present; current | patient: oxygen saturation = 100; present; current | patient: heart rate = 90; present; current | patient: systolic blood pressure = 121; present; current,"Man, adult.
Acute pulmonary embolism confirmed on CT pulmonary angiography.
His uncle has recovered from a dislocated finger.
In 2010, folate was 12 ng/mL.
Lives in a second-floor apartment.
Prefers morning appointments.
Plays the piano.
Has melanoma skin cancer and is receiving treatment for it.
Currently aged 62 years.
His father wears contact lenses.
Pupils equal and reactive to light.
Has two cats.
Current oxygen saturation 100%.
Heart rate now 90/min on a pulse check.
Sees a dentist yearly.
Enjoys board games.
Observations now: blood pressure 121/82 mmHg.
Photographs local wildlife.
In 2016, lipase was 30 U/L.
Sleeps seven hours a night.
His friend sprained a thumb last month.
Owns a bicycle.
Paints watercolors as a hobby.
His wife lives with psoriasis.
Uses sunscreen in summer.",,,,
author4,64,rule_v1/test_L2,rule_v1.test.s1_spesi.cancer.negation.long.1209,negation,long,near,"Simplified Pulmonary Embolism Severity Index (as used here, partial): 1 point each for active cancer; a current heart rate of 110/min or more; a current systolic blood pressure below 100 mmHg; a current oxygen saturation below 90%; an age above 80 years. Other items of the index are not part of this question.",The active cancer criterion contributes 0 points.,The active cancer criterion contributes 1 point.,s,patient: active cancer; absent; current | patient: age = 62; present; current | patient: oxygen saturation = 100; present; current | patient: heart rate = 90; present; current | patient: systolic blood pressure = 121; present; current,"Man, adult.
Acute pulmonary embolism confirmed on CT pulmonary angiography.
His uncle has recovered from a dislocated finger.
In 2010, folate was 12 ng/mL.
Lives in a second-floor apartment.
Prefers morning appointments.
Plays the piano.
Free of cancer throughout life.
Currently aged 62 years.
His father wears contact lenses.
Pupils equal and reactive to light.
Has two cats.
Current oxygen saturation 100%.
Heart rate now 90/min on a pulse check.
Sees a dentist yearly.
Enjoys board games.
Observations now: blood pressure 121/82 mmHg.
Photographs local wildlife.
In 2016, lipase was 30 U/L.
Sleeps seven hours a night.
His friend sprained a thumb last month.
Owns a bicycle.
Paints watercolors as a hobby.
His wife lives with psoriasis.
Uses sunscreen in summer.",,,,
author4,64,rule_v1/test_L2,rule_v1.test.s1_spesi.cancer.negation.long.1209,negation,long,pres,"Simplified Pulmonary Embolism Severity Index (as used here, partial): 1 point each for active cancer; a current heart rate of 110/min or more; a current systolic blood pressure below 100 mmHg; a current oxygen saturation below 90%; an age above 80 years. Other items of the index are not part of this question.",The active cancer criterion contributes 0 points.,The active cancer criterion contributes 1 point.,s,patient: age = 62; present; current | patient: heart rate = 90; present; current | patient: active cancer; absent; current | patient: systolic blood pressure = 121; present; current | patient: oxygen saturation = 100; present; current,"An adult man.
Acute pulmonary embolism confirmed on CT pulmonary angiography.
Has two cats.
In 2016, lipase was 30 U/L.
Current age 62 years.
Pupils equal and reactive to light.
Paints watercolors as a hobby.
Sees a dentist yearly.
Current heart rate 90/min.
Weight steady over the past year.
Sleeps seven hours a night.
Plays the piano.
Current systolic blood pressure 121 mmHg.
His father wears contact lenses.
Prefers morning appointments.
Uses sunscreen in summer.
Lives in a second-floor apartment.
Photographs local wildlife.
Latest oxygen saturation reading: 100%.
His wife lives with psoriasis.
Enjoys board games.
His friend sprained a thumb last month.
Owns a bicycle.
His uncle has recovered from a dislocated finger.
In 2010, folate was 12 ng/mL.",,,,
author4,68,rule_v1/test_L3alt,rule_v1.test.c1_neutropenia.anc.numeric.alt.395,numeric,alt,base,"For a chest infection during chemotherapy, prescribe oral co-amoxiclav. If the current neutrophil count is 1.0 x10^9/L or less, prescribe intravenous piperacillin-tazobactam instead.",Prescribe oral co-amoxiclav.,Prescribe intravenous piperacillin-tazobactam.,s,patient: neutrophil count = 2.0; present; current,"Man of 60 years.
Productive cough and fever, three weeks after the most recent cycle of chemotherapy for lymphoma.
Has two cats.
Current neutrophil count 2.0 x10^9/L.",,,,
author4,68,rule_v1/test_L3alt,rule_v1.test.c1_neutropenia.anc.numeric.alt.395,numeric,alt,flip,"For a chest infection during chemotherapy, prescribe oral co-amoxiclav. If the current neutrophil count is 1.0 x10^9/L or less, prescribe intravenous piperacillin-tazobactam instead.",Prescribe oral co-amoxiclav.,Prescribe intravenous piperacillin-tazobactam.,s',patient: neutrophil count = 0.8; present; current,"Man of 60 years.
Productive cough and fever, three weeks after the most recent cycle of chemotherapy for lymphoma.
Has two cats.
Current neutrophil count 0.8 x10^9/L.",,,,
author4,68,rule_v1/test_L3alt,rule_v1.test.c1_neutropenia.anc.numeric.alt.395,numeric,alt,near,"For a chest infection during chemotherapy, prescribe oral co-amoxiclav. If the current neutrophil count is 1.0 x10^9/L or less, prescribe intravenous piperacillin-tazobactam instead.",Prescribe oral co-amoxiclav.,Prescribe intravenous piperacillin-tazobactam.,s,patient: neutrophil count = 1.1; present; current,"Man of 60 years.
Productive cough and fever, three weeks after the most recent cycle of chemotherapy for lymphoma.
Has two cats.
Current neutrophil count 1.1 x10^9/L.",,,,
author4,68,rule_v1/test_L3alt,rule_v1.test.c1_neutropenia.anc.numeric.alt.395,numeric,alt,pres,"For a chest infection during chemotherapy, prescribe oral co-amoxiclav. If the current neutrophil count is 1.0 x10^9/L or less, prescribe intravenous piperacillin-tazobactam instead.",Prescribe oral co-amoxiclav.,Prescribe intravenous piperacillin-tazobactam.,s,patient: neutrophil count = 2.0; present; current,"Male patient of 60 years.
Productive cough and fever, three weeks after the most recent cycle of chemotherapy for lymphoma.
Latest neutrophil count: 2.0 x10^9/L.
Has two cats.",,,,
author4,72,rule_v1/test_L2,rule_v1.test.gs088.c3.numeric.long.1124,numeric,long,base,"For acute sore throat, prescribe ibuprofen. If at least two of the following apply, prescribe penicillin V instead: the patient currently has tonsillar exudate; the patient has ever had a myocardial infarction or peripheral artery disease (current or past); the current white cell count is above 12.0 x10^9/L.",Prescribe ibuprofen.,Prescribe penicillin V.,s,patient: tonsillar exudate; absent; current | patient: myocardial infarction or peripheral artery disease; present; past | patient: white cell count = 7.1; present; current,"Male patient of 54 years.
Sore throat for two days.
Plays the piano.
Sleeps seven hours a night.
In 2009, folate was 12 ng/mL.
His uncle wears contact lenses.
Prefers morning appointments.
Tonsils pink and clean on inspection.
Prefers to be addressed by first name.
Owns a bicycle.
Photographs local wildlife.
Knits as a hobby.
Heart attack years ago, with full recovery.
Current white cell count 7.1 x10^9/L.
His wife has recovered from a dislocated finger.
During a checkup in 2018, total protein was 7.0 g/dL.
Has two cats.
Sees a dentist yearly.
Enjoys board games.
Drives a car.
Paints watercolors as a hobby.
His friend has a lazy eye.
Pupils equal and reactive to light.
Lives in a second-floor apartment.",,,,
author4,72,rule_v1/test_L2,rule_v1.test.gs088.c3.numeric.long.1124,numeric,long,flip,"For acute sore throat, prescribe ibuprofen. If at least two of the following apply, prescribe penicillin V instead: the patient currently has tonsillar exudate; the patient has ever had a myocardial infarction or peripheral artery disease (current or past); the current white cell count is above 12.0 x10^9/L.",Prescribe ibuprofen.,Prescribe penicillin V.,s',patient: tonsillar exudate; absent; current | patient: myocardial infarction or peripheral artery disease; present; past | patient: white cell count = 13.7; present; current,"Male patient of 54 years.
Sore throat for two days.
Plays the piano.
Sleeps seven hours a night.
In 2009, folate was 12 ng/mL.
His uncle wears contact lenses.
Prefers morning appointments.
Tonsils pink and clean on inspection.
Prefers to be addressed by first name.
Owns a bicycle.
Photographs local wildlife.
Knits as a hobby.
Heart attack years ago, with full recovery.
Current white cell count 13.7 x10^9/L.
His wife has recovered from a dislocated finger.
During a checkup in 2018, total protein was 7.0 g/dL.
Has two cats.
Sees a dentist yearly.
Enjoys board games.
Drives a car.
Paints watercolors as a hobby.
His friend has a lazy eye.
Pupils equal and reactive to light.
Lives in a second-floor apartment.",,,,
author4,72,rule_v1/test_L2,rule_v1.test.gs088.c3.numeric.long.1124,numeric,long,near,"For acute sore throat, prescribe ibuprofen. If at least two of the following apply, prescribe penicillin V instead: the patient currently has tonsillar exudate; the patient has ever had a myocardial infarction or peripheral artery disease (current or past); the current white cell count is above 12.0 x10^9/L.",Prescribe ibuprofen.,Prescribe penicillin V.,s,patient: tonsillar exudate; absent; current | patient: myocardial infarction or peripheral artery disease; present; past | patient: white cell count = 11.6; present; current,"Male patient of 54 years.
Sore throat for two days.
Plays the piano.
Sleeps seven hours a night.
In 2009, folate was 12 ng/mL.
His uncle wears contact lenses.
Prefers morning appointments.
Tonsils pink and clean on inspection.
Prefers to be addressed by first name.
Owns a bicycle.
Photographs local wildlife.
Knits as a hobby.
Heart attack years ago, with full recovery.
Current white cell count 11.6 x10^9/L.
His wife has recovered from a dislocated finger.
During a checkup in 2018, total protein was 7.0 g/dL.
Has two cats.
Sees a dentist yearly.
Enjoys board games.
Drives a car.
Paints watercolors as a hobby.
His friend has a lazy eye.
Pupils equal and reactive to light.
Lives in a second-floor apartment.",,,,
author4,72,rule_v1/test_L2,rule_v1.test.gs088.c3.numeric.long.1124,numeric,long,pres,"For acute sore throat, prescribe ibuprofen. If at least two of the following apply, prescribe penicillin V instead: the patient currently has tonsillar exudate; the patient has ever had a myocardial infarction or peripheral artery disease (current or past); the current white cell count is above 12.0 x10^9/L.",Prescribe ibuprofen.,Prescribe penicillin V.,s,patient: myocardial infarction or peripheral artery disease; present; past | patient: tonsillar exudate; absent; current | patient: white cell count = 7.1; present; current,"Man of 54 years.
Sore throat for two days.
Prefers to be addressed by first name.
Has two cats.
His wife has recovered from a dislocated finger.
Sees a dentist yearly.
Paints watercolors as a hobby.
His friend has a lazy eye.
Plays the piano.
Heart attack years ago, with full recovery.
Enjoys board games.
Sleeps seven hours a night.
Prefers morning appointments.
Pupils equal and reactive to light.
Knits as a hobby.
Tonsils pink and clean on inspection.
Lives in a second-floor apartment.
Latest WBC is 7.1 x10^9/L.
Drives a car.
His uncle wears contact lenses.
During a checkup in 2018, total protein was 7.0 g/dL.
In 2009, folate was 12 ng/mL.
Owns a bicycle.
Photographs local wildlife.",,,,
author4,76,rule_v1/test_L0,rule_v1.test.c3_glaucoma_asthma.asthma.negation.easy.589,negation,easy,base,"For primary open-angle glaucoma, prescribe timolol eye drops. If the patient has ever had asthma (current or past), prescribe latanoprost eye drops instead.",Prescribe timolol eye drops.,Prescribe latanoprost eye drops.,s,,"Female patient of 49 years.
Newly diagnosed primary open-angle glaucoma (intraocular pressure 27 mmHg in both eyes).
Drives a car.
Lives in a second-floor apartment.
Plays the piano.",,,,
author4,76,rule_v1/test_L0,rule_v1.test.c3_glaucoma_asthma.asthma.negation.easy.589,negation,easy,flip,"For primary open-angle glaucoma, prescribe timolol eye drops. If the patient has ever had asthma (current or past), prescribe latanoprost eye drops instead.",Prescribe timolol eye drops.,Prescribe latanoprost eye drops.,s',patient: asthma at any time; present; past,"Female patient of 49 years.
Newly diagnosed primary open-angle glaucoma (intraocular pressure 27 mmHg in both eyes).
Drives a car.
Lives in a second-floor apartment.
Asthma in the early school years, outgrown long ago.
Plays the piano.",,,,
author4,76,rule_v1/test_L0,rule_v1.test.c3_glaucoma_asthma.asthma.negation.easy.589,negation,easy,near,"For primary open-angle glaucoma, prescribe timolol eye drops. If the patient has ever had asthma (current or past), prescribe latanoprost eye drops instead.",Prescribe timolol eye drops.,Prescribe latanoprost eye drops.,s,patient: asthma at any time; absent; current,"Female patient of 49 years.
Newly diagnosed primary open-angle glaucoma (intraocular pressure 27 mmHg in both eyes).
Drives a car.
Lives in a second-floor apartment.
Asthma ruled out on lung function testing.
Plays the piano.",,,,
author4,76,rule_v1/test_L0,rule_v1.test.c3_glaucoma_asthma.asthma.negation.easy.589,negation,easy,pres,"For primary open-angle glaucoma, prescribe timolol eye drops. If the patient has ever had asthma (current or past), prescribe latanoprost eye drops instead.",Prescribe timolol eye drops.,Prescribe latanoprost eye drops.,s,,"Woman of 49 years.
Newly diagnosed primary open-angle glaucoma (intraocular pressure 27 mmHg in both eyes).
Plays the piano.
Drives a car.
Lives in a second-floor apartment.",,,,
author4,80,rule_v1/test_L3alt,rule_v1.test.hf_spironolactone.k.boundary.alt.828,boundary,alt,base,"For heart failure with reduced ejection fraction, add spironolactone. If the current serum potassium is above 4.5 mmol/L, add dapagliflozin instead.",Add spironolactone.,Add dapagliflozin.,s,patient: potassium = 3.8; present; current,"Woman of 69 years.
Heart failure with reduced ejection fraction (ejection fraction 30%), still symptomatic.
Paints watercolors as a hobby.
Prefers morning appointments.
Sleeps seven hours a night.
Latest potassium result: 3.8 mmol/L.
Teeth in good repair.",,,,
author4,80,rule_v1/test_L3alt,rule_v1.test.hf_spironolactone.k.boundary.alt.828,boundary,alt,flip,"For heart failure with reduced ejection fraction, add spironolactone. If the current serum potassium is above 4.5 mmol/L, add dapagliflozin instead.",Add spironolactone.,Add dapagliflozin.,s',patient: potassium = 5.0; present; current,"Woman of 69 years.
Heart failure with reduced ejection fraction (ejection fraction 30%), still symptomatic.
Paints watercolors as a hobby.
Prefers morning appointments.
Sleeps seven hours a night.
Latest potassium result: 5.0 mmol/L.
Teeth in good repair.",,,,
author4,80,rule_v1/test_L3alt,rule_v1.test.hf_spironolactone.k.boundary.alt.828,boundary,alt,near,"For heart failure with reduced ejection fraction, add spironolactone. If the current serum potassium is above 4.5 mmol/L, add dapagliflozin instead.",Add spironolactone.,Add dapagliflozin.,s,patient: potassium = 4.5; present; current,"Woman of 69 years.
Heart failure with reduced ejection fraction (ejection fraction 30%), still symptomatic.
Paints watercolors as a hobby.
Prefers morning appointments.
Sleeps seven hours a night.
Latest potassium result: 4.5 mmol/L.
Teeth in good repair.",,,,
author4,80,rule_v1/test_L3alt,rule_v1.test.hf_spironolactone.k.boundary.alt.828,boundary,alt,pres,"For heart failure with reduced ejection fraction, add spironolactone. If the current serum potassium is above 4.5 mmol/L, add dapagliflozin instead.",Add spironolactone.,Add dapagliflozin.,s,patient: potassium = 3.8; present; current,"Female patient of 69 years.
Heart failure with reduced ejection fraction (ejection fraction 30%), still symptomatic.
Current serum potassium 3.8 mmol/L.
Paints watercolors as a hobby.
Sleeps seven hours a night.
Teeth in good repair.
Prefers morning appointments.",,,,
author4,84,rule_v1/test_hard,rule_v1.test.gs113.c1.numeric.long.630,numeric,long,base,"For dual antiplatelet therapy after a myocardial infarction, prescribe aspirin plus ticagrelor. If the current serum creatinine is above 2.0 mg/dL and the patient has ever had heart failure (current or past), prescribe aspirin plus clopidogrel instead.",Prescribe aspirin plus ticagrelor.,Prescribe aspirin plus clopidogrel.,s,patient: serum creatinine = 1.1; present; current | patient: heart failure; present; past (2005),"Female patient of 83 years.
Recovering on the ward after a myocardial infarction treated with a stent.
Current serum creatinine 1.1 mg/dL.
Teeth in good repair.
Prefers to be addressed by first name.
Her friend has a lazy eye.
Her wife has recovered from a dislocated finger.
Enjoys board games.
Paints watercolors as a hobby.
During a checkup in 2009, free T3 was 3.2 pg/mL.
Sees a dentist yearly.
Lives in a second-floor apartment.
Photographs local wildlife.
Uses sunscreen in summer.
Prefers morning appointments.
Drives a car.
Has two cats.
Formerly had heart failure from stress cardiomyopathy; recovered fully in 2005 and off all heart medicines since.
In 2020, lipase was 30 U/L.
Pupils equal and reactive to light.
Her friend lives with psoriasis.
Knits as a hobby.",,,,
author4,84,rule_v1/test_hard,rule_v1.test.gs113.c1.numeric.long.630,numeric,long,flip,"For dual antiplatelet therapy after a myocardial infarction, prescribe aspirin plus ticagrelor. If the current serum creatinine is above 2.0 mg/dL and the patient has ever had heart failure (current or past), prescribe aspirin plus clopidogrel instead.",Prescribe aspirin plus ticagrelor.,Prescribe aspirin plus clopidogrel.,s',patient: serum creatinine = 2.5; present; current | patient: heart failure; present; past (2005),"Female patient of 83 years.
Recovering on the ward after a myocardial infarction treated with a stent.
Current serum creatinine 2.5 mg/dL.
Teeth in good repair.
Prefers to be addressed by first name.
Her friend has a lazy eye.
Her wife has recovered from a dislocated finger.
Enjoys board games.
Paints watercolors as a hobby.
During a checkup in 2009, free T3 was 3.2 pg/mL.
Sees a dentist yearly.
Lives in a second-floor apartment.
Photographs local wildlife.
Uses sunscreen in summer.
Prefers morning appointments.
Drives a car.
Has two cats.
Formerly had heart failure from stress cardiomyopathy; recovered fully in 2005 and off all heart medicines since.
In 2020, lipase was 30 U/L.
Pupils equal and reactive to light.
Her friend lives with psoriasis.
Knits as a hobby.",,,,
author4,84,rule_v1/test_hard,rule_v1.test.gs113.c1.numeric.long.630,numeric,long,near,"For dual antiplatelet therapy after a myocardial infarction, prescribe aspirin plus ticagrelor. If the current serum creatinine is above 2.0 mg/dL and the patient has ever had heart failure (current or past), prescribe aspirin plus clopidogrel instead.",Prescribe aspirin plus ticagrelor.,Prescribe aspirin plus clopidogrel.,s,patient: serum creatinine = 1.8; present; current | patient: heart failure; present; past (2005),"Female patient of 83 years.
Recovering on the ward after a myocardial infarction treated with a stent.
Current serum creatinine 1.8 mg/dL.
Teeth in good repair.
Prefers to be addressed by first name.
Her friend has a lazy eye.
Her wife has recovered from a dislocated finger.
Enjoys board games.
Paints watercolors as a hobby.
During a checkup in 2009, free T3 was 3.2 pg/mL.
Sees a dentist yearly.
Lives in a second-floor apartment.
Photographs local wildlife.
Uses sunscreen in summer.
Prefers morning appointments.
Drives a car.
Has two cats.
Formerly had heart failure from stress cardiomyopathy; recovered fully in 2005 and off all heart medicines since.
In 2020, lipase was 30 U/L.
Pupils equal and reactive to light.
Her friend lives with psoriasis.
Knits as a hobby.",,,,
author4,84,rule_v1/test_hard,rule_v1.test.gs113.c1.numeric.long.630,numeric,long,pres,"For dual antiplatelet therapy after a myocardial infarction, prescribe aspirin plus ticagrelor. If the current serum creatinine is above 2.0 mg/dL and the patient has ever had heart failure (current or past), prescribe aspirin plus clopidogrel instead.",Prescribe aspirin plus ticagrelor.,Prescribe aspirin plus clopidogrel.,s,patient: heart failure; present; past (2005) | patient: serum creatinine = 1.1; present; current,"Woman of 83 years.
Recovering on the ward after a myocardial infarction treated with a stent.
Paints watercolors as a hobby.
Her friend lives with psoriasis.
Prefers to be addressed by first name.
During a checkup in 2009, free T3 was 3.2 pg/mL.
Pupils equal and reactive to light.
Teeth in good repair.
Photographs local wildlife.
Prefers morning appointments.
In 2020, lipase was 30 U/L.
Has two cats.
Her wife has recovered from a dislocated finger.
Sees a dentist yearly.
Formerly had heart failure from stress cardiomyopathy; recovered fully in 2005 and off all heart medicines since.
Drives a car.
Enjoys board games.
Uses sunscreen in summer.
Latest creatinine result: 1.1 mg/dL.
Her friend has a lazy eye.
Knits as a hobby.
Lives in a second-floor apartment.",,,,
author4,88,rule_v1/test_L2,rule_v1.test.gs138.c3.time.long.40,time,long,base,"For stroke prevention in atrial fibrillation, prescribe apixaban. If at least two of the following apply, prescribe warfarin instead: the patient or a first-degree relative (parent, sibling or child) has had a venous thromboembolism at any time; the current weight is 60 kg or less; the patient currently has heart failure.",Prescribe apixaban.,Prescribe warfarin.,s,patient: venous thromboembolism (patient or first-degree relative); absent; current | patient: current heart failure; absent; current | patient: weight = 58; present; current,"Man of 80 years.
Atrial fibrillation; anticoagulation indicated.
Enjoys board games.
Prefers morning appointments.
In 2021, lipase was 30 U/L.
Varicose veins: none seen.
Knits as a hobby.
Owns a bicycle.
His friend lives with psoriasis.
Sleeps flat on one pillow.
In 2017, folate was 12 ng/mL.
His roommate has recovered from a dislocated finger.
During a checkup in 2009, free T3 was 3.2 pg/mL.
Zinc of 85 mcg/dL in 2011.
Pupils equal and reactive to light.
Current weight 58 kg.
Uses sunscreen in summer.
Drives a car.
Photographs local wildlife.
Prefers to be addressed by first name.
Teeth in good repair.",,,,
author4,88,rule_v1/test_L2,rule_v1.test.gs138.c3.time.long.40,time,long,flip,"For stroke prevention in atrial fibrillation, prescribe apixaban. If at least two of the following apply, prescribe warfarin instead: the patient or a first-degree relative (parent, sibling or child) has had a venous thromboembolism at any time; the current weight is 60 kg or less; the patient currently has heart failure.",Prescribe apixaban.,Prescribe warfarin.,s',patient: venous thromboembolism (patient or first-degree relative); absent; current | patient: current heart failure; present; current | patient: weight = 58; present; current,"Man of 80 years.
Atrial fibrillation; anticoagulation indicated.
Enjoys board games.
Prefers morning appointments.
In 2021, lipase was 30 U/L.
Varicose veins: none seen.
Knits as a hobby.
Owns a bicycle.
His friend lives with psoriasis.
Current heart failure with ankle swelling.
In 2017, folate was 12 ng/mL.
His roommate has recovered from a dislocated finger.
During a checkup in 2009, free T3 was 3.2 pg/mL.
Zinc of 85 mcg/dL in 2011.
Pupils equal and reactive to light.
Current weight 58 kg.
Uses sunscreen in summer.
Drives a car.
Photographs local wildlife.
Prefers to be addressed by first name.
Teeth in good repair.",,,,
author4,88,rule_v1/test_L2,rule_v1.test.gs138.c3.time.long.40,time,long,near,"For stroke prevention in atrial fibrillation, prescribe apixaban. If at least two of the following apply, prescribe warfarin instead: the patient or a first-degree relative (parent, sibling or child) has had a venous thromboembolism at any time; the current weight is 60 kg or less; the patient currently has heart failure.",Prescribe apixaban.,Prescribe warfarin.,s,patient: venous thromboembolism (patient or first-degree relative); absent; current | patient: current heart failure; present; past (2005) | patient: weight = 58; present; current,"Man of 80 years.
Atrial fibrillation; anticoagulation indicated.
Enjoys board games.
Prefers morning appointments.
In 2021, lipase was 30 U/L.
Varicose veins: none seen.
Knits as a hobby.
Owns a bicycle.
His friend lives with psoriasis.
Formerly had heart failure from stress cardiomyopathy; recovered fully in 2005 and off all heart medicines since.
In 2017, folate was 12 ng/mL.
His roommate has recovered from a dislocated finger.
During a checkup in 2009, free T3 was 3.2 pg/mL.
Zinc of 85 mcg/dL in 2011.
Pupils equal and reactive to light.
Current weight 58 kg.
Uses sunscreen in summer.
Drives a car.
Photographs local wildlife.
Prefers to be addressed by first name.
Teeth in good repair.",,,,
author4,88,rule_v1/test_L2,rule_v1.test.gs138.c3.time.long.40,time,long,pres,"For stroke prevention in atrial fibrillation, prescribe apixaban. If at least two of the following apply, prescribe warfarin instead: the patient or a first-degree relative (parent, sibling or child) has had a venous thromboembolism at any time; the current weight is 60 kg or less; the patient currently has heart failure.",Prescribe apixaban.,Prescribe warfarin.,s,patient: venous thromboembolism (patient or first-degree relative); absent; current | patient: current heart failure; absent; current | patient: weight = 58; present; current,"Male patient of 80 years.
Atrial fibrillation; anticoagulation indicated.
In 2017, folate was 12 ng/mL.
Zinc of 85 mcg/dL in 2011.
Drives a car.
Varicose veins: none seen.
During a checkup in 2009, free T3 was 3.2 pg/mL.
His roommate has recovered from a dislocated finger.
Pupils equal and reactive to light.
Sleeps flat on one pillow.
Prefers to be addressed by first name.
Enjoys board games.
His friend lives with psoriasis.
Knits as a hobby.
Latest weight 58 kg.
Owns a bicycle.
Uses sunscreen in summer.
Prefers morning appointments.
Photographs local wildlife.
Teeth in good repair.
In 2021, lipase was 30 U/L.",,,,
author4,88,rule_v1/test_L2,rule_v1.test.gs138.c3.time.long.40,time,long,missing,"For stroke prevention in atrial fibrillation, prescribe apixaban. If at least two of the following apply, prescribe warfarin instead: the patient or a first-degree relative (parent, sibling or child) has had a venous thromboembolism at any time; the current weight is 60 kg or less; the patient currently has heart failure.",Prescribe apixaban.,Prescribe warfarin.,neither,patient: venous thromboembolism (patient or first-degree relative); absent; current | patient: current heart failure; unknown; current | patient: weight = 58; present; current,"Man of 80 years.
Atrial fibrillation; anticoagulation indicated.
Enjoys board games.
Prefers morning appointments.
In 2021, lipase was 30 U/L.
Varicose veins: none seen.
Knits as a hobby.
Owns a bicycle.
His friend lives with psoriasis.
Current heart failure: status unclear from the records at hand.
In 2017, folate was 12 ng/mL.
His roommate has recovered from a dislocated finger.
During a checkup in 2009, free T3 was 3.2 pg/mL.
Zinc of 85 mcg/dL in 2011.
Pupils equal and reactive to light.
Current weight 58 kg.
Uses sunscreen in summer.
Drives a car.
Photographs local wildlife.
Prefers to be addressed by first name.
Teeth in good repair.",,,,
author4,92,rule_v1/test_L2,rule_v1.test.gs086.c3.subject.easy.1114,subject,easy,base,"For inpatient VTE prophylaxis, prescribe enoxaparin. If at least two of the following apply, prescribe intermittent pneumatic compression instead: the current heart rate is above 90/min; the patient has ever had heart failure (current or past); the patient has ever had a venous thromboembolism (current or past).",Prescribe enoxaparin.,Prescribe intermittent pneumatic compression.,s,patient: heart failure; absent; current | patient: heart rate = 100; present; current,"Female patient of 70 years.
Admitted for community-acquired pneumonia; immobile.
Plays the piano.
Owns a bicycle.
Sees a dentist yearly.
Sleeps flat on one pillow.
Current heart rate 100/min.",,,,
author4,92,rule_v1/test_L2,rule_v1.test.gs086.c3.subject.easy.1114,subject,easy,flip,"For inpatient VTE prophylaxis, prescribe enoxaparin. If at least two of the following apply, prescribe intermittent pneumatic compression instead: the current heart rate is above 90/min; the patient has ever had heart failure (current or past); the patient has ever had a venous thromboembolism (current or past).",Prescribe enoxaparin.,Prescribe intermittent pneumatic compression.,s',patient: venous thromboembolism; present; past (2018) | patient: heart failure; absent; current | patient: heart rate = 100; present; current,"Female patient of 70 years.
Admitted for community-acquired pneumonia; immobile.
Plays the piano.
Owns a bicycle.
Sees a dentist yearly.
Recovered from a pulmonary embolism in 2018.
Sleeps flat on one pillow.
Current heart rate 100/min.",,,,
author4,92,rule_v1/test_L2,rule_v1.test.gs086.c3.subject.easy.1114,subject,easy,near,"For inpatient VTE prophylaxis, prescribe enoxaparin. If at least two of the following apply, prescribe intermittent pneumatic compression instead: the current heart rate is above 90/min; the patient has ever had heart failure (current or past); the patient has ever had a venous thromboembolism (current or past).",Prescribe enoxaparin.,Prescribe intermittent pneumatic compression.,s,wife: venous thromboembolism; present; past | patient: heart failure; absent; current | patient: heart rate = 100; present; current,"Female patient of 70 years.
Admitted for community-acquired pneumonia; immobile.
Plays the piano.
Owns a bicycle.
Sees a dentist yearly.
Her wife had a DVT years ago.
Sleeps flat on one pillow.
Current heart rate 100/min.",,,,
author4,92,rule_v1/test_L2,rule_v1.test.gs086.c3.subject.easy.1114,subject,easy,pres,"For inpatient VTE prophylaxis, prescribe enoxaparin. If at least two of the following apply, prescribe intermittent pneumatic compression instead: the current heart rate is above 90/min; the patient has ever had heart failure (current or past); the patient has ever had a venous thromboembolism (current or past).",Prescribe enoxaparin.,Prescribe intermittent pneumatic compression.,s,patient: heart failure; absent; current | patient: heart rate = 100; present; current,"Woman of 70 years.
Admitted for community-acquired pneumonia; immobile.
Sees a dentist yearly.
Plays the piano.
Sleeps flat on one pillow.
Heart rate now 100/min on a pulse check.
Owns a bicycle.",,,,
author4,96,rule_v1/test_L2,rule_v1.test.gs024.c1.boundary.easy.405,boundary,easy,base,"For uncomplicated cystitis, prescribe trimethoprim-sulfamethoxazole. Score 3 points if the current ALT is above 120 U/L; 1 point if the patient or a first-degree relative (parent, sibling or child) has had diabetes at any time; 3 points if the current systolic blood pressure is above 160 mmHg; 2 points if the patient or a first-degree relative (parent, sibling or child) has had a venous thromboembolism at any time. If the score is 4 or more, prescribe nitrofurantoin instead.",Prescribe trimethoprim-sulfamethoxazole.,Prescribe nitrofurantoin.,s,patient: venous thromboembolism (patient or first-degree relative); absent; current | patient: ALT = 50; present; current | patient: systolic blood pressure = 115; present; current | sister: diabetes (patient or first-degree relative); present; current,"Woman of 37 years.
Dysuria and urinary frequency for two days; urine dipstick positive for nitrites.
Varicose veins: none seen.
Has two cats.
Pupils equal and reactive to light.
Lives in a second-floor apartment.
ALT now 50 U/L.
Current systolic blood pressure 115 mmHg.
Photographs local wildlife.
Her sister lives with type 1 diabetes.",,,,
author4,96,rule_v1/test_L2,rule_v1.test.gs024.c1.boundary.easy.405,boundary,easy,flip,"For uncomplicated cystitis, prescribe trimethoprim-sulfamethoxazole. Score 3 points if the current ALT is above 120 U/L; 1 point if the patient or a first-degree relative (parent, sibling or child) has had diabetes at any time; 3 points if the current systolic blood pressure is above 160 mmHg; 2 points if the patient or a first-degree relative (parent, sibling or child) has had a venous thromboembolism at any time. If the score is 4 or more, prescribe nitrofurantoin instead.",Prescribe trimethoprim-sulfamethoxazole.,Prescribe nitrofurantoin.,s',patient: venous thromboembolism (patient or first-degree relative); absent; current | patient: ALT = 144; present; current | patient: systolic blood pressure = 115; present; current | sister: diabetes (patient or first-degree relative); present; current,"Woman of 37 years.
Dysuria and urinary frequency for two days; urine dipstick positive for nitrites.
Varicose veins: none seen.
Has two cats.
Pupils equal and reactive to light.
Lives in a second-floor apartment.
ALT now 144 U/L.
Current systolic blood pressure 115 mmHg.
Photographs local wildlife.
Her sister lives with type 1 diabetes.",,,,
author4,96,rule_v1/test_L2,rule_v1.test.gs024.c1.boundary.easy.405,boundary,easy,near,"For uncomplicated cystitis, prescribe trimethoprim-sulfamethoxazole. Score 3 points if the current ALT is above 120 U/L; 1 point if the patient or a first-degree relative (parent, sibling or child) has had diabetes at any time; 3 points if the current systolic blood pressure is above 160 mmHg; 2 points if the patient or a first-degree relative (parent, sibling or child) has had a venous thromboembolism at any time. If the score is 4 or more, prescribe nitrofurantoin instead.",Prescribe trimethoprim-sulfamethoxazole.,Prescribe nitrofurantoin.,s,patient: venous thromboembolism (patient or first-degree relative); absent; current | patient: ALT = 120; present; current | patient: systolic blood pressure = 115; present; current | sister: diabetes (patient or first-degree relative); present; current,"Woman of 37 years.
Dysuria and urinary frequency for two days; urine dipstick positive for nitrites.
Varicose veins: none seen.
Has two cats.
Pupils equal and reactive to light.
Lives in a second-floor apartment.
ALT now 120 U/L.
Current systolic blood pressure 115 mmHg.
Photographs local wildlife.
Her sister lives with type 1 diabetes.",,,,
author4,96,rule_v1/test_L2,rule_v1.test.gs024.c1.boundary.easy.405,boundary,easy,pres,"For uncomplicated cystitis, prescribe trimethoprim-sulfamethoxazole. Score 3 points if the current ALT is above 120 U/L; 1 point if the patient or a first-degree relative (parent, sibling or child) has had diabetes at any time; 3 points if the current systolic blood pressure is above 160 mmHg; 2 points if the patient or a first-degree relative (parent, sibling or child) has had a venous thromboembolism at any time. If the score is 4 or more, prescribe nitrofurantoin instead.",Prescribe trimethoprim-sulfamethoxazole.,Prescribe nitrofurantoin.,s,sister: diabetes (patient or first-degree relative); present; current | patient: venous thromboembolism (patient or first-degree relative); absent; current | patient: systolic blood pressure = 115; present; current | patient: ALT = 50; present; current,"Female patient of 37 years.
Dysuria and urinary frequency for two days; urine dipstick positive for nitrites.
Her sister lives with type 1 diabetes.
Varicose veins: none seen.
Lives in a second-floor apartment.
Observations now: blood pressure 115/78 mmHg.
Pupils equal and reactive to light.
Current ALT 50 U/L.
Has two cats.
Photographs local wildlife.",,,,
author4,96,rule_v1/test_L2,rule_v1.test.gs024.c1.boundary.easy.405,boundary,easy,missing,"For uncomplicated cystitis, prescribe trimethoprim-sulfamethoxazole. Score 3 points if the current ALT is above 120 U/L; 1 point if the patient or a first-degree relative (parent, sibling or child) has had diabetes at any time; 3 points if the current systolic blood pressure is above 160 mmHg; 2 points if the patient or a first-degree relative (parent, sibling or child) has had a venous thromboembolism at any time. If the score is 4 or more, prescribe nitrofurantoin instead.",Prescribe trimethoprim-sulfamethoxazole.,Prescribe nitrofurantoin.,neither,patient: venous thromboembolism (patient or first-degree relative); absent; current | patient: systolic blood pressure = 115; present; current | sister: diabetes (patient or first-degree relative); present; current,"Woman of 37 years.
Dysuria and urinary frequency for two days; urine dipstick positive for nitrites.
Varicose veins: none seen.
Has two cats.
Pupils equal and reactive to light.
Lives in a second-floor apartment.
Current systolic blood pressure 115 mmHg.
Photographs local wildlife.
Her sister lives with type 1 diabetes.",,,,
author4,100,rule_v1/test_L2,rule_v1.test.gs139.c2.negation.long.1559,negation,long,base,"For vaginal candidiasis, prescribe oral fluconazole. If the patient currently has tender anterior cervical lymph nodes and the patient has ever had angioedema (current or past), prescribe clotrimazole pessaries instead.",Prescribe oral fluconazole.,Prescribe clotrimazole pessaries.,s,patient: angioedema; absent; current | patient: tender cervical lymph nodes; present; current,"Woman of 26 years.
Vaginal itching and discharge; candidiasis confirmed on microscopy.
Knits as a hobby.
Face and neck without swelling on examination.
During a checkup in 2018, free T3 was 3.2 pg/mL.
Teeth in good repair.
During a checkup in 2023, total protein was 7.0 g/dL.
Sees a dentist yearly.
Drives a car.
In 2018, lipase was 30 U/L.
Her sister burned a hand on a stove years ago.
Tender, swollen lymph nodes in the front of the neck.
Sleeps seven hours a night.
Her uncle sprained a thumb last month.
Zinc of 85 mcg/dL in 2022.
Her wife has a lazy eye.
Her father wears contact lenses.
Photographs local wildlife.
Pupils equal and reactive to light.",,,,
author4,100,rule_v1/test_L2,rule_v1.test.gs139.c2.negation.long.1559,negation,long,flip,"For vaginal candidiasis, prescribe oral fluconazole. If the patient currently has tender anterior cervical lymph nodes and the patient has ever had angioedema (current or past), prescribe clotrimazole pessaries instead.",Prescribe oral fluconazole.,Prescribe clotrimazole pessaries.,s',patient: angioedema; present; past | patient: tender cervical lymph nodes; present; current,"Woman of 26 years.
Vaginal itching and discharge; candidiasis confirmed on microscopy.
Knits as a hobby.
Formerly had recurrent angioedema, in remission for many years now.
During a checkup in 2018, free T3 was 3.2 pg/mL.
Teeth in good repair.
During a checkup in 2023, total protein was 7.0 g/dL.
Sees a dentist yearly.
Drives a car.
In 2018, lipase was 30 U/L.
Her sister burned a hand on a stove years ago.
Tender, swollen lymph nodes in the front of the neck.
Sleeps seven hours a night.
Her uncle sprained a thumb last month.
Zinc of 85 mcg/dL in 2022.
Her wife has a lazy eye.
Her father wears contact lenses.
Photographs local wildlife.
Pupils equal and reactive to light.",,,,
author4,100,rule_v1/test_L2,rule_v1.test.gs139.c2.negation.long.1559,negation,long,near,"For vaginal candidiasis, prescribe oral fluconazole. If the patient currently has tender anterior cervical lymph nodes and the patient has ever had angioedema (current or past), prescribe clotrimazole pessaries instead.",Prescribe oral fluconazole.,Prescribe clotrimazole pessaries.,s,patient: angioedema; absent; current | patient: tender cervical lymph nodes; present; current,"Woman of 26 years.
Vaginal itching and discharge; candidiasis confirmed on microscopy.
Knits as a hobby.
Has never had angioedema.
During a checkup in 2018, free T3 was 3.2 pg/mL.
Teeth in good repair.
During a checkup in 2023, total protein was 7.0 g/dL.
Sees a dentist yearly.
Drives a car.
In 2018, lipase was 30 U/L.
Her sister burned a hand on a stove years ago.
Tender, swollen lymph nodes in the front of the neck.
Sleeps seven hours a night.
Her uncle sprained a thumb last month.
Zinc of 85 mcg/dL in 2022.
Her wife has a lazy eye.
Her father wears contact lenses.
Photographs local wildlife.
Pupils equal and reactive to light.",,,,
author4,100,rule_v1/test_L2,rule_v1.test.gs139.c2.negation.long.1559,negation,long,pres,"For vaginal candidiasis, prescribe oral fluconazole. If the patient currently has tender anterior cervical lymph nodes and the patient has ever had angioedema (current or past), prescribe clotrimazole pessaries instead.",Prescribe oral fluconazole.,Prescribe clotrimazole pessaries.,s,patient: tender cervical lymph nodes; present; current | patient: angioedema; absent; current,"Female patient of 26 years.
Vaginal itching and discharge; candidiasis confirmed on microscopy.
Sees a dentist yearly.
Knits as a hobby.
Her wife has a lazy eye.
Tender, swollen lymph nodes in the front of the neck.
Zinc of 85 mcg/dL in 2022.
Her sister burned a hand on a stove years ago.
Pupils equal and reactive to light.
Her uncle sprained a thumb last month.
Her father wears contact lenses.
Teeth in good repair.
Photographs local wildlife.
During a checkup in 2023, total protein was 7.0 g/dL.
Face and neck without swelling on examination.
Sleeps seven hours a night.
In 2018, lipase was 30 U/L.
During a checkup in 2018, free T3 was 3.2 pg/mL.
Drives a car.",,,,
author4,104,rule_v1/test_L1,rule_v1.test.gs036.c2.subject.long.442,subject,long,base,"For uncomplicated cystitis, prescribe trimethoprim-sulfamethoxazole. If the current weight is 60 kg or less or the patient has ever had coronary artery disease (current or past), prescribe nitrofurantoin instead.",Prescribe trimethoprim-sulfamethoxazole.,Prescribe nitrofurantoin.,s,patient: coronary artery disease; absent; current | patient: weight = 97; present; current,"Woman of 69 years.
Dysuria and urinary frequency for two days; urine dipstick positive for nitrites.
Free T4 of 1.2 ng/dL in 2021.
Knits as a hobby.
Sleeps seven hours a night.
Enjoys board games.
Her friend has recovered from a dislocated finger.
In 2020, lipase was 30 U/L.
Plays the piano.
Owns a bicycle.
Teeth in good repair.
Her sister has a lazy eye.
Zinc of 85 mcg/dL in 2023.
In 2018, folate was 12 ng/mL.
Prefers morning appointments.
Her roommate lives with psoriasis.
Cardiac stress test unremarkable last year.
Paints watercolors as a hobby.
Drives a car.
Pupils equal and reactive to light.
Photographs local wildlife.
Current weight 97 kg.
Her sister wears contact lenses.
Lives in a second-floor apartment.",,,,
author4,104,rule_v1/test_L1,rule_v1.test.gs036.c2.subject.long.442,subject,long,flip,"For uncomplicated cystitis, prescribe trimethoprim-sulfamethoxazole. If the current weight is 60 kg or less or the patient has ever had coronary artery disease (current or past), prescribe nitrofurantoin instead.",Prescribe trimethoprim-sulfamethoxazole.,Prescribe nitrofurantoin.,s',patient: coronary artery disease; present; current | patient: weight = 97; present; current,"Woman of 69 years.
Dysuria and urinary frequency for two days; urine dipstick positive for nitrites.
Free T4 of 1.2 ng/dL in 2021.
Knits as a hobby.
Sleeps seven hours a night.
Enjoys board games.
Her friend has recovered from a dislocated finger.
In 2020, lipase was 30 U/L.
Plays the piano.
Owns a bicycle.
Teeth in good repair.
Her sister has a lazy eye.
Zinc of 85 mcg/dL in 2023.
In 2018, folate was 12 ng/mL.
Prefers morning appointments.
Her roommate lives with psoriasis.
Has coronary artery disease, managed medically.
Paints watercolors as a hobby.
Drives a car.
Pupils equal and reactive to light.
Photographs local wildlife.
Current weight 97 kg.
Her sister wears contact lenses.
Lives in a second-floor apartment.",,,,
author4,104,rule_v1/test_L1,rule_v1.test.gs036.c2.subject.long.442,subject,long,near,"For uncomplicated cystitis, prescribe trimethoprim-sulfamethoxazole. If the current weight is 60 kg or less or the patient has ever had coronary artery disease (current or past), prescribe nitrofurantoin instead.",Prescribe trimethoprim-sulfamethoxazole.,Prescribe nitrofurantoin.,s,roommate: coronary artery disease; present; current | patient: weight = 97; present; current,"Woman of 69 years.
Dysuria and urinary frequency for two days; urine dipstick positive for nitrites.
Free T4 of 1.2 ng/dL in 2021.
Knits as a hobby.
Sleeps seven hours a night.
Enjoys board games.
Her friend has recovered from a dislocated finger.
In 2020, lipase was 30 U/L.
Plays the piano.
Owns a bicycle.
Teeth in good repair.
Her sister has a lazy eye.
Zinc of 85 mcg/dL in 2023.
In 2018, folate was 12 ng/mL.
Prefers morning appointments.
Her roommate lives with psoriasis.
Her roommate has known coronary artery disease.
Paints watercolors as a hobby.
Drives a car.
Pupils equal and reactive to light.
Photographs local wildlife.
Current weight 97 kg.
Her sister wears contact lenses.
Lives in a second-floor apartment.",,,,
author4,104,rule_v1/test_L1,rule_v1.test.gs036.c2.subject.long.442,subject,long,pres,"For uncomplicated cystitis, prescribe trimethoprim-sulfamethoxazole. If the current weight is 60 kg or less or the patient has ever had coronary artery disease (current or past), prescribe nitrofurantoin instead.",Prescribe trimethoprim-sulfamethoxazole.,Prescribe nitrofurantoin.,s,patient: coronary artery disease; absent; current | patient: weight = 97; present; current,"Female patient of 69 years.
Dysuria and urinary frequency for two days; urine dipstick positive for nitrites.
Free T4 of 1.2 ng/dL in 2021.
Paints watercolors as a hobby.
Pupils equal and reactive to light.
Lives in a second-floor apartment.
In 2020, lipase was 30 U/L.
Plays the piano.
Her friend has recovered from a dislocated finger.
Sleeps seven hours a night.
Enjoys board games.
Her sister wears contact lenses.
Her sister has a lazy eye.
Owns a bicycle.
Photographs local wildlife.
Cardiac stress test unremarkable last year.
Zinc of 85 mcg/dL in 2023.
Prefers morning appointments.
Drives a car.
Latest weight 97 kg.
In 2018, folate was 12 ng/mL.
Teeth in good repair.
Her roommate lives with psoriasis.
Knits as a hobby.",,,,
author4,108,rule_v1/test_L2,rule_v1.test.gs246.c2.negation.easy.949,negation,easy,base,"For musculoskeletal pain, prescribe ibuprofen. If at least two of the following apply, prescribe acetaminophen instead: the current white cell count is above 12.0 x10^9/L; the patient has ever had angioedema (current or past); the patient has active cancer.",Prescribe ibuprofen.,Prescribe acetaminophen.,s,patient: active cancer; present; current | patient: angioedema; absent; current | patient: white cell count = 7.6; present; current,"Man of 45 years.
Acute low back pain after lifting.
Has metastatic lung cancer, receiving palliative treatment.
Free of facial or oropharyngeal edema.
Owns a bicycle.
Latest WBC is 7.6 x10^9/L.",,,,
author4,108,rule_v1/test_L2,rule_v1.test.gs246.c2.negation.easy.949,negation,easy,flip,"For musculoskeletal pain, prescribe ibuprofen. If at least two of the following apply, prescribe acetaminophen instead: the current white cell count is above 12.0 x10^9/L; the patient has ever had angioedema (current or past); the patient has active cancer.",Prescribe ibuprofen.,Prescribe acetaminophen.,s',patient: active cancer; present; current | patient: angioedema; present; current | patient: white cell count = 7.6; present; current,"Man of 45 years.
Acute low back pain after lifting.
Has metastatic lung cancer, receiving palliative treatment.
Recurrent angioedema, under allergy follow-up.
Owns a bicycle.
Latest WBC is 7.6 x10^9/L.",,,,
author4,108,rule_v1/test_L2,rule_v1.test.gs246.c2.negation.easy.949,negation,easy,near,"For musculoskeletal pain, prescribe ibuprofen. If at least two of the following apply, prescribe acetaminophen instead: the current white cell count is above 12.0 x10^9/L; the patient has ever had angioedema (current or past); the patient has active cancer.",Prescribe ibuprofen.,Prescribe acetaminophen.,s,patient: active cancer; present; current | patient: angioedema; absent; current | patient: white cell count = 7.6; present; current,"Man of 45 years.
Acute low back pain after lifting.
Has metastatic lung cancer, receiving palliative treatment.
Has never had angioedema.
Owns a bicycle.
Latest WBC is 7.6 x10^9/L.",,,,
author4,108,rule_v1/test_L2,rule_v1.test.gs246.c2.negation.easy.949,negation,easy,pres,"For musculoskeletal pain, prescribe ibuprofen. If at least two of the following apply, prescribe acetaminophen instead: the current white cell count is above 12.0 x10^9/L; the patient has ever had angioedema (current or past); the patient has active cancer.",Prescribe ibuprofen.,Prescribe acetaminophen.,s,patient: active cancer; present; current | patient: angioedema; absent; current | patient: white cell count = 7.6; present; current,"Male patient of 45 years.
Acute low back pain after lifting.
Owns a bicycle.
Has metastatic lung cancer, receiving palliative treatment.
Free of facial or oropharyngeal edema.
Current white cell count 7.6 x10^9/L.",,,,
author4,108,rule_v1/test_L2,rule_v1.test.gs246.c2.negation.easy.949,negation,easy,missing,"For musculoskeletal pain, prescribe ibuprofen. If at least two of the following apply, prescribe acetaminophen instead: the current white cell count is above 12.0 x10^9/L; the patient has ever had angioedema (current or past); the patient has active cancer.",Prescribe ibuprofen.,Prescribe acetaminophen.,neither,patient: active cancer; present; current | patient: angioedema; unknown; current | patient: white cell count = 7.6; present; current,"Man of 45 years.
Acute low back pain after lifting.
Has metastatic lung cancer, receiving palliative treatment.
Angioedema: status unclear from the records at hand.
Owns a bicycle.
Latest WBC is 7.6 x10^9/L.",,,,
author4,112,rule_v1/test_L2,rule_v1.test.s2_geneva.hemoptysis.subject.long.1580,subject,long,base,"Revised Geneva score (as used here, partial): 2 points each for active cancer and current hemoptysis (coughing up blood); 1 point for a current age above 65 years. Other Geneva items are not part of this question.",The hemoptysis criterion contributes 0 points.,The hemoptysis criterion contributes 2 points.,s,patient: active cancer; absent; current | patient: hemoptysis; absent; current | patient: age = 52; present; current,"Man, adult.
Pleuritic chest pain and breathlessness for two days; seen in the emergency department.
Photographs local wildlife.
Sleeps seven hours a night.
Weight steady over the past year.
Lives in a second-floor apartment.
Has two cats.
In 2014, folate was 12 ng/mL.
Sputum colorless on inspection.
Enjoys board games.
His sister sprained a thumb last month.
Knits as a hobby.
During a checkup in 2016, free T3 was 3.2 pg/mL.
Current age 52 years.
Pupils equal and reactive to light.
During a checkup in 2015, total protein was 7.0 g/dL.
Drives a car.
Sees a dentist yearly.
Teeth in good repair.
Plays the piano.
His uncle has a lazy eye.
Zinc of 85 mcg/dL in 2009.
Prefers morning appointments.
Uses sunscreen in summer.",,,,
author4,112,rule_v1/test_L2,rule_v1.test.s2_geneva.hemoptysis.subject.long.1580,subject,long,flip,"Revised Geneva score (as used here, partial): 2 points each for active cancer and current hemoptysis (coughing up blood); 1 point for a current age above 65 years. Other Geneva items are not part of this question.",The hemoptysis criterion contributes 0 points.,The hemoptysis criterion contributes 2 points.,s',patient: active cancer; absent; current | patient: hemoptysis; present; current | patient: age = 52; present; current,"Man, adult.
Pleuritic chest pain and breathlessness for two days; seen in the emergency department.
Photographs local wildlife.
Sleeps seven hours a night.
Weight steady over the past year.
Lives in a second-floor apartment.
Has two cats.
In 2014, folate was 12 ng/mL.
Currently coughing up blood with each bout of coughing.
Enjoys board games.
His sister sprained a thumb last month.
Knits as a hobby.
During a checkup in 2016, free T3 was 3.2 pg/mL.
Current age 52 years.
Pupils equal and reactive to light.
During a checkup in 2015, total protein was 7.0 g/dL.
Drives a car.
Sees a dentist yearly.
Teeth in good repair.
Plays the piano.
His uncle has a lazy eye.
Zinc of 85 mcg/dL in 2009.
Prefers morning appointments.
Uses sunscreen in summer.",,,,
author4,112,rule_v1/test_L2,rule_v1.test.s2_geneva.hemoptysis.subject.long.1580,subject,long,near,"Revised Geneva score (as used here, partial): 2 points each for active cancer and current hemoptysis (coughing up blood); 1 point for a current age above 65 years. Other Geneva items are not part of this question.",The hemoptysis criterion contributes 0 points.,The hemoptysis criterion contributes 2 points.,s,patient: active cancer; absent; current | sister: hemoptysis; present; current | patient: age = 52; present; current,"Man, adult.
Pleuritic chest pain and breathlessness for two days; seen in the emergency department.
Photographs local wildlife.
Sleeps seven hours a night.
Weight steady over the past year.
Lives in a second-floor apartment.
Has two cats.
In 2014, folate was 12 ng/mL.
His sister coughs up blood and is awaiting a chest scan.
Enjoys board games.
His sister sprained a thumb last month.
Knits as a hobby.
During a checkup in 2016, free T3 was 3.2 pg/mL.
Current age 52 years.
Pupils equal and reactive to light.
During a checkup in 2015, total protein was 7.0 g/dL.
Drives a car.
Sees a dentist yearly.
Teeth in good repair.
Plays the piano.
His uncle has a lazy eye.
Zinc of 85 mcg/dL in 2009.
Prefers morning appointments.
Uses sunscreen in summer.",,,,
author4,112,rule_v1/test_L2,rule_v1.test.s2_geneva.hemoptysis.subject.long.1580,subject,long,pres,"Revised Geneva score (as used here, partial): 2 points each for active cancer and current hemoptysis (coughing up blood); 1 point for a current age above 65 years. Other Geneva items are not part of this question.",The hemoptysis criterion contributes 0 points.,The hemoptysis criterion contributes 2 points.,s,patient: active cancer; absent; current | patient: hemoptysis; absent; current | patient: age = 52; present; current,"An adult man.
Pleuritic chest pain and breathlessness for two days; seen in the emergency department.
Enjoys board games.
Weight steady over the past year.
Lives in a second-floor apartment.
Has two cats.
Uses sunscreen in summer.
Pupils equal and reactive to light.
His sister sprained a thumb last month.
Prefers morning appointments.
Knits as a hobby.
Drives a car.
His uncle has a lazy eye.
Plays the piano.
Sputum colorless on inspection.
Zinc of 85 mcg/dL in 2009.
Photographs local wildlife.
Sees a dentist yearly.
During a checkup in 2016, free T3 was 3.2 pg/mL.
During a checkup in 2015, total protein was 7.0 g/dL.
Sleeps seven hours a night.
Currently aged 52 years.
In 2014, folate was 12 ng/mL.
Teeth in good repair.",,,,
author4,116,rule_v1/test_L2,rule_v1.test.gs078.c1.boundary.easy.988,boundary,easy,base,"For community-acquired pneumonia treated at home, prescribe amoxicillin. If at least two of the following apply, prescribe doxycycline instead: the current serum potassium is above 5.0 mmol/L; the patient currently has a mechanical heart valve; the patient has ever had coronary artery disease (current or past).",Prescribe amoxicillin.,Prescribe doxycycline.,s,patient: coronary artery disease; present; current | patient: serum potassium = 3.9; present; current,"Female patient of 67 years.
Productive cough and fever; consolidation on chest radiograph.
Has coronary artery disease, managed medically.
Owns a bicycle.
Current serum potassium 3.9 mmol/L.
Plays the piano.
Lives in a second-floor apartment.",,,,
author4,116,rule_v1/test_L2,rule_v1.test.gs078.c1.boundary.easy.988,boundary,easy,flip,"For community-acquired pneumonia treated at home, prescribe amoxicillin. If at least two of the following apply, prescribe doxycycline instead: the current serum potassium is above 5.0 mmol/L; the patient currently has a mechanical heart valve; the patient has ever had coronary artery disease (current or past).",Prescribe amoxicillin.,Prescribe doxycycline.,s',patient: coronary artery disease; present; current | patient: serum potassium = 5.8; present; current,"Female patient of 67 years.
Productive cough and fever; consolidation on chest radiograph.
Has coronary artery disease, managed medically.
Owns a bicycle.
Current serum potassium 5.8 mmol/L.
Plays the piano.
Lives in a second-floor apartment.",,,,
author4,116,rule_v1/test_L2,rule_v1.test.gs078.c1.boundary.easy.988,boundary,easy,near,"For community-acquired pneumonia treated at home, prescribe amoxicillin. If at least two of the following apply, prescribe doxycycline instead: the current serum potassium is above 5.0 mmol/L; the patient currently has a mechanical heart valve; the patient has ever had coronary artery disease (current or past).",Prescribe amoxicillin.,Prescribe doxycycline.,s,patient: coronary artery disease; present; current | patient: serum potassium = 5.0; present; current,"Female patient of 67 years.
Productive cough and fever; consolidation on chest radiograph.
Has coronary artery disease, managed medically.
Owns a bicycle.
Current serum potassium 5.0 mmol/L.
Plays the piano.
Lives in a second-floor apartment.",,,,
author4,116,rule_v1/test_L2,rule_v1.test.gs078.c1.boundary.easy.988,boundary,easy,pres,"For community-acquired pneumonia treated at home, prescribe amoxicillin. If at least two of the following apply, prescribe doxycycline instead: the current serum potassium is above 5.0 mmol/L; the patient currently has a mechanical heart valve; the patient has ever had coronary artery disease (current or past).",Prescribe amoxicillin.,Prescribe doxycycline.,s,patient: serum potassium = 3.9; present; current | patient: coronary artery disease; present; current,"Woman of 67 years.
Productive cough and fever; consolidation on chest radiograph.
Lives in a second-floor apartment.
Owns a bicycle.
Latest potassium result: 3.9 mmol/L.
Plays the piano.
Has coronary artery disease, managed medically.",,,,
author4,116,rule_v1/test_L2,rule_v1.test.gs078.c1.boundary.easy.988,boundary,easy,missing,"For community-acquired pneumonia treated at home, prescribe amoxicillin. If at least two of the following apply, prescribe doxycycline instead: the current serum potassium is above 5.0 mmol/L; the patient currently has a mechanical heart valve; the patient has ever had coronary artery disease (current or past).",Prescribe amoxicillin.,Prescribe doxycycline.,neither,patient: coronary artery disease; present; current,"Female patient of 67 years.
Productive cough and fever; consolidation on chest radiograph.
Has coronary artery disease, managed medically.
Owns a bicycle.
Plays the piano.
Lives in a second-floor apartment.",,,,
author4,120,rule_v1/test_L3inv,rule_v1.test.inv017.c3.negation.easy.593,negation,easy,base,"For Quorin syndrome, prescribe ostravin. If at least two of the following apply, prescribe dalmerol instead: the current serum creatinine is 1.5 mg/dL or more; the current ALT is above 120 U/L; the patient or a first-degree relative (parent, sibling or child) has had colorectal cancer at any time.",Prescribe ostravin.,Prescribe dalmerol.,s,patient: serum creatinine = 0.8; present; current | patient: colorectal cancer (patient or first-degree relative); absent; current | patient: ALT = 129; present; current,"Man of 50 years.
Referred with Quorin syndrome.
Latest creatinine result: 0.8 mg/dL.
Photographs local wildlife.
Prefers morning appointments.
Rectal exam unremarkable.
Current ALT 129 U/L.",,,,
author4,120,rule_v1/test_L3inv,rule_v1.test.inv017.c3.negation.easy.593,negation,easy,flip,"For Quorin syndrome, prescribe ostravin. If at least two of the following apply, prescribe dalmerol instead: the current serum creatinine is 1.5 mg/dL or more; the current ALT is above 120 U/L; the patient or a first-degree relative (parent, sibling or child) has had colorectal cancer at any time.",Prescribe ostravin.,Prescribe dalmerol.,s',patient: serum creatinine = 0.8; present; current | patient: colorectal cancer (patient or first-degree relative); present; current | patient: ALT = 129; present; current,"Man of 50 years.
Referred with Quorin syndrome.
Latest creatinine result: 0.8 mg/dL.
Photographs local wildlife.
Prefers morning appointments.
Lives with colon cancer and attends an oncology clinic.
Current ALT 129 U/L.",,,,
author4,120,rule_v1/test_L3inv,rule_v1.test.inv017.c3.negation.easy.593,negation,easy,near,"For Quorin syndrome, prescribe ostravin. If at least two of the following apply, prescribe dalmerol instead: the current serum creatinine is 1.5 mg/dL or more; the current ALT is above 120 U/L; the patient or a first-degree relative (parent, sibling or child) has had colorectal cancer at any time.",Prescribe ostravin.,Prescribe dalmerol.,s,patient: serum creatinine = 0.8; present; current | patient: colorectal cancer (patient or first-degree relative); absent; current | patient: ALT = 129; present; current,"Man of 50 years.
Referred with Quorin syndrome.
Latest creatinine result: 0.8 mg/dL.
Photographs local wildlife.
Prefers morning appointments.
Has never had bowel cancer.
Current ALT 129 U/L.",,,,
author4,120,rule_v1/test_L3inv,rule_v1.test.inv017.c3.negation.easy.593,negation,easy,pres,"For Quorin syndrome, prescribe ostravin. If at least two of the following apply, prescribe dalmerol instead: the current serum creatinine is 1.5 mg/dL or more; the current ALT is above 120 U/L; the patient or a first-degree relative (parent, sibling or child) has had colorectal cancer at any time.",Prescribe ostravin.,Prescribe dalmerol.,s,patient: ALT = 129; present; current | patient: serum creatinine = 0.8; present; current | patient: colorectal cancer (patient or first-degree relative); absent; current,"Male patient of 50 years.
Referred with Quorin syndrome.
Prefers morning appointments.
ALT now 129 U/L.
Current serum creatinine 0.8 mg/dL.
Rectal exam unremarkable.
Photographs local wildlife.",,,,
author4,124,rule_v1/test_L0,rule_v1.test.c2_sprain_warfarin.warfarin.time.long.898,time,long,base,"For an acute ankle sprain, prescribe naproxen. If the patient is currently taking warfarin, prescribe acetaminophen instead.",Prescribe naproxen.,Prescribe acetaminophen.,s,,"Female patient of 76 years.
Right ankle sprain after a fall on uneven ground; radiograph normal.
Prefers morning appointments.
Teeth in good repair.
Prefers to be addressed by first name.
Paints watercolors as a hobby.
Free T4 of 1.2 ng/dL in 2005.
Lives in a second-floor apartment.
During a checkup in 2017, free T3 was 3.2 pg/mL.
Her friend lives with psoriasis.
Her friend wears contact lenses.
Her wife sprained a thumb last month.
Photographs local wildlife.
Sleeps seven hours a night.
Plays the piano.
Her friend has a lazy eye.
Owns a bicycle.
In 2012, lipase was 30 U/L.
Pupils equal and reactive to light.
Has two cats.
During a checkup in 2017, total protein was 7.0 g/dL.",,,,
author4,124,rule_v1/test_L0,rule_v1.test.c2_sprain_warfarin.warfarin.time.long.898,time,long,flip,"For an acute ankle sprain, prescribe naproxen. If the patient is currently taking warfarin, prescribe acetaminophen instead.",Prescribe naproxen.,Prescribe acetaminophen.,s',patient: warfarin use; present; current,"Female patient of 76 years.
Right ankle sprain after a fall on uneven ground; radiograph normal.
Prefers morning appointments.
Teeth in good repair.
Prefers to be addressed by first name.
Paints watercolors as a hobby.
Free T4 of 1.2 ng/dL in 2005.
Lives in a second-floor apartment.
During a checkup in 2017, free T3 was 3.2 pg/mL.
Her friend lives with psoriasis.
Her friend wears contact lenses.
Her wife sprained a thumb last month.
Photographs local wildlife.
Sleeps seven hours a night.
Currently on warfarin, prescribed by the cardiology clinic.
Plays the piano.
Her friend has a lazy eye.
Owns a bicycle.
In 2012, lipase was 30 U/L.
Pupils equal and reactive to light.
Has two cats.
During a checkup in 2017, total protein was 7.0 g/dL.",,,,
author4,124,rule_v1/test_L0,rule_v1.test.c2_sprain_warfarin.warfarin.time.long.898,time,long,near,"For an acute ankle sprain, prescribe naproxen. If the patient is currently taking warfarin, prescribe acetaminophen instead.",Prescribe naproxen.,Prescribe acetaminophen.,s,patient: warfarin use; present; past,"Female patient of 76 years.
Right ankle sprain after a fall on uneven ground; radiograph normal.
Prefers morning appointments.
Teeth in good repair.
Prefers to be addressed by first name.
Paints watercolors as a hobby.
Free T4 of 1.2 ng/dL in 2005.
Lives in a second-floor apartment.
During a checkup in 2017, free T3 was 3.2 pg/mL.
Her friend lives with psoriasis.
Her friend wears contact lenses.
Her wife sprained a thumb last month.
Photographs local wildlife.
Sleeps seven hours a night.
Came off warfarin years ago after a heart rhythm problem settled.
Plays the piano.
Her friend has a lazy eye.
Owns a bicycle.
In 2012, lipase was 30 U/L.
Pupils equal and reactive to light.
Has two cats.
During a checkup in 2017, total protein was 7.0 g/dL.",,,,
author4,124,rule_v1/test_L0,rule_v1.test.c2_sprain_warfarin.warfarin.time.long.898,time,long,pres,"For an acute ankle sprain, prescribe naproxen. If the patient is currently taking warfarin, prescribe acetaminophen instead.",Prescribe naproxen.,Prescribe acetaminophen.,s,,"Woman of 76 years.
Right ankle sprain after a fall on uneven ground; radiograph normal.
Her friend lives with psoriasis.
Prefers to be addressed by first name.
Her friend has a lazy eye.
Her friend wears contact lenses.
Teeth in good repair.
Lives in a second-floor apartment.
Prefers morning appointments.
During a checkup in 2017, free T3 was 3.2 pg/mL.
In 2012, lipase was 30 U/L.
Plays the piano.
Owns a bicycle.
Paints watercolors as a hobby.
Has two cats.
Photographs local wildlife.
Pupils equal and reactive to light.
During a checkup in 2017, total protein was 7.0 g/dL.
Free T4 of 1.2 ng/dL in 2005.
Her wife sprained a thumb last month.
Sleeps seven hours a night.",,,,
author4,128,rule_v1/test_L1,rule_v1.test.two_pneumonia.rr.numeric.easy.711,numeric,easy,base,"For community-acquired pneumonia, prescribe oral amoxicillin. If at least two of the following apply, prescribe intravenous co-amoxiclav instead: the patient has new confusion; the current respiratory rate is 30/min or more; the current systolic blood pressure is below 90 mmHg.",Prescribe oral amoxicillin.,Prescribe intravenous co-amoxiclav.,s,patient: new confusion; present; current | patient: systolic blood pressure = 142; present; current | patient: respiratory rate = 14; present; current,"Male patient of 78 years.
Community-acquired pneumonia confirmed on chest radiograph.
Disoriented to time and place, which is new for the patient.
Observations now: blood pressure 142/93 mmHg.
Current respiratory rate 14/min.
Sleeps seven hours a night.",,,,
author4,128,rule_v1/test_L1,rule_v1.test.two_pneumonia.rr.numeric.easy.711,numeric,easy,flip,"For community-acquired pneumonia, prescribe oral amoxicillin. If at least two of the following apply, prescribe intravenous co-amoxiclav instead: the patient has new confusion; the current respiratory rate is 30/min or more; the current systolic blood pressure is below 90 mmHg.",Prescribe oral amoxicillin.,Prescribe intravenous co-amoxiclav.,s',patient: new confusion; present; current | patient: systolic blood pressure = 142; present; current | patient: respiratory rate = 30; present; current,"Male patient of 78 years.
Community-acquired pneumonia confirmed on chest radiograph.
Disoriented to time and place, which is new for the patient.
Observations now: blood pressure 142/93 mmHg.
Current respiratory rate 30/min.
Sleeps seven hours a night.",,,,
author4,128,rule_v1/test_L1,rule_v1.test.two_pneumonia.rr.numeric.easy.711,numeric,easy,near,"For community-acquired pneumonia, prescribe oral amoxicillin. If at least two of the following apply, prescribe intravenous co-amoxiclav instead: the patient has new confusion; the current respiratory rate is 30/min or more; the current systolic blood pressure is below 90 mmHg.",Prescribe oral amoxicillin.,Prescribe intravenous co-amoxiclav.,s,patient: new confusion; present; current | patient: systolic blood pressure = 142; present; current | patient: respiratory rate = 28; present; current,"Male patient of 78 years.
Community-acquired pneumonia confirmed on chest radiograph.
Disoriented to time and place, which is new for the patient.
Observations now: blood pressure 142/93 mmHg.
Current respiratory rate 28/min.
Sleeps seven hours a night.",,,,
author4,128,rule_v1/test_L1,rule_v1.test.two_pneumonia.rr.numeric.easy.711,numeric,easy,pres,"For community-acquired pneumonia, prescribe oral amoxicillin. If at least two of the following apply, prescribe intravenous co-amoxiclav instead: the patient has new confusion; the current respiratory rate is 30/min or more; the current systolic blood pressure is below 90 mmHg.",Prescribe oral amoxicillin.,Prescribe intravenous co-amoxiclav.,s,patient: respiratory rate = 14; present; current | patient: new confusion; present; current | patient: systolic blood pressure = 142; present; current,"Man of 78 years.
Community-acquired pneumonia confirmed on chest radiograph.
Observations now: respiratory rate 14/min.
Sleeps seven hours a night.
Disoriented to time and place, which is new for the patient.
Current systolic blood pressure 142 mmHg.",,,,
author4,132,rule_v1/test_L2,rule_v1.test.gs078.c2.time.long.1433,time,long,base,"For community-acquired pneumonia treated at home, prescribe amoxicillin. If at least two of the following apply, prescribe doxycycline instead: the current serum potassium is above 5.0 mmol/L; the patient currently has a mechanical heart valve; the patient has ever had coronary artery disease (current or past).",Prescribe amoxicillin.,Prescribe doxycycline.,s,patient: serum potassium = 5.5; present; current | patient: coronary artery disease; absent; current | patient: mechanical heart valve; absent; current,"Male patient of 78 years.
Productive cough and fever; consolidation on chest radiograph.
His wife has a lazy eye.
Prefers to be addressed by first name.
Owns a bicycle.
His wife has recovered from a dislocated finger.
Current serum potassium 5.5 mmol/L.
Photographs local wildlife.
Teeth in good repair.
Uses sunscreen in summer.
Chest pain on exertion: none reported.
Plays the piano.
Enjoys board games.
In 2014, lipase was 30 U/L.
Sees a dentist yearly.
Drives a car.
During a checkup in 2013, total protein was 7.0 g/dL.
Has two cats.
Heart sounds without a metallic click.
Pupils equal and reactive to light.
Knits as a hobby.
Lives in a second-floor apartment.
Zinc of 85 mcg/dL in 2023.
Paints watercolors as a hobby.
Sleeps seven hours a night.",,,,
author4,132,rule_v1/test_L2,rule_v1.test.gs078.c2.time.long.1433,time,long,flip,"For community-acquired pneumonia treated at home, prescribe amoxicillin. If at least two of the following apply, prescribe doxycycline instead: the current serum potassium is above 5.0 mmol/L; the patient currently has a mechanical heart valve; the patient has ever had coronary artery disease (current or past).",Prescribe amoxicillin.,Prescribe doxycycline.,s',patient: serum potassium = 5.5; present; current | patient: coronary artery disease; absent; current | patient: mechanical heart valve; present; current,"Male patient of 78 years.
Productive cough and fever; consolidation on chest radiograph.
His wife has a lazy eye.
Prefers to be addressed by first name.
Owns a bicycle.
His wife has recovered from a dislocated finger.
Current serum potassium 5.5 mmol/L.
Photographs local wildlife.
Teeth in good repair.
Uses sunscreen in summer.
Chest pain on exertion: none reported.
Plays the piano.
Enjoys board games.
In 2014, lipase was 30 U/L.
Sees a dentist yearly.
Drives a car.
During a checkup in 2013, total protein was 7.0 g/dL.
Has two cats.
Lives with a mechanical aortic valve prosthesis.
Pupils equal and reactive to light.
Knits as a hobby.
Lives in a second-floor apartment.
Zinc of 85 mcg/dL in 2023.
Paints watercolors as a hobby.
Sleeps seven hours a night.",,,,
author4,132,rule_v1/test_L2,rule_v1.test.gs078.c2.time.long.1433,time,long,near,"For community-acquired pneumonia treated at home, prescribe amoxicillin. If at least two of the following apply, prescribe doxycycline instead: the current serum potassium is above 5.0 mmol/L; the patient currently has a mechanical heart valve; the patient has ever had coronary artery disease (current or past).",Prescribe amoxicillin.,Prescribe doxycycline.,s,patient: serum potassium = 5.5; present; current | patient: coronary artery disease; absent; current | patient: mechanical heart valve; present; past,"Male patient of 78 years.
Productive cough and fever; consolidation on chest radiograph.
His wife has a lazy eye.
Prefers to be addressed by first name.
Owns a bicycle.
His wife has recovered from a dislocated finger.
Current serum potassium 5.5 mmol/L.
Photographs local wildlife.
Teeth in good repair.
Uses sunscreen in summer.
Chest pain on exertion: none reported.
Plays the piano.
Enjoys board games.
In 2014, lipase was 30 U/L.
Sees a dentist yearly.
Drives a car.
During a checkup in 2013, total protein was 7.0 g/dL.
Has two cats.
Mechanical aortic valve explanted years ago for valve thrombosis; a bioprosthesis now sits in its place.
Pupils equal and reactive to light.
Knits as a hobby.
Lives in a second-floor apartment.
Zinc of 85 mcg/dL in 2023.
Paints watercolors as a hobby.
Sleeps seven hours a night.",,,,
author4,132,rule_v1/test_L2,rule_v1.test.gs078.c2.time.long.1433,time,long,pres,"For community-acquired pneumonia treated at home, prescribe amoxicillin. If at least two of the following apply, prescribe doxycycline instead: the current serum potassium is above 5.0 mmol/L; the patient currently has a mechanical heart valve; the patient has ever had coronary artery disease (current or past).",Prescribe amoxicillin.,Prescribe doxycycline.,s,patient: mechanical heart valve; absent; current | patient: serum potassium = 5.5; present; current | patient: coronary artery disease; absent; current,"Man of 78 years.
Productive cough and fever; consolidation on chest radiograph.
His wife has recovered from a dislocated finger.
Plays the piano.
Lives in a second-floor apartment.
During a checkup in 2013, total protein was 7.0 g/dL.
Drives a car.
Paints watercolors as a hobby.
Heart sounds without a metallic click.
Enjoys board games.
His wife has a lazy eye.
Owns a bicycle.
Latest potassium result: 5.5 mmol/L.
Prefers to be addressed by first name.
Uses sunscreen in summer.
Zinc of 85 mcg/dL in 2023.
In 2014, lipase was 30 U/L.
Photographs local wildlife.
Knits as a hobby.
Chest pain on exertion: none reported.
Sleeps seven hours a night.
Teeth in good repair.
Has two cats.
Sees a dentist yearly.
Pupils equal and reactive to light.",,,,
author4,136,rule_v1/test_L3inv,rule_v1.test.inv049.c2.numeric.long.578,numeric,long,base,"For Corvane syndrome, prescribe zephalin. If at least two of the following apply, prescribe trivosan instead: the current systolic blood pressure is 90 mmHg or less; the current weight is 60 kg or less; the patient or a first-degree relative (parent, sibling or child) has had a venous thromboembolism at any time.",Prescribe zephalin.,Prescribe trivosan.,s,patient: venous thromboembolism (patient or first-degree relative); present; current | patient: systolic blood pressure = 139; present; current | patient: weight = 74; present; current,"Male patient of 30 years.
Referred with Corvane syndrome.
His father sprained a thumb last month.
Owns a bicycle.
Paints watercolors as a hobby.
Has an acute pulmonary embolism, diagnosed this week.
Observations now: blood pressure 139/91 mmHg.
Knits as a hobby.
In 2019, lipase was 30 U/L.
Sees a dentist yearly.
Pupils equal and reactive to light.
His sister wears contact lenses.
Teeth in good repair.
Prefers to be addressed by first name.
Free T4 of 1.2 ng/dL in 2024.
Lives in a second-floor apartment.
Photographs local wildlife.
Drives a car.
His uncle has recovered from a dislocated finger.
Has two cats.
Prefers morning appointments.
His friend lives with psoriasis.
Plays the piano.
Latest weight 74 kg.
Enjoys board games.",,,,
author4,136,rule_v1/test_L3inv,rule_v1.test.inv049.c2.numeric.long.578,numeric,long,flip,"For Corvane syndrome, prescribe zephalin. If at least two of the following apply, prescribe trivosan instead: the current systolic blood pressure is 90 mmHg or less; the current weight is 60 kg or less; the patient or a first-degree relative (parent, sibling or child) has had a venous thromboembolism at any time.",Prescribe zephalin.,Prescribe trivosan.,s',patient: venous thromboembolism (patient or first-degree relative); present; current | patient: systolic blood pressure = 139; present; current | patient: weight = 50; present; current,"Male patient of 30 years.
Referred with Corvane syndrome.
His father sprained a thumb last month.
Owns a bicycle.
Paints watercolors as a hobby.
Has an acute pulmonary embolism, diagnosed this week.
Observations now: blood pressure 139/91 mmHg.
Knits as a hobby.
In 2019, lipase was 30 U/L.
Sees a dentist yearly.
Pupils equal and reactive to light.
His sister wears contact lenses.
Teeth in good repair.
Prefers to be addressed by first name.
Free T4 of 1.2 ng/dL in 2024.
Lives in a second-floor apartment.
Photographs local wildlife.
Drives a car.
His uncle has recovered from a dislocated finger.
Has two cats.
Prefers morning appointments.
His friend lives with psoriasis.
Plays the piano.
Latest weight 50 kg.
Enjoys board games.",,,,
author4,136,rule_v1/test_L3inv,rule_v1.test.inv049.c2.numeric.long.578,numeric,long,near,"For Corvane syndrome, prescribe zephalin. If at least two of the following apply, prescribe trivosan instead: the current systolic blood pressure is 90 mmHg or less; the current weight is 60 kg or less; the patient or a first-degree relative (parent, sibling or child) has had a venous thromboembolism at any time.",Prescribe zephalin.,Prescribe trivosan.,s,patient: venous thromboembolism (patient or first-degree relative); present; current | patient: systolic blood pressure = 139; present; current | patient: weight = 63; present; current,"Male patient of 30 years.
Referred with Corvane syndrome.
His father sprained a thumb last month.
Owns a bicycle.
Paints watercolors as a hobby.
Has an acute pulmonary embolism, diagnosed this week.
Observations now: blood pressure 139/91 mmHg.
Knits as a hobby.
In 2019, lipase was 30 U/L.
Sees a dentist yearly.
Pupils equal and reactive to light.
His sister wears contact lenses.
Teeth in good repair.
Prefers to be addressed by first name.
Free T4 of 1.2 ng/dL in 2024.
Lives in a second-floor apartment.
Photographs local wildlife.
Drives a car.
His uncle has recovered from a dislocated finger.
Has two cats.
Prefers morning appointments.
His friend lives with psoriasis.
Plays the piano.
Latest weight 63 kg.
Enjoys board games.",,,,
author4,136,rule_v1/test_L3inv,rule_v1.test.inv049.c2.numeric.long.578,numeric,long,pres,"For Corvane syndrome, prescribe zephalin. If at least two of the following apply, prescribe trivosan instead: the current systolic blood pressure is 90 mmHg or less; the current weight is 60 kg or less; the patient or a first-degree relative (parent, sibling or child) has had a venous thromboembolism at any time.",Prescribe zephalin.,Prescribe trivosan.,s,patient: systolic blood pressure = 139; present; current | patient: venous thromboembolism (patient or first-degree relative); present; current | patient: weight = 74; present; current,"Man of 30 years.
Referred with Corvane syndrome.
Sees a dentist yearly.
Current systolic blood pressure 139 mmHg.
Owns a bicycle.
Has an acute pulmonary embolism, diagnosed this week.
His sister wears contact lenses.
Prefers morning appointments.
His father sprained a thumb last month.
In 2019, lipase was 30 U/L.
Knits as a hobby.
Has two cats.
Lives in a second-floor apartment.
Teeth in good repair.
Free T4 of 1.2 ng/dL in 2024.
His uncle has recovered from a dislocated finger.
Drives a car.
Current weight 74 kg.
His friend lives with psoriasis.
Paints watercolors as a hobby.
Photographs local wildlife.
Enjoys board games.
Plays the piano.
Pupils equal and reactive to light.
Prefers to be addressed by first name.",,,,
author4,140,rule_v1/test_L2,rule_v1.test.s3_blatchford.bun.boundary.long.599,boundary,long,base,"Glasgow-Blatchford score (as used here, partial): 2 points for a current blood urea nitrogen above 18 mg/dL; 1 point for a current systolic blood pressure below 110 mmHg; 1 point for a current heart rate of 100/min or more; 2 points for current heart failure. Other Glasgow-Blatchford items are not part of this question.",The blood urea nitrogen criterion contributes 0 points.,The blood urea nitrogen criterion contributes 2 points.,s,patient: blood urea nitrogen = 10; present; current | patient: heart rate = 84; present; current | patient: heart failure; absent; current | patient: systolic blood pressure = 136; present; current,"Woman of 63 years.
Vomited fresh blood twice; admitted with upper gastrointestinal bleeding.
Uses sunscreen in summer.
Knits as a hobby.
Her father has recovered from a dislocated finger.
Blood urea nitrogen 10 mg/dL on the current labs.
During a checkup in 2015, free T3 was 3.2 pg/mL.
Heart rate now 84/min on a pulse check.
Prefers to be addressed by first name.
Drives a car.
Teeth in good repair.
During a checkup in 2024, total protein was 7.0 g/dL.
Heart sounds without a gallop.
Enjoys board games.
Sleeps seven hours a night.
Has two cats.
Pupils equal and reactive to light.
Lives in a second-floor apartment.
Sees a dentist yearly.
Owns a bicycle.
Paints watercolors as a hobby.
Plays the piano.
Her sister has a lazy eye.
Photographs local wildlife.
Observations now: blood pressure 136/90 mmHg.
Prefers morning appointments.",,,,
author4,140,rule_v1/test_L2,rule_v1.test.s3_blatchford.bun.boundary.long.599,boundary,long,flip,"Glasgow-Blatchford score (as used here, partial): 2 points for a current blood urea nitrogen above 18 mg/dL; 1 point for a current systolic blood pressure below 110 mmHg; 1 point for a current heart rate of 100/min or more; 2 points for current heart failure. Other Glasgow-Blatchford items are not part of this question.",The blood urea nitrogen criterion contributes 0 points.,The blood urea nitrogen criterion contributes 2 points.,s',patient: blood urea nitrogen = 20; present; current | patient: heart rate = 84; present; current | patient: heart failure; absent; current | patient: systolic blood pressure = 136; present; current,"Woman of 63 years.
Vomited fresh blood twice; admitted with upper gastrointestinal bleeding.
Uses sunscreen in summer.
Knits as a hobby.
Her father has recovered from a dislocated finger.
Blood urea nitrogen 20 mg/dL on the current labs.
During a checkup in 2015, free T3 was 3.2 pg/mL.
Heart rate now 84/min on a pulse check.
Prefers to be addressed by first name.
Drives a car.
Teeth in good repair.
During a checkup in 2024, total protein was 7.0 g/dL.
Heart sounds without a gallop.
Enjoys board games.
Sleeps seven hours a night.
Has two cats.
Pupils equal and reactive to light.
Lives in a second-floor apartment.
Sees a dentist yearly.
Owns a bicycle.
Paints watercolors as a hobby.
Plays the piano.
Her sister has a lazy eye.
Photographs local wildlife.
Observations now: blood pressure 136/90 mmHg.
Prefers morning appointments.",,,,
author4,140,rule_v1/test_L2,rule_v1.test.s3_blatchford.bun.boundary.long.599,boundary,long,near,"Glasgow-Blatchford score (as used here, partial): 2 points for a current blood urea nitrogen above 18 mg/dL; 1 point for a current systolic blood pressure below 110 mmHg; 1 point for a current heart rate of 100/min or more; 2 points for current heart failure. Other Glasgow-Blatchford items are not part of this question.",The blood urea nitrogen criterion contributes 0 points.,The blood urea nitrogen criterion contributes 2 points.,s,patient: blood urea nitrogen = 18; present; current | patient: heart rate = 84; present; current | patient: heart failure; absent; current | patient: systolic blood pressure = 136; present; current,"Woman of 63 years.
Vomited fresh blood twice; admitted with upper gastrointestinal bleeding.
Uses sunscreen in summer.
Knits as a hobby.
Her father has recovered from a dislocated finger.
Blood urea nitrogen 18 mg/dL on the current labs.
During a checkup in 2015, free T3 was 3.2 pg/mL.
Heart rate now 84/min on a pulse check.
Prefers to be addressed by first name.
Drives a car.
Teeth in good repair.
During a checkup in 2024, total protein was 7.0 g/dL.
Heart sounds without a gallop.
Enjoys board games.
Sleeps seven hours a night.
Has two cats.
Pupils equal and reactive to light.
Lives in a second-floor apartment.
Sees a dentist yearly.
Owns a bicycle.
Paints watercolors as a hobby.
Plays the piano.
Her sister has a lazy eye.
Photographs local wildlife.
Observations now: blood pressure 136/90 mmHg.
Prefers morning appointments.",,,,
author4,140,rule_v1/test_L2,rule_v1.test.s3_blatchford.bun.boundary.long.599,boundary,long,pres,"Glasgow-Blatchford score (as used here, partial): 2 points for a current blood urea nitrogen above 18 mg/dL; 1 point for a current systolic blood pressure below 110 mmHg; 1 point for a current heart rate of 100/min or more; 2 points for current heart failure. Other Glasgow-Blatchford items are not part of this question.",The blood urea nitrogen criterion contributes 0 points.,The blood urea nitrogen criterion contributes 2 points.,s,patient: heart rate = 84; present; current | patient: systolic blood pressure = 136; present; current | patient: heart failure; absent; current | patient: blood urea nitrogen = 10; present; current,"Female patient of 63 years.
Vomited fresh blood twice; admitted with upper gastrointestinal bleeding.
Her sister has a lazy eye.
Lives in a second-floor apartment.
Drives a car.
Sees a dentist yearly.
Current heart rate 84/min.
Current systolic blood pressure 136 mmHg.
Paints watercolors as a hobby.
During a checkup in 2015, free T3 was 3.2 pg/mL.
Uses sunscreen in summer.
Photographs local wildlife.
Pupils equal and reactive to light.
Sleeps seven hours a night.
Plays the piano.
Her father has recovered from a dislocated finger.
Owns a bicycle.
Prefers morning appointments.
Has two cats.
Enjoys board games.
Heart sounds without a gallop.
Blood urea nitrogen now: 10 mg/dL.
Knits as a hobby.
Prefers to be addressed by first name.
Teeth in good repair.
During a checkup in 2024, total protein was 7.0 g/dL.",,,,
author4,140,rule_v1/test_L2,rule_v1.test.s3_blatchford.bun.boundary.long.599,boundary,long,missing,"Glasgow-Blatchford score (as used here, partial): 2 points for a current blood urea nitrogen above 18 mg/dL; 1 point for a current systolic blood pressure below 110 mmHg; 1 point for a current heart rate of 100/min or more; 2 points for current heart failure. Other Glasgow-Blatchford items are not part of this question.",The blood urea nitrogen criterion contributes 0 points.,The blood urea nitrogen criterion contributes 2 points.,neither,patient: heart rate = 84; present; current | patient: heart failure; absent; current | patient: systolic blood pressure = 136; present; current,"Woman of 63 years.
Vomited fresh blood twice; admitted with upper gastrointestinal bleeding.
Uses sunscreen in summer.
Knits as a hobby.
Her father has recovered from a dislocated finger.
During a checkup in 2015, free T3 was 3.2 pg/mL.
Heart rate now 84/min on a pulse check.
Prefers to be addressed by first name.
Drives a car.
Teeth in good repair.
During a checkup in 2024, total protein was 7.0 g/dL.
Heart sounds without a gallop.
Enjoys board games.
Sleeps seven hours a night.
Has two cats.
Pupils equal and reactive to light.
Lives in a second-floor apartment.
Sees a dentist yearly.
Owns a bicycle.
Paints watercolors as a hobby.
Plays the piano.
Her sister has a lazy eye.
Photographs local wildlife.
Observations now: blood pressure 136/90 mmHg.
Prefers morning appointments.",,,,
author4,144,rule_v1/test_L3inv,rule_v1.test.inv013.c2.time.easy.774,time,easy,base,"For Hestin disease, prescribe melcadine. If the patient has ever had a peptic ulcer (current or past) or the patient currently has asthma, prescribe orvitrex instead.",Prescribe melcadine.,Prescribe orvitrex.,s,patient: asthma; absent; current | patient: peptic ulcer at any time; absent; current,"Male patient of 35 years.
Referred with Hestin disease.
Uses sunscreen in summer.
Lungs clear, without wheeze or prolonged expiration.
Knits as a hobby.
Sees a dentist yearly.
Appetite good; no indigestion.
Prefers morning appointments.",,,,
author4,144,rule_v1/test_L3inv,rule_v1.test.inv013.c2.time.easy.774,time,easy,flip,"For Hestin disease, prescribe melcadine. If the patient has ever had a peptic ulcer (current or past) or the patient currently has asthma, prescribe orvitrex instead.",Prescribe melcadine.,Prescribe orvitrex.,s',patient: asthma; present; current | patient: peptic ulcer at any time; absent; current,"Male patient of 35 years.
Referred with Hestin disease.
Uses sunscreen in summer.
Asthma, on a daily inhaled steroid.
Knits as a hobby.
Sees a dentist yearly.
Appetite good; no indigestion.
Prefers morning appointments.",,,,
author4,144,rule_v1/test_L3inv,rule_v1.test.inv013.c2.time.easy.774,time,easy,near,"For Hestin disease, prescribe melcadine. If the patient has ever had a peptic ulcer (current or past) or the patient currently has asthma, prescribe orvitrex instead.",Prescribe melcadine.,Prescribe orvitrex.,s,patient: asthma; present; past | patient: peptic ulcer at any time; absent; current,"Male patient of 35 years.
Referred with Hestin disease.
Uses sunscreen in summer.
Formerly had asthma in elementary school; well for many years without inhalers.
Knits as a hobby.
Sees a dentist yearly.
Appetite good; no indigestion.
Prefers morning appointments.",,,,
author4,144,rule_v1/test_L3inv,rule_v1.test.inv013.c2.time.easy.774,time,easy,pres,"For Hestin disease, prescribe melcadine. If the patient has ever had a peptic ulcer (current or past) or the patient currently has asthma, prescribe orvitrex instead.",Prescribe melcadine.,Prescribe orvitrex.,s,patient: asthma; absent; current | patient: peptic ulcer at any time; absent; current,"Man of 35 years.
Referred with Hestin disease.
Lungs clear, without wheeze or prolonged expiration.
Uses sunscreen in summer.
Knits as a hobby.
Prefers morning appointments.
Sees a dentist yearly.
Appetite good; no indigestion.",,,,
author4,148,rule_v1/test_L2,rule_v1.test.cut_vte.vte.negation.long.1602,negation,long,base,"For thromboprophylaxis in a medical inpatient, prescribe compression stockings. Score 3 points for active cancer; 3 points for a venous thromboembolism of the patient, current or previous; 1 point for age 70 years or more; 1 point for current heart failure. If the score is 4 or more, prescribe enoxaparin instead.",Prescribe compression stockings.,Prescribe enoxaparin.,s,patient: age = 49; present; current | patient: active cancer; absent; current | patient: venous thromboembolism; absent; current | patient: heart failure; present; current,"Woman, adult.
Admitted with community-acquired pneumonia; expected to stay in bed for several days.
Plays the piano.
Her sister has a lazy eye.
Drives a car.
Pupils equal and reactive to light.
Her friend wears contact lenses.
During a checkup in 2022, total protein was 7.0 g/dL.
Currently aged 49 years.
Zinc of 85 mcg/dL in 2014.
Prefers morning appointments.
Has two cats.
In 2020, lipase was 30 U/L.
Paints watercolors as a hobby.
Weight steady over the past year.
Lives in a second-floor apartment.
In 2015, folate was 12 ng/mL.
Knits as a hobby.
Varicose veins: none seen.
Has heart failure, treated with diuretics.
Her uncle lives with psoriasis.",,,,
author4,148,rule_v1/test_L2,rule_v1.test.cut_vte.vte.negation.long.1602,negation,long,flip,"For thromboprophylaxis in a medical inpatient, prescribe compression stockings. Score 3 points for active cancer; 3 points for a venous thromboembolism of the patient, current or previous; 1 point for age 70 years or more; 1 point for current heart failure. If the score is 4 or more, prescribe enoxaparin instead.",Prescribe compression stockings.,Prescribe enoxaparin.,s',patient: age = 49; present; current | patient: active cancer; absent; current | patient: venous thromboembolism; present; current | patient: heart failure; present; current,"Woman, adult.
Admitted with community-acquired pneumonia; expected to stay in bed for several days.
Plays the piano.
Her sister has a lazy eye.
Drives a car.
Pupils equal and reactive to light.
Her friend wears contact lenses.
During a checkup in 2022, total protein was 7.0 g/dL.
Currently aged 49 years.
Zinc of 85 mcg/dL in 2014.
Prefers morning appointments.
Has two cats.
In 2020, lipase was 30 U/L.
Paints watercolors as a hobby.
Weight steady over the past year.
Lives in a second-floor apartment.
In 2015, folate was 12 ng/mL.
Knits as a hobby.
Has an acute pulmonary embolism, diagnosed this week.
Has heart failure, treated with diuretics.
Her uncle lives with psoriasis.",,,,
author4,148,rule_v1/test_L2,rule_v1.test.cut_vte.vte.negation.long.1602,negation,long,near,"For thromboprophylaxis in a medical inpatient, prescribe compression stockings. Score 3 points for active cancer; 3 points for a venous thromboembolism of the patient, current or previous; 1 point for age 70 years or more; 1 point for current heart failure. If the score is 4 or more, prescribe enoxaparin instead.",Prescribe compression stockings.,Prescribe enoxaparin.,s,patient: age = 49; present; current | patient: active cancer; absent; current | patient: venous thromboembolism; absent; current | patient: heart failure; present; current,"Woman, adult.
Admitted with community-acquired pneumonia; expected to stay in bed for several days.
Plays the piano.
Her sister has a lazy eye.
Drives a car.
Pupils equal and reactive to light.
Her friend wears contact lenses.
During a checkup in 2022, total protein was 7.0 g/dL.
Currently aged 49 years.
Zinc of 85 mcg/dL in 2014.
Prefers morning appointments.
Has two cats.
In 2020, lipase was 30 U/L.
Paints watercolors as a hobby.
Weight steady over the past year.
Lives in a second-floor apartment.
In 2015, folate was 12 ng/mL.
Knits as a hobby.
Has never had a DVT or pulmonary embolism, nor has any parent, sibling or child.
Has heart failure, treated with diuretics.
Her uncle lives with psoriasis.",,,,
author4,148,rule_v1/test_L2,rule_v1.test.cut_vte.vte.negation.long.1602,negation,long,pres,"For thromboprophylaxis in a medical inpatient, prescribe compression stockings. Score 3 points for active cancer; 3 points for a venous thromboembolism of the patient, current or previous; 1 point for age 70 years or more; 1 point for current heart failure. If the score is 4 or more, prescribe enoxaparin instead.",Prescribe compression stockings.,Prescribe enoxaparin.,s,patient: age = 49; present; current | patient: heart failure; present; current | patient: venous thromboembolism; absent; current | patient: active cancer; absent; current,"An adult woman.
Admitted with community-acquired pneumonia; expected to stay in bed for several days.
Prefers morning appointments.
Knits as a hobby.
Her sister has a lazy eye.
Current age 49 years.
Has heart failure, treated with diuretics.
In 2020, lipase was 30 U/L.
Her friend wears contact lenses.
Pupils equal and reactive to light.
Varicose veins: none seen.
Has two cats.
Weight steady over the past year.
Lives in a second-floor apartment.
During a checkup in 2022, total protein was 7.0 g/dL.
Drives a car.
Plays the piano.
Paints watercolors as a hobby.
Her uncle lives with psoriasis.
In 2015, folate was 12 ng/mL.
Zinc of 85 mcg/dL in 2014.",,,,
author4,152,rule_v1/test_L3alt,rule_v1.test.c1_transfusion.hgb.time.alt.692,time,alt,base,"For anemia after hip fracture surgery, prescribe oral iron. If the current hemoglobin is below 10.0 g/dL, prescribe a red cell transfusion instead.",Prescribe oral iron.,Prescribe a red cell transfusion.,s,patient: hemoglobin = 11.3; present; current | patient: hemoglobin = 10.6; present; past (2007),"Female patient of 89 years.
Second day after surgical repair of a hip fracture; hemodynamically stable.
Latest Hgb result: 11.3 g/dL.
Enjoys board games.
Records from 2007 list Hgb at 10.6 g/dL.",,,,
author4,152,rule_v1/test_L3alt,rule_v1.test.c1_transfusion.hgb.time.alt.692,time,alt,flip,"For anemia after hip fracture surgery, prescribe oral iron. If the current hemoglobin is below 10.0 g/dL, prescribe a red cell transfusion instead.",Prescribe oral iron.,Prescribe a red cell transfusion.,s',patient: hemoglobin = 9.2; present; current | patient: hemoglobin = 10.6; present; past (2007),"Female patient of 89 years.
Second day after surgical repair of a hip fracture; hemodynamically stable.
Latest Hgb result: 9.2 g/dL.
Enjoys board games.
Records from 2007 list Hgb at 10.6 g/dL.",,,,
author4,152,rule_v1/test_L3alt,rule_v1.test.c1_transfusion.hgb.time.alt.692,time,alt,near,"For anemia after hip fracture surgery, prescribe oral iron. If the current hemoglobin is below 10.0 g/dL, prescribe a red cell transfusion instead.",Prescribe oral iron.,Prescribe a red cell transfusion.,s,patient: hemoglobin = 11.3; present; current | patient: hemoglobin = 7.3; present; past (2007),"Female patient of 89 years.
Second day after surgical repair of a hip fracture; hemodynamically stable.
Latest Hgb result: 11.3 g/dL.
Enjoys board games.
Records from 2007 list Hgb at 7.3 g/dL.",,,,
author4,152,rule_v1/test_L3alt,rule_v1.test.c1_transfusion.hgb.time.alt.692,time,alt,pres,"For anemia after hip fracture surgery, prescribe oral iron. If the current hemoglobin is below 10.0 g/dL, prescribe a red cell transfusion instead.",Prescribe oral iron.,Prescribe a red cell transfusion.,s,patient: hemoglobin = 10.6; present; past (2007) | patient: hemoglobin = 11.3; present; current,"Woman of 89 years.
Second day after surgical repair of a hip fracture; hemodynamically stable.
Back in 2007, Hgb stood at 10.6 g/dL.
Current Hgb 11.3 g/dL.
Enjoys board games.",,,,
author4,156,rule_v1/test_hard,rule_v1.test.gs124.c3.boundary.long.705,boundary,long,base,"For community-acquired pneumonia, prescribe oral amoxicillin. If at least two of the following apply, prescribe intravenous co-amoxiclav instead: the patient or a first-degree relative (parent, sibling or child) has had colorectal cancer at any time; the current calf swelling compared with the other leg is 3.0 cm or more; the age of the patient is above 65 years.",Prescribe oral amoxicillin.,Prescribe intravenous co-amoxiclav.,s,patient: colorectal cancer (patient or first-degree relative); absent; current | patient: calf swelling = 3.6; present; current | patient: age = 49; present; current,"Man, adult.
Community-acquired pneumonia confirmed on chest radiograph.
Hemoglobin within the normal range on recent blood tests.
Has two cats.
Plays the piano.
Uses sunscreen in summer.
Knits as a hobby.
His sister wears contact lenses.
His friend has recovered from a dislocated finger.
Zinc of 85 mcg/dL in 2015.
Owns a bicycle.
Teeth in good repair.
Photographs local wildlife.
Sleeps seven hours a night.
His friend burned a hand on a stove years ago.
Prefers morning appointments.
Enjoys board games.
Difference in calf circumference now 3.6 cm.
In 2014, folate was 12 ng/mL.
During a checkup in 2008, total protein was 7.0 g/dL.
Prefers to be addressed by first name.
Currently aged 49 years.
Drives a car.",,,,
author4,156,rule_v1/test_hard,rule_v1.test.gs124.c3.boundary.long.705,boundary,long,flip,"For community-acquired pneumonia, prescribe oral amoxicillin. If at least two of the following apply, prescribe intravenous co-amoxiclav instead: the patient or a first-degree relative (parent, sibling or child) has had colorectal cancer at any time; the current calf swelling compared with the other leg is 3.0 cm or more; the age of the patient is above 65 years.",Prescribe oral amoxicillin.,Prescribe intravenous co-amoxiclav.,s',patient: colorectal cancer (patient or first-degree relative); absent; current | patient: calf swelling = 3.6; present; current | patient: age = 71; present; current,"Man, adult.
Community-acquired pneumonia confirmed on chest radiograph.
Hemoglobin within the normal range on recent blood tests.
Has two cats.
Plays the piano.
Uses sunscreen in summer.
Knits as a hobby.
His sister wears contact lenses.
His friend has recovered from a dislocated finger.
Zinc of 85 mcg/dL in 2015.
Owns a bicycle.
Teeth in good repair.
Photographs local wildlife.
Sleeps seven hours a night.
His friend burned a hand on a stove years ago.
Prefers morning appointments.
Enjoys board games.
Difference in calf circumference now 3.6 cm.
In 2014, folate was 12 ng/mL.
During a checkup in 2008, total protein was 7.0 g/dL.
Prefers to be addressed by first name.
Currently aged 71 years.
Drives a car.",,,,
author4,156,rule_v1/test_hard,rule_v1.test.gs124.c3.boundary.long.705,boundary,long,near,"For community-acquired pneumonia, prescribe oral amoxicillin. If at least two of the following apply, prescribe intravenous co-amoxiclav instead: the patient or a first-degree relative (parent, sibling or child) has had colorectal cancer at any time; the current calf swelling compared with the other leg is 3.0 cm or more; the age of the patient is above 65 years.",Prescribe oral amoxicillin.,Prescribe intravenous co-amoxiclav.,s,patient: colorectal cancer (patient or first-degree relative); absent; current | patient: calf swelling = 3.6; present; current | patient: age = 65; present; current,"Man, adult.
Community-acquired pneumonia confirmed on chest radiograph.
Hemoglobin within the normal range on recent blood tests.
Has two cats.
Plays the piano.
Uses sunscreen in summer.
Knits as a hobby.
His sister wears contact lenses.
His friend has recovered from a dislocated finger.
Zinc of 85 mcg/dL in 2015.
Owns a bicycle.
Teeth in good repair.
Photographs local wildlife.
Sleeps seven hours a night.
His friend burned a hand on a stove years ago.
Prefers morning appointments.
Enjoys board games.
Difference in calf circumference now 3.6 cm.
In 2014, folate was 12 ng/mL.
During a checkup in 2008, total protein was 7.0 g/dL.
Prefers to be addressed by first name.
Currently aged 65 years.
Drives a car.",,,,
author4,156,rule_v1/test_hard,rule_v1.test.gs124.c3.boundary.long.705,boundary,long,pres,"For community-acquired pneumonia, prescribe oral amoxicillin. If at least two of the following apply, prescribe intravenous co-amoxiclav instead: the patient or a first-degree relative (parent, sibling or child) has had colorectal cancer at any time; the current calf swelling compared with the other leg is 3.0 cm or more; the age of the patient is above 65 years.",Prescribe oral amoxicillin.,Prescribe intravenous co-amoxiclav.,s,patient: age = 49; present; current | patient: colorectal cancer (patient or first-degree relative); absent; current | patient: calf swelling = 3.6; present; current,"An adult man.
Community-acquired pneumonia confirmed on chest radiograph.
Current age 49 years.
Has two cats.
Prefers morning appointments.
Zinc of 85 mcg/dL in 2015.
His friend has recovered from a dislocated finger.
Sleeps seven hours a night.
His friend burned a hand on a stove years ago.
Hemoglobin within the normal range on recent blood tests.
Owns a bicycle.
Uses sunscreen in summer.
Teeth in good repair.
His sister wears contact lenses.
Plays the piano.
Drives a car.
During a checkup in 2008, total protein was 7.0 g/dL.
Prefers to be addressed by first name.
Knits as a hobby.
Photographs local wildlife.
Enjoys board games.
In 2014, folate was 12 ng/mL.
Current calf swelling 3.6 cm compared with the other leg.",,,,
author4,160,rule_v1/test_hard,rule_v1.test.s3_aims65.inr.boundary.long.51,boundary,long,base,"AIMS65 (as used here, partial): 1 point each for a current international normalized ratio (INR) above 1.5; current altered mental status (confusion or disorientation); a current systolic blood pressure of 90 mmHg or less; age 65 years or more. Other AIMS65 items are not part of this question.",The international normalized ratio criterion contributes 0 points.,The international normalized ratio criterion contributes 1 point.,s,patient: age = 60; present; current | patient: systolic blood pressure = 123; present; current | patient: international normalized ratio = 0.9; present; current,"An adult man.
Upper gastrointestinal bleeding with black stools; admitted for endoscopy.
Prefers morning appointments.
Uses sunscreen in summer.
Has two cats.
His friend burned a hand on a stove years ago.
Currently aged 60 years.
Enjoys board games.
His father wears contact lenses.
Sees a dentist yearly.
Photographs local wildlife.
During a checkup in 2009, total protein was 7.0 g/dL.
Drives a car.
His roommate sprained a thumb last month.
Teeth in good repair.
Free T4 of 1.2 ng/dL in 2005.
Paints watercolors as a hobby.
Pupils equal and reactive to light.
Current systolic blood pressure 123 mmHg.
Plays the piano.
His uncle has a lazy eye.
Zinc of 85 mcg/dL in 2021.
Current international normalized ratio 0.9.
Knits as a hobby.",,,,
author4,160,rule_v1/test_hard,rule_v1.test.s3_aims65.inr.boundary.long.51,boundary,long,flip,"AIMS65 (as used here, partial): 1 point each for a current international normalized ratio (INR) above 1.5; current altered mental status (confusion or disorientation); a current systolic blood pressure of 90 mmHg or less; age 65 years or more. Other AIMS65 items are not part of this question.",The international normalized ratio criterion contributes 0 points.,The international normalized ratio criterion contributes 1 point.,s',patient: age = 60; present; current | patient: systolic blood pressure = 123; present; current | patient: international normalized ratio = 2.1; present; current,"An adult man.
Upper gastrointestinal bleeding with black stools; admitted for endoscopy.
Prefers morning appointments.
Uses sunscreen in summer.
Has two cats.
His friend burned a hand on a stove years ago.
Currently aged 60 years.
Enjoys board games.
His father wears contact lenses.
Sees a dentist yearly.
Photographs local wildlife.
During a checkup in 2009, total protein was 7.0 g/dL.
Drives a car.
His roommate sprained a thumb last month.
Teeth in good repair.
Free T4 of 1.2 ng/dL in 2005.
Paints watercolors as a hobby.
Pupils equal and reactive to light.
Current systolic blood pressure 123 mmHg.
Plays the piano.
His uncle has a lazy eye.
Zinc of 85 mcg/dL in 2021.
Current international normalized ratio 2.1.
Knits as a hobby.",,,,
author4,160,rule_v1/test_hard,rule_v1.test.s3_aims65.inr.boundary.long.51,boundary,long,near,"AIMS65 (as used here, partial): 1 point each for a current international normalized ratio (INR) above 1.5; current altered mental status (confusion or disorientation); a current systolic blood pressure of 90 mmHg or less; age 65 years or more. Other AIMS65 items are not part of this question.",The international normalized ratio criterion contributes 0 points.,The international normalized ratio criterion contributes 1 point.,s,patient: age = 60; present; current | patient: systolic blood pressure = 123; present; current | patient: international normalized ratio = 1.5; present; current,"An adult man.
Upper gastrointestinal bleeding with black stools; admitted for endoscopy.
Prefers morning appointments.
Uses sunscreen in summer.
Has two cats.
His friend burned a hand on a stove years ago.
Currently aged 60 years.
Enjoys board games.
His father wears contact lenses.
Sees a dentist yearly.
Photographs local wildlife.
During a checkup in 2009, total protein was 7.0 g/dL.
Drives a car.
His roommate sprained a thumb last month.
Teeth in good repair.
Free T4 of 1.2 ng/dL in 2005.
Paints watercolors as a hobby.
Pupils equal and reactive to light.
Current systolic blood pressure 123 mmHg.
Plays the piano.
His uncle has a lazy eye.
Zinc of 85 mcg/dL in 2021.
Current international normalized ratio 1.5.
Knits as a hobby.",,,,
author4,160,rule_v1/test_hard,rule_v1.test.s3_aims65.inr.boundary.long.51,boundary,long,pres,"AIMS65 (as used here, partial): 1 point each for a current international normalized ratio (INR) above 1.5; current altered mental status (confusion or disorientation); a current systolic blood pressure of 90 mmHg or less; age 65 years or more. Other AIMS65 items are not part of this question.",The international normalized ratio criterion contributes 0 points.,The international normalized ratio criterion contributes 1 point.,s,patient: age = 60; present; current | patient: international normalized ratio = 0.9; present; current | patient: systolic blood pressure = 123; present; current,"Man, adult.
Upper gastrointestinal bleeding with black stools; admitted for endoscopy.
Free T4 of 1.2 ng/dL in 2005.
Current age 60 years.
Prefers morning appointments.
Drives a car.
His father wears contact lenses.
Photographs local wildlife.
His friend burned a hand on a stove years ago.
Teeth in good repair.
His uncle has a lazy eye.
Uses sunscreen in summer.
Knits as a hobby.
Plays the piano.
Has two cats.
Latest international normalized ratio (INR): 0.9.
Paints watercolors as a hobby.
During a checkup in 2009, total protein was 7.0 g/dL.
Sees a dentist yearly.
Pupils equal and reactive to light.
His roommate sprained a thumb last month.
Observations now: blood pressure 123/83 mmHg.
Enjoys board games.
Zinc of 85 mcg/dL in 2021.",,,,
author4,164,rule_v1/test_hard,rule_v1.test.gs087.c3.time.superseded.109,time,superseded,base,"For knee osteoarthritis pain, prescribe naproxen. Score 2 points if the patient is allergic to penicillin; 1 point if the patient or a first-degree relative (parent, sibling or child) has had a venous thromboembolism at any time; 3 points if the current heart rate is above 90/min. If the score is 6 or more, prescribe acetaminophen instead.",Prescribe naproxen.,Prescribe acetaminophen.,s,patient: venous thromboembolism (patient or first-degree relative); present; current | patient: heart rate = 72; present; past | patient: heart rate = 81; present; current | patient: penicillin allergy; present; current,"Woman of 64 years.
Knee osteoarthritis with pain on walking.
Prefers morning appointments.
Has an acute pulmonary embolism, diagnosed this week.
Earlier this week, heart rate was 72/min; a newer reading supersedes it.
Current heart rate 81/min.
Known penicillin allergy with angioedema.",,,,
author4,164,rule_v1/test_hard,rule_v1.test.gs087.c3.time.superseded.109,time,superseded,flip,"For knee osteoarthritis pain, prescribe naproxen. Score 2 points if the patient is allergic to penicillin; 1 point if the patient or a first-degree relative (parent, sibling or child) has had a venous thromboembolism at any time; 3 points if the current heart rate is above 90/min. If the score is 6 or more, prescribe acetaminophen instead.",Prescribe naproxen.,Prescribe acetaminophen.,s',patient: venous thromboembolism (patient or first-degree relative); present; current | patient: heart rate = 72; present; past | patient: heart rate = 99; present; current | patient: penicillin allergy; present; current,"Woman of 64 years.
Knee osteoarthritis with pain on walking.
Prefers morning appointments.
Has an acute pulmonary embolism, diagnosed this week.
Earlier this week, heart rate was 72/min; a newer reading supersedes it.
Current heart rate 99/min.
Known penicillin allergy with angioedema.",,,,
author4,164,rule_v1/test_hard,rule_v1.test.gs087.c3.time.superseded.109,time,superseded,near,"For knee osteoarthritis pain, prescribe naproxen. Score 2 points if the patient is allergic to penicillin; 1 point if the patient or a first-degree relative (parent, sibling or child) has had a venous thromboembolism at any time; 3 points if the current heart rate is above 90/min. If the score is 6 or more, prescribe acetaminophen instead.",Prescribe naproxen.,Prescribe acetaminophen.,s,patient: venous thromboembolism (patient or first-degree relative); present; current | patient: heart rate = 101; present; past | patient: heart rate = 81; present; current | patient: penicillin allergy; present; current,"Woman of 64 years.
Knee osteoarthritis with pain on walking.
Prefers morning appointments.
Has an acute pulmonary embolism, diagnosed this week.
Earlier this week, heart rate was 101/min; a newer reading supersedes it.
Current heart rate 81/min.
Known penicillin allergy with angioedema.",,,,
author4,164,rule_v1/test_hard,rule_v1.test.gs087.c3.time.superseded.109,time,superseded,pres,"For knee osteoarthritis pain, prescribe naproxen. Score 2 points if the patient is allergic to penicillin; 1 point if the patient or a first-degree relative (parent, sibling or child) has had a venous thromboembolism at any time; 3 points if the current heart rate is above 90/min. If the score is 6 or more, prescribe acetaminophen instead.",Prescribe naproxen.,Prescribe acetaminophen.,s,patient: penicillin allergy; present; current | patient: heart rate = 72; present; past | patient: venous thromboembolism (patient or first-degree relative); present; current | patient: heart rate = 81; present; current,"Female patient of 64 years.
Knee osteoarthritis with pain on walking.
Known penicillin allergy with angioedema.
Earlier this week, heart rate was 72/min; a newer reading supersedes it.
Prefers morning appointments.
Has an acute pulmonary embolism, diagnosed this week.
Heart rate now 81/min on a pulse check.",,,,
author4,168,rule_v1/test_hard,rule_v1.test.gs086.c1.boundary.long.934,boundary,long,base,"For inpatient VTE prophylaxis, prescribe enoxaparin. If at least two of the following apply, prescribe intermittent pneumatic compression instead: the current heart rate is above 90/min; the patient has ever had heart failure (current or past); the patient has ever had a venous thromboembolism (current or past).",Prescribe enoxaparin.,Prescribe intermittent pneumatic compression.,s,patient: heart failure; present; past | patient: heart rate = 75; present; current | patient: venous thromboembolism; absent; current,"Female patient of 82 years.
Admitted for community-acquired pneumonia; immobile.
Prefers morning appointments.
Free T4 of 1.2 ng/dL in 2013.
Her friend lives with psoriasis.
Sees a dentist yearly.
Pupils equal and reactive to light.
Teeth in good repair.
Paints watercolors as a hobby.
Enjoys board games.
Had heart failure years ago from severe anemia; it recovered fully once the anemia was corrected.
In 2016, folate was 12 ng/mL.
Has two cats.
Plays the piano.
Drives a car.
During a checkup in 2018, free T3 was 3.2 pg/mL.
Owns a bicycle.
Her roommate sprained a thumb last month.
During a checkup in 2006, total protein was 7.0 g/dL.
Current heart rate 75/min.
Her friend has a lazy eye.
Sleeps seven hours a night.
Varicose veins: none seen.",,,,
author4,168,rule_v1/test_hard,rule_v1.test.gs086.c1.boundary.long.934,boundary,long,flip,"For inpatient VTE prophylaxis, prescribe enoxaparin. If at least two of the following apply, prescribe intermittent pneumatic compression instead: the current heart rate is above 90/min; the patient has ever had heart failure (current or past); the patient has ever had a venous thromboembolism (current or past).",Prescribe enoxaparin.,Prescribe intermittent pneumatic compression.,s',patient: heart failure; present; past | patient: heart rate = 99; present; current | patient: venous thromboembolism; absent; current,"Female patient of 82 years.
Admitted for community-acquired pneumonia; immobile.
Prefers morning appointments.
Free T4 of 1.2 ng/dL in 2013.
Her friend lives with psoriasis.
Sees a dentist yearly.
Pupils equal and reactive to light.
Teeth in good repair.
Paints watercolors as a hobby.
Enjoys board games.
Had heart failure years ago from severe anemia; it recovered fully once the anemia was corrected.
In 2016, folate was 12 ng/mL.
Has two cats.
Plays the piano.
Drives a car.
During a checkup in 2018, free T3 was 3.2 pg/mL.
Owns a bicycle.
Her roommate sprained a thumb last month.
During a checkup in 2006, total protein was 7.0 g/dL.
Current heart rate 99/min.
Her friend has a lazy eye.
Sleeps seven hours a night.
Varicose veins: none seen.",,,,
author4,168,rule_v1/test_hard,rule_v1.test.gs086.c1.boundary.long.934,boundary,long,near,"For inpatient VTE prophylaxis, prescribe enoxaparin. If at least two of the following apply, prescribe intermittent pneumatic compression instead: the current heart rate is above 90/min; the patient has ever had heart failure (current or past); the patient has ever had a venous thromboembolism (current or past).",Prescribe enoxaparin.,Prescribe intermittent pneumatic compression.,s,patient: heart failure; present; past | patient: heart rate = 90; present; current | patient: venous thromboembolism; absent; current,"Female patient of 82 years.
Admitted for community-acquired pneumonia; immobile.
Prefers morning appointments.
Free T4 of 1.2 ng/dL in 2013.
Her friend lives with psoriasis.
Sees a dentist yearly.
Pupils equal and reactive to light.
Teeth in good repair.
Paints watercolors as a hobby.
Enjoys board games.
Had heart failure years ago from severe anemia; it recovered fully once the anemia was corrected.
In 2016, folate was 12 ng/mL.
Has two cats.
Plays the piano.
Drives a car.
During a checkup in 2018, free T3 was 3.2 pg/mL.
Owns a bicycle.
Her roommate sprained a thumb last month.
During a checkup in 2006, total protein was 7.0 g/dL.
Current heart rate 90/min.
Her friend has a lazy eye.
Sleeps seven hours a night.
Varicose veins: none seen.",,,,
author4,168,rule_v1/test_hard,rule_v1.test.gs086.c1.boundary.long.934,boundary,long,pres,"For inpatient VTE prophylaxis, prescribe enoxaparin. If at least two of the following apply, prescribe intermittent pneumatic compression instead: the current heart rate is above 90/min; the patient has ever had heart failure (current or past); the patient has ever had a venous thromboembolism (current or past).",Prescribe enoxaparin.,Prescribe intermittent pneumatic compression.,s,patient: heart failure; present; past | patient: venous thromboembolism; absent; current | patient: heart rate = 75; present; current,"Woman of 82 years.
Admitted for community-acquired pneumonia; immobile.
Free T4 of 1.2 ng/dL in 2013.
Sees a dentist yearly.
Has two cats.
Owns a bicycle.
Her roommate sprained a thumb last month.
Had heart failure years ago from severe anemia; it recovered fully once the anemia was corrected.
In 2016, folate was 12 ng/mL.
Sleeps seven hours a night.
During a checkup in 2018, free T3 was 3.2 pg/mL.
Drives a car.
Varicose veins: none seen.
Enjoys board games.
Heart rate now 75/min on a pulse check.
Prefers morning appointments.
Her friend has a lazy eye.
During a checkup in 2006, total protein was 7.0 g/dL.
Plays the piano.
Teeth in good repair.
Her friend lives with psoriasis.
Pupils equal and reactive to light.
Paints watercolors as a hobby.",,,,
author4,172,rule_v1/test_hard,rule_v1.test.gs024.c3.numeric.long.795,numeric,long,base,"For uncomplicated cystitis, prescribe trimethoprim-sulfamethoxazole. Score 3 points if the current ALT is above 120 U/L; 1 point if the patient or a first-degree relative (parent, sibling or child) has had diabetes at any time; 3 points if the current systolic blood pressure is above 160 mmHg; 2 points if the patient or a first-degree relative (parent, sibling or child) has had a venous thromboembolism at any time. If the score is 4 or more, prescribe nitrofurantoin instead.",Prescribe trimethoprim-sulfamethoxazole.,Prescribe nitrofurantoin.,s,patient: ALT = 136; present; current | patient: diabetes (patient or first-degree relative); absent; current | patient: systolic blood pressure = 112; present; current,"Female patient of 49 years.
Dysuria and urinary frequency for two days; urine dipstick positive for nitrites.
Photographs local wildlife.
Owns a bicycle.
ALT now 136 U/L.
HbA1c 5.3% at a routine check.
Her wife has recovered from a dislocated finger.
Uses sunscreen in summer.
Prefers morning appointments.
Her father lives with psoriasis.
During a checkup in 2012, total protein was 7.0 g/dL.
Her sister sprained a thumb last month.
Has two cats.
Zinc of 85 mcg/dL in 2021.
Drives a car.
Plays the piano.
Observations now: blood pressure 112/77 mmHg.
Lives in a second-floor apartment.
During a checkup in 2017, free T3 was 3.2 pg/mL.
Pupils equal and reactive to light.
Her wife burned a hand on a stove years ago.",,,,
author4,172,rule_v1/test_hard,rule_v1.test.gs024.c3.numeric.long.795,numeric,long,flip,"For uncomplicated cystitis, prescribe trimethoprim-sulfamethoxazole. Score 3 points if the current ALT is above 120 U/L; 1 point if the patient or a first-degree relative (parent, sibling or child) has had diabetes at any time; 3 points if the current systolic blood pressure is above 160 mmHg; 2 points if the patient or a first-degree relative (parent, sibling or child) has had a venous thromboembolism at any time. If the score is 4 or more, prescribe nitrofurantoin instead.",Prescribe trimethoprim-sulfamethoxazole.,Prescribe nitrofurantoin.,s',patient: ALT = 136; present; current | patient: diabetes (patient or first-degree relative); absent; current | patient: systolic blood pressure = 182; present; current,"Female patient of 49 years.
Dysuria and urinary frequency for two days; urine dipstick positive for nitrites.
Photographs local wildlife.
Owns a bicycle.
ALT now 136 U/L.
HbA1c 5.3% at a routine check.
Her wife has recovered from a dislocated finger.
Uses sunscreen in summer.
Prefers morning appointments.
Her father lives with psoriasis.
During a checkup in 2012, total protein was 7.0 g/dL.
Her sister sprained a thumb last month.
Has two cats.
Zinc of 85 mcg/dL in 2021.
Drives a car.
Plays the piano.
Observations now: blood pressure 182/115 mmHg.
Lives in a second-floor apartment.
During a checkup in 2017, free T3 was 3.2 pg/mL.
Pupils equal and reactive to light.
Her wife burned a hand on a stove years ago.",,,,
author4,172,rule_v1/test_hard,rule_v1.test.gs024.c3.numeric.long.795,numeric,long,near,"For uncomplicated cystitis, prescribe trimethoprim-sulfamethoxazole. Score 3 points if the current ALT is above 120 U/L; 1 point if the patient or a first-degree relative (parent, sibling or child) has had diabetes at any time; 3 points if the current systolic blood pressure is above 160 mmHg; 2 points if the patient or a first-degree relative (parent, sibling or child) has had a venous thromboembolism at any time. If the score is 4 or more, prescribe nitrofurantoin instead.",Prescribe trimethoprim-sulfamethoxazole.,Prescribe nitrofurantoin.,s,patient: ALT = 136; present; current | patient: diabetes (patient or first-degree relative); absent; current | patient: systolic blood pressure = 156; present; current,"Female patient of 49 years.
Dysuria and urinary frequency for two days; urine dipstick positive for nitrites.
Photographs local wildlife.
Owns a bicycle.
ALT now 136 U/L.
HbA1c 5.3% at a routine check.
Her wife has recovered from a dislocated finger.
Uses sunscreen in summer.
Prefers morning appointments.
Her father lives with psoriasis.
During a checkup in 2012, total protein was 7.0 g/dL.
Her sister sprained a thumb last month.
Has two cats.
Zinc of 85 mcg/dL in 2021.
Drives a car.
Plays the piano.
Observations now: blood pressure 156/101 mmHg.
Lives in a second-floor apartment.
During a checkup in 2017, free T3 was 3.2 pg/mL.
Pupils equal and reactive to light.
Her wife burned a hand on a stove years ago.",,,,
author4,172,rule_v1/test_hard,rule_v1.test.gs024.c3.numeric.long.795,numeric,long,pres,"For uncomplicated cystitis, prescribe trimethoprim-sulfamethoxazole. Score 3 points if the current ALT is above 120 U/L; 1 point if the patient or a first-degree relative (parent, sibling or child) has had diabetes at any time; 3 points if the current systolic blood pressure is above 160 mmHg; 2 points if the patient or a first-degree relative (parent, sibling or child) has had a venous thromboembolism at any time. If the score is 4 or more, prescribe nitrofurantoin instead.",Prescribe trimethoprim-sulfamethoxazole.,Prescribe nitrofurantoin.,s,patient: ALT = 136; present; current | patient: diabetes (patient or first-degree relative); absent; current | patient: systolic blood pressure = 112; present; current,"Woman of 49 years.
Dysuria and urinary frequency for two days; urine dipstick positive for nitrites.
Has two cats.
Her sister sprained a thumb last month.
Plays the piano.
Photographs local wildlife.
Current ALT 136 U/L.
Owns a bicycle.
Pupils equal and reactive to light.
HbA1c 5.3% at a routine check.
Zinc of 85 mcg/dL in 2021.
Uses sunscreen in summer.
Lives in a second-floor apartment.
During a checkup in 2017, free T3 was 3.2 pg/mL.
Her father lives with psoriasis.
Current systolic blood pressure 112 mmHg.
Drives a car.
During a checkup in 2012, total protein was 7.0 g/dL.
Her wife burned a hand on a stove years ago.
Her wife has recovered from a dislocated finger.
Prefers morning appointments.",,,,
author4,176,rule_v1/test_L0,rule_v1.test.wells_dvt.cancer.negation.long.944,negation,long,base,"Wells DVT score (as used here, partial): 1 point each for active cancer; a venous thromboembolism of the patient, current or previous; current calf swelling of 3.0 cm or more compared with the other leg. Other Wells items are not part of this question.",The active cancer criterion contributes 0 points.,The active cancer criterion contributes 1 point.,s,patient: venous thromboembolism; absent; current | patient: calf swelling = 0.8; present; current | patient: active cancer; absent; current,"Woman of 41 years.
Left leg pain for two days after a long-haul flight.
Her roommate has a lazy eye.
Plays the piano.
Prefers morning appointments.
Prefers to be addressed by first name.
Drives a car.
Sees a dentist yearly.
Her sister sprained a thumb last month.
Owns a bicycle.
Her father has recovered from a dislocated finger.
Uses sunscreen in summer.
Knits as a hobby.
Paints watercolors as a hobby.
In 2017, folate was 12 ng/mL.
Lives in a second-floor apartment.
Enjoys board games.
Coagulation tests normal on recent bloodwork.
Has two cats.
Sleeps seven hours a night.
Her father burned a hand on a stove years ago.
Difference in calf circumference now 0.8 cm.
Zinc of 85 mcg/dL in 2024.
Pupils equal and reactive to light.
Oncology follow-up: none.",,,,
author4,176,rule_v1/test_L0,rule_v1.test.wells_dvt.cancer.negation.long.944,negation,long,flip,"Wells DVT score (as used here, partial): 1 point each for active cancer; a venous thromboembolism of the patient, current or previous; current calf swelling of 3.0 cm or more compared with the other leg. Other Wells items are not part of this question.",The active cancer criterion contributes 0 points.,The active cancer criterion contributes 1 point.,s',patient: venous thromboembolism; absent; current | patient: calf swelling = 0.8; present; current | patient: active cancer; present; current,"Woman of 41 years.
Left leg pain for two days after a long-haul flight.
Her roommate has a lazy eye.
Plays the piano.
Prefers morning appointments.
Prefers to be addressed by first name.
Drives a car.
Sees a dentist yearly.
Her sister sprained a thumb last month.
Owns a bicycle.
Her father has recovered from a dislocated finger.
Uses sunscreen in summer.
Knits as a hobby.
Paints watercolors as a hobby.
In 2017, folate was 12 ng/mL.
Lives in a second-floor apartment.
Enjoys board games.
Coagulation tests normal on recent bloodwork.
Has two cats.
Sleeps seven hours a night.
Her father burned a hand on a stove years ago.
Difference in calf circumference now 0.8 cm.
Zinc of 85 mcg/dL in 2024.
Pupils equal and reactive to light.
Has metastatic lung cancer, receiving palliative treatment.",,,,
author4,176,rule_v1/test_L0,rule_v1.test.wells_dvt.cancer.negation.long.944,negation,long,near,"Wells DVT score (as used here, partial): 1 point each for active cancer; a venous thromboembolism of the patient, current or previous; current calf swelling of 3.0 cm or more compared with the other leg. Other Wells items are not part of this question.",The active cancer criterion contributes 0 points.,The active cancer criterion contributes 1 point.,s,patient: venous thromboembolism; absent; current | patient: calf swelling = 0.8; present; current | patient: active cancer; absent; current,"Woman of 41 years.
Left leg pain for two days after a long-haul flight.
Her roommate has a lazy eye.
Plays the piano.
Prefers morning appointments.
Prefers to be addressed by first name.
Drives a car.
Sees a dentist yearly.
Her sister sprained a thumb last month.
Owns a bicycle.
Her father has recovered from a dislocated finger.
Uses sunscreen in summer.
Knits as a hobby.
Paints watercolors as a hobby.
In 2017, folate was 12 ng/mL.
Lives in a second-floor apartment.
Enjoys board games.
Coagulation tests normal on recent bloodwork.
Has two cats.
Sleeps seven hours a night.
Her father burned a hand on a stove years ago.
Difference in calf circumference now 0.8 cm.
Zinc of 85 mcg/dL in 2024.
Pupils equal and reactive to light.
Free of cancer throughout life.",,,,
author4,176,rule_v1/test_L0,rule_v1.test.wells_dvt.cancer.negation.long.944,negation,long,pres,"Wells DVT score (as used here, partial): 1 point each for active cancer; a venous thromboembolism of the patient, current or previous; current calf swelling of 3.0 cm or more compared with the other leg. Other Wells items are not part of this question.",The active cancer criterion contributes 0 points.,The active cancer criterion contributes 1 point.,s,patient: venous thromboembolism; absent; current | patient: calf swelling = 0.8; present; current | patient: active cancer; absent; current,"Female patient of 41 years.
Left leg pain for two days after a long-haul flight.
Pupils equal and reactive to light.
Her father has recovered from a dislocated finger.
Paints watercolors as a hobby.
Lives in a second-floor apartment.
Owns a bicycle.
Plays the piano.
Coagulation tests normal on recent bloodwork.
Uses sunscreen in summer.
In 2017, folate was 12 ng/mL.
Her father burned a hand on a stove years ago.
Her roommate has a lazy eye.
Prefers to be addressed by first name.
Has two cats.
Enjoys board games.
Her sister sprained a thumb last month.
Drives a car.
Current calf swelling 0.8 cm compared with the other leg.
Prefers morning appointments.
Zinc of 85 mcg/dL in 2024.
Sleeps seven hours a night.
Oncology follow-up: none.
Sees a dentist yearly.
Knits as a hobby.",,,,
author4,180,rule_v1/test_L3inv,rule_v1.test.inv026.c2.time.easy.432,time,easy,base,"For Corvane syndrome, prescribe zephalin. If the patient is allergic to penicillin or the patient is currently taking clarithromycin, prescribe trivosan instead.",Prescribe zephalin.,Prescribe trivosan.,s,patient: penicillin allergy; absent; current | patient: clarithromycin; absent; current,"Man of 58 years.
Referred with Corvane syndrome.
Drug allergies: none known.
Has no antibiotic course under way.
Prefers morning appointments.
Pupils equal and reactive to light.
Lives in a second-floor apartment.",,,,
author4,180,rule_v1/test_L3inv,rule_v1.test.inv026.c2.time.easy.432,time,easy,flip,"For Corvane syndrome, prescribe zephalin. If the patient is allergic to penicillin or the patient is currently taking clarithromycin, prescribe trivosan instead.",Prescribe zephalin.,Prescribe trivosan.,s',patient: penicillin allergy; absent; current | patient: clarithromycin; present; current,"Man of 58 years.
Referred with Corvane syndrome.
Drug allergies: none known.
Currently taking clarithromycin for an ear infection.
Prefers morning appointments.
Pupils equal and reactive to light.
Lives in a second-floor apartment.",,,,
author4,180,rule_v1/test_L3inv,rule_v1.test.inv026.c2.time.easy.432,time,easy,near,"For Corvane syndrome, prescribe zephalin. If the patient is allergic to penicillin or the patient is currently taking clarithromycin, prescribe trivosan instead.",Prescribe zephalin.,Prescribe trivosan.,s,patient: penicillin allergy; absent; current | patient: clarithromycin; present; past (2009),"Man of 58 years.
Referred with Corvane syndrome.
Drug allergies: none known.
Formerly took clarithromycin for a chest infection in 2009.
Prefers morning appointments.
Pupils equal and reactive to light.
Lives in a second-floor apartment.",,,,
author4,180,rule_v1/test_L3inv,rule_v1.test.inv026.c2.time.easy.432,time,easy,pres,"For Corvane syndrome, prescribe zephalin. If the patient is allergic to penicillin or the patient is currently taking clarithromycin, prescribe trivosan instead.",Prescribe zephalin.,Prescribe trivosan.,s,patient: clarithromycin; absent; current | patient: penicillin allergy; absent; current,"Male patient of 58 years.
Referred with Corvane syndrome.
Lives in a second-floor apartment.
Has no antibiotic course under way.
Prefers morning appointments.
Drug allergies: none known.
Pupils equal and reactive to light.",,,,
author4,184,rule_v1/test_hard,rule_v1.test.s1_spesi.sbp.boundary.long.146,boundary,long,base,"Simplified Pulmonary Embolism Severity Index (as used here, partial): 1 point each for active cancer; a current heart rate of 110/min or more; a current systolic blood pressure below 100 mmHg; a current oxygen saturation below 90%; an age above 80 years. Other items of the index are not part of this question.",The systolic blood pressure criterion contributes 0 points.,The systolic blood pressure criterion contributes 1 point.,s,patient: systolic blood pressure = 152; present; current | patient: heart rate = 79; present; current | patient: oxygen saturation = 94; present; current | patient: age = 53; present; current | patient: active cancer; absent; current,"Man, adult.
Acute pulmonary embolism confirmed on CT pulmonary angiography.
During a checkup in 2015, total protein was 7.0 g/dL.
Sees a dentist yearly.
Observations now: blood pressure 152/99 mmHg.
His wife burned a hand on a stove years ago.
Prefers morning appointments.
Current heart rate 79/min.
Lives in a second-floor apartment.
Enjoys board games.
His sister wears contact lenses.
His wife has a lazy eye.
Uses sunscreen in summer.
Current oxygen saturation 94%.
Free T4 of 1.2 ng/dL in 2023.
Plays the piano.
In 2011, lipase was 30 U/L.
Owns a bicycle.
Current age 53 years.
Paints watercolors as a hobby.
Knits as a hobby.
During a checkup in 2005, free T3 was 3.2 pg/mL.
Teeth in good repair.
Weight steady over the past year.",,,,
author4,184,rule_v1/test_hard,rule_v1.test.s1_spesi.sbp.boundary.long.146,boundary,long,flip,"Simplified Pulmonary Embolism Severity Index (as used here, partial): 1 point each for active cancer; a current heart rate of 110/min or more; a current systolic blood pressure below 100 mmHg; a current oxygen saturation below 90%; an age above 80 years. Other items of the index are not part of this question.",The systolic blood pressure criterion contributes 0 points.,The systolic blood pressure criterion contributes 1 point.,s',patient: systolic blood pressure = 94; present; current | patient: heart rate = 79; present; current | patient: oxygen saturation = 94; present; current | patient: age = 53; present; current | patient: active cancer; absent; current,"Man, adult.
Acute pulmonary embolism confirmed on CT pulmonary angiography.
During a checkup in 2015, total protein was 7.0 g/dL.
Sees a dentist yearly.
Observations now: blood pressure 94/67 mmHg.
His wife burned a hand on a stove years ago.
Prefers morning appointments.
Current heart rate 79/min.
Lives in a second-floor apartment.
Enjoys board games.
His sister wears contact lenses.
His wife has a lazy eye.
Uses sunscreen in summer.
Current oxygen saturation 94%.
Free T4 of 1.2 ng/dL in 2023.
Plays the piano.
In 2011, lipase was 30 U/L.
Owns a bicycle.
Current age 53 years.
Paints watercolors as a hobby.
Knits as a hobby.
During a checkup in 2005, free T3 was 3.2 pg/mL.
Teeth in good repair.
Weight steady over the past year.",,,,
author4,184,rule_v1/test_hard,rule_v1.test.s1_spesi.sbp.boundary.long.146,boundary,long,near,"Simplified Pulmonary Embolism Severity Index (as used here, partial): 1 point each for active cancer; a current heart rate of 110/min or more; a current systolic blood pressure below 100 mmHg; a current oxygen saturation below 90%; an age above 80 years. Other items of the index are not part of this question.",The systolic blood pressure criterion contributes 0 points.,The systolic blood pressure criterion contributes 1 point.,s,patient: systolic blood pressure = 100; present; current | patient: heart rate = 79; present; current | patient: oxygen saturation = 94; present; current | patient: age = 53; present; current | patient: active cancer; absent; current,"Man, adult.
Acute pulmonary embolism confirmed on CT pulmonary angiography.
During a checkup in 2015, total protein was 7.0 g/dL.
Sees a dentist yearly.
Observations now: blood pressure 100/70 mmHg.
His wife burned a hand on a stove years ago.
Prefers morning appointments.
Current heart rate 79/min.
Lives in a second-floor apartment.
Enjoys board games.
His sister wears contact lenses.
His wife has a lazy eye.
Uses sunscreen in summer.
Current oxygen saturation 94%.
Free T4 of 1.2 ng/dL in 2023.
Plays the piano.
In 2011, lipase was 30 U/L.
Owns a bicycle.
Current age 53 years.
Paints watercolors as a hobby.
Knits as a hobby.
During a checkup in 2005, free T3 was 3.2 pg/mL.
Teeth in good repair.
Weight steady over the past year.",,,,
author4,184,rule_v1/test_hard,rule_v1.test.s1_spesi.sbp.boundary.long.146,boundary,long,pres,"Simplified Pulmonary Embolism Severity Index (as used here, partial): 1 point each for active cancer; a current heart rate of 110/min or more; a current systolic blood pressure below 100 mmHg; a current oxygen saturation below 90%; an age above 80 years. Other items of the index are not part of this question.",The systolic blood pressure criterion contributes 0 points.,The systolic blood pressure criterion contributes 1 point.,s,patient: heart rate = 79; present; current | patient: oxygen saturation = 94; present; current | patient: systolic blood pressure = 152; present; current | patient: age = 53; present; current | patient: active cancer; absent; current,"An adult man.
Acute pulmonary embolism confirmed on CT pulmonary angiography.
Heart rate now 79/min on a pulse check.
Paints watercolors as a hobby.
Prefers morning appointments.
Latest oxygen saturation reading: 94%.
In 2011, lipase was 30 U/L.
Enjoys board games.
His wife has a lazy eye.
His wife burned a hand on a stove years ago.
Lives in a second-floor apartment.
Uses sunscreen in summer.
Current systolic blood pressure 152 mmHg.
Knits as a hobby.
During a checkup in 2015, total protein was 7.0 g/dL.
His sister wears contact lenses.
Sees a dentist yearly.
During a checkup in 2005, free T3 was 3.2 pg/mL.
Currently aged 53 years.
Owns a bicycle.
Plays the piano.
Weight steady over the past year.
Teeth in good repair.
Free T4 of 1.2 ng/dL in 2023.",,,,
author4,188,rule_v1/test_L3alt,rule_v1.test.rcri.cr.numeric.alt.72,numeric,alt,base,"Revised Cardiac Risk Index (as used here, partial): 1 point each for coronary artery disease at any time; heart failure at any time; a stroke or TIA at any time; a current serum creatinine above 1.5 mg/dL. Other items are not part of this question.",The creatinine criterion contributes 0 points.,The creatinine criterion contributes 1 point.,s,patient: creatinine = 0.8; present; current | patient: stroke/TIA; absent; current,"Man of 50 years.
Preoperative assessment before elective colectomy.
Teeth in good repair.
Latest creatinine result: 0.8 mg/dL.
Prefers to be addressed by first name.
Gait normal; no focal weakness.
Drives a car.
Knits as a hobby.",,,,
author4,188,rule_v1/test_L3alt,rule_v1.test.rcri.cr.numeric.alt.72,numeric,alt,flip,"Revised Cardiac Risk Index (as used here, partial): 1 point each for coronary artery disease at any time; heart failure at any time; a stroke or TIA at any time; a current serum creatinine above 1.5 mg/dL. Other items are not part of this question.",The creatinine criterion contributes 0 points.,The creatinine criterion contributes 1 point.,s',patient: creatinine = 1.9; present; current | patient: stroke/TIA; absent; current,"Man of 50 years.
Preoperative assessment before elective colectomy.
Teeth in good repair.
Latest creatinine result: 1.9 mg/dL.
Prefers to be addressed by first name.
Gait normal; no focal weakness.
Drives a car.
Knits as a hobby.",,,,
author4,188,rule_v1/test_L3alt,rule_v1.test.rcri.cr.numeric.alt.72,numeric,alt,near,"Revised Cardiac Risk Index (as used here, partial): 1 point each for coronary artery disease at any time; heart failure at any time; a stroke or TIA at any time; a current serum creatinine above 1.5 mg/dL. Other items are not part of this question.",The creatinine criterion contributes 0 points.,The creatinine criterion contributes 1 point.,s,patient: creatinine = 1.4; present; current | patient: stroke/TIA; absent; current,"Man of 50 years.
Preoperative assessment before elective colectomy.
Teeth in good repair.
Latest creatinine result: 1.4 mg/dL.
Prefers to be addressed by first name.
Gait normal; no focal weakness.
Drives a car.
Knits as a hobby.",,,,
author4,188,rule_v1/test_L3alt,rule_v1.test.rcri.cr.numeric.alt.72,numeric,alt,pres,"Revised Cardiac Risk Index (as used here, partial): 1 point each for coronary artery disease at any time; heart failure at any time; a stroke or TIA at any time; a current serum creatinine above 1.5 mg/dL. Other items are not part of this question.",The creatinine criterion contributes 0 points.,The creatinine criterion contributes 1 point.,s,patient: creatinine = 0.8; present; current | patient: stroke/TIA; absent; current,"Male patient of 50 years.
Preoperative assessment before elective colectomy.
Current serum creatinine 0.8 mg/dL.
Drives a car.
Teeth in good repair.
Gait normal; no focal weakness.
Knits as a hobby.
Prefers to be addressed by first name.",,,,
author4,192,rule_v1/test_L3inv,rule_v1.test.inv014.c2.numeric.long.744,numeric,long,base,"For Pallis disease, prescribe brexadol. If the current oxygen saturation is 91% or less and the age of the patient is 75 years or more, prescribe corlitane instead.",Prescribe brexadol.,Prescribe corlitane.,s,patient: age = 65; present; current | patient: oxygen saturation = 88; present; current,"An adult man.
Referred with Pallis disease.
His roommate has recovered from a dislocated finger.
Prefers morning appointments.
Lives in a second-floor apartment.
Enjoys board games.
Paints watercolors as a hobby.
Uses sunscreen in summer.
In 2020, lipase was 30 U/L.
Currently aged 65 years.
Photographs local wildlife.
His sister has a lazy eye.
Owns a bicycle.
Prefers to be addressed by first name.
Latest oxygen saturation reading: 88%.
Sees a dentist yearly.
Free T4 of 1.2 ng/dL in 2010.
During a checkup in 2017, free T3 was 3.2 pg/mL.
During a checkup in 2006, total protein was 7.0 g/dL.
Plays the piano.
Sleeps seven hours a night.",,,,
author4,192,rule_v1/test_L3inv,rule_v1.test.inv014.c2.numeric.long.744,numeric,long,flip,"For Pallis disease, prescribe brexadol. If the current oxygen saturation is 91% or less and the age of the patient is 75 years or more, prescribe corlitane instead.",Prescribe brexadol.,Prescribe corlitane.,s',patient: age = 80; present; current | patient: oxygen saturation = 88; present; current,"An adult man.
Referred with Pallis disease.
His roommate has recovered from a dislocated finger.
Prefers morning appointments.
Lives in a second-floor apartment.
Enjoys board games.
Paints watercolors as a hobby.
Uses sunscreen in summer.
In 2020, lipase was 30 U/L.
Currently aged 80 years.
Photographs local wildlife.
His sister has a lazy eye.
Owns a bicycle.
Prefers to be addressed by first name.
Latest oxygen saturation reading: 88%.
Sees a dentist yearly.
Free T4 of 1.2 ng/dL in 2010.
During a checkup in 2017, free T3 was 3.2 pg/mL.
During a checkup in 2006, total protein was 7.0 g/dL.
Plays the piano.
Sleeps seven hours a night.",,,,
author4,192,rule_v1/test_L3inv,rule_v1.test.inv014.c2.numeric.long.744,numeric,long,near,"For Pallis disease, prescribe brexadol. If the current oxygen saturation is 91% or less and the age of the patient is 75 years or more, prescribe corlitane instead.",Prescribe brexadol.,Prescribe corlitane.,s,patient: age = 72; present; current | patient: oxygen saturation = 88; present; current,"An adult man.
Referred with Pallis disease.
His roommate has recovered from a dislocated finger.
Prefers morning appointments.
Lives in a second-floor apartment.
Enjoys board games.
Paints watercolors as a hobby.
Uses sunscreen in summer.
In 2020, lipase was 30 U/L.
Currently aged 72 years.
Photographs local wildlife.
His sister has a lazy eye.
Owns a bicycle.
Prefers to be addressed by first name.
Latest oxygen saturation reading: 88%.
Sees a dentist yearly.
Free T4 of 1.2 ng/dL in 2010.
During a checkup in 2017, free T3 was 3.2 pg/mL.
During a checkup in 2006, total protein was 7.0 g/dL.
Plays the piano.
Sleeps seven hours a night.",,,,
author4,192,rule_v1/test_L3inv,rule_v1.test.inv014.c2.numeric.long.744,numeric,long,pres,"For Pallis disease, prescribe brexadol. If the current oxygen saturation is 91% or less and the age of the patient is 75 years or more, prescribe corlitane instead.",Prescribe brexadol.,Prescribe corlitane.,s,patient: oxygen saturation = 88; present; current | patient: age = 65; present; current,"Man, adult.
Referred with Pallis disease.
During a checkup in 2017, free T3 was 3.2 pg/mL.
In 2020, lipase was 30 U/L.
Enjoys board games.
Lives in a second-floor apartment.
His roommate has recovered from a dislocated finger.
Owns a bicycle.
Plays the piano.
Prefers morning appointments.
His sister has a lazy eye.
Sleeps seven hours a night.
Current oxygen saturation 88%.
During a checkup in 2006, total protein was 7.0 g/dL.
Free T4 of 1.2 ng/dL in 2010.
Prefers to be addressed by first name.
Current age 65 years.
Paints watercolors as a hobby.
Photographs local wildlife.
Uses sunscreen in summer.
Sees a dentist yearly.",,,,
author4,196,rule_v1/test_L2,rule_v1.test.gs139.c2.subject.easy.1231,subject,easy,base,"For vaginal candidiasis, prescribe oral fluconazole. If the patient currently has tender anterior cervical lymph nodes and the patient has ever had angioedema (current or past), prescribe clotrimazole pessaries instead.",Prescribe oral fluconazole.,Prescribe clotrimazole pessaries.,s,patient: tender cervical lymph nodes; present; current,"Female patient of 59 years.
Vaginal itching and discharge; candidiasis confirmed on microscopy.
Photographs local wildlife.
Tender, swollen lymph nodes in the front of the neck.
Drives a car.
Prefers morning appointments.",,,,
author4,196,rule_v1/test_L2,rule_v1.test.gs139.c2.subject.easy.1231,subject,easy,flip,"For vaginal candidiasis, prescribe oral fluconazole. If the patient currently has tender anterior cervical lymph nodes and the patient has ever had angioedema (current or past), prescribe clotrimazole pessaries instead.",Prescribe oral fluconazole.,Prescribe clotrimazole pessaries.,s',patient: tender cervical lymph nodes; present; current | patient: angioedema; present; current,"Female patient of 59 years.
Vaginal itching and discharge; candidiasis confirmed on microscopy.
Photographs local wildlife.
Tender, swollen lymph nodes in the front of the neck.
Drives a car.
Prefers morning appointments.
Recurrent angioedema, under allergy follow-up.",,,,
author4,196,rule_v1/test_L2,rule_v1.test.gs139.c2.subject.easy.1231,subject,easy,near,"For vaginal candidiasis, prescribe oral fluconazole. If the patient currently has tender anterior cervical lymph nodes and the patient has ever had angioedema (current or past), prescribe clotrimazole pessaries instead.",Prescribe oral fluconazole.,Prescribe clotrimazole pessaries.,s,patient: tender cervical lymph nodes; present; current | sister: angioedema; present; current,"Female patient of 59 years.
Vaginal itching and discharge; candidiasis confirmed on microscopy.
Photographs local wildlife.
Tender, swollen lymph nodes in the front of the neck.
Drives a car.
Prefers morning appointments.
Her sister has active angioedema of the face.",,,,
author4,196,rule_v1/test_L2,rule_v1.test.gs139.c2.subject.easy.1231,subject,easy,pres,"For vaginal candidiasis, prescribe oral fluconazole. If the patient currently has tender anterior cervical lymph nodes and the patient has ever had angioedema (current or past), prescribe clotrimazole pessaries instead.",Prescribe oral fluconazole.,Prescribe clotrimazole pessaries.,s,patient: tender cervical lymph nodes; present; current,"Woman of 59 years.
Vaginal itching and discharge; candidiasis confirmed on microscopy.
Photographs local wildlife.
Prefers morning appointments.
Drives a car.
Tender, swollen lymph nodes in the front of the neck.",,,,
author4,200,rule_v1/test_hard,rule_v1.test.gs209.c2.negation.long.956,negation,long,base,"For vaginal candidiasis, prescribe oral fluconazole. If at least two of the following apply, prescribe clotrimazole pessaries instead: the age of the patient is 70 years or more; the patient has ever had a peptic ulcer (current or past); the current heart rate is above 90/min.",Prescribe oral fluconazole.,Prescribe clotrimazole pessaries.,s,patient: age = 42; present; current | patient: heart rate = 98; present; current | patient: peptic ulcer at any time; absent; current,"Woman, adult.
Vaginal itching and discharge; candidiasis confirmed on microscopy.
In 2024, folate was 12 ng/mL.
Paints watercolors as a hobby.
Her sister wears contact lenses.
Her friend sprained a thumb last month.
Pupils equal and reactive to light.
Photographs local wildlife.
Plays the piano.
In 2009, lipase was 30 U/L.
Her friend has a lazy eye.
Drives a car.
Current age 42 years.
Heart rate now 98/min on a pulse check.
During a checkup in 2012, total protein was 7.0 g/dL.
Her wife burned a hand on a stove years ago.
Sleeps seven hours a night.
Appetite good; no indigestion.
Enjoys board games.
Free T4 of 1.2 ng/dL in 2024.
Prefers morning appointments.",,,,
author4,200,rule_v1/test_hard,rule_v1.test.gs209.c2.negation.long.956,negation,long,flip,"For vaginal candidiasis, prescribe oral fluconazole. If at least two of the following apply, prescribe clotrimazole pessaries instead: the age of the patient is 70 years or more; the patient has ever had a peptic ulcer (current or past); the current heart rate is above 90/min.",Prescribe oral fluconazole.,Prescribe clotrimazole pessaries.,s',patient: age = 42; present; current | patient: heart rate = 98; present; current | patient: peptic ulcer at any time; present; past (2009),"Woman, adult.
Vaginal itching and discharge; candidiasis confirmed on microscopy.
In 2024, folate was 12 ng/mL.
Paints watercolors as a hobby.
Her sister wears contact lenses.
Her friend sprained a thumb last month.
Pupils equal and reactive to light.
Photographs local wildlife.
Plays the piano.
In 2009, lipase was 30 U/L.
Her friend has a lazy eye.
Drives a car.
Current age 42 years.
Heart rate now 98/min on a pulse check.
During a checkup in 2012, total protein was 7.0 g/dL.
Her wife burned a hand on a stove years ago.
Sleeps seven hours a night.
Formerly treated for a peptic ulcer; endoscopy in 2009 showed it had gone.
Enjoys board games.
Free T4 of 1.2 ng/dL in 2024.
Prefers morning appointments.",,,,
author4,200,rule_v1/test_hard,rule_v1.test.gs209.c2.negation.long.956,negation,long,near,"For vaginal candidiasis, prescribe oral fluconazole. If at least two of the following apply, prescribe clotrimazole pessaries instead: the age of the patient is 70 years or more; the patient has ever had a peptic ulcer (current or past); the current heart rate is above 90/min.",Prescribe oral fluconazole.,Prescribe clotrimazole pessaries.,s,patient: age = 42; present; current | patient: heart rate = 98; present; current | patient: peptic ulcer at any time; absent; current,"Woman, adult.
Vaginal itching and discharge; candidiasis confirmed on microscopy.
In 2024, folate was 12 ng/mL.
Paints watercolors as a hobby.
Her sister wears contact lenses.
Her friend sprained a thumb last month.
Pupils equal and reactive to light.
Photographs local wildlife.
Plays the piano.
In 2009, lipase was 30 U/L.
Her friend has a lazy eye.
Drives a car.
Current age 42 years.
Heart rate now 98/min on a pulse check.
During a checkup in 2012, total protein was 7.0 g/dL.
Her wife burned a hand on a stove years ago.
Sleeps seven hours a night.
Medical record negative for peptic ulcer, current or past.
Enjoys board games.
Free T4 of 1.2 ng/dL in 2024.
Prefers morning appointments.",,,,
author4,200,rule_v1/test_hard,rule_v1.test.gs209.c2.negation.long.956,negation,long,pres,"For vaginal candidiasis, prescribe oral fluconazole. If at least two of the following apply, prescribe clotrimazole pessaries instead: the age of the patient is 70 years or more; the patient has ever had a peptic ulcer (current or past); the current heart rate is above 90/min.",Prescribe oral fluconazole.,Prescribe clotrimazole pessaries.,s,patient: age = 42; present; current | patient: peptic ulcer at any time; absent; current | patient: heart rate = 98; present; current,"An adult woman.
Vaginal itching and discharge; candidiasis confirmed on microscopy.
Currently aged 42 years.
During a checkup in 2012, total protein was 7.0 g/dL.
Sleeps seven hours a night.
Her wife burned a hand on a stove years ago.
Drives a car.
In 2024, folate was 12 ng/mL.
Appetite good; no indigestion.
Her friend has a lazy eye.
Her friend sprained a thumb last month.
Photographs local wildlife.
Plays the piano.
Current heart rate 98/min.
Her sister wears contact lenses.
Free T4 of 1.2 ng/dL in 2024.
In 2009, lipase was 30 U/L.
Enjoys board games.
Pupils equal and reactive to light.
Paints watercolors as a hobby.
Prefers morning appointments.",,,,
author4,204,rule_v1/test_L1,rule_v1.test.s3_hctci.alt.numeric.easy.412,numeric,easy,base,"Hematopoietic Cell Transplantation-specific Comorbidity Index (as used here, partial): 1 point for coronary artery disease at any time (current or past); 1 point for a stroke or TIA at any time (current or past); 2 points for a current peptic ulcer; 1 point for a current ALT above 40 U/L. Other items of the index are not part of this question.",The ALT criterion contributes 0 points.,The ALT criterion contributes 1 point.,s,patient: ALT = 21; present; current | patient: active peptic ulcer; absent; current | patient: stroke/TIA; absent; current,"Man of 54 years.
Assessment before allogeneic stem cell transplantation for acute myeloid leukemia in remission.
ALT now 21 U/L.
Plays the piano.
Abdomen soft and non-tender.
Sleeps seven hours a night.
Power and sensation normal in all limbs.
Pupils equal and reactive to light.",,,,
author4,204,rule_v1/test_L1,rule_v1.test.s3_hctci.alt.numeric.easy.412,numeric,easy,flip,"Hematopoietic Cell Transplantation-specific Comorbidity Index (as used here, partial): 1 point for coronary artery disease at any time (current or past); 1 point for a stroke or TIA at any time (current or past); 2 points for a current peptic ulcer; 1 point for a current ALT above 40 U/L. Other items of the index are not part of this question.",The ALT criterion contributes 0 points.,The ALT criterion contributes 1 point.,s',patient: ALT = 46; present; current | patient: active peptic ulcer; absent; current | patient: stroke/TIA; absent; current,"Man of 54 years.
Assessment before allogeneic stem cell transplantation for acute myeloid leukemia in remission.
ALT now 46 U/L.
Plays the piano.
Abdomen soft and non-tender.
Sleeps seven hours a night.
Power and sensation normal in all limbs.
Pupils equal and reactive to light.",,,,
author4,204,rule_v1/test_L1,rule_v1.test.s3_hctci.alt.numeric.easy.412,numeric,easy,near,"Hematopoietic Cell Transplantation-specific Comorbidity Index (as used here, partial): 1 point for coronary artery disease at any time (current or past); 1 point for a stroke or TIA at any time (current or past); 2 points for a current peptic ulcer; 1 point for a current ALT above 40 U/L. Other items of the index are not part of this question.",The ALT criterion contributes 0 points.,The ALT criterion contributes 1 point.,s,patient: ALT = 39; present; current | patient: active peptic ulcer; absent; current | patient: stroke/TIA; absent; current,"Man of 54 years.
Assessment before allogeneic stem cell transplantation for acute myeloid leukemia in remission.
ALT now 39 U/L.
Plays the piano.
Abdomen soft and non-tender.
Sleeps seven hours a night.
Power and sensation normal in all limbs.
Pupils equal and reactive to light.",,,,
author4,204,rule_v1/test_L1,rule_v1.test.s3_hctci.alt.numeric.easy.412,numeric,easy,pres,"Hematopoietic Cell Transplantation-specific Comorbidity Index (as used here, partial): 1 point for coronary artery disease at any time (current or past); 1 point for a stroke or TIA at any time (current or past); 2 points for a current peptic ulcer; 1 point for a current ALT above 40 U/L. Other items of the index are not part of this question.",The ALT criterion contributes 0 points.,The ALT criterion contributes 1 point.,s,patient: stroke/TIA; absent; current | patient: active peptic ulcer; absent; current | patient: ALT = 21; present; current,"Male patient of 54 years.
Assessment before allogeneic stem cell transplantation for acute myeloid leukemia in remission.
Power and sensation normal in all limbs.
Abdomen soft and non-tender.
Pupils equal and reactive to light.
Current ALT 21 U/L.
Plays the piano.
Sleeps seven hours a night.",,,,
author4,208,rule_v1/test_L2,rule_v1.test.s3_jhfrat.age.numeric.long.1601,numeric,long,base,"Johns Hopkins Fall Risk Assessment Tool (as used here, partial): 1 point for age 60 years or more; 5 points for one fall in the six months before this admission; 1 point for new confusion (altered awareness of the surroundings). Other items are not part of this question.",The age criterion contributes 0 points.,The age criterion contributes 1 point.,s,patient: age = 51; present; current | patient: recent fall; absent; current,"An adult man.
Admitted to the medical ward with a urinary infection.
Paints watercolors as a hobby.
Owns a bicycle.
Photographs local wildlife.
His wife lives with psoriasis.
Has two cats.
Sleeps seven hours a night.
His wife burned a hand on a stove years ago.
Uses sunscreen in summer.
Teeth in good repair.
Knits as a hobby.
Free T4 of 1.2 ng/dL in 2011.
Current age 51 years.
Sees a dentist yearly.
His friend has a lazy eye.
Walks independently, with no recent trips or slips.
Plays the piano.
In 2019, folate was 12 ng/mL.
His roommate has recovered from a dislocated finger.
Enjoys board games.",,,,
author4,208,rule_v1/test_L2,rule_v1.test.s3_jhfrat.age.numeric.long.1601,numeric,long,flip,"Johns Hopkins Fall Risk Assessment Tool (as used here, partial): 1 point for age 60 years or more; 5 points for one fall in the six months before this admission; 1 point for new confusion (altered awareness of the surroundings). Other items are not part of this question.",The age criterion contributes 0 points.,The age criterion contributes 1 point.,s',patient: age = 69; present; current | patient: recent fall; absent; current,"An adult man.
Admitted to the medical ward with a urinary infection.
Paints watercolors as a hobby.
Owns a bicycle.
Photographs local wildlife.
His wife lives with psoriasis.
Has two cats.
Sleeps seven hours a night.
His wife burned a hand on a stove years ago.
Uses sunscreen in summer.
Teeth in good repair.
Knits as a hobby.
Free T4 of 1.2 ng/dL in 2011.
Current age 69 years.
Sees a dentist yearly.
His friend has a lazy eye.
Walks independently, with no recent trips or slips.
Plays the piano.
In 2019, folate was 12 ng/mL.
His roommate has recovered from a dislocated finger.
Enjoys board games.",,,,
author4,208,rule_v1/test_L2,rule_v1.test.s3_jhfrat.age.numeric.long.1601,numeric,long,near,"Johns Hopkins Fall Risk Assessment Tool (as used here, partial): 1 point for age 60 years or more; 5 points for one fall in the six months before this admission; 1 point for new confusion (altered awareness of the surroundings). Other items are not part of this question.",The age criterion contributes 0 points.,The age criterion contributes 1 point.,s,patient: age = 58; present; current | patient: recent fall; absent; current,"An adult man.
Admitted to the medical ward with a urinary infection.
Paints watercolors as a hobby.
Owns a bicycle.
Photographs local wildlife.
His wife lives with psoriasis.
Has two cats.
Sleeps seven hours a night.
His wife burned a hand on a stove years ago.
Uses sunscreen in summer.
Teeth in good repair.
Knits as a hobby.
Free T4 of 1.2 ng/dL in 2011.
Current age 58 years.
Sees a dentist yearly.
His friend has a lazy eye.
Walks independently, with no recent trips or slips.
Plays the piano.
In 2019, folate was 12 ng/mL.
His roommate has recovered from a dislocated finger.
Enjoys board games.",,,,
author4,208,rule_v1/test_L2,rule_v1.test.s3_jhfrat.age.numeric.long.1601,numeric,long,pres,"Johns Hopkins Fall Risk Assessment Tool (as used here, partial): 1 point for age 60 years or more; 5 points for one fall in the six months before this admission; 1 point for new confusion (altered awareness of the surroundings). Other items are not part of this question.",The age criterion contributes 0 points.,The age criterion contributes 1 point.,s,patient: age = 51; present; current | patient: recent fall; absent; current,"Man, adult.
Admitted to the medical ward with a urinary infection.
Owns a bicycle.
Sleeps seven hours a night.
Has two cats.
His friend has a lazy eye.
Enjoys board games.
His wife lives with psoriasis.
Currently aged 51 years.
Knits as a hobby.
In 2019, folate was 12 ng/mL.
Teeth in good repair.
Walks independently, with no recent trips or slips.
His roommate has recovered from a dislocated finger.
Sees a dentist yearly.
Free T4 of 1.2 ng/dL in 2011.
His wife burned a hand on a stove years ago.
Paints watercolors as a hobby.
Plays the piano.
Uses sunscreen in summer.
Photographs local wildlife.",,,,
author4,212,rule_v1/test_L3inv,rule_v1.test.inv022.c4.subject.long.206,subject,long,base,"For Quorin syndrome, prescribe ostravin. Score 2 points if the patient has had a major bleeding event at any time; 3 points if the patient is allergic to penicillin; 3 points if the current systolic blood pressure is 100 mmHg or less; 1 point if the patient has ever had heparin-induced thrombocytopenia (current or past). If the score is 7 or more, prescribe dalmerol instead.",Prescribe ostravin.,Prescribe dalmerol.,s,patient: systolic blood pressure = 88; present; current | patient: penicillin allergy; present; current,"Female patient of 39 years.
Referred with Quorin syndrome.
Her roommate lives with psoriasis.
Teeth in good repair.
Owns a bicycle.
Sees a dentist yearly.
Her father has a lazy eye.
Photographs local wildlife.
Observations now: blood pressure 88/63 mmHg.
Pupils equal and reactive to light.
Free T4 of 1.2 ng/dL in 2008.
Has two cats.
Penicillin allergy: anaphylaxis.
Plays the piano.
Enjoys board games.
During a checkup in 2018, free T3 was 3.2 pg/mL.
Her roommate has recovered from a dislocated finger.
Prefers morning appointments.
Uses sunscreen in summer.",,,,
author4,212,rule_v1/test_L3inv,rule_v1.test.inv022.c4.subject.long.206,subject,long,flip,"For Quorin syndrome, prescribe ostravin. Score 2 points if the patient has had a major bleeding event at any time; 3 points if the patient is allergic to penicillin; 3 points if the current systolic blood pressure is 100 mmHg or less; 1 point if the patient has ever had heparin-induced thrombocytopenia (current or past). If the score is 7 or more, prescribe dalmerol instead.",Prescribe ostravin.,Prescribe dalmerol.,s',patient: heparin-induced thrombocytopenia; present; past | patient: systolic blood pressure = 88; present; current | patient: penicillin allergy; present; current,"Female patient of 39 years.
Referred with Quorin syndrome.
Her roommate lives with psoriasis.
Teeth in good repair.
Owns a bicycle.
Sees a dentist yearly.
Her father has a lazy eye.
Heparin-induced thrombocytopenia after heart surgery years ago; recovered fully.
Photographs local wildlife.
Observations now: blood pressure 88/63 mmHg.
Pupils equal and reactive to light.
Free T4 of 1.2 ng/dL in 2008.
Has two cats.
Penicillin allergy: anaphylaxis.
Plays the piano.
Enjoys board games.
During a checkup in 2018, free T3 was 3.2 pg/mL.
Her roommate has recovered from a dislocated finger.
Prefers morning appointments.
Uses sunscreen in summer.",,,,
author4,212,rule_v1/test_L3inv,rule_v1.test.inv022.c4.subject.long.206,subject,long,near,"For Quorin syndrome, prescribe ostravin. Score 2 points if the patient has had a major bleeding event at any time; 3 points if the patient is allergic to penicillin; 3 points if the current systolic blood pressure is 100 mmHg or less; 1 point if the patient has ever had heparin-induced thrombocytopenia (current or past). If the score is 7 or more, prescribe dalmerol instead.",Prescribe ostravin.,Prescribe dalmerol.,s,wife: heparin-induced thrombocytopenia; present; past | patient: systolic blood pressure = 88; present; current | patient: penicillin allergy; present; current,"Female patient of 39 years.
Referred with Quorin syndrome.
Her roommate lives with psoriasis.
Teeth in good repair.
Owns a bicycle.
Sees a dentist yearly.
Her father has a lazy eye.
Her wife developed heparin-induced thrombocytopenia years ago.
Photographs local wildlife.
Observations now: blood pressure 88/63 mmHg.
Pupils equal and reactive to light.
Free T4 of 1.2 ng/dL in 2008.
Has two cats.
Penicillin allergy: anaphylaxis.
Plays the piano.
Enjoys board games.
During a checkup in 2018, free T3 was 3.2 pg/mL.
Her roommate has recovered from a dislocated finger.
Prefers morning appointments.
Uses sunscreen in summer.",,,,
author4,212,rule_v1/test_L3inv,rule_v1.test.inv022.c4.subject.long.206,subject,long,pres,"For Quorin syndrome, prescribe ostravin. Score 2 points if the patient has had a major bleeding event at any time; 3 points if the patient is allergic to penicillin; 3 points if the current systolic blood pressure is 100 mmHg or less; 1 point if the patient has ever had heparin-induced thrombocytopenia (current or past). If the score is 7 or more, prescribe dalmerol instead.",Prescribe ostravin.,Prescribe dalmerol.,s,patient: penicillin allergy; present; current | patient: systolic blood pressure = 88; present; current,"Woman of 39 years.
Referred with Quorin syndrome.
Penicillin allergy: anaphylaxis.
Has two cats.
Plays the piano.
Her father has a lazy eye.
During a checkup in 2018, free T3 was 3.2 pg/mL.
Prefers morning appointments.
Photographs local wildlife.
Teeth in good repair.
Uses sunscreen in summer.
Her roommate lives with psoriasis.
Current systolic blood pressure 88 mmHg.
Free T4 of 1.2 ng/dL in 2008.
Enjoys board games.
Pupils equal and reactive to light.
Her roommate has recovered from a dislocated finger.
Sees a dentist yearly.
Owns a bicycle.",,,,
author4,216,rule_v1/test_L2,rule_v1.test.gs224.c2.time.easy.742,time,easy,base,"For vaginal candidiasis, prescribe oral fluconazole. If the patient has ever had a venous thromboembolism (current or past) and the current serum creatinine is above 2.0 mg/dL, prescribe clotrimazole pessaries instead.",Prescribe oral fluconazole.,Prescribe clotrimazole pessaries.,s,patient: serum creatinine = 0.9; present; current | patient: venous thromboembolism; present; past (2024) | patient: serum creatinine = 1.0; present; past (2021),"Female patient of 25 years.
Vaginal itching and discharge; candidiasis confirmed on microscopy.
Current serum creatinine 0.9 mg/dL.
Recovered from a pulmonary embolism in 2024.
Back in 2021, serum creatinine stood at 1.0 mg/dL.
Sees a dentist yearly.
Uses sunscreen in summer.
Enjoys board games.",,,,
author4,216,rule_v1/test_L2,rule_v1.test.gs224.c2.time.easy.742,time,easy,flip,"For vaginal candidiasis, prescribe oral fluconazole. If the patient has ever had a venous thromboembolism (current or past) and the current serum creatinine is above 2.0 mg/dL, prescribe clotrimazole pessaries instead.",Prescribe oral fluconazole.,Prescribe clotrimazole pessaries.,s',patient: serum creatinine = 2.8; present; current | patient: venous thromboembolism; present; past (2024) | patient: serum creatinine = 1.0; present; past (2021),"Female patient of 25 years.
Vaginal itching and discharge; candidiasis confirmed on microscopy.
Current serum creatinine 2.8 mg/dL.
Recovered from a pulmonary embolism in 2024.
Back in 2021, serum creatinine stood at 1.0 mg/dL.
Sees a dentist yearly.
Uses sunscreen in summer.
Enjoys board games.",,,,
author4,216,rule_v1/test_L2,rule_v1.test.gs224.c2.time.easy.742,time,easy,near,"For vaginal candidiasis, prescribe oral fluconazole. If the patient has ever had a venous thromboembolism (current or past) and the current serum creatinine is above 2.0 mg/dL, prescribe clotrimazole pessaries instead.",Prescribe oral fluconazole.,Prescribe clotrimazole pessaries.,s,patient: serum creatinine = 0.9; present; current | patient: venous thromboembolism; present; past (2024) | patient: serum creatinine = 2.7; present; past (2021),"Female patient of 25 years.
Vaginal itching and discharge; candidiasis confirmed on microscopy.
Current serum creatinine 0.9 mg/dL.
Recovered from a pulmonary embolism in 2024.
Back in 2021, serum creatinine stood at 2.7 mg/dL.
Sees a dentist yearly.
Uses sunscreen in summer.
Enjoys board games.",,,,
author4,216,rule_v1/test_L2,rule_v1.test.gs224.c2.time.easy.742,time,easy,pres,"For vaginal candidiasis, prescribe oral fluconazole. If the patient has ever had a venous thromboembolism (current or past) and the current serum creatinine is above 2.0 mg/dL, prescribe clotrimazole pessaries instead.",Prescribe oral fluconazole.,Prescribe clotrimazole pessaries.,s,patient: serum creatinine = 0.9; present; current | patient: venous thromboembolism; present; past (2024) | patient: serum creatinine = 1.0; present; past (2021),"Woman of 25 years.
Vaginal itching and discharge; candidiasis confirmed on microscopy.
Sees a dentist yearly.
Latest creatinine result: 0.9 mg/dL.
Recovered from a pulmonary embolism in 2024.
Records from 2021 list serum creatinine at 1.0 mg/dL.
Enjoys board games.
Uses sunscreen in summer.",,,,
author4,216,rule_v1/test_L2,rule_v1.test.gs224.c2.time.easy.742,time,easy,missing,"For vaginal candidiasis, prescribe oral fluconazole. If the patient has ever had a venous thromboembolism (current or past) and the current serum creatinine is above 2.0 mg/dL, prescribe clotrimazole pessaries instead.",Prescribe oral fluconazole.,Prescribe clotrimazole pessaries.,neither,patient: venous thromboembolism; present; past (2024),"Female patient of 25 years.
Vaginal itching and discharge; candidiasis confirmed on microscopy.
Recovered from a pulmonary embolism in 2024.
Sees a dentist yearly.
Uses sunscreen in summer.
Enjoys board games.",,,,
author4,220,rule_v1/test_L2,rule_v1.test.gs190.c1.time.easy.27,time,easy,base,"For suspected infection on the medical ward, prescribe oral amoxicillin. If the current weight is 60 kg or less and the patient has ever had a venous thromboembolism (current or past), prescribe intravenous piperacillin-tazobactam instead.",Prescribe oral amoxicillin.,Prescribe intravenous piperacillin-tazobactam.,s,patient: weight = 76; present; current | patient: weight = 94; present; past (2024) | patient: venous thromboembolism; present; current,"Man of 69 years.
Suspected chest infection; assessed on the medical ward.
Prefers morning appointments.
Prefers to be addressed by first name.
Teeth in good repair.
Current weight 76 kg.
Enjoys board games.
Records from 2024 list weight at 94 kg.
Has an acute pulmonary embolism, diagnosed this week.",,,,
author4,220,rule_v1/test_L2,rule_v1.test.gs190.c1.time.easy.27,time,easy,flip,"For suspected infection on the medical ward, prescribe oral amoxicillin. If the current weight is 60 kg or less and the patient has ever had a venous thromboembolism (current or past), prescribe intravenous piperacillin-tazobactam instead.",Prescribe oral amoxicillin.,Prescribe intravenous piperacillin-tazobactam.,s',patient: weight = 59; present; current | patient: weight = 94; present; past (2024) | patient: venous thromboembolism; present; current,"Man of 69 years.
Suspected chest infection; assessed on the medical ward.
Prefers morning appointments.
Prefers to be addressed by first name.
Teeth in good repair.
Current weight 59 kg.
Enjoys board games.
Records from 2024 list weight at 94 kg.
Has an acute pulmonary embolism, diagnosed this week.",,,,
author4,220,rule_v1/test_L2,rule_v1.test.gs190.c1.time.easy.27,time,easy,near,"For suspected infection on the medical ward, prescribe oral amoxicillin. If the current weight is 60 kg or less and the patient has ever had a venous thromboembolism (current or past), prescribe intravenous piperacillin-tazobactam instead.",Prescribe oral amoxicillin.,Prescribe intravenous piperacillin-tazobactam.,s,patient: weight = 76; present; current | patient: weight = 48; present; past (2024) | patient: venous thromboembolism; present; current,"Man of 69 years.
Suspected chest infection; assessed on the medical ward.
Prefers morning appointments.
Prefers to be addressed by first name.
Teeth in good repair.
Current weight 76 kg.
Enjoys board games.
Records from 2024 list weight at 48 kg.
Has an acute pulmonary embolism, diagnosed this week.",,,,
author4,220,rule_v1/test_L2,rule_v1.test.gs190.c1.time.easy.27,time,easy,pres,"For suspected infection on the medical ward, prescribe oral amoxicillin. If the current weight is 60 kg or less and the patient has ever had a venous thromboembolism (current or past), prescribe intravenous piperacillin-tazobactam instead.",Prescribe oral amoxicillin.,Prescribe intravenous piperacillin-tazobactam.,s,patient: weight = 76; present; current | patient: weight = 94; present; past (2024) | patient: venous thromboembolism; present; current,"Male patient of 69 years.
Suspected chest infection; assessed on the medical ward.
Prefers morning appointments.
Prefers to be addressed by first name.
Latest weight 76 kg.
Enjoys board games.
Back in 2024, weight stood at 94 kg.
Teeth in good repair.
Has an acute pulmonary embolism, diagnosed this week.",,,,
author4,220,rule_v1/test_L2,rule_v1.test.gs190.c1.time.easy.27,time,easy,missing,"For suspected infection on the medical ward, prescribe oral amoxicillin. If the current weight is 60 kg or less and the patient has ever had a venous thromboembolism (current or past), prescribe intravenous piperacillin-tazobactam instead.",Prescribe oral amoxicillin.,Prescribe intravenous piperacillin-tazobactam.,neither,patient: venous thromboembolism; present; current,"Man of 69 years.
Suspected chest infection; assessed on the medical ward.
Prefers morning appointments.
Prefers to be addressed by first name.
Teeth in good repair.
Enjoys board games.
Has an acute pulmonary embolism, diagnosed this week.",,,,
author4,224,rule_v1/test_L3alt,rule_v1.test.rcri.cr.boundary.alt.74,boundary,alt,base,"Revised Cardiac Risk Index (as used here, partial): 1 point each for coronary artery disease at any time; heart failure at any time; a stroke or TIA at any time; a current serum creatinine above 1.5 mg/dL. Other items are not part of this question.",The creatinine criterion contributes 0 points.,The creatinine criterion contributes 1 point.,s,patient: creatinine = 1.4; present; current | patient: heart failure; absent; current,"Female patient of 76 years.
Preoperative assessment before elective colectomy.
Latest creatinine result: 1.4 mg/dL.
Paints watercolors as a hobby.
Has two cats.
Photographs local wildlife.
Heart sounds without a gallop.
Sleeps seven hours a night.",,,,
author4,224,rule_v1/test_L3alt,rule_v1.test.rcri.cr.boundary.alt.74,boundary,alt,flip,"Revised Cardiac Risk Index (as used here, partial): 1 point each for coronary artery disease at any time; heart failure at any time; a stroke or TIA at any time; a current serum creatinine above 1.5 mg/dL. Other items are not part of this question.",The creatinine criterion contributes 0 points.,The creatinine criterion contributes 1 point.,s',patient: creatinine = 1.9; present; current | patient: heart failure; absent; current,"Female patient of 76 years.
Preoperative assessment before elective colectomy.
Latest creatinine result: 1.9 mg/dL.
Paints watercolors as a hobby.
Has two cats.
Photographs local wildlife.
Heart sounds without a gallop.
Sleeps seven hours a night.",,,,
author4,224,rule_v1/test_L3alt,rule_v1.test.rcri.cr.boundary.alt.74,boundary,alt,near,"Revised Cardiac Risk Index (as used here, partial): 1 point each for coronary artery disease at any time; heart failure at any time; a stroke or TIA at any time; a current serum creatinine above 1.5 mg/dL. Other items are not part of this question.",The creatinine criterion contributes 0 points.,The creatinine criterion contributes 1 point.,s,patient: creatinine = 1.5; present; current | patient: heart failure; absent; current,"Female patient of 76 years.
Preoperative assessment before elective colectomy.
Latest creatinine result: 1.5 mg/dL.
Paints watercolors as a hobby.
Has two cats.
Photographs local wildlife.
Heart sounds without a gallop.
Sleeps seven hours a night.",,,,
author4,224,rule_v1/test_L3alt,rule_v1.test.rcri.cr.boundary.alt.74,boundary,alt,pres,"Revised Cardiac Risk Index (as used here, partial): 1 point each for coronary artery disease at any time; heart failure at any time; a stroke or TIA at any time; a current serum creatinine above 1.5 mg/dL. Other items are not part of this question.",The creatinine criterion contributes 0 points.,The creatinine criterion contributes 1 point.,s,patient: heart failure; absent; current | patient: creatinine = 1.4; present; current,"Woman of 76 years.
Preoperative assessment before elective colectomy.
Photographs local wildlife.
Paints watercolors as a hobby.
Has two cats.
Heart sounds without a gallop.
Current serum creatinine 1.4 mg/dL.
Sleeps seven hours a night.",,,,
author4,228,rule_v1/test_L1,rule_v1.test.gs077.c1.subject.easy.260,subject,easy,base,"For newly diagnosed hypertension, prescribe lisinopril. If the patient currently has tonsillar exudate, prescribe amlodipine instead.",Prescribe lisinopril.,Prescribe amlodipine.,s,patient: tonsillar exudate; absent; current,"Woman of 31 years.
Newly diagnosed hypertension (blood pressure 158/94 mmHg on repeated readings).
Knits as a hobby.
Uses sunscreen in summer.
Owns a bicycle.
Tonsils pink and clean on inspection.
Paints watercolors as a hobby.",,,,
author4,228,rule_v1/test_L1,rule_v1.test.gs077.c1.subject.easy.260,subject,easy,flip,"For newly diagnosed hypertension, prescribe lisinopril. If the patient currently has tonsillar exudate, prescribe amlodipine instead.",Prescribe lisinopril.,Prescribe amlodipine.,s',patient: tonsillar exudate; present; current,"Woman of 31 years.
Newly diagnosed hypertension (blood pressure 158/94 mmHg on repeated readings).
Knits as a hobby.
Uses sunscreen in summer.
Owns a bicycle.
Tonsils swollen and coated with yellow exudate.
Paints watercolors as a hobby.",,,,
author4,228,rule_v1/test_L1,rule_v1.test.gs077.c1.subject.easy.260,subject,easy,near,"For newly diagnosed hypertension, prescribe lisinopril. If the patient currently has tonsillar exudate, prescribe amlodipine instead.",Prescribe lisinopril.,Prescribe amlodipine.,s,father: tonsillar exudate; present; current,"Woman of 31 years.
Newly diagnosed hypertension (blood pressure 158/94 mmHg on repeated readings).
Knits as a hobby.
Uses sunscreen in summer.
Owns a bicycle.
Her father has a sore throat with tonsillar exudate.
Paints watercolors as a hobby.",,,,
author4,228,rule_v1/test_L1,rule_v1.test.gs077.c1.subject.easy.260,subject,easy,pres,"For newly diagnosed hypertension, prescribe lisinopril. If the patient currently has tonsillar exudate, prescribe amlodipine instead.",Prescribe lisinopril.,Prescribe amlodipine.,s,patient: tonsillar exudate; absent; current,"Female patient of 31 years.
Newly diagnosed hypertension (blood pressure 158/94 mmHg on repeated readings).
Paints watercolors as a hobby.
Knits as a hobby.
Owns a bicycle.
Tonsils pink and clean on inspection.
Uses sunscreen in summer.",,,,
author4,232,rule_v1/test_L3alt,rule_v1.test.statin_alt.alt.time.alt.582,time,alt,base,"For primary prevention, start atorvastatin. If the current ALT is above 80 U/L, start ezetimibe instead.",Start atorvastatin.,Start ezetimibe.,s,patient: ALT = 32; present; past (2007) | patient: ALT = 14; present; current,"Female patient of 37 years.
Primary prevention; LDL cholesterol 182 mg/dL.
Owns a bicycle.
Back in 2007, ALT stood at 32 U/L.
ALT now 14 U/L.
Knits as a hobby.",,,,
author4,232,rule_v1/test_L3alt,rule_v1.test.statin_alt.alt.time.alt.582,time,alt,flip,"For primary prevention, start atorvastatin. If the current ALT is above 80 U/L, start ezetimibe instead.",Start atorvastatin.,Start ezetimibe.,s',patient: ALT = 32; present; past (2007) | patient: ALT = 113; present; current,"Female patient of 37 years.
Primary prevention; LDL cholesterol 182 mg/dL.
Owns a bicycle.
Back in 2007, ALT stood at 32 U/L.
ALT now 113 U/L.
Knits as a hobby.",,,,
author4,232,rule_v1/test_L3alt,rule_v1.test.statin_alt.alt.time.alt.582,time,alt,near,"For primary prevention, start atorvastatin. If the current ALT is above 80 U/L, start ezetimibe instead.",Start atorvastatin.,Start ezetimibe.,s,patient: ALT = 294; present; past (2007) | patient: ALT = 14; present; current,"Female patient of 37 years.
Primary prevention; LDL cholesterol 182 mg/dL.
Owns a bicycle.
Back in 2007, ALT stood at 294 U/L.
ALT now 14 U/L.
Knits as a hobby.",,,,
author4,232,rule_v1/test_L3alt,rule_v1.test.statin_alt.alt.time.alt.582,time,alt,pres,"For primary prevention, start atorvastatin. If the current ALT is above 80 U/L, start ezetimibe instead.",Start atorvastatin.,Start ezetimibe.,s,patient: ALT = 32; present; past (2007) | patient: ALT = 14; present; current,"Woman of 37 years.
Primary prevention; LDL cholesterol 182 mg/dL.
Records from 2007 list ALT at 32 U/L.
Current ALT 14 U/L.
Owns a bicycle.
Knits as a hobby.",,,,
author4,236,rule_v1/test_L3alt,rule_v1.test.s2_atria_bleed.egfr.boundary.alt.987,boundary,alt,base,"ATRIA bleeding score for men (as used here, partial): 3 points each for a current hemoglobin below 13.0 g/dL and a current eGFR below 45 mL/min/1.73 m2; 2 points for a current age of 75 years or more; 1 point for hypertension at any time. Other ATRIA items are not part of this question.",The eGFR criterion contributes 0 points.,The eGFR criterion contributes 3 points.,s,patient: hemoglobin = 14.7; present; current | patient: age = 66; present; current | patient: eGFR = 62; present; current,"Man, adult.
Atrial fibrillation; a decision on warfarin is pending.
Current Hgb 14.7 g/dL.
Currently aged 66 years.
eGFR now 62 mL/min/1.73 m2.
Owns a bicycle.",,,,
author4,236,rule_v1/test_L3alt,rule_v1.test.s2_atria_bleed.egfr.boundary.alt.987,boundary,alt,flip,"ATRIA bleeding score for men (as used here, partial): 3 points each for a current hemoglobin below 13.0 g/dL and a current eGFR below 45 mL/min/1.73 m2; 2 points for a current age of 75 years or more; 1 point for hypertension at any time. Other ATRIA items are not part of this question.",The eGFR criterion contributes 0 points.,The eGFR criterion contributes 3 points.,s',patient: hemoglobin = 14.7; present; current | patient: age = 66; present; current | patient: eGFR = 31; present; current,"Man, adult.
Atrial fibrillation; a decision on warfarin is pending.
Current Hgb 14.7 g/dL.
Currently aged 66 years.
eGFR now 31 mL/min/1.73 m2.
Owns a bicycle.",,,,
author4,236,rule_v1/test_L3alt,rule_v1.test.s2_atria_bleed.egfr.boundary.alt.987,boundary,alt,near,"ATRIA bleeding score for men (as used here, partial): 3 points each for a current hemoglobin below 13.0 g/dL and a current eGFR below 45 mL/min/1.73 m2; 2 points for a current age of 75 years or more; 1 point for hypertension at any time. Other ATRIA items are not part of this question.",The eGFR criterion contributes 0 points.,The eGFR criterion contributes 3 points.,s,patient: hemoglobin = 14.7; present; current | patient: age = 66; present; current | patient: eGFR = 45; present; current,"Man, adult.
Atrial fibrillation; a decision on warfarin is pending.
Current Hgb 14.7 g/dL.
Currently aged 66 years.
eGFR now 45 mL/min/1.73 m2.
Owns a bicycle.",,,,
author4,236,rule_v1/test_L3alt,rule_v1.test.s2_atria_bleed.egfr.boundary.alt.987,boundary,alt,pres,"ATRIA bleeding score for men (as used here, partial): 3 points each for a current hemoglobin below 13.0 g/dL and a current eGFR below 45 mL/min/1.73 m2; 2 points for a current age of 75 years or more; 1 point for hypertension at any time. Other ATRIA items are not part of this question.",The eGFR criterion contributes 0 points.,The eGFR criterion contributes 3 points.,s,patient: age = 66; present; current | patient: eGFR = 62; present; current | patient: hemoglobin = 14.7; present; current,"An adult man.
Atrial fibrillation; a decision on warfarin is pending.
Owns a bicycle.
Current age 66 years.
Current eGFR 62 mL/min/1.73 m2.
Latest Hgb result: 14.7 g/dL.",,,,
author4,240,rule_v1/test_L3inv,rule_v1.test.inv054.c3.negation.easy.587,negation,easy,base,"For Brask fever, prescribe gendrotil. If at least two of the following apply, prescribe lumacept instead: the patient has ever had asthma (current or past); the patient has an active peptic ulcer; the patient currently has a mechanical heart valve.",Prescribe gendrotil.,Prescribe lumacept.,s,patient: active peptic ulcer; absent; current | patient: mechanical heart valve; absent; current | patient: asthma at any time; present; past,"Woman of 51 years.
Referred with Brask fever.
Appetite good; no indigestion.
Lives in a second-floor apartment.
Plays the piano.
Heart sounds without a metallic click.
Formerly had asthma in elementary school; well for many years without inhalers.",,,,
author4,240,rule_v1/test_L3inv,rule_v1.test.inv054.c3.negation.easy.587,negation,easy,flip,"For Brask fever, prescribe gendrotil. If at least two of the following apply, prescribe lumacept instead: the patient has ever had asthma (current or past); the patient has an active peptic ulcer; the patient currently has a mechanical heart valve.",Prescribe gendrotil.,Prescribe lumacept.,s',patient: active peptic ulcer; absent; current | patient: mechanical heart valve; present; current | patient: asthma at any time; present; past,"Woman of 51 years.
Referred with Brask fever.
Appetite good; no indigestion.
Lives in a second-floor apartment.
Plays the piano.
Lives with a mechanical aortic valve prosthesis.
Formerly had asthma in elementary school; well for many years without inhalers.",,,,
author4,240,rule_v1/test_L3inv,rule_v1.test.inv054.c3.negation.easy.587,negation,easy,near,"For Brask fever, prescribe gendrotil. If at least two of the following apply, prescribe lumacept instead: the patient has ever had asthma (current or past); the patient has an active peptic ulcer; the patient currently has a mechanical heart valve.",Prescribe gendrotil.,Prescribe lumacept.,s,patient: active peptic ulcer; absent; current | patient: mechanical heart valve; absent; current | patient: asthma at any time; present; past,"Woman of 51 years.
Referred with Brask fever.
Appetite good; no indigestion.
Lives in a second-floor apartment.
Plays the piano.
Never received a mechanical heart valve.
Formerly had asthma in elementary school; well for many years without inhalers.",,,,
author4,240,rule_v1/test_L3inv,rule_v1.test.inv054.c3.negation.easy.587,negation,easy,pres,"For Brask fever, prescribe gendrotil. If at least two of the following apply, prescribe lumacept instead: the patient has ever had asthma (current or past); the patient has an active peptic ulcer; the patient currently has a mechanical heart valve.",Prescribe gendrotil.,Prescribe lumacept.,s,patient: mechanical heart valve; absent; current | patient: active peptic ulcer; absent; current | patient: asthma at any time; present; past,"Female patient of 51 years.
Referred with Brask fever.
Heart sounds without a metallic click.
Appetite good; no indigestion.
Formerly had asthma in elementary school; well for many years without inhalers.
Plays the piano.
Lives in a second-floor apartment.",,,,
author4,244,rule_v1/test_L3inv,rule_v1.test.inv043.c1.boundary.easy.111,boundary,easy,base,"For Brask fever, prescribe gendrotil. If the current ALT is above 120 U/L, prescribe lumacept instead.",Prescribe gendrotil.,Prescribe lumacept.,s,patient: ALT = 53; present; current,"Female patient of 54 years.
Referred with Brask fever.
Lives in a second-floor apartment.
Current ALT 53 U/L.",,,,
author4,244,rule_v1/test_L3inv,rule_v1.test.inv043.c1.boundary.easy.111,boundary,easy,flip,"For Brask fever, prescribe gendrotil. If the current ALT is above 120 U/L, prescribe lumacept instead.",Prescribe gendrotil.,Prescribe lumacept.,s',patient: ALT = 155; present; current,"Female patient of 54 years.
Referred with Brask fever.
Lives in a second-floor apartment.
Current ALT 155 U/L.",,,,
author4,244,rule_v1/test_L3inv,rule_v1.test.inv043.c1.boundary.easy.111,boundary,easy,near,"For Brask fever, prescribe gendrotil. If the current ALT is above 120 U/L, prescribe lumacept instead.",Prescribe gendrotil.,Prescribe lumacept.,s,patient: ALT = 120; present; current,"Female patient of 54 years.
Referred with Brask fever.
Lives in a second-floor apartment.
Current ALT 120 U/L.",,,,
author4,244,rule_v1/test_L3inv,rule_v1.test.inv043.c1.boundary.easy.111,boundary,easy,pres,"For Brask fever, prescribe gendrotil. If the current ALT is above 120 U/L, prescribe lumacept instead.",Prescribe gendrotil.,Prescribe lumacept.,s,patient: ALT = 53; present; current,"Woman of 54 years.
Referred with Brask fever.
ALT now 53 U/L.
Lives in a second-floor apartment.",,,,
author4,248,rule_v1/test_hard,rule_v1.test.gs155.c2.numeric.long.983,numeric,long,base,"For newly diagnosed type 2 diabetes, prescribe metformin. If at least two of the following apply, prescribe sitagliptin instead: the patient has ever had a peptic ulcer (current or past); the current serum potassium is above 5.0 mmol/L; the patient or a first-degree relative (parent, sibling or child) has had a venous thromboembolism at any time.",Prescribe metformin.,Prescribe sitagliptin.,s,patient: serum potassium = 3.9; present; current | patient: venous thromboembolism (patient or first-degree relative); absent; current | patient: peptic ulcer at any time; present; current,"Female patient of 61 years.
Newly diagnosed type 2 diabetes (HbA1c 7.9%).
Pupils equal and reactive to light.
Drives a car.
Her roommate sprained a thumb last month.
Her father has a lazy eye.
Paints watercolors as a hobby.
Photographs local wildlife.
Prefers to be addressed by first name.
In 2018, folate was 12 ng/mL.
Her uncle lives with psoriasis.
Teeth in good repair.
Current serum potassium 3.9 mmol/L.
Coagulation tests normal on recent bloodwork.
Has an active duodenal ulcer.
During a checkup in 2018, total protein was 7.0 g/dL.
Free T4 of 1.2 ng/dL in 2020.
Has two cats.
Prefers morning appointments.
Sees a dentist yearly.
Plays the piano.
Owns a bicycle.
Knits as a hobby.
Her uncle wears contact lenses.",,,,
author4,248,rule_v1/test_hard,rule_v1.test.gs155.c2.numeric.long.983,numeric,long,flip,"For newly diagnosed type 2 diabetes, prescribe metformin. If at least two of the following apply, prescribe sitagliptin instead: the patient has ever had a peptic ulcer (current or past); the current serum potassium is above 5.0 mmol/L; the patient or a first-degree relative (parent, sibling or child) has had a venous thromboembolism at any time.",Prescribe metformin.,Prescribe sitagliptin.,s',patient: serum potassium = 5.5; present; current | patient: venous thromboembolism (patient or first-degree relative); absent; current | patient: peptic ulcer at any time; present; current,"Female patient of 61 years.
Newly diagnosed type 2 diabetes (HbA1c 7.9%).
Pupils equal and reactive to light.
Drives a car.
Her roommate sprained a thumb last month.
Her father has a lazy eye.
Paints watercolors as a hobby.
Photographs local wildlife.
Prefers to be addressed by first name.
In 2018, folate was 12 ng/mL.
Her uncle lives with psoriasis.
Teeth in good repair.
Current serum potassium 5.5 mmol/L.
Coagulation tests normal on recent bloodwork.
Has an active duodenal ulcer.
During a checkup in 2018, total protein was 7.0 g/dL.
Free T4 of 1.2 ng/dL in 2020.
Has two cats.
Prefers morning appointments.
Sees a dentist yearly.
Plays the piano.
Owns a bicycle.
Knits as a hobby.
Her uncle wears contact lenses.",,,,
author4,248,rule_v1/test_hard,rule_v1.test.gs155.c2.numeric.long.983,numeric,long,near,"For newly diagnosed type 2 diabetes, prescribe metformin. If at least two of the following apply, prescribe sitagliptin instead: the patient has ever had a peptic ulcer (current or past); the current serum potassium is above 5.0 mmol/L; the patient or a first-degree relative (parent, sibling or child) has had a venous thromboembolism at any time.",Prescribe metformin.,Prescribe sitagliptin.,s,patient: serum potassium = 4.8; present; current | patient: venous thromboembolism (patient or first-degree relative); absent; current | patient: peptic ulcer at any time; present; current,"Female patient of 61 years.
Newly diagnosed type 2 diabetes (HbA1c 7.9%).
Pupils equal and reactive to light.
Drives a car.
Her roommate sprained a thumb last month.
Her father has a lazy eye.
Paints watercolors as a hobby.
Photographs local wildlife.
Prefers to be addressed by first name.
In 2018, folate was 12 ng/mL.
Her uncle lives with psoriasis.
Teeth in good repair.
Current serum potassium 4.8 mmol/L.
Coagulation tests normal on recent bloodwork.
Has an active duodenal ulcer.
During a checkup in 2018, total protein was 7.0 g/dL.
Free T4 of 1.2 ng/dL in 2020.
Has two cats.
Prefers morning appointments.
Sees a dentist yearly.
Plays the piano.
Owns a bicycle.
Knits as a hobby.
Her uncle wears contact lenses.",,,,
author4,248,rule_v1/test_hard,rule_v1.test.gs155.c2.numeric.long.983,numeric,long,pres,"For newly diagnosed type 2 diabetes, prescribe metformin. If at least two of the following apply, prescribe sitagliptin instead: the patient has ever had a peptic ulcer (current or past); the current serum potassium is above 5.0 mmol/L; the patient or a first-degree relative (parent, sibling or child) has had a venous thromboembolism at any time.",Prescribe metformin.,Prescribe sitagliptin.,s,patient: serum potassium = 3.9; present; current | patient: peptic ulcer at any time; present; current | patient: venous thromboembolism (patient or first-degree relative); absent; current,"Woman of 61 years.
Newly diagnosed type 2 diabetes (HbA1c 7.9%).
Free T4 of 1.2 ng/dL in 2020.
Her roommate sprained a thumb last month.
Prefers morning appointments.
Pupils equal and reactive to light.
Owns a bicycle.
Plays the piano.
Drives a car.
Prefers to be addressed by first name.
During a checkup in 2018, total protein was 7.0 g/dL.
Latest potassium result: 3.9 mmol/L.
Her uncle wears contact lenses.
In 2018, folate was 12 ng/mL.
Has an active duodenal ulcer.
Photographs local wildlife.
Her uncle lives with psoriasis.
Teeth in good repair.
Has two cats.
Sees a dentist yearly.
Knits as a hobby.
Paints watercolors as a hobby.
Coagulation tests normal on recent bloodwork.
Her father has a lazy eye.",,,,
author4,252,rule_v1/test_L3alt,rule_v1.test.hf_spironolactone.k.time.alt.65,time,alt,base,"For heart failure with reduced ejection fraction, add spironolactone. If the current serum potassium is above 4.5 mmol/L, add dapagliflozin instead.",Add spironolactone.,Add dapagliflozin.,s,patient: potassium = 3.7; present; current | patient: potassium = 3.6; present; past (2006),"Female patient of 52 years.
Heart failure with reduced ejection fraction (ejection fraction 30%), still symptomatic.
Pupils equal and reactive to light.
Current serum potassium 3.7 mmol/L.
Drives a car.
Teeth in good repair.
Records from 2006 list serum potassium at 3.6 mmol/L.",,,,
author4,252,rule_v1/test_L3alt,rule_v1.test.hf_spironolactone.k.time.alt.65,time,alt,flip,"For heart failure with reduced ejection fraction, add spironolactone. If the current serum potassium is above 4.5 mmol/L, add dapagliflozin instead.",Add spironolactone.,Add dapagliflozin.,s',patient: potassium = 4.7; present; current | patient: potassium = 3.6; present; past (2006),"Female patient of 52 years.
Heart failure with reduced ejection fraction (ejection fraction 30%), still symptomatic.
Pupils equal and reactive to light.
Current serum potassium 4.7 mmol/L.
Drives a car.
Teeth in good repair.
Records from 2006 list serum potassium at 3.6 mmol/L.",,,,
author4,252,rule_v1/test_L3alt,rule_v1.test.hf_spironolactone.k.time.alt.65,time,alt,near,"For heart failure with reduced ejection fraction, add spironolactone. If the current serum potassium is above 4.5 mmol/L, add dapagliflozin instead.",Add spironolactone.,Add dapagliflozin.,s,patient: potassium = 3.7; present; current | patient: potassium = 5.2; present; past (2006),"Female patient of 52 years.
Heart failure with reduced ejection fraction (ejection fraction 30%), still symptomatic.
Pupils equal and reactive to light.
Current serum potassium 3.7 mmol/L.
Drives a car.
Teeth in good repair.
Records from 2006 list serum potassium at 5.2 mmol/L.",,,,
author4,252,rule_v1/test_L3alt,rule_v1.test.hf_spironolactone.k.time.alt.65,time,alt,pres,"For heart failure with reduced ejection fraction, add spironolactone. If the current serum potassium is above 4.5 mmol/L, add dapagliflozin instead.",Add spironolactone.,Add dapagliflozin.,s,patient: potassium = 3.6; present; past (2006) | patient: potassium = 3.7; present; current,"Woman of 52 years.
Heart failure with reduced ejection fraction (ejection fraction 30%), still symptomatic.
Teeth in good repair.
Back in 2006, serum potassium stood at 3.6 mmol/L.
Latest potassium result: 3.7 mmol/L.
Pupils equal and reactive to light.
Drives a car.",,,,
author4,256,rule_v1/test_L2,rule_v1.test.gs139.c2.subject.long.188,subject,long,base,"For vaginal candidiasis, prescribe oral fluconazole. If the patient currently has tender anterior cervical lymph nodes and the patient has ever had angioedema (current or past), prescribe clotrimazole pessaries instead.",Prescribe oral fluconazole.,Prescribe clotrimazole pessaries.,s,patient: angioedema; absent; current | patient: tender cervical lymph nodes; present; current,"Female patient of 59 years.
Vaginal itching and discharge; candidiasis confirmed on microscopy.
Free of facial or oropharyngeal edema.
Owns a bicycle.
Enjoys board games.
Uses sunscreen in summer.
Her wife burned a hand on a stove years ago.
Her wife has a lazy eye.
During a checkup in 2012, free T3 was 3.2 pg/mL.
Her uncle lives with psoriasis.
Has two cats.
Pupils equal and reactive to light.
Paints watercolors as a hobby.
Anterior cervical lymph nodes enlarged and tender to touch.
Her sister sprained a thumb last month.
Knits as a hobby.
Prefers to be addressed by first name.
Sleeps seven hours a night.
Prefers morning appointments.
During a checkup in 2019, total protein was 7.0 g/dL.
Sees a dentist yearly.",,,,
author4,256,rule_v1/test_L2,rule_v1.test.gs139.c2.subject.long.188,subject,long,flip,"For vaginal candidiasis, prescribe oral fluconazole. If the patient currently has tender anterior cervical lymph nodes and the patient has ever had angioedema (current or past), prescribe clotrimazole pessaries instead.",Prescribe oral fluconazole.,Prescribe clotrimazole pessaries.,s',patient: angioedema; present; past | patient: tender cervical lymph nodes; present; current,"Female patient of 59 years.
Vaginal itching and discharge; candidiasis confirmed on microscopy.
An episode of angioedema years ago, with full recovery.
Owns a bicycle.
Enjoys board games.
Uses sunscreen in summer.
Her wife burned a hand on a stove years ago.
Her wife has a lazy eye.
During a checkup in 2012, free T3 was 3.2 pg/mL.
Her uncle lives with psoriasis.
Has two cats.
Pupils equal and reactive to light.
Paints watercolors as a hobby.
Anterior cervical lymph nodes enlarged and tender to touch.
Her sister sprained a thumb last month.
Knits as a hobby.
Prefers to be addressed by first name.
Sleeps seven hours a night.
Prefers morning appointments.
During a checkup in 2019, total protein was 7.0 g/dL.
Sees a dentist yearly.",,,,
author4,256,rule_v1/test_L2,rule_v1.test.gs139.c2.subject.long.188,subject,long,near,"For vaginal candidiasis, prescribe oral fluconazole. If the patient currently has tender anterior cervical lymph nodes and the patient has ever had angioedema (current or past), prescribe clotrimazole pessaries instead.",Prescribe oral fluconazole.,Prescribe clotrimazole pessaries.,s,wife: angioedema; present; past (2010) | patient: tender cervical lymph nodes; present; current,"Female patient of 59 years.
Vaginal itching and discharge; candidiasis confirmed on microscopy.
Her wife recovered from an episode of angioedema in 2010.
Owns a bicycle.
Enjoys board games.
Uses sunscreen in summer.
Her wife burned a hand on a stove years ago.
Her wife has a lazy eye.
During a checkup in 2012, free T3 was 3.2 pg/mL.
Her uncle lives with psoriasis.
Has two cats.
Pupils equal and reactive to light.
Paints watercolors as a hobby.
Anterior cervical lymph nodes enlarged and tender to touch.
Her sister sprained a thumb last month.
Knits as a hobby.
Prefers to be addressed by first name.
Sleeps seven hours a night.
Prefers morning appointments.
During a checkup in 2019, total protein was 7.0 g/dL.
Sees a dentist yearly.",,,,
author4,256,rule_v1/test_L2,rule_v1.test.gs139.c2.subject.long.188,subject,long,pres,"For vaginal candidiasis, prescribe oral fluconazole. If the patient currently has tender anterior cervical lymph nodes and the patient has ever had angioedema (current or past), prescribe clotrimazole pessaries instead.",Prescribe oral fluconazole.,Prescribe clotrimazole pessaries.,s,patient: angioedema; absent; current | patient: tender cervical lymph nodes; present; current,"Woman of 59 years.
Vaginal itching and discharge; candidiasis confirmed on microscopy.
Paints watercolors as a hobby.
Enjoys board games.
Pupils equal and reactive to light.
During a checkup in 2012, free T3 was 3.2 pg/mL.
Has two cats.
Her uncle lives with psoriasis.
Knits as a hobby.
Prefers to be addressed by first name.
Uses sunscreen in summer.
Owns a bicycle.
Her wife burned a hand on a stove years ago.
Prefers morning appointments.
Free of facial or oropharyngeal edema.
Her wife has a lazy eye.
Sleeps seven hours a night.
Anterior cervical lymph nodes enlarged and tender to touch.
Sees a dentist yearly.
During a checkup in 2019, total protein was 7.0 g/dL.
Her sister sprained a thumb last month.",,,,
author4,256,rule_v1/test_L2,rule_v1.test.gs139.c2.subject.long.188,subject,long,missing,"For vaginal candidiasis, prescribe oral fluconazole. If the patient currently has tender anterior cervical lymph nodes and the patient has ever had angioedema (current or past), prescribe clotrimazole pessaries instead.",Prescribe oral fluconazole.,Prescribe clotrimazole pessaries.,neither,patient: angioedema; unknown; current | patient: tender cervical lymph nodes; present; current,"Female patient of 59 years.
Vaginal itching and discharge; candidiasis confirmed on microscopy.
Angioedema: status unclear from the records at hand.
Owns a bicycle.
Enjoys board games.
Uses sunscreen in summer.
Her wife burned a hand on a stove years ago.
Her wife has a lazy eye.
During a checkup in 2012, free T3 was 3.2 pg/mL.
Her uncle lives with psoriasis.
Has two cats.
Pupils equal and reactive to light.
Paints watercolors as a hobby.
Anterior cervical lymph nodes enlarged and tender to touch.
Her sister sprained a thumb last month.
Knits as a hobby.
Prefers to be addressed by first name.
Sleeps seven hours a night.
Prefers morning appointments.
During a checkup in 2019, total protein was 7.0 g/dL.
Sees a dentist yearly.",,,,
author4,260,rule_v1/test_L2,rule_v1.test.gs002.c1.numeric.easy.1400,numeric,easy,base,"For uncomplicated cystitis, prescribe trimethoprim-sulfamethoxazole. If the current heart rate is above 90/min or the current serum potassium is above 4.8 mmol/L, prescribe nitrofurantoin instead.",Prescribe trimethoprim-sulfamethoxazole.,Prescribe nitrofurantoin.,s,patient: serum potassium = 4.5; present; current | patient: heart rate = 65; present; current,"Female patient of 42 years.
Dysuria and urinary frequency for two days; urine dipstick positive for nitrites.
Current serum potassium 4.5 mmol/L.
Current heart rate 65/min.
Has two cats.",,,,
author4,260,rule_v1/test_L2,rule_v1.test.gs002.c1.numeric.easy.1400,numeric,easy,flip,"For uncomplicated cystitis, prescribe trimethoprim-sulfamethoxazole. If the current heart rate is above 90/min or the current serum potassium is above 4.8 mmol/L, prescribe nitrofurantoin instead.",Prescribe trimethoprim-sulfamethoxazole.,Prescribe nitrofurantoin.,s',patient: serum potassium = 4.5; present; current | patient: heart rate = 103; present; current,"Female patient of 42 years.
Dysuria and urinary frequency for two days; urine dipstick positive for nitrites.
Current serum potassium 4.5 mmol/L.
Current heart rate 103/min.
Has two cats.",,,,
author4,260,rule_v1/test_L2,rule_v1.test.gs002.c1.numeric.easy.1400,numeric,easy,near,"For uncomplicated cystitis, prescribe trimethoprim-sulfamethoxazole. If the current heart rate is above 90/min or the current serum potassium is above 4.8 mmol/L, prescribe nitrofurantoin instead.",Prescribe trimethoprim-sulfamethoxazole.,Prescribe nitrofurantoin.,s,patient: serum potassium = 4.5; present; current | patient: heart rate = 88; present; current,"Female patient of 42 years.
Dysuria and urinary frequency for two days; urine dipstick positive for nitrites.
Current serum potassium 4.5 mmol/L.
Current heart rate 88/min.
Has two cats.",,,,
author4,260,rule_v1/test_L2,rule_v1.test.gs002.c1.numeric.easy.1400,numeric,easy,pres,"For uncomplicated cystitis, prescribe trimethoprim-sulfamethoxazole. If the current heart rate is above 90/min or the current serum potassium is above 4.8 mmol/L, prescribe nitrofurantoin instead.",Prescribe trimethoprim-sulfamethoxazole.,Prescribe nitrofurantoin.,s,patient: serum potassium = 4.5; present; current | patient: heart rate = 65; present; current,"Woman of 42 years.
Dysuria and urinary frequency for two days; urine dipstick positive for nitrites.
Latest potassium result: 4.5 mmol/L.
Has two cats.
Heart rate now 65/min on a pulse check.",,,,
author4,264,rule_v1/test_L0,rule_v1.test.gs014.c2.negation.long.481,negation,long,base,"For primary prevention, prescribe atorvastatin. If the current serum creatinine is above 2.0 mg/dL or the patient has ever had a peptic ulcer (current or past), prescribe ezetimibe instead.",Prescribe atorvastatin.,Prescribe ezetimibe.,s,patient: peptic ulcer at any time; absent; current | patient: serum creatinine = 0.6; present; current,"Female patient of 45 years.
Primary prevention; LDL cholesterol 182 mg/dL.
Abdomen soft and non-tender.
Owns a bicycle.
Her roommate lives with psoriasis.
Drives a car.
Has two cats.
Free T4 of 1.2 ng/dL in 2014.
In 2009, lipase was 30 U/L.
Photographs local wildlife.
During a checkup in 2014, free T3 was 3.2 pg/mL.
Lives in a second-floor apartment.
Her uncle has recovered from a dislocated finger.
Zinc of 85 mcg/dL in 2019.
Plays the piano.
Knits as a hobby.
Sees a dentist yearly.
Pupils equal and reactive to light.
Her uncle sprained a thumb last month.
Current serum creatinine 0.6 mg/dL.
Teeth in good repair.",,,,
author4,264,rule_v1/test_L0,rule_v1.test.gs014.c2.negation.long.481,negation,long,flip,"For primary prevention, prescribe atorvastatin. If the current serum creatinine is above 2.0 mg/dL or the patient has ever had a peptic ulcer (current or past), prescribe ezetimibe instead.",Prescribe atorvastatin.,Prescribe ezetimibe.,s',patient: peptic ulcer at any time; present; current | patient: serum creatinine = 0.6; present; current,"Female patient of 45 years.
Primary prevention; LDL cholesterol 182 mg/dL.
Active peptic ulcer disease.
Owns a bicycle.
Her roommate lives with psoriasis.
Drives a car.
Has two cats.
Free T4 of 1.2 ng/dL in 2014.
In 2009, lipase was 30 U/L.
Photographs local wildlife.
During a checkup in 2014, free T3 was 3.2 pg/mL.
Lives in a second-floor apartment.
Her uncle has recovered from a dislocated finger.
Zinc of 85 mcg/dL in 2019.
Plays the piano.
Knits as a hobby.
Sees a dentist yearly.
Pupils equal and reactive to light.
Her uncle sprained a thumb last month.
Current serum creatinine 0.6 mg/dL.
Teeth in good repair.",,,,
author4,264,rule_v1/test_L0,rule_v1.test.gs014.c2.negation.long.481,negation,long,near,"For primary prevention, prescribe atorvastatin. If the current serum creatinine is above 2.0 mg/dL or the patient has ever had a peptic ulcer (current or past), prescribe ezetimibe instead.",Prescribe atorvastatin.,Prescribe ezetimibe.,s,patient: peptic ulcer at any time; absent; current | patient: serum creatinine = 0.6; present; current,"Female patient of 45 years.
Primary prevention; LDL cholesterol 182 mg/dL.
Medical record negative for peptic ulcer, current or past.
Owns a bicycle.
Her roommate lives with psoriasis.
Drives a car.
Has two cats.
Free T4 of 1.2 ng/dL in 2014.
In 2009, lipase was 30 U/L.
Photographs local wildlife.
During a checkup in 2014, free T3 was 3.2 pg/mL.
Lives in a second-floor apartment.
Her uncle has recovered from a dislocated finger.
Zinc of 85 mcg/dL in 2019.
Plays the piano.
Knits as a hobby.
Sees a dentist yearly.
Pupils equal and reactive to light.
Her uncle sprained a thumb last month.
Current serum creatinine 0.6 mg/dL.
Teeth in good repair.",,,,
author4,264,rule_v1/test_L0,rule_v1.test.gs014.c2.negation.long.481,negation,long,pres,"For primary prevention, prescribe atorvastatin. If the current serum creatinine is above 2.0 mg/dL or the patient has ever had a peptic ulcer (current or past), prescribe ezetimibe instead.",Prescribe atorvastatin.,Prescribe ezetimibe.,s,patient: peptic ulcer at any time; absent; current | patient: serum creatinine = 0.6; present; current,"Woman of 45 years.
Primary prevention; LDL cholesterol 182 mg/dL.
Has two cats.
Photographs local wildlife.
Knits as a hobby.
In 2009, lipase was 30 U/L.
Owns a bicycle.
Sees a dentist yearly.
Pupils equal and reactive to light.
Plays the piano.
Lives in a second-floor apartment.
Zinc of 85 mcg/dL in 2019.
Free T4 of 1.2 ng/dL in 2014.
Abdomen soft and non-tender.
Latest creatinine result: 0.6 mg/dL.
Her uncle sprained a thumb last month.
Drives a car.
During a checkup in 2014, free T3 was 3.2 pg/mL.
Her roommate lives with psoriasis.
Her uncle has recovered from a dislocated finger.
Teeth in good repair.",,,,
author4,268,rule_v1/test_L3inv,rule_v1.test.inv005.c1.boundary.long.49,boundary,long,base,"For Okata fever, prescribe solvadine. If the current platelet count is below 50 x10^9/L, prescribe tarnicept instead.",Prescribe solvadine.,Prescribe tarnicept.,s,patient: platelet count = 373; present; current,"Man of 52 years.
Referred with Okata fever.
Current platelet count 373 x10^9/L.
Knits as a hobby.
Paints watercolors as a hobby.
Prefers morning appointments.
His wife has recovered from a dislocated finger.
Prefers to be addressed by first name.
During a checkup in 2016, total protein was 7.0 g/dL.
Drives a car.
Sees a dentist yearly.
Plays the piano.
His father burned a hand on a stove years ago.
Photographs local wildlife.
His friend lives with psoriasis.
Owns a bicycle.
Lives in a second-floor apartment.
Enjoys board games.
Pupils equal and reactive to light.
Teeth in good repair.
In 2022, lipase was 30 U/L.
In 2014, folate was 12 ng/mL.",,,,
author4,268,rule_v1/test_L3inv,rule_v1.test.inv005.c1.boundary.long.49,boundary,long,flip,"For Okata fever, prescribe solvadine. If the current platelet count is below 50 x10^9/L, prescribe tarnicept instead.",Prescribe solvadine.,Prescribe tarnicept.,s',patient: platelet count = 36; present; current,"Man of 52 years.
Referred with Okata fever.
Current platelet count 36 x10^9/L.
Knits as a hobby.
Paints watercolors as a hobby.
Prefers morning appointments.
His wife has recovered from a dislocated finger.
Prefers to be addressed by first name.
During a checkup in 2016, total protein was 7.0 g/dL.
Drives a car.
Sees a dentist yearly.
Plays the piano.
His father burned a hand on a stove years ago.
Photographs local wildlife.
His friend lives with psoriasis.
Owns a bicycle.
Lives in a second-floor apartment.
Enjoys board games.
Pupils equal and reactive to light.
Teeth in good repair.
In 2022, lipase was 30 U/L.
In 2014, folate was 12 ng/mL.",,,,
author4,268,rule_v1/test_L3inv,rule_v1.test.inv005.c1.boundary.long.49,boundary,long,near,"For Okata fever, prescribe solvadine. If the current platelet count is below 50 x10^9/L, prescribe tarnicept instead.",Prescribe solvadine.,Prescribe tarnicept.,s,patient: platelet count = 50; present; current,"Man of 52 years.
Referred with Okata fever.
Current platelet count 50 x10^9/L.
Knits as a hobby.
Paints watercolors as a hobby.
Prefers morning appointments.
His wife has recovered from a dislocated finger.
Prefers to be addressed by first name.
During a checkup in 2016, total protein was 7.0 g/dL.
Drives a car.
Sees a dentist yearly.
Plays the piano.
His father burned a hand on a stove years ago.
Photographs local wildlife.
His friend lives with psoriasis.
Owns a bicycle.
Lives in a second-floor apartment.
Enjoys board games.
Pupils equal and reactive to light.
Teeth in good repair.
In 2022, lipase was 30 U/L.
In 2014, folate was 12 ng/mL.",,,,
author4,268,rule_v1/test_L3inv,rule_v1.test.inv005.c1.boundary.long.49,boundary,long,pres,"For Okata fever, prescribe solvadine. If the current platelet count is below 50 x10^9/L, prescribe tarnicept instead.",Prescribe solvadine.,Prescribe tarnicept.,s,patient: platelet count = 373; present; current,"Male patient of 52 years.
Referred with Okata fever.
Teeth in good repair.
His wife has recovered from a dislocated finger.
Prefers to be addressed by first name.
In 2022, lipase was 30 U/L.
Plays the piano.
Prefers morning appointments.
Knits as a hobby.
Lives in a second-floor apartment.
Enjoys board games.
Platelet count now 373 x10^9/L.
His friend lives with psoriasis.
In 2014, folate was 12 ng/mL.
Pupils equal and reactive to light.
His father burned a hand on a stove years ago.
During a checkup in 2016, total protein was 7.0 g/dL.
Owns a bicycle.
Photographs local wildlife.
Sees a dentist yearly.
Paints watercolors as a hobby.
Drives a car.",,,,
author4,272,rule_v1/test_L2,rule_v1.test.gs220.c1.time.easy.1659,time,easy,base,"For contraception, prescribe a combined oral contraceptive. If the current eGFR is below 30 mL/min/1.73 m2 and the patient or a first-degree relative (parent, sibling or child) has had diabetes at any time, prescribe a progestin-only pill instead.",Prescribe a combined oral contraceptive.,Prescribe a progestin-only pill.,s,patient: eGFR = 61; present; current | patient: eGFR = 78; present; past (2008) | sister: diabetes (patient or first-degree relative); present; current,"Female patient of 37 years.
Requests contraception.
Current eGFR 61 mL/min/1.73 m2.
Plays the piano.
Back in 2008, eGFR stood at 78 mL/min/1.73 m2.
Paints watercolors as a hobby.
Her sister is diabetic.",,,,
author4,272,rule_v1/test_L2,rule_v1.test.gs220.c1.time.easy.1659,time,easy,flip,"For contraception, prescribe a combined oral contraceptive. If the current eGFR is below 30 mL/min/1.73 m2 and the patient or a first-degree relative (parent, sibling or child) has had diabetes at any time, prescribe a progestin-only pill instead.",Prescribe a combined oral contraceptive.,Prescribe a progestin-only pill.,s',patient: eGFR = 18; present; current | patient: eGFR = 78; present; past (2008) | sister: diabetes (patient or first-degree relative); present; current,"Female patient of 37 years.
Requests contraception.
Current eGFR 18 mL/min/1.73 m2.
Plays the piano.
Back in 2008, eGFR stood at 78 mL/min/1.73 m2.
Paints watercolors as a hobby.
Her sister is diabetic.",,,,
author4,272,rule_v1/test_L2,rule_v1.test.gs220.c1.time.easy.1659,time,easy,near,"For contraception, prescribe a combined oral contraceptive. If the current eGFR is below 30 mL/min/1.73 m2 and the patient or a first-degree relative (parent, sibling or child) has had diabetes at any time, prescribe a progestin-only pill instead.",Prescribe a combined oral contraceptive.,Prescribe a progestin-only pill.,s,patient: eGFR = 61; present; current | patient: eGFR = 26; present; past (2008) | sister: diabetes (patient or first-degree relative); present; current,"Female patient of 37 years.
Requests contraception.
Current eGFR 61 mL/min/1.73 m2.
Plays the piano.
Back in 2008, eGFR stood at 26 mL/min/1.73 m2.
Paints watercolors as a hobby.
Her sister is diabetic.",,,,
author4,272,rule_v1/test_L2,rule_v1.test.gs220.c1.time.easy.1659,time,easy,pres,"For contraception, prescribe a combined oral contraceptive. If the current eGFR is below 30 mL/min/1.73 m2 and the patient or a first-degree relative (parent, sibling or child) has had diabetes at any time, prescribe a progestin-only pill instead.",Prescribe a combined oral contraceptive.,Prescribe a progestin-only pill.,s,patient: eGFR = 61; present; current | sister: diabetes (patient or first-degree relative); present; current | patient: eGFR = 78; present; past (2008),"Woman of 37 years.
Requests contraception.
eGFR now 61 mL/min/1.73 m2.
Her sister is diabetic.
Paints watercolors as a hobby.
Records from 2008 list eGFR at 78 mL/min/1.73 m2.
Plays the piano.",,,,
author4,276,rule_v1/test_L1,rule_v1.test.gs225.c2.boundary.long.251,boundary,long,base,"For hip osteoarthritis pain, prescribe naproxen alone. If the patient has an active peptic ulcer and the current white cell count is above 12.0 x10^9/L, prescribe naproxen with omeprazole instead.",Prescribe naproxen alone.,Prescribe naproxen with omeprazole.,s,patient: white cell count = 8.8; present; current | patient: active peptic ulcer; present; current,"Woman of 80 years.
Hip osteoarthritis with pain on walking.
Her roommate lives with psoriasis.
Latest WBC is 8.8 x10^9/L.
Her wife wears contact lenses.
During a checkup in 2013, total protein was 7.0 g/dL.
Owns a bicycle.
Plays the piano.
Prefers to be addressed by first name.
Teeth in good repair.
Pupils equal and reactive to light.
Prefers morning appointments.
Has two cats.
Photographs local wildlife.
Enjoys board games.
Zinc of 85 mcg/dL in 2010.
Active peptic ulcer disease.
In 2011, folate was 12 ng/mL.
Drives a car.
Sees a dentist yearly.",,,,
author4,276,rule_v1/test_L1,rule_v1.test.gs225.c2.boundary.long.251,boundary,long,flip,"For hip osteoarthritis pain, prescribe naproxen alone. If the patient has an active peptic ulcer and the current white cell count is above 12.0 x10^9/L, prescribe naproxen with omeprazole instead.",Prescribe naproxen alone.,Prescribe naproxen with omeprazole.,s',patient: white cell count = 12.8; present; current | patient: active peptic ulcer; present; current,"Woman of 80 years.
Hip osteoarthritis with pain on walking.
Her roommate lives with psoriasis.
Latest WBC is 12.8 x10^9/L.
Her wife wears contact lenses.
During a checkup in 2013, total protein was 7.0 g/dL.
Owns a bicycle.
Plays the piano.
Prefers to be addressed by first name.
Teeth in good repair.
Pupils equal and reactive to light.
Prefers morning appointments.
Has two cats.
Photographs local wildlife.
Enjoys board games.
Zinc of 85 mcg/dL in 2010.
Active peptic ulcer disease.
In 2011, folate was 12 ng/mL.
Drives a car.
Sees a dentist yearly.",,,,
author4,276,rule_v1/test_L1,rule_v1.test.gs225.c2.boundary.long.251,boundary,long,near,"For hip osteoarthritis pain, prescribe naproxen alone. If the patient has an active peptic ulcer and the current white cell count is above 12.0 x10^9/L, prescribe naproxen with omeprazole instead.",Prescribe naproxen alone.,Prescribe naproxen with omeprazole.,s,patient: white cell count = 12.0; present; current | patient: active peptic ulcer; present; current,"Woman of 80 years.
Hip osteoarthritis with pain on walking.
Her roommate lives with psoriasis.
Latest WBC is 12.0 x10^9/L.
Her wife wears contact lenses.
During a checkup in 2013, total protein was 7.0 g/dL.
Owns a bicycle.
Plays the piano.
Prefers to be addressed by first name.
Teeth in good repair.
Pupils equal and reactive to light.
Prefers morning appointments.
Has two cats.
Photographs local wildlife.
Enjoys board games.
Zinc of 85 mcg/dL in 2010.
Active peptic ulcer disease.
In 2011, folate was 12 ng/mL.
Drives a car.
Sees a dentist yearly.",,,,
author4,276,rule_v1/test_L1,rule_v1.test.gs225.c2.boundary.long.251,boundary,long,pres,"For hip osteoarthritis pain, prescribe naproxen alone. If the patient has an active peptic ulcer and the current white cell count is above 12.0 x10^9/L, prescribe naproxen with omeprazole instead.",Prescribe naproxen alone.,Prescribe naproxen with omeprazole.,s,patient: white cell count = 8.8; present; current | patient: active peptic ulcer; present; current,"Female patient of 80 years.
Hip osteoarthritis with pain on walking.
Prefers to be addressed by first name.
Owns a bicycle.
Current white cell count 8.8 x10^9/L.
Enjoys board games.
During a checkup in 2013, total protein was 7.0 g/dL.
Plays the piano.
Sees a dentist yearly.
Prefers morning appointments.
Active peptic ulcer disease.
Has two cats.
Drives a car.
Her roommate lives with psoriasis.
In 2011, folate was 12 ng/mL.
Photographs local wildlife.
Zinc of 85 mcg/dL in 2010.
Pupils equal and reactive to light.
Teeth in good repair.
Her wife wears contact lenses.",,,,
author4,280,rule_v1/test_L2,rule_v1.test.gs024.c3.numeric.easy.1162,numeric,easy,base,"For uncomplicated cystitis, prescribe trimethoprim-sulfamethoxazole. Score 3 points if the current ALT is above 120 U/L; 1 point if the patient or a first-degree relative (parent, sibling or child) has had diabetes at any time; 3 points if the current systolic blood pressure is above 160 mmHg; 2 points if the patient or a first-degree relative (parent, sibling or child) has had a venous thromboembolism at any time. If the score is 4 or more, prescribe nitrofurantoin instead.",Prescribe trimethoprim-sulfamethoxazole.,Prescribe nitrofurantoin.,s,patient: diabetes (patient or first-degree relative); present; current | patient: ALT = 32; present; current | patient: systolic blood pressure = 126; present; current,"Female patient of 42 years.
Dysuria and urinary frequency for two days; urine dipstick positive for nitrites.
Lives in a second-floor apartment.
Has type 2 diabetes on metformin.
ALT now 32 U/L.
Has two cats.
Sleeps seven hours a night.
Observations now: blood pressure 126/84 mmHg.",,,,
author4,280,rule_v1/test_L2,rule_v1.test.gs024.c3.numeric.easy.1162,numeric,easy,flip,"For uncomplicated cystitis, prescribe trimethoprim-sulfamethoxazole. Score 3 points if the current ALT is above 120 U/L; 1 point if the patient or a first-degree relative (parent, sibling or child) has had diabetes at any time; 3 points if the current systolic blood pressure is above 160 mmHg; 2 points if the patient or a first-degree relative (parent, sibling or child) has had a venous thromboembolism at any time. If the score is 4 or more, prescribe nitrofurantoin instead.",Prescribe trimethoprim-sulfamethoxazole.,Prescribe nitrofurantoin.,s',patient: diabetes (patient or first-degree relative); present; current | patient: ALT = 32; present; current | patient: systolic blood pressure = 172; present; current,"Female patient of 42 years.
Dysuria and urinary frequency for two days; urine dipstick positive for nitrites.
Lives in a second-floor apartment.
Has type 2 diabetes on metformin.
ALT now 32 U/L.
Has two cats.
Sleeps seven hours a night.
Observations now: blood pressure 172/110 mmHg.",,,,
author4,280,rule_v1/test_L2,rule_v1.test.gs024.c3.numeric.easy.1162,numeric,easy,near,"For uncomplicated cystitis, prescribe trimethoprim-sulfamethoxazole. Score 3 points if the current ALT is above 120 U/L; 1 point if the patient or a first-degree relative (parent, sibling or child) has had diabetes at any time; 3 points if the current systolic blood pressure is above 160 mmHg; 2 points if the patient or a first-degree relative (parent, sibling or child) has had a venous thromboembolism at any time. If the score is 4 or more, prescribe nitrofurantoin instead.",Prescribe trimethoprim-sulfamethoxazole.,Prescribe nitrofurantoin.,s,patient: diabetes (patient or first-degree relative); present; current | patient: ALT = 32; present; current | patient: systolic blood pressure = 158; present; current,"Female patient of 42 years.
Dysuria and urinary frequency for two days; urine dipstick positive for nitrites.
Lives in a second-floor apartment.
Has type 2 diabetes on metformin.
ALT now 32 U/L.
Has two cats.
Sleeps seven hours a night.
Observations now: blood pressure 158/102 mmHg.",,,,
author4,280,rule_v1/test_L2,rule_v1.test.gs024.c3.numeric.easy.1162,numeric,easy,pres,"For uncomplicated cystitis, prescribe trimethoprim-sulfamethoxazole. Score 3 points if the current ALT is above 120 U/L; 1 point if the patient or a first-degree relative (parent, sibling or child) has had diabetes at any time; 3 points if the current systolic blood pressure is above 160 mmHg; 2 points if the patient or a first-degree relative (parent, sibling or child) has had a venous thromboembolism at any time. If the score is 4 or more, prescribe nitrofurantoin instead.",Prescribe trimethoprim-sulfamethoxazole.,Prescribe nitrofurantoin.,s,patient: diabetes (patient or first-degree relative); present; current | patient: systolic blood pressure = 126; present; current | patient: ALT = 32; present; current,"Woman of 42 years.
Dysuria and urinary frequency for two days; urine dipstick positive for nitrites.
Has type 2 diabetes on metformin.
Current systolic blood pressure 126 mmHg.
Lives in a second-floor apartment.
Has two cats.
Current ALT 32 U/L.
Sleeps seven hours a night.",,,,
author4,284,rule_v1/test_L2,rule_v1.test.gs096.c1.subject.easy.772,subject,easy,base,"For stroke prevention in atrial fibrillation, prescribe apixaban. Score 2 points if the patient has ever had coronary artery disease (current or past); 3 points if the patient currently has tonsillar exudate; 2 points if the current ALT is above 120 U/L; 2 points if the current weight is 60 kg or less. If the score is 6 or more, prescribe warfarin instead.",Prescribe apixaban.,Prescribe warfarin.,s,patient: weight = 68; present; current | patient: tonsillar exudate; present; current | patient: coronary artery disease; absent; current | patient: ALT = 125; present; current,"Female patient of 80 years.
Atrial fibrillation; anticoagulation indicated.
Sees a dentist yearly.
Lives in a second-floor apartment.
Latest weight 68 kg.
Drives a car.
Sleeps seven hours a night.
Tonsils swollen and coated with yellow exudate.
Cardiac stress test unremarkable last year.
ALT now 125 U/L.",,,,
author4,284,rule_v1/test_L2,rule_v1.test.gs096.c1.subject.easy.772,subject,easy,flip,"For stroke prevention in atrial fibrillation, prescribe apixaban. Score 2 points if the patient has ever had coronary artery disease (current or past); 3 points if the patient currently has tonsillar exudate; 2 points if the current ALT is above 120 U/L; 2 points if the current weight is 60 kg or less. If the score is 6 or more, prescribe warfarin instead.",Prescribe apixaban.,Prescribe warfarin.,s',patient: weight = 68; present; current | patient: tonsillar exudate; present; current | patient: coronary artery disease; present; current | patient: ALT = 125; present; current,"Female patient of 80 years.
Atrial fibrillation; anticoagulation indicated.
Sees a dentist yearly.
Lives in a second-floor apartment.
Latest weight 68 kg.
Drives a car.
Sleeps seven hours a night.
Tonsils swollen and coated with yellow exudate.
Has coronary artery disease, managed medically.
ALT now 125 U/L.",,,,
author4,284,rule_v1/test_L2,rule_v1.test.gs096.c1.subject.easy.772,subject,easy,near,"For stroke prevention in atrial fibrillation, prescribe apixaban. Score 2 points if the patient has ever had coronary artery disease (current or past); 3 points if the patient currently has tonsillar exudate; 2 points if the current ALT is above 120 U/L; 2 points if the current weight is 60 kg or less. If the score is 6 or more, prescribe warfarin instead.",Prescribe apixaban.,Prescribe warfarin.,s,patient: weight = 68; present; current | patient: tonsillar exudate; present; current | wife: coronary artery disease; present; current | patient: ALT = 125; present; current,"Female patient of 80 years.
Atrial fibrillation; anticoagulation indicated.
Sees a dentist yearly.
Lives in a second-floor apartment.
Latest weight 68 kg.
Drives a car.
Sleeps seven hours a night.
Tonsils swollen and coated with yellow exudate.
Her wife has angina from coronary artery disease.
ALT now 125 U/L.",,,,
author4,284,rule_v1/test_L2,rule_v1.test.gs096.c1.subject.easy.772,subject,easy,pres,"For stroke prevention in atrial fibrillation, prescribe apixaban. Score 2 points if the patient has ever had coronary artery disease (current or past); 3 points if the patient currently has tonsillar exudate; 2 points if the current ALT is above 120 U/L; 2 points if the current weight is 60 kg or less. If the score is 6 or more, prescribe warfarin instead.",Prescribe apixaban.,Prescribe warfarin.,s,patient: ALT = 125; present; current | patient: coronary artery disease; absent; current | patient: weight = 68; present; current | patient: tonsillar exudate; present; current,"Woman of 80 years.
Atrial fibrillation; anticoagulation indicated.
Current ALT 125 U/L.
Drives a car.
Sees a dentist yearly.
Sleeps seven hours a night.
Cardiac stress test unremarkable last year.
Current weight 68 kg.
Tonsils swollen and coated with yellow exudate.
Lives in a second-floor apartment.",,,,
author4,284,rule_v1/test_L2,rule_v1.test.gs096.c1.subject.easy.772,subject,easy,missing,"For stroke prevention in atrial fibrillation, prescribe apixaban. Score 2 points if the patient has ever had coronary artery disease (current or past); 3 points if the patient currently has tonsillar exudate; 2 points if the current ALT is above 120 U/L; 2 points if the current weight is 60 kg or less. If the score is 6 or more, prescribe warfarin instead.",Prescribe apixaban.,Prescribe warfarin.,neither,patient: weight = 68; present; current | patient: tonsillar exudate; present; current | patient: coronary artery disease; unknown; current | patient: ALT = 125; present; current,"Female patient of 80 years.
Atrial fibrillation; anticoagulation indicated.
Sees a dentist yearly.
Lives in a second-floor apartment.
Latest weight 68 kg.
Drives a car.
Sleeps seven hours a night.
Tonsils swollen and coated with yellow exudate.
Coronary artery disease: status unclear from the records at hand.
ALT now 125 U/L.",,,,
author4,288,rule_v1/test_L2,rule_v1.test.gs245.c2.negation.easy.1392,negation,easy,base,"For newly diagnosed type 2 diabetes, prescribe metformin. If at least two of the following apply, prescribe sitagliptin instead: the patient has ever had heart failure (current or past); the patient has an active peptic ulcer; the age of the patient is 65 years or more.",Prescribe metformin.,Prescribe sitagliptin.,s,patient: heart failure; present; past (2016) | patient: age = 42; present; current | patient: active peptic ulcer; absent; current,"Man, adult.
Newly diagnosed type 2 diabetes (HbA1c 7.9%).
Formerly had heart failure from stress cardiomyopathy; recovered fully in 2016 and off all heart medicines since.
Plays the piano.
Prefers to be addressed by first name.
Paints watercolors as a hobby.
Current age 42 years.
Abdomen soft and non-tender.
Prefers morning appointments.",,,,
author4,288,rule_v1/test_L2,rule_v1.test.gs245.c2.negation.easy.1392,negation,easy,flip,"For newly diagnosed type 2 diabetes, prescribe metformin. If at least two of the following apply, prescribe sitagliptin instead: the patient has ever had heart failure (current or past); the patient has an active peptic ulcer; the age of the patient is 65 years or more.",Prescribe metformin.,Prescribe sitagliptin.,s',patient: heart failure; present; past (2016) | patient: age = 42; present; current | patient: active peptic ulcer; present; current,"Man, adult.
Newly diagnosed type 2 diabetes (HbA1c 7.9%).
Formerly had heart failure from stress cardiomyopathy; recovered fully in 2016 and off all heart medicines since.
Plays the piano.
Prefers to be addressed by first name.
Paints watercolors as a hobby.
Current age 42 years.
Active peptic ulcer disease.
Prefers morning appointments.",,,,
author4,288,rule_v1/test_L2,rule_v1.test.gs245.c2.negation.easy.1392,negation,easy,near,"For newly diagnosed type 2 diabetes, prescribe metformin. If at least two of the following apply, prescribe sitagliptin instead: the patient has ever had heart failure (current or past); the patient has an active peptic ulcer; the age of the patient is 65 years or more.",Prescribe metformin.,Prescribe sitagliptin.,s,patient: heart failure; present; past (2016) | patient: age = 42; present; current | patient: active peptic ulcer; absent; current,"Man, adult.
Newly diagnosed type 2 diabetes (HbA1c 7.9%).
Formerly had heart failure from stress cardiomyopathy; recovered fully in 2016 and off all heart medicines since.
Plays the piano.
Prefers to be addressed by first name.
Paints watercolors as a hobby.
Current age 42 years.
Medical record negative for peptic ulcer, current or past.
Prefers morning appointments.",,,,
author4,288,rule_v1/test_L2,rule_v1.test.gs245.c2.negation.easy.1392,negation,easy,pres,"For newly diagnosed type 2 diabetes, prescribe metformin. If at least two of the following apply, prescribe sitagliptin instead: the patient has ever had heart failure (current or past); the patient has an active peptic ulcer; the age of the patient is 65 years or more.",Prescribe metformin.,Prescribe sitagliptin.,s,patient: active peptic ulcer; absent; current | patient: heart failure; present; past (2016) | patient: age = 42; present; current,"An adult man.
Newly diagnosed type 2 diabetes (HbA1c 7.9%).
Abdomen soft and non-tender.
Paints watercolors as a hobby.
Prefers morning appointments.
Formerly had heart failure from stress cardiomyopathy; recovered fully in 2016 and off all heart medicines since.
Prefers to be addressed by first name.
Plays the piano.
Currently aged 42 years.",,,,
author4,292,rule_v1/test_L2,rule_v1.test.gs223.c3.time.superseded.1640,time,superseded,base,"For contraception, prescribe a combined oral contraceptive. If at least two of the following apply, prescribe a progestin-only pill instead: the patient or a first-degree relative (parent, sibling or child) has had diabetes at any time; the patient or a first-degree relative (parent, sibling or child) has had colorectal cancer at any time; the current blood urea nitrogen is above 19 mg/dL.",Prescribe a combined oral contraceptive.,Prescribe a progestin-only pill.,s,patient: diabetes (patient or first-degree relative); absent; current | patient: blood urea nitrogen = 13; present; past | patient: colorectal cancer (patient or first-degree relative); present; current | patient: blood urea nitrogen = 10; present; current,"Woman of 20 years.
Requests contraception.
HbA1c 5.3% at a routine check.
Earlier this week, blood urea nitrogen was 13 mg/dL; a newer reading supersedes it.
Colorectal cancer under active treatment.
Blood urea nitrogen now: 10 mg/dL.
Prefers to be addressed by first name.",,,,
author4,292,rule_v1/test_L2,rule_v1.test.gs223.c3.time.superseded.1640,time,superseded,flip,"For contraception, prescribe a combined oral contraceptive. If at least two of the following apply, prescribe a progestin-only pill instead: the patient or a first-degree relative (parent, sibling or child) has had diabetes at any time; the patient or a first-degree relative (parent, sibling or child) has had colorectal cancer at any time; the current blood urea nitrogen is above 19 mg/dL.",Prescribe a combined oral contraceptive.,Prescribe a progestin-only pill.,s',patient: diabetes (patient or first-degree relative); absent; current | patient: blood urea nitrogen = 13; present; past | patient: colorectal cancer (patient or first-degree relative); present; current | patient: blood urea nitrogen = 27; present; current,"Woman of 20 years.
Requests contraception.
HbA1c 5.3% at a routine check.
Earlier this week, blood urea nitrogen was 13 mg/dL; a newer reading supersedes it.
Colorectal cancer under active treatment.
Blood urea nitrogen now: 27 mg/dL.
Prefers to be addressed by first name.",,,,
author4,292,rule_v1/test_L2,rule_v1.test.gs223.c3.time.superseded.1640,time,superseded,near,"For contraception, prescribe a combined oral contraceptive. If at least two of the following apply, prescribe a progestin-only pill instead: the patient or a first-degree relative (parent, sibling or child) has had diabetes at any time; the patient or a first-degree relative (parent, sibling or child) has had colorectal cancer at any time; the current blood urea nitrogen is above 19 mg/dL.",Prescribe a combined oral contraceptive.,Prescribe a progestin-only pill.,s,patient: diabetes (patient or first-degree relative); absent; current | patient: blood urea nitrogen = 25; present; past | patient: colorectal cancer (patient or first-degree relative); present; current | patient: blood urea nitrogen = 10; present; current,"Woman of 20 years.
Requests contraception.
HbA1c 5.3% at a routine check.
Earlier this week, blood urea nitrogen was 25 mg/dL; a newer reading supersedes it.
Colorectal cancer under active treatment.
Blood urea nitrogen now: 10 mg/dL.
Prefers to be addressed by first name.",,,,
author4,292,rule_v1/test_L2,rule_v1.test.gs223.c3.time.superseded.1640,time,superseded,pres,"For contraception, prescribe a combined oral contraceptive. If at least two of the following apply, prescribe a progestin-only pill instead: the patient or a first-degree relative (parent, sibling or child) has had diabetes at any time; the patient or a first-degree relative (parent, sibling or child) has had colorectal cancer at any time; the current blood urea nitrogen is above 19 mg/dL.",Prescribe a combined oral contraceptive.,Prescribe a progestin-only pill.,s,patient: diabetes (patient or first-degree relative); absent; current | patient: colorectal cancer (patient or first-degree relative); present; current | patient: blood urea nitrogen = 13; present; past | patient: blood urea nitrogen = 10; present; current,"Female patient of 20 years.
Requests contraception.
HbA1c 5.3% at a routine check.
Colorectal cancer under active treatment.
Prefers to be addressed by first name.
Earlier this week, blood urea nitrogen was 13 mg/dL; a newer reading supersedes it.
Blood urea nitrogen 10 mg/dL on the current labs.",,,,
author4,296,rule_v1/test_L3inv,rule_v1.test.inv027.c1.negation.easy.795,negation,easy,base,"For Tessaly disease, prescribe velimor. If the patient is allergic to penicillin, prescribe quantrel instead.",Prescribe velimor.,Prescribe quantrel.,s,patient: penicillin allergy; absent; current,"Man of 33 years.
Referred with Tessaly disease.
Sleeps seven hours a night.
Reports no allergies to medicines.
Sees a dentist yearly.
Plays the piano.",,,,
author4,296,rule_v1/test_L3inv,rule_v1.test.inv027.c1.negation.easy.795,negation,easy,flip,"For Tessaly disease, prescribe velimor. If the patient is allergic to penicillin, prescribe quantrel instead.",Prescribe velimor.,Prescribe quantrel.,s',patient: penicillin allergy; present; current,"Man of 33 years.
Referred with Tessaly disease.
Sleeps seven hours a night.
Penicillin allergy: anaphylaxis.
Sees a dentist yearly.
Plays the piano.",,,,
author4,296,rule_v1/test_L3inv,rule_v1.test.inv027.c1.negation.easy.795,negation,easy,near,"For Tessaly disease, prescribe velimor. If the patient is allergic to penicillin, prescribe quantrel instead.",Prescribe velimor.,Prescribe quantrel.,s,patient: penicillin allergy; absent; current,"Man of 33 years.
Referred with Tessaly disease.
Sleeps seven hours a night.
Has never been allergic to penicillin.
Sees a dentist yearly.
Plays the piano.",,,,
author4,296,rule_v1/test_L3inv,rule_v1.test.inv027.c1.negation.easy.795,negation,easy,pres,"For Tessaly disease, prescribe velimor. If the patient is allergic to penicillin, prescribe quantrel instead.",Prescribe velimor.,Prescribe quantrel.,s,patient: penicillin allergy; absent; current,"Male patient of 33 years.
Referred with Tessaly disease.
Plays the piano.
Reports no allergies to medicines.
Sees a dentist yearly.
Sleeps seven hours a night.",,,,
author4,300,rule_v1/test_L2,rule_v1.test.s1_adrop.confusion.negation.easy.1988,negation,easy,base,"A-DROP (as used here, partial): 1 point each for a current blood urea nitrogen of 21 mg/dL or more; a current oxygen saturation of 90% or less; new confusion or disorientation; a current systolic blood pressure of 90 mmHg or less. Age is scored separately and is not part of this question.",The new confusion criterion contributes 0 points.,The new confusion criterion contributes 1 point.,s,patient: blood urea nitrogen = 13; present; current | patient: new confusion; absent; current | patient: systolic blood pressure = 105; present; current | patient: oxygen saturation = 99; present; current,"Male patient of 74 years.
Fever and cough with new consolidation on chest radiograph.
Blood urea nitrogen now: 13 mg/dL.
Gives a clear account of the illness.
Photographs local wildlife.
Observations now: blood pressure 105/73 mmHg.
Current oxygen saturation 99%.",,,,
author4,300,rule_v1/test_L2,rule_v1.test.s1_adrop.confusion.negation.easy.1988,negation,easy,flip,"A-DROP (as used here, partial): 1 point each for a current blood urea nitrogen of 21 mg/dL or more; a current oxygen saturation of 90% or less; new confusion or disorientation; a current systolic blood pressure of 90 mmHg or less. Age is scored separately and is not part of this question.",The new confusion criterion contributes 0 points.,The new confusion criterion contributes 1 point.,s',patient: blood urea nitrogen = 13; present; current | patient: new confusion; present; current | patient: systolic blood pressure = 105; present; current | patient: oxygen saturation = 99; present; current,"Male patient of 74 years.
Fever and cough with new consolidation on chest radiograph.
Blood urea nitrogen now: 13 mg/dL.
Disoriented to time and place, which is new for the patient.
Photographs local wildlife.
Observations now: blood pressure 105/73 mmHg.
Current oxygen saturation 99%.",,,,
author4,300,rule_v1/test_L2,rule_v1.test.s1_adrop.confusion.negation.easy.1988,negation,easy,near,"A-DROP (as used here, partial): 1 point each for a current blood urea nitrogen of 21 mg/dL or more; a current oxygen saturation of 90% or less; new confusion or disorientation; a current systolic blood pressure of 90 mmHg or less. Age is scored separately and is not part of this question.",The new confusion criterion contributes 0 points.,The new confusion criterion contributes 1 point.,s,patient: blood urea nitrogen = 13; present; current | patient: new confusion; absent; current | patient: systolic blood pressure = 105; present; current | patient: oxygen saturation = 99; present; current,"Male patient of 74 years.
Fever and cough with new consolidation on chest radiograph.
Blood urea nitrogen now: 13 mg/dL.
Confusion absent; answers questions appropriately.
Photographs local wildlife.
Observations now: blood pressure 105/73 mmHg.
Current oxygen saturation 99%.",,,,
author4,300,rule_v1/test_L2,rule_v1.test.s1_adrop.confusion.negation.easy.1988,negation,easy,pres,"A-DROP (as used here, partial): 1 point each for a current blood urea nitrogen of 21 mg/dL or more; a current oxygen saturation of 90% or less; new confusion or disorientation; a current systolic blood pressure of 90 mmHg or less. Age is scored separately and is not part of this question.",The new confusion criterion contributes 0 points.,The new confusion criterion contributes 1 point.,s,patient: oxygen saturation = 99; present; current | patient: new confusion; absent; current | patient: blood urea nitrogen = 13; present; current | patient: systolic blood pressure = 105; present; current,"Man of 74 years.
Fever and cough with new consolidation on chest radiograph.
Latest oxygen saturation reading: 99%.
Gives a clear account of the illness.
Blood urea nitrogen 13 mg/dL on the current labs.
Current systolic blood pressure 105 mmHg.
Photographs local wildlife.",,,,
