author,group_no,set,tid,near_miss_kind,tier,case,rule_text,claim_s,claim_s_prime,program_answer,facts_in_state,case_text,text_states_exactly_these_facts,correct_claim_unambiguous,problem_type,note
author1,1,rule_v1/test_L3inv,rule_v1.test.inv012.c1.time.easy.721,time,easy,base,"For Quorin syndrome, prescribe ostravin. If the patient has active cancer or the patient has ever had heart failure (current or past), prescribe dalmerol instead.",Prescribe ostravin.,Prescribe dalmerol.,s,patient: heart failure; absent; current | patient: active cancer; absent; current,"Male patient of 29 years.
Referred with Quorin syndrome.
Sleeps flat on one pillow.
Teeth in good repair.
Weight steady over the past year.",,,,
author1,1,rule_v1/test_L3inv,rule_v1.test.inv012.c1.time.easy.721,time,easy,flip,"For Quorin syndrome, prescribe ostravin. If the patient has active cancer or the patient has ever had heart failure (current or past), prescribe dalmerol instead.",Prescribe ostravin.,Prescribe dalmerol.,s',patient: heart failure; absent; current | patient: active cancer; present; current,"Male patient of 29 years.
Referred with Quorin syndrome.
Sleeps flat on one pillow.
Teeth in good repair.
Has melanoma skin cancer and is receiving treatment for it.",,,,
author1,1,rule_v1/test_L3inv,rule_v1.test.inv012.c1.time.easy.721,time,easy,near,"For Quorin syndrome, prescribe ostravin. If the patient has active cancer or the patient has ever had heart failure (current or past), prescribe dalmerol instead.",Prescribe ostravin.,Prescribe dalmerol.,s,patient: heart failure; absent; current | patient: active cancer; present; past (2017),"Male patient of 29 years.
Referred with Quorin syndrome.
Sleeps flat on one pillow.
Teeth in good repair.
Formerly had kidney cancer, cured by surgery in 2017.",,,,
author1,1,rule_v1/test_L3inv,rule_v1.test.inv012.c1.time.easy.721,time,easy,pres,"For Quorin syndrome, prescribe ostravin. If the patient has active cancer or the patient has ever had heart failure (current or past), prescribe dalmerol instead.",Prescribe ostravin.,Prescribe dalmerol.,s,patient: active cancer; absent; current | patient: heart failure; absent; current,"Man of 29 years.
Referred with Quorin syndrome.
Weight steady over the past year.
Teeth in good repair.
Sleeps flat on one pillow.",,,,
author1,5,rule_v1/test_L3inv,rule_v1.test.inv030.c1.boundary.easy.303,boundary,easy,base,"For Hestin disease, prescribe melcadine. If the current white cell count is above 12.0 x10^9/L, prescribe orvitrex instead.",Prescribe melcadine.,Prescribe orvitrex.,s,patient: white cell count = 7.8; present; current,"Man of 43 years.
Referred with Hestin disease.
Owns a bicycle.
Latest WBC is 7.8 x10^9/L.
Drives a car.
Uses sunscreen in summer.",,,,
author1,5,rule_v1/test_L3inv,rule_v1.test.inv030.c1.boundary.easy.303,boundary,easy,flip,"For Hestin disease, prescribe melcadine. If the current white cell count is above 12.0 x10^9/L, prescribe orvitrex instead.",Prescribe melcadine.,Prescribe orvitrex.,s',patient: white cell count = 13.4; present; current,"Man of 43 years.
Referred with Hestin disease.
Owns a bicycle.
Latest WBC is 13.4 x10^9/L.
Drives a car.
Uses sunscreen in summer.",,,,
author1,5,rule_v1/test_L3inv,rule_v1.test.inv030.c1.boundary.easy.303,boundary,easy,near,"For Hestin disease, prescribe melcadine. If the current white cell count is above 12.0 x10^9/L, prescribe orvitrex instead.",Prescribe melcadine.,Prescribe orvitrex.,s,patient: white cell count = 12.0; present; current,"Man of 43 years.
Referred with Hestin disease.
Owns a bicycle.
Latest WBC is 12.0 x10^9/L.
Drives a car.
Uses sunscreen in summer.",,,,
author1,5,rule_v1/test_L3inv,rule_v1.test.inv030.c1.boundary.easy.303,boundary,easy,pres,"For Hestin disease, prescribe melcadine. If the current white cell count is above 12.0 x10^9/L, prescribe orvitrex instead.",Prescribe melcadine.,Prescribe orvitrex.,s,patient: white cell count = 7.8; present; current,"Male patient of 43 years.
Referred with Hestin disease.
Owns a bicycle.
Uses sunscreen in summer.
Current white cell count 7.8 x10^9/L.
Drives a car.",,,,
author1,9,rule_v1/test_L3inv,rule_v1.test.inv053.c1.boundary.easy.180,boundary,easy,base,"For Varnell syndrome, prescribe lorvatide. If the current temperature is above 38.0 C and the patient or a first-degree relative (parent, sibling or child) has had a venous thromboembolism at any time, prescribe pemraxin instead.",Prescribe lorvatide.,Prescribe pemraxin.,s,patient: venous thromboembolism (patient or first-degree relative); present; past (2014) | patient: temperature = 37.4; present; current,"Female patient of 71 years.
Referred with Varnell syndrome.
Recovered from a pulmonary embolism in 2014.
Temperature now 37.4 C (tympanic).
Teeth in good repair.",,,,
author1,9,rule_v1/test_L3inv,rule_v1.test.inv053.c1.boundary.easy.180,boundary,easy,flip,"For Varnell syndrome, prescribe lorvatide. If the current temperature is above 38.0 C and the patient or a first-degree relative (parent, sibling or child) has had a venous thromboembolism at any time, prescribe pemraxin instead.",Prescribe lorvatide.,Prescribe pemraxin.,s',patient: venous thromboembolism (patient or first-degree relative); present; past (2014) | patient: temperature = 38.8; present; current,"Female patient of 71 years.
Referred with Varnell syndrome.
Recovered from a pulmonary embolism in 2014.
Temperature now 38.8 C (tympanic).
Teeth in good repair.",,,,
author1,9,rule_v1/test_L3inv,rule_v1.test.inv053.c1.boundary.easy.180,boundary,easy,near,"For Varnell syndrome, prescribe lorvatide. If the current temperature is above 38.0 C and the patient or a first-degree relative (parent, sibling or child) has had a venous thromboembolism at any time, prescribe pemraxin instead.",Prescribe lorvatide.,Prescribe pemraxin.,s,patient: venous thromboembolism (patient or first-degree relative); present; past (2014) | patient: temperature = 38.0; present; current,"Female patient of 71 years.
Referred with Varnell syndrome.
Recovered from a pulmonary embolism in 2014.
Temperature now 38.0 C (tympanic).
Teeth in good repair.",,,,
author1,9,rule_v1/test_L3inv,rule_v1.test.inv053.c1.boundary.easy.180,boundary,easy,pres,"For Varnell syndrome, prescribe lorvatide. If the current temperature is above 38.0 C and the patient or a first-degree relative (parent, sibling or child) has had a venous thromboembolism at any time, prescribe pemraxin instead.",Prescribe lorvatide.,Prescribe pemraxin.,s,patient: temperature = 37.4; present; current | patient: venous thromboembolism (patient or first-degree relative); present; past (2014),"Woman of 71 years.
Referred with Varnell syndrome.
Current temperature 37.4 C.
Recovered from a pulmonary embolism in 2014.
Teeth in good repair.",,,,
author1,13,rule_v1/test_L0,rule_v1.test.gs150.c1.boundary.long.614,boundary,long,base,"For heart failure with reduced ejection fraction, prescribe spironolactone. If the current blood urea nitrogen is above 19 mg/dL or the patient has active cancer, prescribe dapagliflozin instead.",Prescribe spironolactone.,Prescribe dapagliflozin.,s,patient: active cancer; absent; current | patient: blood urea nitrogen = 10; present; current,"Woman of 79 years.
Heart failure with reduced ejection fraction (ejection fraction 30%), still symptomatic.
Paints watercolors as a hobby.
Knits as a hobby.
Free T4 of 1.2 ng/dL in 2013.
Pupils equal and reactive to light.
Sleeps seven hours a night.
Prefers morning appointments.
Owns a bicycle.
Oncology follow-up: none.
Photographs local wildlife.
Plays the piano.
Drives a car.
Lives in a second-floor apartment.
Teeth in good repair.
Her sister has a lazy eye.
Her sister wears contact lenses.
Zinc of 85 mcg/dL in 2017.
Blood urea nitrogen 10 mg/dL on the current labs.
Has two cats.",,,,
author1,13,rule_v1/test_L0,rule_v1.test.gs150.c1.boundary.long.614,boundary,long,flip,"For heart failure with reduced ejection fraction, prescribe spironolactone. If the current blood urea nitrogen is above 19 mg/dL or the patient has active cancer, prescribe dapagliflozin instead.",Prescribe spironolactone.,Prescribe dapagliflozin.,s',patient: active cancer; absent; current | patient: blood urea nitrogen = 29; present; current,"Woman of 79 years.
Heart failure with reduced ejection fraction (ejection fraction 30%), still symptomatic.
Paints watercolors as a hobby.
Knits as a hobby.
Free T4 of 1.2 ng/dL in 2013.
Pupils equal and reactive to light.
Sleeps seven hours a night.
Prefers morning appointments.
Owns a bicycle.
Oncology follow-up: none.
Photographs local wildlife.
Plays the piano.
Drives a car.
Lives in a second-floor apartment.
Teeth in good repair.
Her sister has a lazy eye.
Her sister wears contact lenses.
Zinc of 85 mcg/dL in 2017.
Blood urea nitrogen 29 mg/dL on the current labs.
Has two cats.",,,,
author1,13,rule_v1/test_L0,rule_v1.test.gs150.c1.boundary.long.614,boundary,long,near,"For heart failure with reduced ejection fraction, prescribe spironolactone. If the current blood urea nitrogen is above 19 mg/dL or the patient has active cancer, prescribe dapagliflozin instead.",Prescribe spironolactone.,Prescribe dapagliflozin.,s,patient: active cancer; absent; current | patient: blood urea nitrogen = 19; present; current,"Woman of 79 years.
Heart failure with reduced ejection fraction (ejection fraction 30%), still symptomatic.
Paints watercolors as a hobby.
Knits as a hobby.
Free T4 of 1.2 ng/dL in 2013.
Pupils equal and reactive to light.
Sleeps seven hours a night.
Prefers morning appointments.
Owns a bicycle.
Oncology follow-up: none.
Photographs local wildlife.
Plays the piano.
Drives a car.
Lives in a second-floor apartment.
Teeth in good repair.
Her sister has a lazy eye.
Her sister wears contact lenses.
Zinc of 85 mcg/dL in 2017.
Blood urea nitrogen 19 mg/dL on the current labs.
Has two cats.",,,,
author1,13,rule_v1/test_L0,rule_v1.test.gs150.c1.boundary.long.614,boundary,long,pres,"For heart failure with reduced ejection fraction, prescribe spironolactone. If the current blood urea nitrogen is above 19 mg/dL or the patient has active cancer, prescribe dapagliflozin instead.",Prescribe spironolactone.,Prescribe dapagliflozin.,s,patient: blood urea nitrogen = 10; present; current | patient: active cancer; absent; current,"Female patient of 79 years.
Heart failure with reduced ejection fraction (ejection fraction 30%), still symptomatic.
Knits as a hobby.
Blood urea nitrogen now: 10 mg/dL.
Owns a bicycle.
Teeth in good repair.
Zinc of 85 mcg/dL in 2017.
Photographs local wildlife.
Oncology follow-up: none.
Her sister has a lazy eye.
Lives in a second-floor apartment.
Her sister wears contact lenses.
Sleeps seven hours a night.
Free T4 of 1.2 ng/dL in 2013.
Prefers morning appointments.
Pupils equal and reactive to light.
Paints watercolors as a hobby.
Drives a car.
Plays the piano.
Has two cats.",,,,
author1,17,rule_v1/test_hard,rule_v1.test.gs188.c1.subject.long.396,subject,long,base,"For cellulitis of the lower leg, prescribe cephalexin. If at least two of the following apply, prescribe clindamycin instead: the patient has ever had a peptic ulcer (current or past); the current ALT is above 120 U/L; the patient has ever had a venous thromboembolism (current or past).",Prescribe cephalexin.,Prescribe clindamycin.,s,patient: ALT = 136; present; current | patient: peptic ulcer at any time; absent; current | patient: venous thromboembolism; absent; current,"Female patient of 18 years.
Spreading redness and warmth of the right shin for two days.
Her sister has recovered from a dislocated finger.
ALT now 136 U/L.
Enjoys board games.
Prefers to be addressed by first name.
Drives a car.
Paints watercolors as a hobby.
Plays the piano.
Owns a bicycle.
Appetite good; no indigestion.
Knits as a hobby.
Pupils equal and reactive to light.
During a checkup in 2024, total protein was 7.0 g/dL.
Her father lives with psoriasis.
In 2024, folate was 12 ng/mL.
Prefers morning appointments.
In 2024, lipase was 30 U/L.
Lives in a second-floor apartment.
Photographs local wildlife.
Coagulation tests normal on recent bloodwork.
Zinc of 85 mcg/dL in 2024.
Sleeps seven hours a night.
Has two cats.",,,,
author1,17,rule_v1/test_hard,rule_v1.test.gs188.c1.subject.long.396,subject,long,flip,"For cellulitis of the lower leg, prescribe cephalexin. If at least two of the following apply, prescribe clindamycin instead: the patient has ever had a peptic ulcer (current or past); the current ALT is above 120 U/L; the patient has ever had a venous thromboembolism (current or past).",Prescribe cephalexin.,Prescribe clindamycin.,s',patient: ALT = 136; present; current | patient: peptic ulcer at any time; present; current | patient: venous thromboembolism; absent; current,"Female patient of 18 years.
Spreading redness and warmth of the right shin for two days.
Her sister has recovered from a dislocated finger.
ALT now 136 U/L.
Enjoys board games.
Prefers to be addressed by first name.
Drives a car.
Paints watercolors as a hobby.
Plays the piano.
Owns a bicycle.
Active peptic ulcer disease.
Knits as a hobby.
Pupils equal and reactive to light.
During a checkup in 2024, total protein was 7.0 g/dL.
Her father lives with psoriasis.
In 2024, folate was 12 ng/mL.
Prefers morning appointments.
In 2024, lipase was 30 U/L.
Lives in a second-floor apartment.
Photographs local wildlife.
Coagulation tests normal on recent bloodwork.
Zinc of 85 mcg/dL in 2024.
Sleeps seven hours a night.
Has two cats.",,,,
author1,17,rule_v1/test_hard,rule_v1.test.gs188.c1.subject.long.396,subject,long,near,"For cellulitis of the lower leg, prescribe cephalexin. If at least two of the following apply, prescribe clindamycin instead: the patient has ever had a peptic ulcer (current or past); the current ALT is above 120 U/L; the patient has ever had a venous thromboembolism (current or past).",Prescribe cephalexin.,Prescribe clindamycin.,s,patient: ALT = 136; present; current | sister: peptic ulcer at any time; present; current | patient: venous thromboembolism; absent; current,"Female patient of 18 years.
Spreading redness and warmth of the right shin for two days.
Her sister has recovered from a dislocated finger.
ALT now 136 U/L.
Enjoys board games.
Prefers to be addressed by first name.
Drives a car.
Paints watercolors as a hobby.
Plays the piano.
Owns a bicycle.
Her sister has peptic ulcer disease.
Knits as a hobby.
Pupils equal and reactive to light.
During a checkup in 2024, total protein was 7.0 g/dL.
Her father lives with psoriasis.
In 2024, folate was 12 ng/mL.
Prefers morning appointments.
In 2024, lipase was 30 U/L.
Lives in a second-floor apartment.
Photographs local wildlife.
Coagulation tests normal on recent bloodwork.
Zinc of 85 mcg/dL in 2024.
Sleeps seven hours a night.
Has two cats.",,,,
author1,17,rule_v1/test_hard,rule_v1.test.gs188.c1.subject.long.396,subject,long,pres,"For cellulitis of the lower leg, prescribe cephalexin. If at least two of the following apply, prescribe clindamycin instead: the patient has ever had a peptic ulcer (current or past); the current ALT is above 120 U/L; the patient has ever had a venous thromboembolism (current or past).",Prescribe cephalexin.,Prescribe clindamycin.,s,patient: venous thromboembolism; absent; current | patient: peptic ulcer at any time; absent; current | patient: ALT = 136; present; current,"Woman of 18 years.
Spreading redness and warmth of the right shin for two days.
Has two cats.
In 2024, lipase was 30 U/L.
Zinc of 85 mcg/dL in 2024.
Owns a bicycle.
In 2024, folate was 12 ng/mL.
Coagulation tests normal on recent bloodwork.
Enjoys board games.
Appetite good; no indigestion.
Photographs local wildlife.
Plays the piano.
Her father lives with psoriasis.
Lives in a second-floor apartment.
Drives a car.
During a checkup in 2024, total protein was 7.0 g/dL.
Prefers to be addressed by first name.
Her sister has recovered from a dislocated finger.
Current ALT 136 U/L.
Pupils equal and reactive to light.
Paints watercolors as a hobby.
Prefers morning appointments.
Knits as a hobby.
Sleeps seven hours a night.",,,,
author1,21,rule_v1/test_L0,rule_v1.test.all_gastro.age.numeric.easy.973,numeric,easy,base,"For hip osteoarthritis pain, prescribe naproxen alone. If the patient is aged 65 years or more and the patient is currently taking aspirin, prescribe naproxen with omeprazole instead.",Prescribe naproxen alone.,Prescribe naproxen with omeprazole.,s,patient: aspirin use; present; current | patient: age = 45; present; current,"Woman, adult.
Hip osteoarthritis with pain on walking.
Plays the piano.
Currently on low-dose aspirin each day.
Current age 45 years.",,,,
author1,21,rule_v1/test_L0,rule_v1.test.all_gastro.age.numeric.easy.973,numeric,easy,flip,"For hip osteoarthritis pain, prescribe naproxen alone. If the patient is aged 65 years or more and the patient is currently taking aspirin, prescribe naproxen with omeprazole instead.",Prescribe naproxen alone.,Prescribe naproxen with omeprazole.,s',patient: aspirin use; present; current | patient: age = 65; present; current,"Woman, adult.
Hip osteoarthritis with pain on walking.
Plays the piano.
Currently on low-dose aspirin each day.
Current age 65 years.",,,,
author1,21,rule_v1/test_L0,rule_v1.test.all_gastro.age.numeric.easy.973,numeric,easy,near,"For hip osteoarthritis pain, prescribe naproxen alone. If the patient is aged 65 years or more and the patient is currently taking aspirin, prescribe naproxen with omeprazole instead.",Prescribe naproxen alone.,Prescribe naproxen with omeprazole.,s,patient: aspirin use; present; current | patient: age = 62; present; current,"Woman, adult.
Hip osteoarthritis with pain on walking.
Plays the piano.
Currently on low-dose aspirin each day.
Current age 62 years.",,,,
author1,21,rule_v1/test_L0,rule_v1.test.all_gastro.age.numeric.easy.973,numeric,easy,pres,"For hip osteoarthritis pain, prescribe naproxen alone. If the patient is aged 65 years or more and the patient is currently taking aspirin, prescribe naproxen with omeprazole instead.",Prescribe naproxen alone.,Prescribe naproxen with omeprazole.,s,patient: aspirin use; present; current | patient: age = 45; present; current,"An adult woman.
Hip osteoarthritis with pain on walking.
Currently on low-dose aspirin each day.
Plays the piano.
Currently aged 45 years.",,,,
author1,25,rule_v1/test_L3alt,rule_v1.test.c1_allopurinol.egfr.numeric.alt.402,numeric,alt,base,"For urate-lowering therapy in gout, prescribe allopurinol 100 mg daily. If the current eGFR is below 60 mL/min/1.73 m2, prescribe allopurinol 50 mg daily instead.",Prescribe allopurinol 100 mg daily.,Prescribe allopurinol 50 mg daily.,s,patient: eGFR = 68; present; current,"Male patient of 77 years.
Three gout flares in the past year; serum urate 9.2 mg/dL.
Plays the piano.
eGFR now 68 mL/min/1.73 m2.",,,,
author1,25,rule_v1/test_L3alt,rule_v1.test.c1_allopurinol.egfr.numeric.alt.402,numeric,alt,flip,"For urate-lowering therapy in gout, prescribe allopurinol 100 mg daily. If the current eGFR is below 60 mL/min/1.73 m2, prescribe allopurinol 50 mg daily instead.",Prescribe allopurinol 100 mg daily.,Prescribe allopurinol 50 mg daily.,s',patient: eGFR = 36; present; current,"Male patient of 77 years.
Three gout flares in the past year; serum urate 9.2 mg/dL.
Plays the piano.
eGFR now 36 mL/min/1.73 m2.",,,,
author1,25,rule_v1/test_L3alt,rule_v1.test.c1_allopurinol.egfr.numeric.alt.402,numeric,alt,near,"For urate-lowering therapy in gout, prescribe allopurinol 100 mg daily. If the current eGFR is below 60 mL/min/1.73 m2, prescribe allopurinol 50 mg daily instead.",Prescribe allopurinol 100 mg daily.,Prescribe allopurinol 50 mg daily.,s,patient: eGFR = 62; present; current,"Male patient of 77 years.
Three gout flares in the past year; serum urate 9.2 mg/dL.
Plays the piano.
eGFR now 62 mL/min/1.73 m2.",,,,
author1,25,rule_v1/test_L3alt,rule_v1.test.c1_allopurinol.egfr.numeric.alt.402,numeric,alt,pres,"For urate-lowering therapy in gout, prescribe allopurinol 100 mg daily. If the current eGFR is below 60 mL/min/1.73 m2, prescribe allopurinol 50 mg daily instead.",Prescribe allopurinol 100 mg daily.,Prescribe allopurinol 50 mg daily.,s,patient: eGFR = 68; present; current,"Man of 77 years.
Three gout flares in the past year; serum urate 9.2 mg/dL.
Current eGFR 68 mL/min/1.73 m2.
Plays the piano.",,,,
author1,29,rule_v1/test_L2,rule_v1.test.gs120.c3.time.long.226,time,long,base,"For thromboprophylaxis after hip replacement, prescribe enoxaparin. If at least two of the following apply, prescribe fondaparinux instead: the patient or a first-degree relative (parent, sibling or child) has had a venous thromboembolism at any time; the patient has ever had a peptic ulcer (current or past); the current weight is 60 kg or less.",Prescribe enoxaparin.,Prescribe fondaparinux.,s,patient: weight = 69; present; past (2008) | patient: peptic ulcer at any time; present; current | patient: weight = 86; present; current,"Man of 65 years.
First day after elective total hip replacement.
His wife burned a hand on a stove years ago.
Back in 2008, weight stood at 69 kg.
Drives a car.
In 2010, folate was 12 ng/mL.
Prefers to be addressed by first name.
Photographs local wildlife.
His wife wears contact lenses.
Sleeps seven hours a night.
Teeth in good repair.
Active peptic ulcer disease.
Prefers morning appointments.
His wife sprained a thumb last month.
Knits as a hobby.
Current weight 86 kg.
Uses sunscreen in summer.
His friend has a lazy eye.
During a checkup in 2010, total protein was 7.0 g/dL.
Pupils equal and reactive to light.
Enjoys board games.
Lives in a second-floor apartment.
Owns a bicycle.",,,,
author1,29,rule_v1/test_L2,rule_v1.test.gs120.c3.time.long.226,time,long,flip,"For thromboprophylaxis after hip replacement, prescribe enoxaparin. If at least two of the following apply, prescribe fondaparinux instead: the patient or a first-degree relative (parent, sibling or child) has had a venous thromboembolism at any time; the patient has ever had a peptic ulcer (current or past); the current weight is 60 kg or less.",Prescribe enoxaparin.,Prescribe fondaparinux.,s',patient: weight = 69; present; past (2008) | patient: peptic ulcer at any time; present; current | patient: weight = 60; present; current,"Man of 65 years.
First day after elective total hip replacement.
His wife burned a hand on a stove years ago.
Back in 2008, weight stood at 69 kg.
Drives a car.
In 2010, folate was 12 ng/mL.
Prefers to be addressed by first name.
Photographs local wildlife.
His wife wears contact lenses.
Sleeps seven hours a night.
Teeth in good repair.
Active peptic ulcer disease.
Prefers morning appointments.
His wife sprained a thumb last month.
Knits as a hobby.
Current weight 60 kg.
Uses sunscreen in summer.
His friend has a lazy eye.
During a checkup in 2010, total protein was 7.0 g/dL.
Pupils equal and reactive to light.
Enjoys board games.
Lives in a second-floor apartment.
Owns a bicycle.",,,,
author1,29,rule_v1/test_L2,rule_v1.test.gs120.c3.time.long.226,time,long,near,"For thromboprophylaxis after hip replacement, prescribe enoxaparin. If at least two of the following apply, prescribe fondaparinux instead: the patient or a first-degree relative (parent, sibling or child) has had a venous thromboembolism at any time; the patient has ever had a peptic ulcer (current or past); the current weight is 60 kg or less.",Prescribe enoxaparin.,Prescribe fondaparinux.,s,patient: weight = 58; present; past (2008) | patient: peptic ulcer at any time; present; current | patient: weight = 86; present; current,"Man of 65 years.
First day after elective total hip replacement.
His wife burned a hand on a stove years ago.
Back in 2008, weight stood at 58 kg.
Drives a car.
In 2010, folate was 12 ng/mL.
Prefers to be addressed by first name.
Photographs local wildlife.
His wife wears contact lenses.
Sleeps seven hours a night.
Teeth in good repair.
Active peptic ulcer disease.
Prefers morning appointments.
His wife sprained a thumb last month.
Knits as a hobby.
Current weight 86 kg.
Uses sunscreen in summer.
His friend has a lazy eye.
During a checkup in 2010, total protein was 7.0 g/dL.
Pupils equal and reactive to light.
Enjoys board games.
Lives in a second-floor apartment.
Owns a bicycle.",,,,
author1,29,rule_v1/test_L2,rule_v1.test.gs120.c3.time.long.226,time,long,pres,"For thromboprophylaxis after hip replacement, prescribe enoxaparin. If at least two of the following apply, prescribe fondaparinux instead: the patient or a first-degree relative (parent, sibling or child) has had a venous thromboembolism at any time; the patient has ever had a peptic ulcer (current or past); the current weight is 60 kg or less.",Prescribe enoxaparin.,Prescribe fondaparinux.,s,patient: weight = 86; present; current | patient: weight = 69; present; past (2008) | patient: peptic ulcer at any time; present; current,"Male patient of 65 years.
First day after elective total hip replacement.
His wife wears contact lenses.
During a checkup in 2010, total protein was 7.0 g/dL.
In 2010, folate was 12 ng/mL.
Photographs local wildlife.
Lives in a second-floor apartment.
Knits as a hobby.
Latest weight 86 kg.
Enjoys board games.
Records from 2008 list weight at 69 kg.
His friend has a lazy eye.
Teeth in good repair.
Sleeps seven hours a night.
Pupils equal and reactive to light.
His wife burned a hand on a stove years ago.
His wife sprained a thumb last month.
Prefers morning appointments.
Drives a car.
Active peptic ulcer disease.
Prefers to be addressed by first name.
Uses sunscreen in summer.
Owns a bicycle.",,,,
author1,29,rule_v1/test_L2,rule_v1.test.gs120.c3.time.long.226,time,long,missing,"For thromboprophylaxis after hip replacement, prescribe enoxaparin. If at least two of the following apply, prescribe fondaparinux instead: the patient or a first-degree relative (parent, sibling or child) has had a venous thromboembolism at any time; the patient has ever had a peptic ulcer (current or past); the current weight is 60 kg or less.",Prescribe enoxaparin.,Prescribe fondaparinux.,neither,patient: peptic ulcer at any time; present; current,"Man of 65 years.
First day after elective total hip replacement.
His wife burned a hand on a stove years ago.
Drives a car.
In 2010, folate was 12 ng/mL.
Prefers to be addressed by first name.
Photographs local wildlife.
His wife wears contact lenses.
Sleeps seven hours a night.
Teeth in good repair.
Active peptic ulcer disease.
Prefers morning appointments.
His wife sprained a thumb last month.
Knits as a hobby.
Uses sunscreen in summer.
His friend has a lazy eye.
During a checkup in 2010, total protein was 7.0 g/dL.
Pupils equal and reactive to light.
Enjoys board games.
Lives in a second-floor apartment.
Owns a bicycle.",,,,
author1,33,rule_v1/test_L2,rule_v1.test.s3_blatchford.bun.boundary.long.730,boundary,long,base,"Glasgow-Blatchford score (as used here, partial): 2 points for a current blood urea nitrogen above 18 mg/dL; 1 point for a current systolic blood pressure below 110 mmHg; 1 point for a current heart rate of 100/min or more; 2 points for current heart failure. Other Glasgow-Blatchford items are not part of this question.",The blood urea nitrogen criterion contributes 0 points.,The blood urea nitrogen criterion contributes 2 points.,s,patient: heart rate = 79; present; current | patient: blood urea nitrogen = 12; present; current | patient: systolic blood pressure = 136; present; current | patient: heart failure; absent; current,"Male patient of 30 years.
Vomited fresh blood twice; admitted with upper gastrointestinal bleeding.
Lives in a second-floor apartment.
Enjoys board games.
In 2018, folate was 12 ng/mL.
In 2020, lipase was 30 U/L.
Current heart rate 79/min.
Knits as a hobby.
During a checkup in 2021, free T3 was 3.2 pg/mL.
His uncle burned a hand on a stove years ago.
Drives a car.
Sees a dentist yearly.
Blood urea nitrogen 12 mg/dL on the current labs.
His roommate sprained a thumb last month.
Sleeps seven hours a night.
Current systolic blood pressure 136 mmHg.
Prefers morning appointments.
Heart sounds without a gallop.
Has two cats.
Paints watercolors as a hobby.
His sister has recovered from a dislocated finger.",,,,
author1,33,rule_v1/test_L2,rule_v1.test.s3_blatchford.bun.boundary.long.730,boundary,long,flip,"Glasgow-Blatchford score (as used here, partial): 2 points for a current blood urea nitrogen above 18 mg/dL; 1 point for a current systolic blood pressure below 110 mmHg; 1 point for a current heart rate of 100/min or more; 2 points for current heart failure. Other Glasgow-Blatchford items are not part of this question.",The blood urea nitrogen criterion contributes 0 points.,The blood urea nitrogen criterion contributes 2 points.,s',patient: heart rate = 79; present; current | patient: blood urea nitrogen = 19; present; current | patient: systolic blood pressure = 136; present; current | patient: heart failure; absent; current,"Male patient of 30 years.
Vomited fresh blood twice; admitted with upper gastrointestinal bleeding.
Lives in a second-floor apartment.
Enjoys board games.
In 2018, folate was 12 ng/mL.
In 2020, lipase was 30 U/L.
Current heart rate 79/min.
Knits as a hobby.
During a checkup in 2021, free T3 was 3.2 pg/mL.
His uncle burned a hand on a stove years ago.
Drives a car.
Sees a dentist yearly.
Blood urea nitrogen 19 mg/dL on the current labs.
His roommate sprained a thumb last month.
Sleeps seven hours a night.
Current systolic blood pressure 136 mmHg.
Prefers morning appointments.
Heart sounds without a gallop.
Has two cats.
Paints watercolors as a hobby.
His sister has recovered from a dislocated finger.",,,,
author1,33,rule_v1/test_L2,rule_v1.test.s3_blatchford.bun.boundary.long.730,boundary,long,near,"Glasgow-Blatchford score (as used here, partial): 2 points for a current blood urea nitrogen above 18 mg/dL; 1 point for a current systolic blood pressure below 110 mmHg; 1 point for a current heart rate of 100/min or more; 2 points for current heart failure. Other Glasgow-Blatchford items are not part of this question.",The blood urea nitrogen criterion contributes 0 points.,The blood urea nitrogen criterion contributes 2 points.,s,patient: heart rate = 79; present; current | patient: blood urea nitrogen = 18; present; current | patient: systolic blood pressure = 136; present; current | patient: heart failure; absent; current,"Male patient of 30 years.
Vomited fresh blood twice; admitted with upper gastrointestinal bleeding.
Lives in a second-floor apartment.
Enjoys board games.
In 2018, folate was 12 ng/mL.
In 2020, lipase was 30 U/L.
Current heart rate 79/min.
Knits as a hobby.
During a checkup in 2021, free T3 was 3.2 pg/mL.
His uncle burned a hand on a stove years ago.
Drives a car.
Sees a dentist yearly.
Blood urea nitrogen 18 mg/dL on the current labs.
His roommate sprained a thumb last month.
Sleeps seven hours a night.
Current systolic blood pressure 136 mmHg.
Prefers morning appointments.
Heart sounds without a gallop.
Has two cats.
Paints watercolors as a hobby.
His sister has recovered from a dislocated finger.",,,,
author1,33,rule_v1/test_L2,rule_v1.test.s3_blatchford.bun.boundary.long.730,boundary,long,pres,"Glasgow-Blatchford score (as used here, partial): 2 points for a current blood urea nitrogen above 18 mg/dL; 1 point for a current systolic blood pressure below 110 mmHg; 1 point for a current heart rate of 100/min or more; 2 points for current heart failure. Other Glasgow-Blatchford items are not part of this question.",The blood urea nitrogen criterion contributes 0 points.,The blood urea nitrogen criterion contributes 2 points.,s,patient: blood urea nitrogen = 12; present; current | patient: heart failure; absent; current | patient: heart rate = 79; present; current | patient: systolic blood pressure = 136; present; current,"Man of 30 years.
Vomited fresh blood twice; admitted with upper gastrointestinal bleeding.
His uncle burned a hand on a stove years ago.
His sister has recovered from a dislocated finger.
In 2020, lipase was 30 U/L.
Has two cats.
Prefers morning appointments.
Blood urea nitrogen now: 12 mg/dL.
Sleeps seven hours a night.
During a checkup in 2021, free T3 was 3.2 pg/mL.
Sees a dentist yearly.
Heart sounds without a gallop.
His roommate sprained a thumb last month.
Paints watercolors as a hobby.
Drives a car.
Knits as a hobby.
Heart rate now 79/min on a pulse check.
Observations now: blood pressure 136/90 mmHg.
Enjoys board games.
In 2018, folate was 12 ng/mL.
Lives in a second-floor apartment.",,,,
author1,33,rule_v1/test_L2,rule_v1.test.s3_blatchford.bun.boundary.long.730,boundary,long,missing,"Glasgow-Blatchford score (as used here, partial): 2 points for a current blood urea nitrogen above 18 mg/dL; 1 point for a current systolic blood pressure below 110 mmHg; 1 point for a current heart rate of 100/min or more; 2 points for current heart failure. Other Glasgow-Blatchford items are not part of this question.",The blood urea nitrogen criterion contributes 0 points.,The blood urea nitrogen criterion contributes 2 points.,neither,patient: heart rate = 79; present; current | patient: systolic blood pressure = 136; present; current | patient: heart failure; absent; current,"Male patient of 30 years.
Vomited fresh blood twice; admitted with upper gastrointestinal bleeding.
Lives in a second-floor apartment.
Enjoys board games.
In 2018, folate was 12 ng/mL.
In 2020, lipase was 30 U/L.
Current heart rate 79/min.
Knits as a hobby.
During a checkup in 2021, free T3 was 3.2 pg/mL.
His uncle burned a hand on a stove years ago.
Drives a car.
Sees a dentist yearly.
His roommate sprained a thumb last month.
Sleeps seven hours a night.
Current systolic blood pressure 136 mmHg.
Prefers morning appointments.
Heart sounds without a gallop.
Has two cats.
Paints watercolors as a hobby.
His sister has recovered from a dislocated finger.",,,,
author1,37,rule_v1/test_L0,rule_v1.test.s2_caprini.vte.subject.long.959,subject,long,base,"Caprini score (as used here, partial): 3 points for a venous thromboembolism of the patient or a first-degree relative (parent, sibling or child) at any time; 2 points for cancer at any time (active or previous); 1 point for a current body mass index above 25.0 kg/m2. Other Caprini items, including age, are not part of this question.",The venous thromboembolism criterion contributes 0 points.,The venous thromboembolism criterion contributes 3 points.,s,patient: cancer; absent; current | patient: body mass index = 20.4; present; current,"Woman of 79 years.
Admitted for an emergency bowel resection.
Zinc of 85 mcg/dL in 2017.
Has two cats.
Oncology follow-up: none.
Her sister has a lazy eye.
Lives in a second-floor apartment.
Her sister wears contact lenses.
Pupils equal and reactive to light.
Prefers morning appointments.
Paints watercolors as a hobby.
Her roommate has recovered from a dislocated finger.
Drives a car.
Prefers to be addressed by first name.
Knits as a hobby.
During a checkup in 2017, free T3 was 3.2 pg/mL.
In 2016, folate was 12 ng/mL.
Teeth in good repair.
Current body mass index 20.4 kg/m2.",,,,
author1,37,rule_v1/test_L0,rule_v1.test.s2_caprini.vte.subject.long.959,subject,long,flip,"Caprini score (as used here, partial): 3 points for a venous thromboembolism of the patient or a first-degree relative (parent, sibling or child) at any time; 2 points for cancer at any time (active or previous); 1 point for a current body mass index above 25.0 kg/m2. Other Caprini items, including age, are not part of this question.",The venous thromboembolism criterion contributes 0 points.,The venous thromboembolism criterion contributes 3 points.,s',patient: venous thromboembolism; present; current | patient: cancer; absent; current | patient: body mass index = 20.4; present; current,"Woman of 79 years.
Admitted for an emergency bowel resection.
Zinc of 85 mcg/dL in 2017.
Ongoing treatment for a deep vein thrombosis of the left arm.
Has two cats.
Oncology follow-up: none.
Her sister has a lazy eye.
Lives in a second-floor apartment.
Her sister wears contact lenses.
Pupils equal and reactive to light.
Prefers morning appointments.
Paints watercolors as a hobby.
Her roommate has recovered from a dislocated finger.
Drives a car.
Prefers to be addressed by first name.
Knits as a hobby.
During a checkup in 2017, free T3 was 3.2 pg/mL.
In 2016, folate was 12 ng/mL.
Teeth in good repair.
Current body mass index 20.4 kg/m2.",,,,
author1,37,rule_v1/test_L0,rule_v1.test.s2_caprini.vte.subject.long.959,subject,long,near,"Caprini score (as used here, partial): 3 points for a venous thromboembolism of the patient or a first-degree relative (parent, sibling or child) at any time; 2 points for cancer at any time (active or previous); 1 point for a current body mass index above 25.0 kg/m2. Other Caprini items, including age, are not part of this question.",The venous thromboembolism criterion contributes 0 points.,The venous thromboembolism criterion contributes 3 points.,s,wife: venous thromboembolism; present; current | patient: cancer; absent; current | patient: body mass index = 20.4; present; current,"Woman of 79 years.
Admitted for an emergency bowel resection.
Zinc of 85 mcg/dL in 2017.
Her wife is on anticoagulation for venous thrombosis.
Has two cats.
Oncology follow-up: none.
Her sister has a lazy eye.
Lives in a second-floor apartment.
Her sister wears contact lenses.
Pupils equal and reactive to light.
Prefers morning appointments.
Paints watercolors as a hobby.
Her roommate has recovered from a dislocated finger.
Drives a car.
Prefers to be addressed by first name.
Knits as a hobby.
During a checkup in 2017, free T3 was 3.2 pg/mL.
In 2016, folate was 12 ng/mL.
Teeth in good repair.
Current body mass index 20.4 kg/m2.",,,,
author1,37,rule_v1/test_L0,rule_v1.test.s2_caprini.vte.subject.long.959,subject,long,pres,"Caprini score (as used here, partial): 3 points for a venous thromboembolism of the patient or a first-degree relative (parent, sibling or child) at any time; 2 points for cancer at any time (active or previous); 1 point for a current body mass index above 25.0 kg/m2. Other Caprini items, including age, are not part of this question.",The venous thromboembolism criterion contributes 0 points.,The venous thromboembolism criterion contributes 3 points.,s,patient: body mass index = 20.4; present; current | patient: cancer; absent; current,"Female patient of 79 years.
Admitted for an emergency bowel resection.
Has two cats.
Prefers to be addressed by first name.
Prefers morning appointments.
During a checkup in 2017, free T3 was 3.2 pg/mL.
Teeth in good repair.
Lives in a second-floor apartment.
Her sister wears contact lenses.
In 2016, folate was 12 ng/mL.
Zinc of 85 mcg/dL in 2017.
Latest BMI is 20.4 kg/m2.
Oncology follow-up: none.
Pupils equal and reactive to light.
Paints watercolors as a hobby.
Knits as a hobby.
Her sister has a lazy eye.
Drives a car.
Her roommate has recovered from a dislocated finger.",,,,
author1,41,rule_v1/test_hard,rule_v1.test.gs074.c3.boundary.long.505,boundary,long,base,"For suspected infection on the medical ward, prescribe oral amoxicillin. Score 3 points if the age of the patient is 65 years or more; 2 points if the current systolic blood pressure is below 90 mmHg; 1 point if the current blood urea nitrogen is above 19 mg/dL; 3 points if the patient has ever had diabetes (current or past). If the score is 6 or more, prescribe intravenous piperacillin-tazobactam instead.",Prescribe oral amoxicillin.,Prescribe intravenous piperacillin-tazobactam.,s,patient: systolic blood pressure = 75; present; current | patient: age = 75; present; current | patient: diabetes; absent; current | patient: blood urea nitrogen = 13; present; current,"An adult man.
Suspected chest infection; assessed on the medical ward.
His friend lives with psoriasis.
His roommate has recovered from a dislocated finger.
Owns a bicycle.
Sleeps seven hours a night.
Sees a dentist yearly.
Pupils equal and reactive to light.
His sister has a lazy eye.
In 2020, lipase was 30 U/L.
Observations now: blood pressure 75/56 mmHg.
Prefers morning appointments.
Teeth in good repair.
Current age 75 years.
During a checkup in 2005, free T3 was 3.2 pg/mL.
During a checkup in 2017, total protein was 7.0 g/dL.
His friend wears contact lenses.
Photographs local wildlife.
Zinc of 85 mcg/dL in 2007.
HbA1c 5.3% at a routine check.
Enjoys board games.
Blood urea nitrogen now: 13 mg/dL.",,,,
author1,41,rule_v1/test_hard,rule_v1.test.gs074.c3.boundary.long.505,boundary,long,flip,"For suspected infection on the medical ward, prescribe oral amoxicillin. Score 3 points if the age of the patient is 65 years or more; 2 points if the current systolic blood pressure is below 90 mmHg; 1 point if the current blood urea nitrogen is above 19 mg/dL; 3 points if the patient has ever had diabetes (current or past). If the score is 6 or more, prescribe intravenous piperacillin-tazobactam instead.",Prescribe oral amoxicillin.,Prescribe intravenous piperacillin-tazobactam.,s',patient: systolic blood pressure = 75; present; current | patient: age = 75; present; current | patient: diabetes; absent; current | patient: blood urea nitrogen = 21; present; current,"An adult man.
Suspected chest infection; assessed on the medical ward.
His friend lives with psoriasis.
His roommate has recovered from a dislocated finger.
Owns a bicycle.
Sleeps seven hours a night.
Sees a dentist yearly.
Pupils equal and reactive to light.
His sister has a lazy eye.
In 2020, lipase was 30 U/L.
Observations now: blood pressure 75/56 mmHg.
Prefers morning appointments.
Teeth in good repair.
Current age 75 years.
During a checkup in 2005, free T3 was 3.2 pg/mL.
During a checkup in 2017, total protein was 7.0 g/dL.
His friend wears contact lenses.
Photographs local wildlife.
Zinc of 85 mcg/dL in 2007.
HbA1c 5.3% at a routine check.
Enjoys board games.
Blood urea nitrogen now: 21 mg/dL.",,,,
author1,41,rule_v1/test_hard,rule_v1.test.gs074.c3.boundary.long.505,boundary,long,near,"For suspected infection on the medical ward, prescribe oral amoxicillin. Score 3 points if the age of the patient is 65 years or more; 2 points if the current systolic blood pressure is below 90 mmHg; 1 point if the current blood urea nitrogen is above 19 mg/dL; 3 points if the patient has ever had diabetes (current or past). If the score is 6 or more, prescribe intravenous piperacillin-tazobactam instead.",Prescribe oral amoxicillin.,Prescribe intravenous piperacillin-tazobactam.,s,patient: systolic blood pressure = 75; present; current | patient: age = 75; present; current | patient: diabetes; absent; current | patient: blood urea nitrogen = 19; present; current,"An adult man.
Suspected chest infection; assessed on the medical ward.
His friend lives with psoriasis.
His roommate has recovered from a dislocated finger.
Owns a bicycle.
Sleeps seven hours a night.
Sees a dentist yearly.
Pupils equal and reactive to light.
His sister has a lazy eye.
In 2020, lipase was 30 U/L.
Observations now: blood pressure 75/56 mmHg.
Prefers morning appointments.
Teeth in good repair.
Current age 75 years.
During a checkup in 2005, free T3 was 3.2 pg/mL.
During a checkup in 2017, total protein was 7.0 g/dL.
His friend wears contact lenses.
Photographs local wildlife.
Zinc of 85 mcg/dL in 2007.
HbA1c 5.3% at a routine check.
Enjoys board games.
Blood urea nitrogen now: 19 mg/dL.",,,,
author1,41,rule_v1/test_hard,rule_v1.test.gs074.c3.boundary.long.505,boundary,long,pres,"For suspected infection on the medical ward, prescribe oral amoxicillin. Score 3 points if the age of the patient is 65 years or more; 2 points if the current systolic blood pressure is below 90 mmHg; 1 point if the current blood urea nitrogen is above 19 mg/dL; 3 points if the patient has ever had diabetes (current or past). If the score is 6 or more, prescribe intravenous piperacillin-tazobactam instead.",Prescribe oral amoxicillin.,Prescribe intravenous piperacillin-tazobactam.,s,patient: systolic blood pressure = 75; present; current | patient: diabetes; absent; current | patient: blood urea nitrogen = 13; present; current | patient: age = 75; present; current,"Man, adult.
Suspected chest infection; assessed on the medical ward.
His sister has a lazy eye.
His roommate has recovered from a dislocated finger.
Photographs local wildlife.
Current systolic blood pressure 75 mmHg.
In 2020, lipase was 30 U/L.
HbA1c 5.3% at a routine check.
During a checkup in 2005, free T3 was 3.2 pg/mL.
Owns a bicycle.
Zinc of 85 mcg/dL in 2007.
Blood urea nitrogen 13 mg/dL on the current labs.
Pupils equal and reactive to light.
Enjoys board games.
Sees a dentist yearly.
Currently aged 75 years.
His friend lives with psoriasis.
Teeth in good repair.
Sleeps seven hours a night.
During a checkup in 2017, total protein was 7.0 g/dL.
Prefers morning appointments.
His friend wears contact lenses.",,,,
author1,45,rule_v1/test_L2,rule_v1.test.gs134.c4.negation.easy.1859,negation,easy,base,"For contraception, prescribe a combined oral contraceptive. Score 2 points if the patient or a first-degree relative (parent, sibling or child) has had coronary artery disease at any time; 2 points if the current weight is 60 kg or less; 2 points if the current platelet count is below 50 x10^9/L; 1 point if the patient currently has tender anterior cervical lymph nodes. If the score is 7 or more, prescribe a progestin-only pill instead.",Prescribe a combined oral contraceptive.,Prescribe a progestin-only pill.,s,sister: coronary artery disease (patient or first-degree relative); present; past | patient: tender cervical lymph nodes; absent; current | patient: platelet count = 48; present; current | patient: weight = 55; present; current,"Female patient of 20 years.
Requests contraception.
Her sister had bypass surgery for coronary artery disease years ago.
Drives a car.
Enjoys board games.
Owns a bicycle.
Front of the neck without tenderness or swelling.
Prefers morning appointments.
Current platelet count 48 x10^9/L.
Latest weight 55 kg.",,,,
author1,45,rule_v1/test_L2,rule_v1.test.gs134.c4.negation.easy.1859,negation,easy,flip,"For contraception, prescribe a combined oral contraceptive. Score 2 points if the patient or a first-degree relative (parent, sibling or child) has had coronary artery disease at any time; 2 points if the current weight is 60 kg or less; 2 points if the current platelet count is below 50 x10^9/L; 1 point if the patient currently has tender anterior cervical lymph nodes. If the score is 7 or more, prescribe a progestin-only pill instead.",Prescribe a combined oral contraceptive.,Prescribe a progestin-only pill.,s',sister: coronary artery disease (patient or first-degree relative); present; past | patient: tender cervical lymph nodes; present; current | patient: platelet count = 48; present; current | patient: weight = 55; present; current,"Female patient of 20 years.
Requests contraception.
Her sister had bypass surgery for coronary artery disease years ago.
Drives a car.
Enjoys board games.
Owns a bicycle.
Tender, swollen lymph nodes in the front of the neck.
Prefers morning appointments.
Current platelet count 48 x10^9/L.
Latest weight 55 kg.",,,,
author1,45,rule_v1/test_L2,rule_v1.test.gs134.c4.negation.easy.1859,negation,easy,near,"For contraception, prescribe a combined oral contraceptive. Score 2 points if the patient or a first-degree relative (parent, sibling or child) has had coronary artery disease at any time; 2 points if the current weight is 60 kg or less; 2 points if the current platelet count is below 50 x10^9/L; 1 point if the patient currently has tender anterior cervical lymph nodes. If the score is 7 or more, prescribe a progestin-only pill instead.",Prescribe a combined oral contraceptive.,Prescribe a progestin-only pill.,s,sister: coronary artery disease (patient or first-degree relative); present; past | patient: tender cervical lymph nodes; absent; current | patient: platelet count = 48; present; current | patient: weight = 55; present; current,"Female patient of 20 years.
Requests contraception.
Her sister had bypass surgery for coronary artery disease years ago.
Drives a car.
Enjoys board games.
Owns a bicycle.
Neck supple, without tender lymph nodes.
Prefers morning appointments.
Current platelet count 48 x10^9/L.
Latest weight 55 kg.",,,,
author1,45,rule_v1/test_L2,rule_v1.test.gs134.c4.negation.easy.1859,negation,easy,pres,"For contraception, prescribe a combined oral contraceptive. Score 2 points if the patient or a first-degree relative (parent, sibling or child) has had coronary artery disease at any time; 2 points if the current weight is 60 kg or less; 2 points if the current platelet count is below 50 x10^9/L; 1 point if the patient currently has tender anterior cervical lymph nodes. If the score is 7 or more, prescribe a progestin-only pill instead.",Prescribe a combined oral contraceptive.,Prescribe a progestin-only pill.,s,patient: tender cervical lymph nodes; absent; current | patient: platelet count = 48; present; current | sister: coronary artery disease (patient or first-degree relative); present; past | patient: weight = 55; present; current,"Woman of 20 years.
Requests contraception.
Owns a bicycle.
Front of the neck without tenderness or swelling.
Platelet count now 48 x10^9/L.
Enjoys board games.
Her sister had bypass surgery for coronary artery disease years ago.
Current weight 55 kg.
Prefers morning appointments.
Drives a car.",,,,
author1,49,rule_v1/test_L0,rule_v1.test.gs039.c1.subject.long.910,subject,long,base,"For inpatient VTE prophylaxis, prescribe enoxaparin. If the patient currently has a major bleed, prescribe intermittent pneumatic compression instead.",Prescribe enoxaparin.,Prescribe intermittent pneumatic compression.,s,patient: active major bleeding; absent; current,"Woman of 67 years.
Admitted for community-acquired pneumonia; immobile.
Zinc of 85 mcg/dL in 2010.
Her roommate burned a hand on a stove years ago.
During a checkup in 2016, free T3 was 3.2 pg/mL.
Knits as a hobby.
Lives in a second-floor apartment.
Pupils equal and reactive to light.
Teeth in good repair.
Uses sunscreen in summer.
Plays the piano.
Photographs local wildlife.
Bowel habit normal, without any blood in the stool.
Has two cats.
Drives a car.
Her wife has recovered from a dislocated finger.
Paints watercolors as a hobby.
Her sister sprained a thumb last month.
Prefers morning appointments.",,,,
author1,49,rule_v1/test_L0,rule_v1.test.gs039.c1.subject.long.910,subject,long,flip,"For inpatient VTE prophylaxis, prescribe enoxaparin. If the patient currently has a major bleed, prescribe intermittent pneumatic compression instead.",Prescribe enoxaparin.,Prescribe intermittent pneumatic compression.,s',patient: active major bleeding; present; current,"Woman of 67 years.
Admitted for community-acquired pneumonia; immobile.
Zinc of 85 mcg/dL in 2010.
Her roommate burned a hand on a stove years ago.
During a checkup in 2016, free T3 was 3.2 pg/mL.
Knits as a hobby.
Lives in a second-floor apartment.
Pupils equal and reactive to light.
Teeth in good repair.
Uses sunscreen in summer.
Plays the piano.
Photographs local wildlife.
Currently has a major bleed from a duodenal ulcer, with transfusion under way.
Has two cats.
Drives a car.
Her wife has recovered from a dislocated finger.
Paints watercolors as a hobby.
Her sister sprained a thumb last month.
Prefers morning appointments.",,,,
author1,49,rule_v1/test_L0,rule_v1.test.gs039.c1.subject.long.910,subject,long,near,"For inpatient VTE prophylaxis, prescribe enoxaparin. If the patient currently has a major bleed, prescribe intermittent pneumatic compression instead.",Prescribe enoxaparin.,Prescribe intermittent pneumatic compression.,s,wife: active major bleeding; present; current,"Woman of 67 years.
Admitted for community-acquired pneumonia; immobile.
Zinc of 85 mcg/dL in 2010.
Her roommate burned a hand on a stove years ago.
During a checkup in 2016, free T3 was 3.2 pg/mL.
Knits as a hobby.
Lives in a second-floor apartment.
Pupils equal and reactive to light.
Teeth in good repair.
Uses sunscreen in summer.
Plays the piano.
Photographs local wildlife.
Her wife is currently being transfused for a major bleed.
Has two cats.
Drives a car.
Her wife has recovered from a dislocated finger.
Paints watercolors as a hobby.
Her sister sprained a thumb last month.
Prefers morning appointments.",,,,
author1,49,rule_v1/test_L0,rule_v1.test.gs039.c1.subject.long.910,subject,long,pres,"For inpatient VTE prophylaxis, prescribe enoxaparin. If the patient currently has a major bleed, prescribe intermittent pneumatic compression instead.",Prescribe enoxaparin.,Prescribe intermittent pneumatic compression.,s,patient: active major bleeding; absent; current,"Female patient of 67 years.
Admitted for community-acquired pneumonia; immobile.
Has two cats.
Drives a car.
Photographs local wildlife.
During a checkup in 2016, free T3 was 3.2 pg/mL.
Her sister sprained a thumb last month.
Knits as a hobby.
Her wife has recovered from a dislocated finger.
Bowel habit normal, without any blood in the stool.
Zinc of 85 mcg/dL in 2010.
Plays the piano.
Pupils equal and reactive to light.
Uses sunscreen in summer.
Her roommate burned a hand on a stove years ago.
Prefers morning appointments.
Teeth in good repair.
Paints watercolors as a hobby.
Lives in a second-floor apartment.",,,,
author1,53,rule_v1/test_L2,rule_v1.test.gs188.c2.time.easy.627,time,easy,base,"For cellulitis of the lower leg, prescribe cephalexin. If at least two of the following apply, prescribe clindamycin instead: the patient has ever had a peptic ulcer (current or past); the current ALT is above 120 U/L; the patient has ever had a venous thromboembolism (current or past).",Prescribe cephalexin.,Prescribe clindamycin.,s,patient: venous thromboembolism; present; current | patient: peptic ulcer at any time; absent; current | patient: ALT = 38; present; current | patient: ALT = 33; present; past (2022),"Female patient of 81 years.
Spreading redness and warmth of the right shin for two days.
Sees a dentist yearly.
Has an acute pulmonary embolism, diagnosed this week.
Owns a bicycle.
Appetite good; no indigestion.
Current ALT 38 U/L.
Drives a car.
Records from 2022 list ALT at 33 U/L.",,,,
author1,53,rule_v1/test_L2,rule_v1.test.gs188.c2.time.easy.627,time,easy,flip,"For cellulitis of the lower leg, prescribe cephalexin. If at least two of the following apply, prescribe clindamycin instead: the patient has ever had a peptic ulcer (current or past); the current ALT is above 120 U/L; the patient has ever had a venous thromboembolism (current or past).",Prescribe cephalexin.,Prescribe clindamycin.,s',patient: venous thromboembolism; present; current | patient: peptic ulcer at any time; absent; current | patient: ALT = 143; present; current | patient: ALT = 33; present; past (2022),"Female patient of 81 years.
Spreading redness and warmth of the right shin for two days.
Sees a dentist yearly.
Has an acute pulmonary embolism, diagnosed this week.
Owns a bicycle.
Appetite good; no indigestion.
Current ALT 143 U/L.
Drives a car.
Records from 2022 list ALT at 33 U/L.",,,,
author1,53,rule_v1/test_L2,rule_v1.test.gs188.c2.time.easy.627,time,easy,near,"For cellulitis of the lower leg, prescribe cephalexin. If at least two of the following apply, prescribe clindamycin instead: the patient has ever had a peptic ulcer (current or past); the current ALT is above 120 U/L; the patient has ever had a venous thromboembolism (current or past).",Prescribe cephalexin.,Prescribe clindamycin.,s,patient: venous thromboembolism; present; current | patient: peptic ulcer at any time; absent; current | patient: ALT = 38; present; current | patient: ALT = 126; present; past (2022),"Female patient of 81 years.
Spreading redness and warmth of the right shin for two days.
Sees a dentist yearly.
Has an acute pulmonary embolism, diagnosed this week.
Owns a bicycle.
Appetite good; no indigestion.
Current ALT 38 U/L.
Drives a car.
Records from 2022 list ALT at 126 U/L.",,,,
author1,53,rule_v1/test_L2,rule_v1.test.gs188.c2.time.easy.627,time,easy,pres,"For cellulitis of the lower leg, prescribe cephalexin. If at least two of the following apply, prescribe clindamycin instead: the patient has ever had a peptic ulcer (current or past); the current ALT is above 120 U/L; the patient has ever had a venous thromboembolism (current or past).",Prescribe cephalexin.,Prescribe clindamycin.,s,patient: peptic ulcer at any time; absent; current | patient: ALT = 33; present; past (2022) | patient: venous thromboembolism; present; current | patient: ALT = 38; present; current,"Woman of 81 years.
Spreading redness and warmth of the right shin for two days.
Appetite good; no indigestion.
Drives a car.
Back in 2022, ALT stood at 33 U/L.
Sees a dentist yearly.
Has an acute pulmonary embolism, diagnosed this week.
Owns a bicycle.
ALT now 38 U/L.",,,,
author1,53,rule_v1/test_L2,rule_v1.test.gs188.c2.time.easy.627,time,easy,missing,"For cellulitis of the lower leg, prescribe cephalexin. If at least two of the following apply, prescribe clindamycin instead: the patient has ever had a peptic ulcer (current or past); the current ALT is above 120 U/L; the patient has ever had a venous thromboembolism (current or past).",Prescribe cephalexin.,Prescribe clindamycin.,neither,patient: venous thromboembolism; present; current | patient: peptic ulcer at any time; absent; current,"Female patient of 81 years.
Spreading redness and warmth of the right shin for two days.
Sees a dentist yearly.
Has an acute pulmonary embolism, diagnosed this week.
Owns a bicycle.
Appetite good; no indigestion.
Drives a car.",,,,
author1,57,rule_v1/test_L2,rule_v1.test.gs047.c1.time.easy.494,time,easy,base,"For dual antiplatelet therapy after a myocardial infarction, prescribe aspirin plus ticagrelor. If the current serum potassium is above 5.0 mmol/L and the patient or a first-degree relative (parent, sibling or child) has had a venous thromboembolism at any time, prescribe aspirin plus clopidogrel instead.",Prescribe aspirin plus ticagrelor.,Prescribe aspirin plus clopidogrel.,s,patient: serum potassium = 4.1; present; current | father: venous thromboembolism (patient or first-degree relative); present; past (2019) | patient: serum potassium = 3.9; present; past (2014),"Woman of 41 years.
Recovering on the ward after a myocardial infarction treated with a stent.
Latest potassium result: 4.1 mmol/L.
Her father recovered from a pulmonary embolism in 2019.
Knits as a hobby.
Back in 2014, serum potassium stood at 3.9 mmol/L.",,,,
author1,57,rule_v1/test_L2,rule_v1.test.gs047.c1.time.easy.494,time,easy,flip,"For dual antiplatelet therapy after a myocardial infarction, prescribe aspirin plus ticagrelor. If the current serum potassium is above 5.0 mmol/L and the patient or a first-degree relative (parent, sibling or child) has had a venous thromboembolism at any time, prescribe aspirin plus clopidogrel instead.",Prescribe aspirin plus ticagrelor.,Prescribe aspirin plus clopidogrel.,s',patient: serum potassium = 5.6; present; current | father: venous thromboembolism (patient or first-degree relative); present; past (2019) | patient: serum potassium = 3.9; present; past (2014),"Woman of 41 years.
Recovering on the ward after a myocardial infarction treated with a stent.
Latest potassium result: 5.6 mmol/L.
Her father recovered from a pulmonary embolism in 2019.
Knits as a hobby.
Back in 2014, serum potassium stood at 3.9 mmol/L.",,,,
author1,57,rule_v1/test_L2,rule_v1.test.gs047.c1.time.easy.494,time,easy,near,"For dual antiplatelet therapy after a myocardial infarction, prescribe aspirin plus ticagrelor. If the current serum potassium is above 5.0 mmol/L and the patient or a first-degree relative (parent, sibling or child) has had a venous thromboembolism at any time, prescribe aspirin plus clopidogrel instead.",Prescribe aspirin plus ticagrelor.,Prescribe aspirin plus clopidogrel.,s,patient: serum potassium = 4.1; present; current | father: venous thromboembolism (patient or first-degree relative); present; past (2019) | patient: serum potassium = 5.8; present; past (2014),"Woman of 41 years.
Recovering on the ward after a myocardial infarction treated with a stent.
Latest potassium result: 4.1 mmol/L.
Her father recovered from a pulmonary embolism in 2019.
Knits as a hobby.
Back in 2014, serum potassium stood at 5.8 mmol/L.",,,,
author1,57,rule_v1/test_L2,rule_v1.test.gs047.c1.time.easy.494,time,easy,pres,"For dual antiplatelet therapy after a myocardial infarction, prescribe aspirin plus ticagrelor. If the current serum potassium is above 5.0 mmol/L and the patient or a first-degree relative (parent, sibling or child) has had a venous thromboembolism at any time, prescribe aspirin plus clopidogrel instead.",Prescribe aspirin plus ticagrelor.,Prescribe aspirin plus clopidogrel.,s,patient: serum potassium = 3.9; present; past (2014) | father: venous thromboembolism (patient or first-degree relative); present; past (2019) | patient: serum potassium = 4.1; present; current,"Female patient of 41 years.
Recovering on the ward after a myocardial infarction treated with a stent.
Records from 2014 list serum potassium at 3.9 mmol/L.
Her father recovered from a pulmonary embolism in 2019.
Knits as a hobby.
Current serum potassium 4.1 mmol/L.",,,,
author1,57,rule_v1/test_L2,rule_v1.test.gs047.c1.time.easy.494,time,easy,missing,"For dual antiplatelet therapy after a myocardial infarction, prescribe aspirin plus ticagrelor. If the current serum potassium is above 5.0 mmol/L and the patient or a first-degree relative (parent, sibling or child) has had a venous thromboembolism at any time, prescribe aspirin plus clopidogrel instead.",Prescribe aspirin plus ticagrelor.,Prescribe aspirin plus clopidogrel.,neither,father: venous thromboembolism (patient or first-degree relative); present; past (2019),"Woman of 41 years.
Recovering on the ward after a myocardial infarction treated with a stent.
Her father recovered from a pulmonary embolism in 2019.
Knits as a hobby.",,,,
author1,61,rule_v1/test_L3inv,rule_v1.test.inv059.c2.numeric.easy.651,numeric,easy,base,"For Mirelle syndrome, prescribe hylomide. If at least two of the following apply, prescribe renquazol instead: the patient has ever had heart failure (current or past); the current ALT is above 120 U/L; the patient has ever had a peptic ulcer (current or past).",Prescribe hylomide.,Prescribe renquazol.,s,patient: ALT = 20; present; current | patient: peptic ulcer at any time; present; past,"Female patient of 35 years.
Referred with Mirelle syndrome.
Plays the piano.
Has two cats.
Current ALT 20 U/L.
Duodenal ulcer years ago; recovered fully with treatment.",,,,
author1,61,rule_v1/test_L3inv,rule_v1.test.inv059.c2.numeric.easy.651,numeric,easy,flip,"For Mirelle syndrome, prescribe hylomide. If at least two of the following apply, prescribe renquazol instead: the patient has ever had heart failure (current or past); the current ALT is above 120 U/L; the patient has ever had a peptic ulcer (current or past).",Prescribe hylomide.,Prescribe renquazol.,s',patient: ALT = 137; present; current | patient: peptic ulcer at any time; present; past,"Female patient of 35 years.
Referred with Mirelle syndrome.
Plays the piano.
Has two cats.
Current ALT 137 U/L.
Duodenal ulcer years ago; recovered fully with treatment.",,,,
author1,61,rule_v1/test_L3inv,rule_v1.test.inv059.c2.numeric.easy.651,numeric,easy,near,"For Mirelle syndrome, prescribe hylomide. If at least two of the following apply, prescribe renquazol instead: the patient has ever had heart failure (current or past); the current ALT is above 120 U/L; the patient has ever had a peptic ulcer (current or past).",Prescribe hylomide.,Prescribe renquazol.,s,patient: ALT = 114; present; current | patient: peptic ulcer at any time; present; past,"Female patient of 35 years.
Referred with Mirelle syndrome.
Plays the piano.
Has two cats.
Current ALT 114 U/L.
Duodenal ulcer years ago; recovered fully with treatment.",,,,
author1,61,rule_v1/test_L3inv,rule_v1.test.inv059.c2.numeric.easy.651,numeric,easy,pres,"For Mirelle syndrome, prescribe hylomide. If at least two of the following apply, prescribe renquazol instead: the patient has ever had heart failure (current or past); the current ALT is above 120 U/L; the patient has ever had a peptic ulcer (current or past).",Prescribe hylomide.,Prescribe renquazol.,s,patient: ALT = 20; present; current | patient: peptic ulcer at any time; present; past,"Woman of 35 years.
Referred with Mirelle syndrome.
ALT now 20 U/L.
Plays the piano.
Has two cats.
Duodenal ulcer years ago; recovered fully with treatment.",,,,
author1,65,rule_v1/test_L3inv,rule_v1.test.inv020.c2.boundary.easy.570,boundary,easy,base,"For Hestin disease, prescribe melcadine. If the current systolic blood pressure is 100 mmHg or less or the current temperature is above 38.0 C, prescribe orvitrex instead.",Prescribe melcadine.,Prescribe orvitrex.,s,patient: systolic blood pressure = 133; present; current | patient: temperature = 37.2; present; current,"Man of 25 years.
Referred with Hestin disease.
Observations now: blood pressure 133/88 mmHg.
Current temperature 37.2 C.
Sleeps seven hours a night.
Knits as a hobby.",,,,
author1,65,rule_v1/test_L3inv,rule_v1.test.inv020.c2.boundary.easy.570,boundary,easy,flip,"For Hestin disease, prescribe melcadine. If the current systolic blood pressure is 100 mmHg or less or the current temperature is above 38.0 C, prescribe orvitrex instead.",Prescribe melcadine.,Prescribe orvitrex.,s',patient: systolic blood pressure = 133; present; current | patient: temperature = 38.6; present; current,"Man of 25 years.
Referred with Hestin disease.
Observations now: blood pressure 133/88 mmHg.
Current temperature 38.6 C.
Sleeps seven hours a night.
Knits as a hobby.",,,,
author1,65,rule_v1/test_L3inv,rule_v1.test.inv020.c2.boundary.easy.570,boundary,easy,near,"For Hestin disease, prescribe melcadine. If the current systolic blood pressure is 100 mmHg or less or the current temperature is above 38.0 C, prescribe orvitrex instead.",Prescribe melcadine.,Prescribe orvitrex.,s,patient: systolic blood pressure = 133; present; current | patient: temperature = 38.0; present; current,"Man of 25 years.
Referred with Hestin disease.
Observations now: blood pressure 133/88 mmHg.
Current temperature 38.0 C.
Sleeps seven hours a night.
Knits as a hobby.",,,,
author1,65,rule_v1/test_L3inv,rule_v1.test.inv020.c2.boundary.easy.570,boundary,easy,pres,"For Hestin disease, prescribe melcadine. If the current systolic blood pressure is 100 mmHg or less or the current temperature is above 38.0 C, prescribe orvitrex instead.",Prescribe melcadine.,Prescribe orvitrex.,s,patient: systolic blood pressure = 133; present; current | patient: temperature = 37.2; present; current,"Male patient of 25 years.
Referred with Hestin disease.
Current systolic blood pressure 133 mmHg.
Knits as a hobby.
Sleeps seven hours a night.
Temperature now 37.2 C (tympanic).",,,,
author1,69,rule_v1/test_L2,rule_v1.test.gs071.c1.time.superseded.697,time,superseded,base,"For stroke prevention in atrial fibrillation, prescribe apixaban. If the current temperature is above 38.0 C and the patient has ever had a peptic ulcer (current or past), prescribe warfarin instead.",Prescribe apixaban.,Prescribe warfarin.,s,patient: temperature = 36.9; present; past | patient: temperature = 37.3; present; current | patient: peptic ulcer at any time; present; current,"Woman of 59 years.
Atrial fibrillation; anticoagulation indicated.
Sees a dentist yearly.
Earlier this week, temperature was 36.9 C; a newer reading supersedes it.
Temperature now 37.3 C (tympanic).
Pupils equal and reactive to light.
Has an active duodenal ulcer.
Knits as a hobby.",,,,
author1,69,rule_v1/test_L2,rule_v1.test.gs071.c1.time.superseded.697,time,superseded,flip,"For stroke prevention in atrial fibrillation, prescribe apixaban. If the current temperature is above 38.0 C and the patient has ever had a peptic ulcer (current or past), prescribe warfarin instead.",Prescribe apixaban.,Prescribe warfarin.,s',patient: temperature = 36.9; present; past | patient: temperature = 38.7; present; current | patient: peptic ulcer at any time; present; current,"Woman of 59 years.
Atrial fibrillation; anticoagulation indicated.
Sees a dentist yearly.
Earlier this week, temperature was 36.9 C; a newer reading supersedes it.
Temperature now 38.7 C (tympanic).
Pupils equal and reactive to light.
Has an active duodenal ulcer.
Knits as a hobby.",,,,
author1,69,rule_v1/test_L2,rule_v1.test.gs071.c1.time.superseded.697,time,superseded,near,"For stroke prevention in atrial fibrillation, prescribe apixaban. If the current temperature is above 38.0 C and the patient has ever had a peptic ulcer (current or past), prescribe warfarin instead.",Prescribe apixaban.,Prescribe warfarin.,s,patient: temperature = 38.4; present; past | patient: temperature = 37.3; present; current | patient: peptic ulcer at any time; present; current,"Woman of 59 years.
Atrial fibrillation; anticoagulation indicated.
Sees a dentist yearly.
Earlier this week, temperature was 38.4 C; a newer reading supersedes it.
Temperature now 37.3 C (tympanic).
Pupils equal and reactive to light.
Has an active duodenal ulcer.
Knits as a hobby.",,,,
author1,69,rule_v1/test_L2,rule_v1.test.gs071.c1.time.superseded.697,time,superseded,pres,"For stroke prevention in atrial fibrillation, prescribe apixaban. If the current temperature is above 38.0 C and the patient has ever had a peptic ulcer (current or past), prescribe warfarin instead.",Prescribe apixaban.,Prescribe warfarin.,s,patient: temperature = 37.3; present; current | patient: peptic ulcer at any time; present; current | patient: temperature = 36.9; present; past,"Female patient of 59 years.
Atrial fibrillation; anticoagulation indicated.
Knits as a hobby.
Pupils equal and reactive to light.
Current temperature 37.3 C.
Has an active duodenal ulcer.
Sees a dentist yearly.
Earlier this week, temperature was 36.9 C; a newer reading supersedes it.",,,,
author1,69,rule_v1/test_L2,rule_v1.test.gs071.c1.time.superseded.697,time,superseded,missing,"For stroke prevention in atrial fibrillation, prescribe apixaban. If the current temperature is above 38.0 C and the patient has ever had a peptic ulcer (current or past), prescribe warfarin instead.",Prescribe apixaban.,Prescribe warfarin.,neither,patient: peptic ulcer at any time; present; current,"Woman of 59 years.
Atrial fibrillation; anticoagulation indicated.
Sees a dentist yearly.
Pupils equal and reactive to light.
Has an active duodenal ulcer.
Knits as a hobby.",,,,
author1,73,rule_v1/test_L2,rule_v1.test.gs033.c1.time.easy.1770,time,easy,base,"For cellulitis of the lower leg, prescribe cephalexin. If at least two of the following apply, prescribe clindamycin instead: the current weight is 60 kg or less; the patient is allergic to penicillin; the patient or a first-degree relative (parent, sibling or child) has had coronary artery disease at any time.",Prescribe cephalexin.,Prescribe clindamycin.,s,patient: weight = 80; present; current | patient: penicillin allergy; absent; current | patient: weight = 67; present; past (2014) | sister: coronary artery disease (patient or first-degree relative); present; past,"Man of 80 years.
Spreading redness and warmth of the right shin for two days.
Prefers to be addressed by first name.
Owns a bicycle.
Latest weight 80 kg.
Reports no allergies to medicines.
Photographs local wildlife.
Records from 2014 list weight at 67 kg.
His sister had bypass surgery for coronary artery disease years ago.
Knits as a hobby.",,,,
author1,73,rule_v1/test_L2,rule_v1.test.gs033.c1.time.easy.1770,time,easy,flip,"For cellulitis of the lower leg, prescribe cephalexin. If at least two of the following apply, prescribe clindamycin instead: the current weight is 60 kg or less; the patient is allergic to penicillin; the patient or a first-degree relative (parent, sibling or child) has had coronary artery disease at any time.",Prescribe cephalexin.,Prescribe clindamycin.,s',patient: weight = 53; present; current | patient: penicillin allergy; absent; current | patient: weight = 67; present; past (2014) | sister: coronary artery disease (patient or first-degree relative); present; past,"Man of 80 years.
Spreading redness and warmth of the right shin for two days.
Prefers to be addressed by first name.
Owns a bicycle.
Latest weight 53 kg.
Reports no allergies to medicines.
Photographs local wildlife.
Records from 2014 list weight at 67 kg.
His sister had bypass surgery for coronary artery disease years ago.
Knits as a hobby.",,,,
author1,73,rule_v1/test_L2,rule_v1.test.gs033.c1.time.easy.1770,time,easy,near,"For cellulitis of the lower leg, prescribe cephalexin. If at least two of the following apply, prescribe clindamycin instead: the current weight is 60 kg or less; the patient is allergic to penicillin; the patient or a first-degree relative (parent, sibling or child) has had coronary artery disease at any time.",Prescribe cephalexin.,Prescribe clindamycin.,s,patient: weight = 80; present; current | patient: penicillin allergy; absent; current | patient: weight = 52; present; past (2014) | sister: coronary artery disease (patient or first-degree relative); present; past,"Man of 80 years.
Spreading redness and warmth of the right shin for two days.
Prefers to be addressed by first name.
Owns a bicycle.
Latest weight 80 kg.
Reports no allergies to medicines.
Photographs local wildlife.
Records from 2014 list weight at 52 kg.
His sister had bypass surgery for coronary artery disease years ago.
Knits as a hobby.",,,,
author1,73,rule_v1/test_L2,rule_v1.test.gs033.c1.time.easy.1770,time,easy,pres,"For cellulitis of the lower leg, prescribe cephalexin. If at least two of the following apply, prescribe clindamycin instead: the current weight is 60 kg or less; the patient is allergic to penicillin; the patient or a first-degree relative (parent, sibling or child) has had coronary artery disease at any time.",Prescribe cephalexin.,Prescribe clindamycin.,s,sister: coronary artery disease (patient or first-degree relative); present; past | patient: penicillin allergy; absent; current | patient: weight = 67; present; past (2014) | patient: weight = 80; present; current,"Male patient of 80 years.
Spreading redness and warmth of the right shin for two days.
His sister had bypass surgery for coronary artery disease years ago.
Photographs local wildlife.
Knits as a hobby.
Reports no allergies to medicines.
Back in 2014, weight stood at 67 kg.
Current weight 80 kg.
Owns a bicycle.
Prefers to be addressed by first name.",,,,
author1,77,rule_v1/test_L2,rule_v1.test.gs001.c4.time.easy.1215,time,easy,base,"For contraception, prescribe a combined oral contraceptive. Score 1 point if the current platelet count is below 50 x10^9/L; 1 point if the patient is currently taking warfarin; 1 point if the patient has ever had diabetes (current or past); 3 points if the patient currently has a mechanical heart valve. If the score is 5 or more, prescribe a progestin-only pill instead.",Prescribe a combined oral contraceptive.,Prescribe a progestin-only pill.,s,patient: warfarin; present; current | patient: platelet count = 35; present; current | patient: diabetes; absent; current,"Female patient of 39 years.
Requests contraception.
Anticoagulated with warfarin; INR checked monthly at the clinic.
Pupils equal and reactive to light.
Knits as a hobby.
Current platelet count 35 x10^9/L.
HbA1c 5.3% at a routine check.",,,,
author1,77,rule_v1/test_L2,rule_v1.test.gs001.c4.time.easy.1215,time,easy,flip,"For contraception, prescribe a combined oral contraceptive. Score 1 point if the current platelet count is below 50 x10^9/L; 1 point if the patient is currently taking warfarin; 1 point if the patient has ever had diabetes (current or past); 3 points if the patient currently has a mechanical heart valve. If the score is 5 or more, prescribe a progestin-only pill instead.",Prescribe a combined oral contraceptive.,Prescribe a progestin-only pill.,s',patient: warfarin; present; current | patient: platelet count = 35; present; current | patient: mechanical heart valve; present; current | patient: diabetes; absent; current,"Female patient of 39 years.
Requests contraception.
Anticoagulated with warfarin; INR checked monthly at the clinic.
Pupils equal and reactive to light.
Knits as a hobby.
Current platelet count 35 x10^9/L.
Mechanical mitral valve in place; metallic closing clicks audible.
HbA1c 5.3% at a routine check.",,,,
author1,77,rule_v1/test_L2,rule_v1.test.gs001.c4.time.easy.1215,time,easy,near,"For contraception, prescribe a combined oral contraceptive. Score 1 point if the current platelet count is below 50 x10^9/L; 1 point if the patient is currently taking warfarin; 1 point if the patient has ever had diabetes (current or past); 3 points if the patient currently has a mechanical heart valve. If the score is 5 or more, prescribe a progestin-only pill instead.",Prescribe a combined oral contraceptive.,Prescribe a progestin-only pill.,s,patient: warfarin; present; current | patient: platelet count = 35; present; current | patient: mechanical heart valve; present; past | patient: diabetes; absent; current,"Female patient of 39 years.
Requests contraception.
Anticoagulated with warfarin; INR checked monthly at the clinic.
Pupils equal and reactive to light.
Knits as a hobby.
Current platelet count 35 x10^9/L.
Mechanical aortic valve explanted years ago for valve thrombosis; a bioprosthesis now sits in its place.
HbA1c 5.3% at a routine check.",,,,
author1,77,rule_v1/test_L2,rule_v1.test.gs001.c4.time.easy.1215,time,easy,pres,"For contraception, prescribe a combined oral contraceptive. Score 1 point if the current platelet count is below 50 x10^9/L; 1 point if the patient is currently taking warfarin; 1 point if the patient has ever had diabetes (current or past); 3 points if the patient currently has a mechanical heart valve. If the score is 5 or more, prescribe a progestin-only pill instead.",Prescribe a combined oral contraceptive.,Prescribe a progestin-only pill.,s,patient: platelet count = 35; present; current | patient: warfarin; present; current | patient: diabetes; absent; current,"Woman of 39 years.
Requests contraception.
Platelet count now 35 x10^9/L.
Anticoagulated with warfarin; INR checked monthly at the clinic.
Knits as a hobby.
Pupils equal and reactive to light.
HbA1c 5.3% at a routine check.",,,,
author1,81,rule_v1/test_L3inv,rule_v1.test.inv039.c3.numeric.easy.227,numeric,easy,base,"For Pallis disease, prescribe brexadol. Score 1 point if the patient or a first-degree relative (parent, sibling or child) has had a venous thromboembolism at any time; 2 points if the current ALT is above 120 U/L; 3 points if the current eGFR is below 30 mL/min/1.73 m2. If the score is 4 or more, prescribe corlitane instead.",Prescribe brexadol.,Prescribe corlitane.,s,patient: eGFR = 81; present; current | patient: ALT = 15; present; current | patient: venous thromboembolism (patient or first-degree relative); present; current,"Woman of 26 years.
Referred with Pallis disease.
Owns a bicycle.
Teeth in good repair.
eGFR now 81 mL/min/1.73 m2.
ALT now 15 U/L.
Prefers to be addressed by first name.
Has an acute pulmonary embolism, diagnosed this week.",,,,
author1,81,rule_v1/test_L3inv,rule_v1.test.inv039.c3.numeric.easy.227,numeric,easy,flip,"For Pallis disease, prescribe brexadol. Score 1 point if the patient or a first-degree relative (parent, sibling or child) has had a venous thromboembolism at any time; 2 points if the current ALT is above 120 U/L; 3 points if the current eGFR is below 30 mL/min/1.73 m2. If the score is 4 or more, prescribe corlitane instead.",Prescribe brexadol.,Prescribe corlitane.,s',patient: eGFR = 15; present; current | patient: ALT = 15; present; current | patient: venous thromboembolism (patient or first-degree relative); present; current,"Woman of 26 years.
Referred with Pallis disease.
Owns a bicycle.
Teeth in good repair.
eGFR now 15 mL/min/1.73 m2.
ALT now 15 U/L.
Prefers to be addressed by first name.
Has an acute pulmonary embolism, diagnosed this week.",,,,
author1,81,rule_v1/test_L3inv,rule_v1.test.inv039.c3.numeric.easy.227,numeric,easy,near,"For Pallis disease, prescribe brexadol. Score 1 point if the patient or a first-degree relative (parent, sibling or child) has had a venous thromboembolism at any time; 2 points if the current ALT is above 120 U/L; 3 points if the current eGFR is below 30 mL/min/1.73 m2. If the score is 4 or more, prescribe corlitane instead.",Prescribe brexadol.,Prescribe corlitane.,s,patient: eGFR = 33; present; current | patient: ALT = 15; present; current | patient: venous thromboembolism (patient or first-degree relative); present; current,"Woman of 26 years.
Referred with Pallis disease.
Owns a bicycle.
Teeth in good repair.
eGFR now 33 mL/min/1.73 m2.
ALT now 15 U/L.
Prefers to be addressed by first name.
Has an acute pulmonary embolism, diagnosed this week.",,,,
author1,81,rule_v1/test_L3inv,rule_v1.test.inv039.c3.numeric.easy.227,numeric,easy,pres,"For Pallis disease, prescribe brexadol. Score 1 point if the patient or a first-degree relative (parent, sibling or child) has had a venous thromboembolism at any time; 2 points if the current ALT is above 120 U/L; 3 points if the current eGFR is below 30 mL/min/1.73 m2. If the score is 4 or more, prescribe corlitane instead.",Prescribe brexadol.,Prescribe corlitane.,s,patient: ALT = 15; present; current | patient: eGFR = 81; present; current | patient: venous thromboembolism (patient or first-degree relative); present; current,"Female patient of 26 years.
Referred with Pallis disease.
Current ALT 15 U/L.
Prefers to be addressed by first name.
Current eGFR 81 mL/min/1.73 m2.
Teeth in good repair.
Has an acute pulmonary embolism, diagnosed this week.
Owns a bicycle.",,,,
author1,85,rule_v1/test_L2,rule_v1.test.gs025.c2.numeric.long.1550,numeric,long,base,"For acute sore throat, prescribe ibuprofen. If the patient has ever had a myocardial infarction or peripheral artery disease (current or past) and the current temperature is above 38.0 C, prescribe penicillin V instead.",Prescribe ibuprofen.,Prescribe penicillin V.,s,patient: myocardial infarction or peripheral artery disease; present; current | patient: temperature = 36.8; present; current,"Female patient of 56 years.
Sore throat for two days.
Prefers morning appointments.
Her friend lives with psoriasis.
During a checkup in 2010, total protein was 7.0 g/dL.
Sleeps seven hours a night.
Paints watercolors as a hobby.
Zinc of 85 mcg/dL in 2008.
Lives with peripheral artery disease affecting the left leg.
Her roommate has recovered from a dislocated finger.
Teeth in good repair.
Her roommate has a lazy eye.
During a checkup in 2015, free T3 was 3.2 pg/mL.
Pupils equal and reactive to light.
Photographs local wildlife.
Sees a dentist yearly.
Temperature now 36.8 C (tympanic).
Free T4 of 1.2 ng/dL in 2008.
Uses sunscreen in summer.",,,,
author1,85,rule_v1/test_L2,rule_v1.test.gs025.c2.numeric.long.1550,numeric,long,flip,"For acute sore throat, prescribe ibuprofen. If the patient has ever had a myocardial infarction or peripheral artery disease (current or past) and the current temperature is above 38.0 C, prescribe penicillin V instead.",Prescribe ibuprofen.,Prescribe penicillin V.,s',patient: myocardial infarction or peripheral artery disease; present; current | patient: temperature = 38.5; present; current,"Female patient of 56 years.
Sore throat for two days.
Prefers morning appointments.
Her friend lives with psoriasis.
During a checkup in 2010, total protein was 7.0 g/dL.
Sleeps seven hours a night.
Paints watercolors as a hobby.
Zinc of 85 mcg/dL in 2008.
Lives with peripheral artery disease affecting the left leg.
Her roommate has recovered from a dislocated finger.
Teeth in good repair.
Her roommate has a lazy eye.
During a checkup in 2015, free T3 was 3.2 pg/mL.
Pupils equal and reactive to light.
Photographs local wildlife.
Sees a dentist yearly.
Temperature now 38.5 C (tympanic).
Free T4 of 1.2 ng/dL in 2008.
Uses sunscreen in summer.",,,,
author1,85,rule_v1/test_L2,rule_v1.test.gs025.c2.numeric.long.1550,numeric,long,near,"For acute sore throat, prescribe ibuprofen. If the patient has ever had a myocardial infarction or peripheral artery disease (current or past) and the current temperature is above 38.0 C, prescribe penicillin V instead.",Prescribe ibuprofen.,Prescribe penicillin V.,s,patient: myocardial infarction or peripheral artery disease; present; current | patient: temperature = 37.8; present; current,"Female patient of 56 years.
Sore throat for two days.
Prefers morning appointments.
Her friend lives with psoriasis.
During a checkup in 2010, total protein was 7.0 g/dL.
Sleeps seven hours a night.
Paints watercolors as a hobby.
Zinc of 85 mcg/dL in 2008.
Lives with peripheral artery disease affecting the left leg.
Her roommate has recovered from a dislocated finger.
Teeth in good repair.
Her roommate has a lazy eye.
During a checkup in 2015, free T3 was 3.2 pg/mL.
Pupils equal and reactive to light.
Photographs local wildlife.
Sees a dentist yearly.
Temperature now 37.8 C (tympanic).
Free T4 of 1.2 ng/dL in 2008.
Uses sunscreen in summer.",,,,
author1,85,rule_v1/test_L2,rule_v1.test.gs025.c2.numeric.long.1550,numeric,long,pres,"For acute sore throat, prescribe ibuprofen. If the patient has ever had a myocardial infarction or peripheral artery disease (current or past) and the current temperature is above 38.0 C, prescribe penicillin V instead.",Prescribe ibuprofen.,Prescribe penicillin V.,s,patient: myocardial infarction or peripheral artery disease; present; current | patient: temperature = 36.8; present; current,"Woman of 56 years.
Sore throat for two days.
Photographs local wildlife.
Lives with peripheral artery disease affecting the left leg.
Free T4 of 1.2 ng/dL in 2008.
Her roommate has recovered from a dislocated finger.
Zinc of 85 mcg/dL in 2008.
Sees a dentist yearly.
Her friend lives with psoriasis.
During a checkup in 2010, total protein was 7.0 g/dL.
Uses sunscreen in summer.
Prefers morning appointments.
Her roommate has a lazy eye.
Paints watercolors as a hobby.
Teeth in good repair.
During a checkup in 2015, free T3 was 3.2 pg/mL.
Sleeps seven hours a night.
Pupils equal and reactive to light.
Current temperature 36.8 C.",,,,
author1,89,rule_v1/test_L2,rule_v1.test.gs221.c1.negation.long.559,negation,long,base,"For thromboprophylaxis after hip replacement, prescribe enoxaparin. If the patient has ever had a myocardial infarction or peripheral artery disease (current or past) and the patient has had cancer at any time (active or in remission), prescribe fondaparinux instead.",Prescribe enoxaparin.,Prescribe fondaparinux.,s,patient: myocardial infarction or peripheral artery disease; absent; current | patient: cancer at any time; present; past (2010),"Man of 72 years.
First day after elective total hip replacement.
Knits as a hobby.
In 2005, lipase was 30 U/L.
Paints watercolors as a hobby.
Sees a dentist yearly.
Lives in a second-floor apartment.
Has two cats.
During a checkup in 2024, free T3 was 3.2 pg/mL.
Prefers morning appointments.
Uses sunscreen in summer.
Plays the piano.
Enjoys board games.
Owns a bicycle.
Walks without calf pain.
During a checkup in 2014, total protein was 7.0 g/dL.
Formerly had kidney cancer, cured by surgery in 2010.
Photographs local wildlife.
His sister has a lazy eye.
His friend sprained a thumb last month.
In 2024, folate was 12 ng/mL.
Teeth in good repair.
Sleeps seven hours a night.",,,,
author1,89,rule_v1/test_L2,rule_v1.test.gs221.c1.negation.long.559,negation,long,flip,"For thromboprophylaxis after hip replacement, prescribe enoxaparin. If the patient has ever had a myocardial infarction or peripheral artery disease (current or past) and the patient has had cancer at any time (active or in remission), prescribe fondaparinux instead.",Prescribe enoxaparin.,Prescribe fondaparinux.,s',patient: myocardial infarction or peripheral artery disease; present; current | patient: cancer at any time; present; past (2010),"Man of 72 years.
First day after elective total hip replacement.
Knits as a hobby.
In 2005, lipase was 30 U/L.
Paints watercolors as a hobby.
Sees a dentist yearly.
Lives in a second-floor apartment.
Has two cats.
During a checkup in 2024, free T3 was 3.2 pg/mL.
Prefers morning appointments.
Uses sunscreen in summer.
Plays the piano.
Enjoys board games.
Owns a bicycle.
Has symptomatic peripheral artery disease of both legs.
During a checkup in 2014, total protein was 7.0 g/dL.
Formerly had kidney cancer, cured by surgery in 2010.
Photographs local wildlife.
His sister has a lazy eye.
His friend sprained a thumb last month.
In 2024, folate was 12 ng/mL.
Teeth in good repair.
Sleeps seven hours a night.",,,,
author1,89,rule_v1/test_L2,rule_v1.test.gs221.c1.negation.long.559,negation,long,near,"For thromboprophylaxis after hip replacement, prescribe enoxaparin. If the patient has ever had a myocardial infarction or peripheral artery disease (current or past) and the patient has had cancer at any time (active or in remission), prescribe fondaparinux instead.",Prescribe enoxaparin.,Prescribe fondaparinux.,s,patient: myocardial infarction or peripheral artery disease; absent; current | patient: cancer at any time; present; past (2010),"Man of 72 years.
First day after elective total hip replacement.
Knits as a hobby.
In 2005, lipase was 30 U/L.
Paints watercolors as a hobby.
Sees a dentist yearly.
Lives in a second-floor apartment.
Has two cats.
During a checkup in 2024, free T3 was 3.2 pg/mL.
Prefers morning appointments.
Uses sunscreen in summer.
Plays the piano.
Enjoys board games.
Owns a bicycle.
Has never had a heart attack or peripheral artery disease.
During a checkup in 2014, total protein was 7.0 g/dL.
Formerly had kidney cancer, cured by surgery in 2010.
Photographs local wildlife.
His sister has a lazy eye.
His friend sprained a thumb last month.
In 2024, folate was 12 ng/mL.
Teeth in good repair.
Sleeps seven hours a night.",,,,
author1,89,rule_v1/test_L2,rule_v1.test.gs221.c1.negation.long.559,negation,long,pres,"For thromboprophylaxis after hip replacement, prescribe enoxaparin. If the patient has ever had a myocardial infarction or peripheral artery disease (current or past) and the patient has had cancer at any time (active or in remission), prescribe fondaparinux instead.",Prescribe enoxaparin.,Prescribe fondaparinux.,s,patient: cancer at any time; present; past (2010) | patient: myocardial infarction or peripheral artery disease; absent; current,"Male patient of 72 years.
First day after elective total hip replacement.
Formerly had kidney cancer, cured by surgery in 2010.
In 2024, folate was 12 ng/mL.
Paints watercolors as a hobby.
Walks without calf pain.
Sees a dentist yearly.
Enjoys board games.
Photographs local wildlife.
His sister has a lazy eye.
Has two cats.
His friend sprained a thumb last month.
Uses sunscreen in summer.
In 2005, lipase was 30 U/L.
Owns a bicycle.
During a checkup in 2024, free T3 was 3.2 pg/mL.
During a checkup in 2014, total protein was 7.0 g/dL.
Plays the piano.
Prefers morning appointments.
Lives in a second-floor apartment.
Teeth in good repair.
Knits as a hobby.
Sleeps seven hours a night.",,,,
author1,89,rule_v1/test_L2,rule_v1.test.gs221.c1.negation.long.559,negation,long,missing,"For thromboprophylaxis after hip replacement, prescribe enoxaparin. If the patient has ever had a myocardial infarction or peripheral artery disease (current or past) and the patient has had cancer at any time (active or in remission), prescribe fondaparinux instead.",Prescribe enoxaparin.,Prescribe fondaparinux.,neither,patient: myocardial infarction or peripheral artery disease; unknown; current | patient: cancer at any time; present; past (2010),"Man of 72 years.
First day after elective total hip replacement.
Knits as a hobby.
In 2005, lipase was 30 U/L.
Paints watercolors as a hobby.
Sees a dentist yearly.
Lives in a second-floor apartment.
Has two cats.
During a checkup in 2024, free T3 was 3.2 pg/mL.
Prefers morning appointments.
Uses sunscreen in summer.
Plays the piano.
Enjoys board games.
Owns a bicycle.
Myocardial infarction or peripheral artery disease: unknown.
During a checkup in 2014, total protein was 7.0 g/dL.
Formerly had kidney cancer, cured by surgery in 2010.
Photographs local wildlife.
His sister has a lazy eye.
His friend sprained a thumb last month.
In 2024, folate was 12 ng/mL.
Teeth in good repair.
Sleeps seven hours a night.",,,,
author1,93,rule_v1/test_L2,rule_v1.test.gs157.c1.subject.easy.1000,subject,easy,base,"For community-acquired pneumonia, prescribe oral amoxicillin. If at least two of the following apply, prescribe intravenous co-amoxiclav instead: the patient has ever had heart failure (current or past); the current platelet count is below 50 x10^9/L; the current temperature is above 38.0 C.",Prescribe oral amoxicillin.,Prescribe intravenous co-amoxiclav.,s,patient: temperature = 38.6; present; current | patient: platelet count = 356; present; current,"Female patient of 43 years.
Community-acquired pneumonia confirmed on chest radiograph.
Current temperature 38.6 C.
Paints watercolors as a hobby.
Photographs local wildlife.
Platelet count now 356 x10^9/L.",,,,
author1,93,rule_v1/test_L2,rule_v1.test.gs157.c1.subject.easy.1000,subject,easy,flip,"For community-acquired pneumonia, prescribe oral amoxicillin. If at least two of the following apply, prescribe intravenous co-amoxiclav instead: the patient has ever had heart failure (current or past); the current platelet count is below 50 x10^9/L; the current temperature is above 38.0 C.",Prescribe oral amoxicillin.,Prescribe intravenous co-amoxiclav.,s',patient: heart failure; present; current | patient: temperature = 38.6; present; current | patient: platelet count = 356; present; current,"Female patient of 43 years.
Community-acquired pneumonia confirmed on chest radiograph.
Current heart failure with ankle swelling.
Current temperature 38.6 C.
Paints watercolors as a hobby.
Photographs local wildlife.
Platelet count now 356 x10^9/L.",,,,
author1,93,rule_v1/test_L2,rule_v1.test.gs157.c1.subject.easy.1000,subject,easy,near,"For community-acquired pneumonia, prescribe oral amoxicillin. If at least two of the following apply, prescribe intravenous co-amoxiclav instead: the patient has ever had heart failure (current or past); the current platelet count is below 50 x10^9/L; the current temperature is above 38.0 C.",Prescribe oral amoxicillin.,Prescribe intravenous co-amoxiclav.,s,sister: heart failure; present; current | patient: temperature = 38.6; present; current | patient: platelet count = 356; present; current,"Female patient of 43 years.
Community-acquired pneumonia confirmed on chest radiograph.
Her sister has advanced heart failure.
Current temperature 38.6 C.
Paints watercolors as a hobby.
Photographs local wildlife.
Platelet count now 356 x10^9/L.",,,,
author1,93,rule_v1/test_L2,rule_v1.test.gs157.c1.subject.easy.1000,subject,easy,pres,"For community-acquired pneumonia, prescribe oral amoxicillin. If at least two of the following apply, prescribe intravenous co-amoxiclav instead: the patient has ever had heart failure (current or past); the current platelet count is below 50 x10^9/L; the current temperature is above 38.0 C.",Prescribe oral amoxicillin.,Prescribe intravenous co-amoxiclav.,s,patient: platelet count = 356; present; current | patient: temperature = 38.6; present; current,"Woman of 43 years.
Community-acquired pneumonia confirmed on chest radiograph.
Photographs local wildlife.
Current platelet count 356 x10^9/L.
Temperature now 38.6 C (tympanic).
Paints watercolors as a hobby.",,,,
author1,97,rule_v1/test_L2,rule_v1.test.gs194.c1.numeric.easy.1636,numeric,easy,base,"For vaginal candidiasis, prescribe oral fluconazole. If the current heart rate is above 90/min or the current weight is 60 kg or less, prescribe clotrimazole pessaries instead.",Prescribe oral fluconazole.,Prescribe clotrimazole pessaries.,s,patient: weight = 84; present; current | patient: heart rate = 62; present; current,"Female patient of 36 years.
Vaginal itching and discharge; candidiasis confirmed on microscopy.
Prefers to be addressed by first name.
Current weight 84 kg.
Heart rate now 62/min on a pulse check.
Has two cats.",,,,
author1,97,rule_v1/test_L2,rule_v1.test.gs194.c1.numeric.easy.1636,numeric,easy,flip,"For vaginal candidiasis, prescribe oral fluconazole. If the current heart rate is above 90/min or the current weight is 60 kg or less, prescribe clotrimazole pessaries instead.",Prescribe oral fluconazole.,Prescribe clotrimazole pessaries.,s',patient: weight = 84; present; current | patient: heart rate = 98; present; current,"Female patient of 36 years.
Vaginal itching and discharge; candidiasis confirmed on microscopy.
Prefers to be addressed by first name.
Current weight 84 kg.
Heart rate now 98/min on a pulse check.
Has two cats.",,,,
author1,97,rule_v1/test_L2,rule_v1.test.gs194.c1.numeric.easy.1636,numeric,easy,near,"For vaginal candidiasis, prescribe oral fluconazole. If the current heart rate is above 90/min or the current weight is 60 kg or less, prescribe clotrimazole pessaries instead.",Prescribe oral fluconazole.,Prescribe clotrimazole pessaries.,s,patient: weight = 84; present; current | patient: heart rate = 89; present; current,"Female patient of 36 years.
Vaginal itching and discharge; candidiasis confirmed on microscopy.
Prefers to be addressed by first name.
Current weight 84 kg.
Heart rate now 89/min on a pulse check.
Has two cats.",,,,
author1,97,rule_v1/test_L2,rule_v1.test.gs194.c1.numeric.easy.1636,numeric,easy,pres,"For vaginal candidiasis, prescribe oral fluconazole. If the current heart rate is above 90/min or the current weight is 60 kg or less, prescribe clotrimazole pessaries instead.",Prescribe oral fluconazole.,Prescribe clotrimazole pessaries.,s,patient: heart rate = 62; present; current | patient: weight = 84; present; current,"Woman of 36 years.
Vaginal itching and discharge; candidiasis confirmed on microscopy.
Prefers to be addressed by first name.
Has two cats.
Current heart rate 62/min.
Latest weight 84 kg.",,,,
author1,101,rule_v1/test_L2,rule_v1.test.gs134.c1.subject.easy.617,subject,easy,base,"For contraception, prescribe a combined oral contraceptive. Score 2 points if the patient or a first-degree relative (parent, sibling or child) has had coronary artery disease at any time; 2 points if the current weight is 60 kg or less; 2 points if the current platelet count is below 50 x10^9/L; 1 point if the patient currently has tender anterior cervical lymph nodes. If the score is 7 or more, prescribe a progestin-only pill instead.",Prescribe a combined oral contraceptive.,Prescribe a progestin-only pill.,s,patient: platelet count = 37; present; current | patient: weight = 55; present; current | patient: tender cervical lymph nodes; present; current | patient: coronary artery disease (patient or first-degree relative); absent; current,"Woman of 29 years.
Requests contraception.
Current platelet count 37 x10^9/L.
Prefers morning appointments.
Teeth in good repair.
Current weight 55 kg.
Lives in a second-floor apartment.
Tender, swollen lymph nodes in the front of the neck.
Chest pain on exertion: none reported.",,,,
author1,101,rule_v1/test_L2,rule_v1.test.gs134.c1.subject.easy.617,subject,easy,flip,"For contraception, prescribe a combined oral contraceptive. Score 2 points if the patient or a first-degree relative (parent, sibling or child) has had coronary artery disease at any time; 2 points if the current weight is 60 kg or less; 2 points if the current platelet count is below 50 x10^9/L; 1 point if the patient currently has tender anterior cervical lymph nodes. If the score is 7 or more, prescribe a progestin-only pill instead.",Prescribe a combined oral contraceptive.,Prescribe a progestin-only pill.,s',patient: platelet count = 37; present; current | patient: weight = 55; present; current | patient: tender cervical lymph nodes; present; current | father: coronary artery disease (patient or first-degree relative); present; current,"Woman of 29 years.
Requests contraception.
Current platelet count 37 x10^9/L.
Prefers morning appointments.
Teeth in good repair.
Current weight 55 kg.
Lives in a second-floor apartment.
Tender, swollen lymph nodes in the front of the neck.
Her father has known coronary artery disease.",,,,
author1,101,rule_v1/test_L2,rule_v1.test.gs134.c1.subject.easy.617,subject,easy,near,"For contraception, prescribe a combined oral contraceptive. Score 2 points if the patient or a first-degree relative (parent, sibling or child) has had coronary artery disease at any time; 2 points if the current weight is 60 kg or less; 2 points if the current platelet count is below 50 x10^9/L; 1 point if the patient currently has tender anterior cervical lymph nodes. If the score is 7 or more, prescribe a progestin-only pill instead.",Prescribe a combined oral contraceptive.,Prescribe a progestin-only pill.,s,patient: platelet count = 37; present; current | patient: weight = 55; present; current | patient: tender cervical lymph nodes; present; current | wife: coronary artery disease (patient or first-degree relative); present; current,"Woman of 29 years.
Requests contraception.
Current platelet count 37 x10^9/L.
Prefers morning appointments.
Teeth in good repair.
Current weight 55 kg.
Lives in a second-floor apartment.
Tender, swollen lymph nodes in the front of the neck.
Her wife has angina from coronary artery disease.",,,,
author1,101,rule_v1/test_L2,rule_v1.test.gs134.c1.subject.easy.617,subject,easy,pres,"For contraception, prescribe a combined oral contraceptive. Score 2 points if the patient or a first-degree relative (parent, sibling or child) has had coronary artery disease at any time; 2 points if the current weight is 60 kg or less; 2 points if the current platelet count is below 50 x10^9/L; 1 point if the patient currently has tender anterior cervical lymph nodes. If the score is 7 or more, prescribe a progestin-only pill instead.",Prescribe a combined oral contraceptive.,Prescribe a progestin-only pill.,s,patient: platelet count = 37; present; current | patient: weight = 55; present; current | patient: tender cervical lymph nodes; present; current | patient: coronary artery disease (patient or first-degree relative); absent; current,"Female patient of 29 years.
Requests contraception.
Platelet count now 37 x10^9/L.
Latest weight 55 kg.
Tender, swollen lymph nodes in the front of the neck.
Chest pain on exertion: none reported.
Prefers morning appointments.
Teeth in good repair.
Lives in a second-floor apartment.",,,,
author1,101,rule_v1/test_L2,rule_v1.test.gs134.c1.subject.easy.617,subject,easy,missing,"For contraception, prescribe a combined oral contraceptive. Score 2 points if the patient or a first-degree relative (parent, sibling or child) has had coronary artery disease at any time; 2 points if the current weight is 60 kg or less; 2 points if the current platelet count is below 50 x10^9/L; 1 point if the patient currently has tender anterior cervical lymph nodes. If the score is 7 or more, prescribe a progestin-only pill instead.",Prescribe a combined oral contraceptive.,Prescribe a progestin-only pill.,neither,patient: platelet count = 37; present; current | patient: weight = 55; present; current | patient: tender cervical lymph nodes; present; current | patient: coronary artery disease (patient or first-degree relative); unknown; current,"Woman of 29 years.
Requests contraception.
Current platelet count 37 x10^9/L.
Prefers morning appointments.
Teeth in good repair.
Current weight 55 kg.
Lives in a second-floor apartment.
Tender, swollen lymph nodes in the front of the neck.
Coronary artery disease (patient or first-degree relative): unknown.",,,,
author1,105,rule_v1/test_L2,rule_v1.test.s3_aims65.sbp.numeric.easy.332,numeric,easy,base,"AIMS65 (as used here, partial): 1 point each for a current international normalized ratio (INR) above 1.5; current altered mental status (confusion or disorientation); a current systolic blood pressure of 90 mmHg or less; age 65 years or more. Other AIMS65 items are not part of this question.",The systolic blood pressure criterion contributes 0 points.,The systolic blood pressure criterion contributes 1 point.,s,patient: altered mental status; absent; current | patient: age = 44; present; current | patient: international normalized ratio = 1.0; present; current | patient: systolic blood pressure = 135; present; current,"Woman, adult.
Upper gastrointestinal bleeding with black stools; admitted for endoscopy.
Speech clear; follows commands.
Current age 44 years.
Latest international normalized ratio (INR): 1.0.
Teeth in good repair.
Observations now: blood pressure 135/89 mmHg.",,,,
author1,105,rule_v1/test_L2,rule_v1.test.s3_aims65.sbp.numeric.easy.332,numeric,easy,flip,"AIMS65 (as used here, partial): 1 point each for a current international normalized ratio (INR) above 1.5; current altered mental status (confusion or disorientation); a current systolic blood pressure of 90 mmHg or less; age 65 years or more. Other AIMS65 items are not part of this question.",The systolic blood pressure criterion contributes 0 points.,The systolic blood pressure criterion contributes 1 point.,s',patient: altered mental status; absent; current | patient: age = 44; present; current | patient: international normalized ratio = 1.0; present; current | patient: systolic blood pressure = 90; present; current,"Woman, adult.
Upper gastrointestinal bleeding with black stools; admitted for endoscopy.
Speech clear; follows commands.
Current age 44 years.
Latest international normalized ratio (INR): 1.0.
Teeth in good repair.
Observations now: blood pressure 90/64 mmHg.",,,,
author1,105,rule_v1/test_L2,rule_v1.test.s3_aims65.sbp.numeric.easy.332,numeric,easy,near,"AIMS65 (as used here, partial): 1 point each for a current international normalized ratio (INR) above 1.5; current altered mental status (confusion or disorientation); a current systolic blood pressure of 90 mmHg or less; age 65 years or more. Other AIMS65 items are not part of this question.",The systolic blood pressure criterion contributes 0 points.,The systolic blood pressure criterion contributes 1 point.,s,patient: altered mental status; absent; current | patient: age = 44; present; current | patient: international normalized ratio = 1.0; present; current | patient: systolic blood pressure = 95; present; current,"Woman, adult.
Upper gastrointestinal bleeding with black stools; admitted for endoscopy.
Speech clear; follows commands.
Current age 44 years.
Latest international normalized ratio (INR): 1.0.
Teeth in good repair.
Observations now: blood pressure 95/67 mmHg.",,,,
author1,105,rule_v1/test_L2,rule_v1.test.s3_aims65.sbp.numeric.easy.332,numeric,easy,pres,"AIMS65 (as used here, partial): 1 point each for a current international normalized ratio (INR) above 1.5; current altered mental status (confusion or disorientation); a current systolic blood pressure of 90 mmHg or less; age 65 years or more. Other AIMS65 items are not part of this question.",The systolic blood pressure criterion contributes 0 points.,The systolic blood pressure criterion contributes 1 point.,s,patient: international normalized ratio = 1.0; present; current | patient: altered mental status; absent; current | patient: systolic blood pressure = 135; present; current | patient: age = 44; present; current,"An adult woman.
Upper gastrointestinal bleeding with black stools; admitted for endoscopy.
Teeth in good repair.
Current international normalized ratio 1.0.
Speech clear; follows commands.
Current systolic blood pressure 135 mmHg.
Currently aged 44 years.",,,,
author1,105,rule_v1/test_L2,rule_v1.test.s3_aims65.sbp.numeric.easy.332,numeric,easy,missing,"AIMS65 (as used here, partial): 1 point each for a current international normalized ratio (INR) above 1.5; current altered mental status (confusion or disorientation); a current systolic blood pressure of 90 mmHg or less; age 65 years or more. Other AIMS65 items are not part of this question.",The systolic blood pressure criterion contributes 0 points.,The systolic blood pressure criterion contributes 1 point.,neither,patient: altered mental status; absent; current | patient: age = 44; present; current | patient: international normalized ratio = 1.0; present; current,"Woman, adult.
Upper gastrointestinal bleeding with black stools; admitted for endoscopy.
Speech clear; follows commands.
Current age 44 years.
Latest international normalized ratio (INR): 1.0.
Teeth in good repair.",,,,
author1,109,rule_v1/test_L2,rule_v1.test.s1_meds.ams.subject.long.1436,subject,long,base,"Mortality in Emergency Department Sepsis score (as used here, partial): 3 points for a current platelet count below 150 x10^9/L; 3 points for an age above 65 years; 2 points for current altered mental status (confusion or disorientation). Other items of the score are not part of this question.",The altered mental status criterion contributes 0 points.,The altered mental status criterion contributes 2 points.,s,patient: altered mental status; absent; current | patient: platelet count = 160; present; current | patient: age = 55; present; current,"An adult man.
Suspected sepsis; admitted from the emergency department.
Has two cats.
Uses sunscreen in summer.
Gives a clear account of the illness.
Platelet count now 160 x10^9/L.
Prefers to be addressed by first name.
Current age 55 years.
Photographs local wildlife.
Sleeps seven hours a night.
Lives in a second-floor apartment.
Knits as a hobby.
Paints watercolors as a hobby.
His father sprained a thumb last month.
Plays the piano.
Enjoys board games.
His friend burned a hand on a stove years ago.
Prefers morning appointments.
Free T4 of 1.2 ng/dL in 2020.
Sees a dentist yearly.
Drives a car.
Pupils equal and reactive to light.
In 2009, lipase was 30 U/L.",,,,
author1,109,rule_v1/test_L2,rule_v1.test.s1_meds.ams.subject.long.1436,subject,long,flip,"Mortality in Emergency Department Sepsis score (as used here, partial): 3 points for a current platelet count below 150 x10^9/L; 3 points for an age above 65 years; 2 points for current altered mental status (confusion or disorientation). Other items of the score are not part of this question.",The altered mental status criterion contributes 0 points.,The altered mental status criterion contributes 2 points.,s',patient: altered mental status; present; current | patient: platelet count = 160; present; current | patient: age = 55; present; current,"An adult man.
Suspected sepsis; admitted from the emergency department.
Has two cats.
Uses sunscreen in summer.
Disoriented to time and place, which is new for the patient.
Platelet count now 160 x10^9/L.
Prefers to be addressed by first name.
Current age 55 years.
Photographs local wildlife.
Sleeps seven hours a night.
Lives in a second-floor apartment.
Knits as a hobby.
Paints watercolors as a hobby.
His father sprained a thumb last month.
Plays the piano.
Enjoys board games.
His friend burned a hand on a stove years ago.
Prefers morning appointments.
Free T4 of 1.2 ng/dL in 2020.
Sees a dentist yearly.
Drives a car.
Pupils equal and reactive to light.
In 2009, lipase was 30 U/L.",,,,
author1,109,rule_v1/test_L2,rule_v1.test.s1_meds.ams.subject.long.1436,subject,long,near,"Mortality in Emergency Department Sepsis score (as used here, partial): 3 points for a current platelet count below 150 x10^9/L; 3 points for an age above 65 years; 2 points for current altered mental status (confusion or disorientation). Other items of the score are not part of this question.",The altered mental status criterion contributes 0 points.,The altered mental status criterion contributes 2 points.,s,father: altered mental status; present; current | patient: platelet count = 160; present; current | patient: age = 55; present; current,"An adult man.
Suspected sepsis; admitted from the emergency department.
Has two cats.
Uses sunscreen in summer.
His father is newly disoriented.
Platelet count now 160 x10^9/L.
Prefers to be addressed by first name.
Current age 55 years.
Photographs local wildlife.
Sleeps seven hours a night.
Lives in a second-floor apartment.
Knits as a hobby.
Paints watercolors as a hobby.
His father sprained a thumb last month.
Plays the piano.
Enjoys board games.
His friend burned a hand on a stove years ago.
Prefers morning appointments.
Free T4 of 1.2 ng/dL in 2020.
Sees a dentist yearly.
Drives a car.
Pupils equal and reactive to light.
In 2009, lipase was 30 U/L.",,,,
author1,109,rule_v1/test_L2,rule_v1.test.s1_meds.ams.subject.long.1436,subject,long,pres,"Mortality in Emergency Department Sepsis score (as used here, partial): 3 points for a current platelet count below 150 x10^9/L; 3 points for an age above 65 years; 2 points for current altered mental status (confusion or disorientation). Other items of the score are not part of this question.",The altered mental status criterion contributes 0 points.,The altered mental status criterion contributes 2 points.,s,patient: platelet count = 160; present; current | patient: altered mental status; absent; current | patient: age = 55; present; current,"Man, adult.
Suspected sepsis; admitted from the emergency department.
Sees a dentist yearly.
Sleeps seven hours a night.
Enjoys board games.
Free T4 of 1.2 ng/dL in 2020.
Drives a car.
Paints watercolors as a hobby.
Current platelet count 160 x10^9/L.
Gives a clear account of the illness.
His father sprained a thumb last month.
Photographs local wildlife.
Currently aged 55 years.
Plays the piano.
Has two cats.
Pupils equal and reactive to light.
Lives in a second-floor apartment.
Prefers morning appointments.
Prefers to be addressed by first name.
In 2009, lipase was 30 U/L.
Uses sunscreen in summer.
His friend burned a hand on a stove years ago.
Knits as a hobby.",,,,
author1,113,rule_v1/test_L2,rule_v1.test.gs079.c3.negation.easy.1365,negation,easy,base,"For suspected infection on the medical ward, prescribe oral amoxicillin. If at least two of the following apply, prescribe intravenous piperacillin-tazobactam instead: the current blood urea nitrogen is above 19 mg/dL; the patient has had a major bleeding event at any time; the patient currently has heart failure.",Prescribe oral amoxicillin.,Prescribe intravenous piperacillin-tazobactam.,s,patient: blood urea nitrogen = 10; present; current | patient: bleeding history; present; current,"Female patient of 65 years.
Suspected chest infection; assessed on the medical ward.
Blood urea nitrogen now: 10 mg/dL.
Major bleed from the stomach at present, with hemoglobin falling.
Teeth in good repair.
Drives a car.
Knits as a hobby.
Prefers to be addressed by first name.",,,,
author1,113,rule_v1/test_L2,rule_v1.test.gs079.c3.negation.easy.1365,negation,easy,flip,"For suspected infection on the medical ward, prescribe oral amoxicillin. If at least two of the following apply, prescribe intravenous piperacillin-tazobactam instead: the current blood urea nitrogen is above 19 mg/dL; the patient has had a major bleeding event at any time; the patient currently has heart failure.",Prescribe oral amoxicillin.,Prescribe intravenous piperacillin-tazobactam.,s',patient: current heart failure; present; current | patient: blood urea nitrogen = 10; present; current | patient: bleeding history; present; current,"Female patient of 65 years.
Suspected chest infection; assessed on the medical ward.
Current heart failure with ankle swelling.
Blood urea nitrogen now: 10 mg/dL.
Major bleed from the stomach at present, with hemoglobin falling.
Teeth in good repair.
Drives a car.
Knits as a hobby.
Prefers to be addressed by first name.",,,,
author1,113,rule_v1/test_L2,rule_v1.test.gs079.c3.negation.easy.1365,negation,easy,near,"For suspected infection on the medical ward, prescribe oral amoxicillin. If at least two of the following apply, prescribe intravenous piperacillin-tazobactam instead: the current blood urea nitrogen is above 19 mg/dL; the patient has had a major bleeding event at any time; the patient currently has heart failure.",Prescribe oral amoxicillin.,Prescribe intravenous piperacillin-tazobactam.,s,patient: current heart failure; absent; current | patient: blood urea nitrogen = 10; present; current | patient: bleeding history; present; current,"Female patient of 65 years.
Suspected chest infection; assessed on the medical ward.
Heart failure: never diagnosed.
Blood urea nitrogen now: 10 mg/dL.
Major bleed from the stomach at present, with hemoglobin falling.
Teeth in good repair.
Drives a car.
Knits as a hobby.
Prefers to be addressed by first name.",,,,
author1,113,rule_v1/test_L2,rule_v1.test.gs079.c3.negation.easy.1365,negation,easy,pres,"For suspected infection on the medical ward, prescribe oral amoxicillin. If at least two of the following apply, prescribe intravenous piperacillin-tazobactam instead: the current blood urea nitrogen is above 19 mg/dL; the patient has had a major bleeding event at any time; the patient currently has heart failure.",Prescribe oral amoxicillin.,Prescribe intravenous piperacillin-tazobactam.,s,patient: bleeding history; present; current | patient: blood urea nitrogen = 10; present; current,"Woman of 65 years.
Suspected chest infection; assessed on the medical ward.
Prefers to be addressed by first name.
Teeth in good repair.
Major bleed from the stomach at present, with hemoglobin falling.
Blood urea nitrogen 10 mg/dL on the current labs.
Drives a car.
Knits as a hobby.",,,,
author1,117,rule_v1/test_L2,rule_v1.test.gs083.c1.numeric.easy.1998,numeric,easy,base,"For community-acquired pneumonia, prescribe oral amoxicillin. If the current serum creatinine is 1.5 mg/dL or more and the patient has ever had heart failure (current or past), prescribe intravenous co-amoxiclav instead.",Prescribe oral amoxicillin.,Prescribe intravenous co-amoxiclav.,s,patient: heart failure; present; past (2009) | patient: serum creatinine = 0.6; present; current,"Female patient of 45 years.
Community-acquired pneumonia confirmed on chest radiograph.
Photographs local wildlife.
Formerly had heart failure from stress cardiomyopathy; recovered fully in 2009 and off all heart medicines since.
Latest creatinine result: 0.6 mg/dL.
Plays the piano.",,,,
author1,117,rule_v1/test_L2,rule_v1.test.gs083.c1.numeric.easy.1998,numeric,easy,flip,"For community-acquired pneumonia, prescribe oral amoxicillin. If the current serum creatinine is 1.5 mg/dL or more and the patient has ever had heart failure (current or past), prescribe intravenous co-amoxiclav instead.",Prescribe oral amoxicillin.,Prescribe intravenous co-amoxiclav.,s',patient: heart failure; present; past (2009) | patient: serum creatinine = 2.0; present; current,"Female patient of 45 years.
Community-acquired pneumonia confirmed on chest radiograph.
Photographs local wildlife.
Formerly had heart failure from stress cardiomyopathy; recovered fully in 2009 and off all heart medicines since.
Latest creatinine result: 2.0 mg/dL.
Plays the piano.",,,,
author1,117,rule_v1/test_L2,rule_v1.test.gs083.c1.numeric.easy.1998,numeric,easy,near,"For community-acquired pneumonia, prescribe oral amoxicillin. If the current serum creatinine is 1.5 mg/dL or more and the patient has ever had heart failure (current or past), prescribe intravenous co-amoxiclav instead.",Prescribe oral amoxicillin.,Prescribe intravenous co-amoxiclav.,s,patient: heart failure; present; past (2009) | patient: serum creatinine = 1.4; present; current,"Female patient of 45 years.
Community-acquired pneumonia confirmed on chest radiograph.
Photographs local wildlife.
Formerly had heart failure from stress cardiomyopathy; recovered fully in 2009 and off all heart medicines since.
Latest creatinine result: 1.4 mg/dL.
Plays the piano.",,,,
author1,117,rule_v1/test_L2,rule_v1.test.gs083.c1.numeric.easy.1998,numeric,easy,pres,"For community-acquired pneumonia, prescribe oral amoxicillin. If the current serum creatinine is 1.5 mg/dL or more and the patient has ever had heart failure (current or past), prescribe intravenous co-amoxiclav instead.",Prescribe oral amoxicillin.,Prescribe intravenous co-amoxiclav.,s,patient: heart failure; present; past (2009) | patient: serum creatinine = 0.6; present; current,"Woman of 45 years.
Community-acquired pneumonia confirmed on chest radiograph.
Plays the piano.
Formerly had heart failure from stress cardiomyopathy; recovered fully in 2009 and off all heart medicines since.
Photographs local wildlife.
Current serum creatinine 0.6 mg/dL.",,,,
author1,121,rule_v1/test_L2,rule_v1.test.gs220.c2.negation.long.754,negation,long,base,"For contraception, prescribe a combined oral contraceptive. If the current eGFR is below 30 mL/min/1.73 m2 and the patient or a first-degree relative (parent, sibling or child) has had diabetes at any time, prescribe a progestin-only pill instead.",Prescribe a combined oral contraceptive.,Prescribe a progestin-only pill.,s,patient: eGFR = 24; present; current | patient: diabetes (patient or first-degree relative); absent; current,"Female patient of 19 years.
Requests contraception.
During a checkup in 2024, total protein was 7.0 g/dL.
Has two cats.
Lives in a second-floor apartment.
Sees a dentist yearly.
Her roommate sprained a thumb last month.
Plays the piano.
Zinc of 85 mcg/dL in 2024.
Teeth in good repair.
In 2024, folate was 12 ng/mL.
Pupils equal and reactive to light.
Her sister burned a hand on a stove years ago.
Knits as a hobby.
Paints watercolors as a hobby.
Enjoys board games.
eGFR now 24 mL/min/1.73 m2.
Prefers to be addressed by first name.
Owns a bicycle.
HbA1c 5.3% at a routine check.
Photographs local wildlife.",,,,
author1,121,rule_v1/test_L2,rule_v1.test.gs220.c2.negation.long.754,negation,long,flip,"For contraception, prescribe a combined oral contraceptive. If the current eGFR is below 30 mL/min/1.73 m2 and the patient or a first-degree relative (parent, sibling or child) has had diabetes at any time, prescribe a progestin-only pill instead.",Prescribe a combined oral contraceptive.,Prescribe a progestin-only pill.,s',patient: eGFR = 24; present; current | sister: diabetes (patient or first-degree relative); present; past,"Female patient of 19 years.
Requests contraception.
During a checkup in 2024, total protein was 7.0 g/dL.
Has two cats.
Lives in a second-floor apartment.
Sees a dentist yearly.
Her roommate sprained a thumb last month.
Plays the piano.
Zinc of 85 mcg/dL in 2024.
Teeth in good repair.
In 2024, folate was 12 ng/mL.
Pupils equal and reactive to light.
Her sister burned a hand on a stove years ago.
Knits as a hobby.
Paints watercolors as a hobby.
Enjoys board games.
eGFR now 24 mL/min/1.73 m2.
Prefers to be addressed by first name.
Owns a bicycle.
Her sister had diabetes years ago that went away after a change in diet.
Photographs local wildlife.",,,,
author1,121,rule_v1/test_L2,rule_v1.test.gs220.c2.negation.long.754,negation,long,near,"For contraception, prescribe a combined oral contraceptive. If the current eGFR is below 30 mL/min/1.73 m2 and the patient or a first-degree relative (parent, sibling or child) has had diabetes at any time, prescribe a progestin-only pill instead.",Prescribe a combined oral contraceptive.,Prescribe a progestin-only pill.,s,patient: eGFR = 24; present; current | patient: diabetes (patient or first-degree relative); absent; current,"Female patient of 19 years.
Requests contraception.
During a checkup in 2024, total protein was 7.0 g/dL.
Has two cats.
Lives in a second-floor apartment.
Sees a dentist yearly.
Her roommate sprained a thumb last month.
Plays the piano.
Zinc of 85 mcg/dL in 2024.
Teeth in good repair.
In 2024, folate was 12 ng/mL.
Pupils equal and reactive to light.
Her sister burned a hand on a stove years ago.
Knits as a hobby.
Paints watercolors as a hobby.
Enjoys board games.
eGFR now 24 mL/min/1.73 m2.
Prefers to be addressed by first name.
Owns a bicycle.
Has never had diabetes.
Photographs local wildlife.",,,,
author1,121,rule_v1/test_L2,rule_v1.test.gs220.c2.negation.long.754,negation,long,pres,"For contraception, prescribe a combined oral contraceptive. If the current eGFR is below 30 mL/min/1.73 m2 and the patient or a first-degree relative (parent, sibling or child) has had diabetes at any time, prescribe a progestin-only pill instead.",Prescribe a combined oral contraceptive.,Prescribe a progestin-only pill.,s,patient: eGFR = 24; present; current | patient: diabetes (patient or first-degree relative); absent; current,"Woman of 19 years.
Requests contraception.
Her roommate sprained a thumb last month.
Current eGFR 24 mL/min/1.73 m2.
HbA1c 5.3% at a routine check.
Prefers to be addressed by first name.
Owns a bicycle.
Sees a dentist yearly.
During a checkup in 2024, total protein was 7.0 g/dL.
Paints watercolors as a hobby.
Has two cats.
Knits as a hobby.
Lives in a second-floor apartment.
Enjoys board games.
Her sister burned a hand on a stove years ago.
Zinc of 85 mcg/dL in 2024.
In 2024, folate was 12 ng/mL.
Plays the piano.
Photographs local wildlife.
Pupils equal and reactive to light.
Teeth in good repair.",,,,
author1,121,rule_v1/test_L2,rule_v1.test.gs220.c2.negation.long.754,negation,long,missing,"For contraception, prescribe a combined oral contraceptive. If the current eGFR is below 30 mL/min/1.73 m2 and the patient or a first-degree relative (parent, sibling or child) has had diabetes at any time, prescribe a progestin-only pill instead.",Prescribe a combined oral contraceptive.,Prescribe a progestin-only pill.,neither,patient: eGFR = 24; present; current | patient: diabetes (patient or first-degree relative); unknown; current,"Female patient of 19 years.
Requests contraception.
During a checkup in 2024, total protein was 7.0 g/dL.
Has two cats.
Lives in a second-floor apartment.
Sees a dentist yearly.
Her roommate sprained a thumb last month.
Plays the piano.
Zinc of 85 mcg/dL in 2024.
Teeth in good repair.
In 2024, folate was 12 ng/mL.
Pupils equal and reactive to light.
Her sister burned a hand on a stove years ago.
Knits as a hobby.
Paints watercolors as a hobby.
Enjoys board games.
eGFR now 24 mL/min/1.73 m2.
Prefers to be addressed by first name.
Owns a bicycle.
Diabetes (patient or first-degree relative): status unclear from the records at hand.
Photographs local wildlife.",,,,
author1,125,rule_v1/test_L2,rule_v1.test.gs066.c2.subject.long.56,subject,long,base,"For rate control in atrial fibrillation, prescribe metoprolol. If the patient or a first-degree relative (parent, sibling or child) has had colorectal cancer at any time and the patient currently has tonsillar exudate, prescribe diltiazem instead.",Prescribe metoprolol.,Prescribe diltiazem.,s,patient: tonsillar exudate; absent; current | sister: colorectal cancer (patient or first-degree relative); present; past (2013),"Man of 82 years.
Atrial fibrillation with a ventricular rate of 128/min.
Prefers morning appointments.
Paints watercolors as a hobby.
Has two cats.
His roommate sprained a thumb last month.
Enjoys board games.
Uses sunscreen in summer.
His friend wears contact lenses.
In 2014, lipase was 30 U/L.
In 2007, folate was 12 ng/mL.
Photographs local wildlife.
Owns a bicycle.
Free T4 of 1.2 ng/dL in 2024.
Sleeps seven hours a night.
Sees a dentist yearly.
Pupils equal and reactive to light.
Teeth in good repair.
Tonsils pink and clean on inspection.
His sister recovered from colon cancer after an operation in 2013.
Knits as a hobby.
His friend lives with psoriasis.
Drives a car.
Lives in a second-floor apartment.",,,,
author1,125,rule_v1/test_L2,rule_v1.test.gs066.c2.subject.long.56,subject,long,flip,"For rate control in atrial fibrillation, prescribe metoprolol. If the patient or a first-degree relative (parent, sibling or child) has had colorectal cancer at any time and the patient currently has tonsillar exudate, prescribe diltiazem instead.",Prescribe metoprolol.,Prescribe diltiazem.,s',patient: tonsillar exudate; present; current | sister: colorectal cancer (patient or first-degree relative); present; past (2013),"Man of 82 years.
Atrial fibrillation with a ventricular rate of 128/min.
Prefers morning appointments.
Paints watercolors as a hobby.
Has two cats.
His roommate sprained a thumb last month.
Enjoys board games.
Uses sunscreen in summer.
His friend wears contact lenses.
In 2014, lipase was 30 U/L.
In 2007, folate was 12 ng/mL.
Photographs local wildlife.
Owns a bicycle.
Free T4 of 1.2 ng/dL in 2024.
Sleeps seven hours a night.
Sees a dentist yearly.
Pupils equal and reactive to light.
Teeth in good repair.
Tonsils swollen and coated with yellow exudate.
His sister recovered from colon cancer after an operation in 2013.
Knits as a hobby.
His friend lives with psoriasis.
Drives a car.
Lives in a second-floor apartment.",,,,
author1,125,rule_v1/test_L2,rule_v1.test.gs066.c2.subject.long.56,subject,long,near,"For rate control in atrial fibrillation, prescribe metoprolol. If the patient or a first-degree relative (parent, sibling or child) has had colorectal cancer at any time and the patient currently has tonsillar exudate, prescribe diltiazem instead.",Prescribe metoprolol.,Prescribe diltiazem.,s,sister: tonsillar exudate; present; current | sister: colorectal cancer (patient or first-degree relative); present; past (2013),"Man of 82 years.
Atrial fibrillation with a ventricular rate of 128/min.
Prefers morning appointments.
Paints watercolors as a hobby.
Has two cats.
His roommate sprained a thumb last month.
Enjoys board games.
Uses sunscreen in summer.
His friend wears contact lenses.
In 2014, lipase was 30 U/L.
In 2007, folate was 12 ng/mL.
Photographs local wildlife.
Owns a bicycle.
Free T4 of 1.2 ng/dL in 2024.
Sleeps seven hours a night.
Sees a dentist yearly.
Pupils equal and reactive to light.
Teeth in good repair.
His sister has a sore throat with tonsillar exudate.
His sister recovered from colon cancer after an operation in 2013.
Knits as a hobby.
His friend lives with psoriasis.
Drives a car.
Lives in a second-floor apartment.",,,,
author1,125,rule_v1/test_L2,rule_v1.test.gs066.c2.subject.long.56,subject,long,pres,"For rate control in atrial fibrillation, prescribe metoprolol. If the patient or a first-degree relative (parent, sibling or child) has had colorectal cancer at any time and the patient currently has tonsillar exudate, prescribe diltiazem instead.",Prescribe metoprolol.,Prescribe diltiazem.,s,patient: tonsillar exudate; absent; current | sister: colorectal cancer (patient or first-degree relative); present; past (2013),"Male patient of 82 years.
Atrial fibrillation with a ventricular rate of 128/min.
Lives in a second-floor apartment.
His friend wears contact lenses.
Sees a dentist yearly.
Teeth in good repair.
Enjoys board games.
Has two cats.
His roommate sprained a thumb last month.
Drives a car.
Free T4 of 1.2 ng/dL in 2024.
Sleeps seven hours a night.
Owns a bicycle.
Pupils equal and reactive to light.
Tonsils pink and clean on inspection.
His sister recovered from colon cancer after an operation in 2013.
His friend lives with psoriasis.
Photographs local wildlife.
Paints watercolors as a hobby.
Prefers morning appointments.
Uses sunscreen in summer.
In 2014, lipase was 30 U/L.
In 2007, folate was 12 ng/mL.
Knits as a hobby.",,,,
author1,125,rule_v1/test_L2,rule_v1.test.gs066.c2.subject.long.56,subject,long,missing,"For rate control in atrial fibrillation, prescribe metoprolol. If the patient or a first-degree relative (parent, sibling or child) has had colorectal cancer at any time and the patient currently has tonsillar exudate, prescribe diltiazem instead.",Prescribe metoprolol.,Prescribe diltiazem.,neither,patient: tonsillar exudate; unknown; current | sister: colorectal cancer (patient or first-degree relative); present; past (2013),"Man of 82 years.
Atrial fibrillation with a ventricular rate of 128/min.
Prefers morning appointments.
Paints watercolors as a hobby.
Has two cats.
His roommate sprained a thumb last month.
Enjoys board games.
Uses sunscreen in summer.
His friend wears contact lenses.
In 2014, lipase was 30 U/L.
In 2007, folate was 12 ng/mL.
Photographs local wildlife.
Owns a bicycle.
Free T4 of 1.2 ng/dL in 2024.
Sleeps seven hours a night.
Sees a dentist yearly.
Pupils equal and reactive to light.
Teeth in good repair.
Tonsillar exudate: unknown.
His sister recovered from colon cancer after an operation in 2013.
Knits as a hobby.
His friend lives with psoriasis.
Drives a car.
Lives in a second-floor apartment.",,,,
author1,129,rule_v1/test_L3inv,rule_v1.test.inv008.c1.negation.long.109,negation,long,base,"For Okata fever, prescribe solvadine. If the patient currently has a venous thromboembolism and the current eGFR is below 50 mL/min/1.73 m2, prescribe tarnicept instead.",Prescribe solvadine.,Prescribe tarnicept.,s,patient: eGFR = 44; present; current,"Man of 60 years.
Referred with Okata fever.
Drives a car.
In 2024, lipase was 30 U/L.
Paints watercolors as a hobby.
eGFR now 44 mL/min/1.73 m2.
His wife has a lazy eye.
During a checkup in 2024, total protein was 7.0 g/dL.
Free T4 of 1.2 ng/dL in 2005.
His friend burned a hand on a stove years ago.
Sleeps seven hours a night.
Photographs local wildlife.
Prefers morning appointments.
During a checkup in 2019, free T3 was 3.2 pg/mL.
Lives in a second-floor apartment.
Uses sunscreen in summer.
Teeth in good repair.
His friend has recovered from a dislocated finger.
His roommate wears contact lenses.",,,,
author1,129,rule_v1/test_L3inv,rule_v1.test.inv008.c1.negation.long.109,negation,long,flip,"For Okata fever, prescribe solvadine. If the patient currently has a venous thromboembolism and the current eGFR is below 50 mL/min/1.73 m2, prescribe tarnicept instead.",Prescribe solvadine.,Prescribe tarnicept.,s',patient: eGFR = 44; present; current | patient: current venous thromboembolism; present; current,"Man of 60 years.
Referred with Okata fever.
Drives a car.
In 2024, lipase was 30 U/L.
Paints watercolors as a hobby.
eGFR now 44 mL/min/1.73 m2.
His wife has a lazy eye.
Has an acute pulmonary embolism, diagnosed this week.
During a checkup in 2024, total protein was 7.0 g/dL.
Free T4 of 1.2 ng/dL in 2005.
His friend burned a hand on a stove years ago.
Sleeps seven hours a night.
Photographs local wildlife.
Prefers morning appointments.
During a checkup in 2019, free T3 was 3.2 pg/mL.
Lives in a second-floor apartment.
Uses sunscreen in summer.
Teeth in good repair.
His friend has recovered from a dislocated finger.
His roommate wears contact lenses.",,,,
author1,129,rule_v1/test_L3inv,rule_v1.test.inv008.c1.negation.long.109,negation,long,near,"For Okata fever, prescribe solvadine. If the patient currently has a venous thromboembolism and the current eGFR is below 50 mL/min/1.73 m2, prescribe tarnicept instead.",Prescribe solvadine.,Prescribe tarnicept.,s,patient: eGFR = 44; present; current | patient: current venous thromboembolism; absent; current,"Man of 60 years.
Referred with Okata fever.
Drives a car.
In 2024, lipase was 30 U/L.
Paints watercolors as a hobby.
eGFR now 44 mL/min/1.73 m2.
His wife has a lazy eye.
Has never had a DVT or pulmonary embolism, nor has any parent, sibling or child.
During a checkup in 2024, total protein was 7.0 g/dL.
Free T4 of 1.2 ng/dL in 2005.
His friend burned a hand on a stove years ago.
Sleeps seven hours a night.
Photographs local wildlife.
Prefers morning appointments.
During a checkup in 2019, free T3 was 3.2 pg/mL.
Lives in a second-floor apartment.
Uses sunscreen in summer.
Teeth in good repair.
His friend has recovered from a dislocated finger.
His roommate wears contact lenses.",,,,
author1,129,rule_v1/test_L3inv,rule_v1.test.inv008.c1.negation.long.109,negation,long,pres,"For Okata fever, prescribe solvadine. If the patient currently has a venous thromboembolism and the current eGFR is below 50 mL/min/1.73 m2, prescribe tarnicept instead.",Prescribe solvadine.,Prescribe tarnicept.,s,patient: eGFR = 44; present; current,"Male patient of 60 years.
Referred with Okata fever.
Photographs local wildlife.
His roommate wears contact lenses.
Uses sunscreen in summer.
During a checkup in 2024, total protein was 7.0 g/dL.
In 2024, lipase was 30 U/L.
His friend has recovered from a dislocated finger.
Free T4 of 1.2 ng/dL in 2005.
Teeth in good repair.
Current eGFR 44 mL/min/1.73 m2.
His friend burned a hand on a stove years ago.
Drives a car.
Lives in a second-floor apartment.
Prefers morning appointments.
During a checkup in 2019, free T3 was 3.2 pg/mL.
Paints watercolors as a hobby.
His wife has a lazy eye.
Sleeps seven hours a night.",,,,
author1,133,rule_v1/test_L3alt,rule_v1.test.s1_psi.bun.time.alt.225,time,alt,base,"Pneumonia Severity Index (as used here, partial): 30 points for active cancer; 10 points for current heart failure; 10 points for a stroke or TIA at any time; 30 points for a current arterial pH below 7.35; 20 points for a current blood urea nitrogen of 20 mg/dL or more. Age, sex and other items of the index are not part of this question.",The blood urea nitrogen criterion contributes 0 points.,The blood urea nitrogen criterion contributes 20 points.,s,patient: active cancer; absent; current | patient: arterial pH = 7.42; present; current | patient: blood urea nitrogen = 13; present; past (2012) | patient: blood urea nitrogen = 13; present; current,"Woman of 45 years.
Community-acquired pneumonia confirmed on chest radiograph; admitted to the medical ward.
Oncology follow-up: none.
Latest arterial blood gas shows a pH of 7.42.
Back in 2012, blood urea nitrogen stood at 13 mg/dL.
Blood urea nitrogen 13 mg/dL on the current labs.
Prefers morning appointments.",,,,
author1,133,rule_v1/test_L3alt,rule_v1.test.s1_psi.bun.time.alt.225,time,alt,flip,"Pneumonia Severity Index (as used here, partial): 30 points for active cancer; 10 points for current heart failure; 10 points for a stroke or TIA at any time; 30 points for a current arterial pH below 7.35; 20 points for a current blood urea nitrogen of 20 mg/dL or more. Age, sex and other items of the index are not part of this question.",The blood urea nitrogen criterion contributes 0 points.,The blood urea nitrogen criterion contributes 20 points.,s',patient: active cancer; absent; current | patient: arterial pH = 7.42; present; current | patient: blood urea nitrogen = 13; present; past (2012) | patient: blood urea nitrogen = 24; present; current,"Woman of 45 years.
Community-acquired pneumonia confirmed on chest radiograph; admitted to the medical ward.
Oncology follow-up: none.
Latest arterial blood gas shows a pH of 7.42.
Back in 2012, blood urea nitrogen stood at 13 mg/dL.
Blood urea nitrogen 24 mg/dL on the current labs.
Prefers morning appointments.",,,,
author1,133,rule_v1/test_L3alt,rule_v1.test.s1_psi.bun.time.alt.225,time,alt,near,"Pneumonia Severity Index (as used here, partial): 30 points for active cancer; 10 points for current heart failure; 10 points for a stroke or TIA at any time; 30 points for a current arterial pH below 7.35; 20 points for a current blood urea nitrogen of 20 mg/dL or more. Age, sex and other items of the index are not part of this question.",The blood urea nitrogen criterion contributes 0 points.,The blood urea nitrogen criterion contributes 20 points.,s,patient: active cancer; absent; current | patient: arterial pH = 7.42; present; current | patient: blood urea nitrogen = 31; present; past (2012) | patient: blood urea nitrogen = 13; present; current,"Woman of 45 years.
Community-acquired pneumonia confirmed on chest radiograph; admitted to the medical ward.
Oncology follow-up: none.
Latest arterial blood gas shows a pH of 7.42.
Back in 2012, blood urea nitrogen stood at 31 mg/dL.
Blood urea nitrogen 13 mg/dL on the current labs.
Prefers morning appointments.",,,,
author1,133,rule_v1/test_L3alt,rule_v1.test.s1_psi.bun.time.alt.225,time,alt,pres,"Pneumonia Severity Index (as used here, partial): 30 points for active cancer; 10 points for current heart failure; 10 points for a stroke or TIA at any time; 30 points for a current arterial pH below 7.35; 20 points for a current blood urea nitrogen of 20 mg/dL or more. Age, sex and other items of the index are not part of this question.",The blood urea nitrogen criterion contributes 0 points.,The blood urea nitrogen criterion contributes 20 points.,s,patient: active cancer; absent; current | patient: arterial pH = 7.42; present; current | patient: blood urea nitrogen = 13; present; current | patient: blood urea nitrogen = 13; present; past (2012),"Female patient of 45 years.
Community-acquired pneumonia confirmed on chest radiograph; admitted to the medical ward.
Oncology follow-up: none.
Prefers morning appointments.
Current arterial pH 7.42.
Blood urea nitrogen now: 13 mg/dL.
Records from 2012 list blood urea nitrogen at 13 mg/dL.",,,,
author1,137,rule_v1/test_L2,rule_v1.test.gs219.c2.boundary.long.691,boundary,long,base,"For musculoskeletal pain, prescribe ibuprofen. If at least two of the following apply, prescribe acetaminophen instead: the patient currently has tonsillar exudate; the current serum potassium is above 5.0 mmol/L; the patient has ever had coronary artery disease (current or past).",Prescribe ibuprofen.,Prescribe acetaminophen.,s,patient: tonsillar exudate; absent; current | patient: serum potassium = 4.4; present; current | patient: coronary artery disease; present; current,"Woman of 55 years.
Acute low back pain after lifting.
Free T4 of 1.2 ng/dL in 2014.
Owns a bicycle.
Teeth in good repair.
Lives in a second-floor apartment.
In 2023, lipase was 30 U/L.
Knits as a hobby.
Her friend burned a hand on a stove years ago.
Tonsils pink and clean on inspection.
Photographs local wildlife.
Drives a car.
Current serum potassium 4.4 mmol/L.
Her wife lives with psoriasis.
Enjoys board games.
Pupils equal and reactive to light.
Sleeps seven hours a night.
Her sister wears contact lenses.
Has two cats.
Uses sunscreen in summer.
Prefers to be addressed by first name.
During a checkup in 2010, total protein was 7.0 g/dL.
Sees a dentist yearly.
Paints watercolors as a hobby.
Has coronary artery disease, managed medically.",,,,
author1,137,rule_v1/test_L2,rule_v1.test.gs219.c2.boundary.long.691,boundary,long,flip,"For musculoskeletal pain, prescribe ibuprofen. If at least two of the following apply, prescribe acetaminophen instead: the patient currently has tonsillar exudate; the current serum potassium is above 5.0 mmol/L; the patient has ever had coronary artery disease (current or past).",Prescribe ibuprofen.,Prescribe acetaminophen.,s',patient: tonsillar exudate; absent; current | patient: serum potassium = 5.7; present; current | patient: coronary artery disease; present; current,"Woman of 55 years.
Acute low back pain after lifting.
Free T4 of 1.2 ng/dL in 2014.
Owns a bicycle.
Teeth in good repair.
Lives in a second-floor apartment.
In 2023, lipase was 30 U/L.
Knits as a hobby.
Her friend burned a hand on a stove years ago.
Tonsils pink and clean on inspection.
Photographs local wildlife.
Drives a car.
Current serum potassium 5.7 mmol/L.
Her wife lives with psoriasis.
Enjoys board games.
Pupils equal and reactive to light.
Sleeps seven hours a night.
Her sister wears contact lenses.
Has two cats.
Uses sunscreen in summer.
Prefers to be addressed by first name.
During a checkup in 2010, total protein was 7.0 g/dL.
Sees a dentist yearly.
Paints watercolors as a hobby.
Has coronary artery disease, managed medically.",,,,
author1,137,rule_v1/test_L2,rule_v1.test.gs219.c2.boundary.long.691,boundary,long,near,"For musculoskeletal pain, prescribe ibuprofen. If at least two of the following apply, prescribe acetaminophen instead: the patient currently has tonsillar exudate; the current serum potassium is above 5.0 mmol/L; the patient has ever had coronary artery disease (current or past).",Prescribe ibuprofen.,Prescribe acetaminophen.,s,patient: tonsillar exudate; absent; current | patient: serum potassium = 5.0; present; current | patient: coronary artery disease; present; current,"Woman of 55 years.
Acute low back pain after lifting.
Free T4 of 1.2 ng/dL in 2014.
Owns a bicycle.
Teeth in good repair.
Lives in a second-floor apartment.
In 2023, lipase was 30 U/L.
Knits as a hobby.
Her friend burned a hand on a stove years ago.
Tonsils pink and clean on inspection.
Photographs local wildlife.
Drives a car.
Current serum potassium 5.0 mmol/L.
Her wife lives with psoriasis.
Enjoys board games.
Pupils equal and reactive to light.
Sleeps seven hours a night.
Her sister wears contact lenses.
Has two cats.
Uses sunscreen in summer.
Prefers to be addressed by first name.
During a checkup in 2010, total protein was 7.0 g/dL.
Sees a dentist yearly.
Paints watercolors as a hobby.
Has coronary artery disease, managed medically.",,,,
author1,137,rule_v1/test_L2,rule_v1.test.gs219.c2.boundary.long.691,boundary,long,pres,"For musculoskeletal pain, prescribe ibuprofen. If at least two of the following apply, prescribe acetaminophen instead: the patient currently has tonsillar exudate; the current serum potassium is above 5.0 mmol/L; the patient has ever had coronary artery disease (current or past).",Prescribe ibuprofen.,Prescribe acetaminophen.,s,patient: coronary artery disease; present; current | patient: tonsillar exudate; absent; current | patient: serum potassium = 4.4; present; current,"Female patient of 55 years.
Acute low back pain after lifting.
Sleeps seven hours a night.
Paints watercolors as a hobby.
Owns a bicycle.
Pupils equal and reactive to light.
In 2023, lipase was 30 U/L.
Lives in a second-floor apartment.
During a checkup in 2010, total protein was 7.0 g/dL.
Has coronary artery disease, managed medically.
Enjoys board games.
Prefers to be addressed by first name.
Tonsils pink and clean on inspection.
Drives a car.
Latest potassium result: 4.4 mmol/L.
Her sister wears contact lenses.
Knits as a hobby.
Photographs local wildlife.
Uses sunscreen in summer.
Her friend burned a hand on a stove years ago.
Her wife lives with psoriasis.
Sees a dentist yearly.
Teeth in good repair.
Has two cats.
Free T4 of 1.2 ng/dL in 2014.",,,,
author1,137,rule_v1/test_L2,rule_v1.test.gs219.c2.boundary.long.691,boundary,long,missing,"For musculoskeletal pain, prescribe ibuprofen. If at least two of the following apply, prescribe acetaminophen instead: the patient currently has tonsillar exudate; the current serum potassium is above 5.0 mmol/L; the patient has ever had coronary artery disease (current or past).",Prescribe ibuprofen.,Prescribe acetaminophen.,neither,patient: tonsillar exudate; absent; current | patient: coronary artery disease; present; current,"Woman of 55 years.
Acute low back pain after lifting.
Free T4 of 1.2 ng/dL in 2014.
Owns a bicycle.
Teeth in good repair.
Lives in a second-floor apartment.
In 2023, lipase was 30 U/L.
Knits as a hobby.
Her friend burned a hand on a stove years ago.
Tonsils pink and clean on inspection.
Photographs local wildlife.
Drives a car.
Her wife lives with psoriasis.
Enjoys board games.
Pupils equal and reactive to light.
Sleeps seven hours a night.
Her sister wears contact lenses.
Has two cats.
Uses sunscreen in summer.
Prefers to be addressed by first name.
During a checkup in 2010, total protein was 7.0 g/dL.
Sees a dentist yearly.
Paints watercolors as a hobby.
Has coronary artery disease, managed medically.",,,,
author1,141,rule_v1/test_L2,rule_v1.test.gs087.c3.boundary.easy.474,boundary,easy,base,"For knee osteoarthritis pain, prescribe naproxen. Score 2 points if the patient is allergic to penicillin; 1 point if the patient or a first-degree relative (parent, sibling or child) has had a venous thromboembolism at any time; 3 points if the current heart rate is above 90/min. If the score is 6 or more, prescribe acetaminophen instead.",Prescribe naproxen.,Prescribe acetaminophen.,s,patient: penicillin allergy; present; current | patient: heart rate = 63; present; current | patient: venous thromboembolism (patient or first-degree relative); present; past (2018),"Man of 81 years.
Knee osteoarthritis with pain on walking.
Penicillin allergy: anaphylaxis.
Pupils equal and reactive to light.
Owns a bicycle.
Heart rate now 63/min on a pulse check.
Recovered from a pulmonary embolism in 2018.",,,,
author1,141,rule_v1/test_L2,rule_v1.test.gs087.c3.boundary.easy.474,boundary,easy,flip,"For knee osteoarthritis pain, prescribe naproxen. Score 2 points if the patient is allergic to penicillin; 1 point if the patient or a first-degree relative (parent, sibling or child) has had a venous thromboembolism at any time; 3 points if the current heart rate is above 90/min. If the score is 6 or more, prescribe acetaminophen instead.",Prescribe naproxen.,Prescribe acetaminophen.,s',patient: penicillin allergy; present; current | patient: heart rate = 96; present; current | patient: venous thromboembolism (patient or first-degree relative); present; past (2018),"Man of 81 years.
Knee osteoarthritis with pain on walking.
Penicillin allergy: anaphylaxis.
Pupils equal and reactive to light.
Owns a bicycle.
Heart rate now 96/min on a pulse check.
Recovered from a pulmonary embolism in 2018.",,,,
author1,141,rule_v1/test_L2,rule_v1.test.gs087.c3.boundary.easy.474,boundary,easy,near,"For knee osteoarthritis pain, prescribe naproxen. Score 2 points if the patient is allergic to penicillin; 1 point if the patient or a first-degree relative (parent, sibling or child) has had a venous thromboembolism at any time; 3 points if the current heart rate is above 90/min. If the score is 6 or more, prescribe acetaminophen instead.",Prescribe naproxen.,Prescribe acetaminophen.,s,patient: penicillin allergy; present; current | patient: heart rate = 90; present; current | patient: venous thromboembolism (patient or first-degree relative); present; past (2018),"Man of 81 years.
Knee osteoarthritis with pain on walking.
Penicillin allergy: anaphylaxis.
Pupils equal and reactive to light.
Owns a bicycle.
Heart rate now 90/min on a pulse check.
Recovered from a pulmonary embolism in 2018.",,,,
author1,141,rule_v1/test_L2,rule_v1.test.gs087.c3.boundary.easy.474,boundary,easy,pres,"For knee osteoarthritis pain, prescribe naproxen. Score 2 points if the patient is allergic to penicillin; 1 point if the patient or a first-degree relative (parent, sibling or child) has had a venous thromboembolism at any time; 3 points if the current heart rate is above 90/min. If the score is 6 or more, prescribe acetaminophen instead.",Prescribe naproxen.,Prescribe acetaminophen.,s,patient: heart rate = 63; present; current | patient: venous thromboembolism (patient or first-degree relative); present; past (2018) | patient: penicillin allergy; present; current,"Male patient of 81 years.
Knee osteoarthritis with pain on walking.
Current heart rate 63/min.
Pupils equal and reactive to light.
Recovered from a pulmonary embolism in 2018.
Owns a bicycle.
Penicillin allergy: anaphylaxis.",,,,
author1,141,rule_v1/test_L2,rule_v1.test.gs087.c3.boundary.easy.474,boundary,easy,missing,"For knee osteoarthritis pain, prescribe naproxen. Score 2 points if the patient is allergic to penicillin; 1 point if the patient or a first-degree relative (parent, sibling or child) has had a venous thromboembolism at any time; 3 points if the current heart rate is above 90/min. If the score is 6 or more, prescribe acetaminophen instead.",Prescribe naproxen.,Prescribe acetaminophen.,neither,patient: penicillin allergy; present; current | patient: venous thromboembolism (patient or first-degree relative); present; past (2018),"Man of 81 years.
Knee osteoarthritis with pain on walking.
Penicillin allergy: anaphylaxis.
Pupils equal and reactive to light.
Owns a bicycle.
Recovered from a pulmonary embolism in 2018.",,,,
author1,145,rule_v1/test_hard,rule_v1.test.gs079.c2.subject.long.967,subject,long,base,"For suspected infection on the medical ward, prescribe oral amoxicillin. If at least two of the following apply, prescribe intravenous piperacillin-tazobactam instead: the current blood urea nitrogen is above 19 mg/dL; the patient has had a major bleeding event at any time; the patient currently has heart failure.",Prescribe oral amoxicillin.,Prescribe intravenous piperacillin-tazobactam.,s,patient: current heart failure; present; current | patient: blood urea nitrogen = 14; present; current | patient: bleeding history; absent; current,"Man of 61 years.
Suspected chest infection; assessed on the medical ward.
Paints watercolors as a hobby.
His uncle has a lazy eye.
During a checkup in 2011, total protein was 7.0 g/dL.
During a checkup in 2008, free T3 was 3.2 pg/mL.
Sees a dentist yearly.
Current heart failure with ankle swelling.
Knits as a hobby.
Blood urea nitrogen 14 mg/dL on the current labs.
Photographs local wildlife.
Plays the piano.
Prefers morning appointments.
Owns a bicycle.
Has two cats.
Prefers to be addressed by first name.
Examination shows no signs of blood loss.
In 2020, folate was 12 ng/mL.
Uses sunscreen in summer.
Teeth in good repair.
Enjoys board games.
Lives in a second-floor apartment.
Pupils equal and reactive to light.
Free T4 of 1.2 ng/dL in 2018.
His uncle lives with psoriasis.",,,,
author1,145,rule_v1/test_hard,rule_v1.test.gs079.c2.subject.long.967,subject,long,flip,"For suspected infection on the medical ward, prescribe oral amoxicillin. If at least two of the following apply, prescribe intravenous piperacillin-tazobactam instead: the current blood urea nitrogen is above 19 mg/dL; the patient has had a major bleeding event at any time; the patient currently has heart failure.",Prescribe oral amoxicillin.,Prescribe intravenous piperacillin-tazobactam.,s',patient: current heart failure; present; current | patient: blood urea nitrogen = 14; present; current | patient: bleeding history; present; past,"Man of 61 years.
Suspected chest infection; assessed on the medical ward.
Paints watercolors as a hobby.
His uncle has a lazy eye.
During a checkup in 2011, total protein was 7.0 g/dL.
During a checkup in 2008, free T3 was 3.2 pg/mL.
Sees a dentist yearly.
Current heart failure with ankle swelling.
Knits as a hobby.
Blood urea nitrogen 14 mg/dL on the current labs.
Photographs local wildlife.
Plays the piano.
Prefers morning appointments.
Owns a bicycle.
Has two cats.
Prefers to be addressed by first name.
Major intracranial bleed after a fall years ago, with full recovery.
In 2020, folate was 12 ng/mL.
Uses sunscreen in summer.
Teeth in good repair.
Enjoys board games.
Lives in a second-floor apartment.
Pupils equal and reactive to light.
Free T4 of 1.2 ng/dL in 2018.
His uncle lives with psoriasis.",,,,
author1,145,rule_v1/test_hard,rule_v1.test.gs079.c2.subject.long.967,subject,long,near,"For suspected infection on the medical ward, prescribe oral amoxicillin. If at least two of the following apply, prescribe intravenous piperacillin-tazobactam instead: the current blood urea nitrogen is above 19 mg/dL; the patient has had a major bleeding event at any time; the patient currently has heart failure.",Prescribe oral amoxicillin.,Prescribe intravenous piperacillin-tazobactam.,s,patient: current heart failure; present; current | patient: blood urea nitrogen = 14; present; current | sister: bleeding history; present; past,"Man of 61 years.
Suspected chest infection; assessed on the medical ward.
Paints watercolors as a hobby.
His uncle has a lazy eye.
During a checkup in 2011, total protein was 7.0 g/dL.
During a checkup in 2008, free T3 was 3.2 pg/mL.
Sees a dentist yearly.
Current heart failure with ankle swelling.
Knits as a hobby.
Blood urea nitrogen 14 mg/dL on the current labs.
Photographs local wildlife.
Plays the piano.
Prefers morning appointments.
Owns a bicycle.
Has two cats.
Prefers to be addressed by first name.
His sister needed a blood transfusion for a major bleed years ago.
In 2020, folate was 12 ng/mL.
Uses sunscreen in summer.
Teeth in good repair.
Enjoys board games.
Lives in a second-floor apartment.
Pupils equal and reactive to light.
Free T4 of 1.2 ng/dL in 2018.
His uncle lives with psoriasis.",,,,
author1,145,rule_v1/test_hard,rule_v1.test.gs079.c2.subject.long.967,subject,long,pres,"For suspected infection on the medical ward, prescribe oral amoxicillin. If at least two of the following apply, prescribe intravenous piperacillin-tazobactam instead: the current blood urea nitrogen is above 19 mg/dL; the patient has had a major bleeding event at any time; the patient currently has heart failure.",Prescribe oral amoxicillin.,Prescribe intravenous piperacillin-tazobactam.,s,patient: bleeding history; absent; current | patient: current heart failure; present; current | patient: blood urea nitrogen = 14; present; current,"Male patient of 61 years.
Suspected chest infection; assessed on the medical ward.
During a checkup in 2008, free T3 was 3.2 pg/mL.
Pupils equal and reactive to light.
Paints watercolors as a hobby.
Has two cats.
Free T4 of 1.2 ng/dL in 2018.
Prefers to be addressed by first name.
Examination shows no signs of blood loss.
Sees a dentist yearly.
Photographs local wildlife.
Lives in a second-floor apartment.
Plays the piano.
Prefers morning appointments.
Knits as a hobby.
His uncle has a lazy eye.
Enjoys board games.
Current heart failure with ankle swelling.
Owns a bicycle.
His uncle lives with psoriasis.
Teeth in good repair.
Uses sunscreen in summer.
In 2020, folate was 12 ng/mL.
During a checkup in 2011, total protein was 7.0 g/dL.
Blood urea nitrogen now: 14 mg/dL.",,,,
author1,149,rule_v1/test_L2,rule_v1.test.gs067.c2.negation.easy.604,negation,easy,base,"For knee osteoarthritis pain, prescribe naproxen. If the patient is allergic to penicillin and the patient or a first-degree relative (parent, sibling or child) has had coronary artery disease at any time, prescribe acetaminophen instead.",Prescribe naproxen.,Prescribe acetaminophen.,s,patient: coronary artery disease (patient or first-degree relative); absent; current | patient: penicillin allergy; present; current,"Female patient of 75 years.
Knee osteoarthritis with pain on walking.
Owns a bicycle.
Chest pain on exertion: none reported.
Known penicillin allergy with angioedema.",,,,
author1,149,rule_v1/test_L2,rule_v1.test.gs067.c2.negation.easy.604,negation,easy,flip,"For knee osteoarthritis pain, prescribe naproxen. If the patient is allergic to penicillin and the patient or a first-degree relative (parent, sibling or child) has had coronary artery disease at any time, prescribe acetaminophen instead.",Prescribe naproxen.,Prescribe acetaminophen.,s',patient: coronary artery disease (patient or first-degree relative); present; past | patient: penicillin allergy; present; current,"Female patient of 75 years.
Knee osteoarthritis with pain on walking.
Owns a bicycle.
Coronary artery disease years ago, with angina that went away after bypass surgery.
Known penicillin allergy with angioedema.",,,,
author1,149,rule_v1/test_L2,rule_v1.test.gs067.c2.negation.easy.604,negation,easy,near,"For knee osteoarthritis pain, prescribe naproxen. If the patient is allergic to penicillin and the patient or a first-degree relative (parent, sibling or child) has had coronary artery disease at any time, prescribe acetaminophen instead.",Prescribe naproxen.,Prescribe acetaminophen.,s,patient: coronary artery disease (patient or first-degree relative); absent; current | patient: penicillin allergy; present; current,"Female patient of 75 years.
Knee osteoarthritis with pain on walking.
Owns a bicycle.
Has never had coronary artery disease.
Known penicillin allergy with angioedema.",,,,
author1,149,rule_v1/test_L2,rule_v1.test.gs067.c2.negation.easy.604,negation,easy,pres,"For knee osteoarthritis pain, prescribe naproxen. If the patient is allergic to penicillin and the patient or a first-degree relative (parent, sibling or child) has had coronary artery disease at any time, prescribe acetaminophen instead.",Prescribe naproxen.,Prescribe acetaminophen.,s,patient: penicillin allergy; present; current | patient: coronary artery disease (patient or first-degree relative); absent; current,"Woman of 75 years.
Knee osteoarthritis with pain on walking.
Known penicillin allergy with angioedema.
Chest pain on exertion: none reported.
Owns a bicycle.",,,,
author1,149,rule_v1/test_L2,rule_v1.test.gs067.c2.negation.easy.604,negation,easy,missing,"For knee osteoarthritis pain, prescribe naproxen. If the patient is allergic to penicillin and the patient or a first-degree relative (parent, sibling or child) has had coronary artery disease at any time, prescribe acetaminophen instead.",Prescribe naproxen.,Prescribe acetaminophen.,neither,patient: coronary artery disease (patient or first-degree relative); unknown; current | patient: penicillin allergy; present; current,"Female patient of 75 years.
Knee osteoarthritis with pain on walking.
Owns a bicycle.
Coronary artery disease (patient or first-degree relative): unknown.
Known penicillin allergy with angioedema.",,,,
author1,153,rule_v1/test_L2,rule_v1.test.s1_meds.plt.boundary.easy.1554,boundary,easy,base,"Mortality in Emergency Department Sepsis score (as used here, partial): 3 points for a current platelet count below 150 x10^9/L; 3 points for an age above 65 years; 2 points for current altered mental status (confusion or disorientation). Other items of the score are not part of this question.",The platelet count criterion contributes 0 points.,The platelet count criterion contributes 3 points.,s,patient: platelet count = 332; present; current | patient: altered mental status; absent; current | patient: age = 47; present; current,"Woman, adult.
Suspected sepsis; admitted from the emergency department.
Enjoys board games.
Platelet count now 332 x10^9/L.
Speech clear; follows commands.
Photographs local wildlife.
Sleeps seven hours a night.
Currently aged 47 years.",,,,
author1,153,rule_v1/test_L2,rule_v1.test.s1_meds.plt.boundary.easy.1554,boundary,easy,flip,"Mortality in Emergency Department Sepsis score (as used here, partial): 3 points for a current platelet count below 150 x10^9/L; 3 points for an age above 65 years; 2 points for current altered mental status (confusion or disorientation). Other items of the score are not part of this question.",The platelet count criterion contributes 0 points.,The platelet count criterion contributes 3 points.,s',patient: platelet count = 130; present; current | patient: altered mental status; absent; current | patient: age = 47; present; current,"Woman, adult.
Suspected sepsis; admitted from the emergency department.
Enjoys board games.
Platelet count now 130 x10^9/L.
Speech clear; follows commands.
Photographs local wildlife.
Sleeps seven hours a night.
Currently aged 47 years.",,,,
author1,153,rule_v1/test_L2,rule_v1.test.s1_meds.plt.boundary.easy.1554,boundary,easy,near,"Mortality in Emergency Department Sepsis score (as used here, partial): 3 points for a current platelet count below 150 x10^9/L; 3 points for an age above 65 years; 2 points for current altered mental status (confusion or disorientation). Other items of the score are not part of this question.",The platelet count criterion contributes 0 points.,The platelet count criterion contributes 3 points.,s,patient: platelet count = 150; present; current | patient: altered mental status; absent; current | patient: age = 47; present; current,"Woman, adult.
Suspected sepsis; admitted from the emergency department.
Enjoys board games.
Platelet count now 150 x10^9/L.
Speech clear; follows commands.
Photographs local wildlife.
Sleeps seven hours a night.
Currently aged 47 years.",,,,
author1,153,rule_v1/test_L2,rule_v1.test.s1_meds.plt.boundary.easy.1554,boundary,easy,pres,"Mortality in Emergency Department Sepsis score (as used here, partial): 3 points for a current platelet count below 150 x10^9/L; 3 points for an age above 65 years; 2 points for current altered mental status (confusion or disorientation). Other items of the score are not part of this question.",The platelet count criterion contributes 0 points.,The platelet count criterion contributes 3 points.,s,patient: altered mental status; absent; current | patient: age = 47; present; current | patient: platelet count = 332; present; current,"An adult woman.
Suspected sepsis; admitted from the emergency department.
Sleeps seven hours a night.
Speech clear; follows commands.
Current age 47 years.
Enjoys board games.
Current platelet count 332 x10^9/L.
Photographs local wildlife.",,,,
author1,157,rule_v1/test_L3inv,rule_v1.test.inv045.c1.boundary.easy.100,boundary,easy,base,"For Pallis disease, prescribe brexadol. If the current white cell count is above 12.0 x10^9/L, prescribe corlitane instead.",Prescribe brexadol.,Prescribe corlitane.,s,patient: white cell count = 8.6; present; current,"Man of 38 years.
Referred with Pallis disease.
Owns a bicycle.
Sees a dentist yearly.
Lives in a second-floor apartment.
Latest WBC is 8.6 x10^9/L.
Teeth in good repair.",,,,
author1,157,rule_v1/test_L3inv,rule_v1.test.inv045.c1.boundary.easy.100,boundary,easy,flip,"For Pallis disease, prescribe brexadol. If the current white cell count is above 12.0 x10^9/L, prescribe corlitane instead.",Prescribe brexadol.,Prescribe corlitane.,s',patient: white cell count = 14.3; present; current,"Man of 38 years.
Referred with Pallis disease.
Owns a bicycle.
Sees a dentist yearly.
Lives in a second-floor apartment.
Latest WBC is 14.3 x10^9/L.
Teeth in good repair.",,,,
author1,157,rule_v1/test_L3inv,rule_v1.test.inv045.c1.boundary.easy.100,boundary,easy,near,"For Pallis disease, prescribe brexadol. If the current white cell count is above 12.0 x10^9/L, prescribe corlitane instead.",Prescribe brexadol.,Prescribe corlitane.,s,patient: white cell count = 12.0; present; current,"Man of 38 years.
Referred with Pallis disease.
Owns a bicycle.
Sees a dentist yearly.
Lives in a second-floor apartment.
Latest WBC is 12.0 x10^9/L.
Teeth in good repair.",,,,
author1,157,rule_v1/test_L3inv,rule_v1.test.inv045.c1.boundary.easy.100,boundary,easy,pres,"For Pallis disease, prescribe brexadol. If the current white cell count is above 12.0 x10^9/L, prescribe corlitane instead.",Prescribe brexadol.,Prescribe corlitane.,s,patient: white cell count = 8.6; present; current,"Male patient of 38 years.
Referred with Pallis disease.
Owns a bicycle.
Lives in a second-floor apartment.
Current white cell count 8.6 x10^9/L.
Teeth in good repair.
Sees a dentist yearly.",,,,
author1,161,rule_v1/test_hard,rule_v1.test.gs079.c2.negation.long.738,negation,long,base,"For suspected infection on the medical ward, prescribe oral amoxicillin. If at least two of the following apply, prescribe intravenous piperacillin-tazobactam instead: the current blood urea nitrogen is above 19 mg/dL; the patient has had a major bleeding event at any time; the patient currently has heart failure.",Prescribe oral amoxicillin.,Prescribe intravenous piperacillin-tazobactam.,s,patient: blood urea nitrogen = 27; present; current | patient: current heart failure; absent; current,"Male patient of 57 years.
Suspected chest infection; assessed on the medical ward.
In 2015, lipase was 30 U/L.
Enjoys board games.
Pupils equal and reactive to light.
Sees a dentist yearly.
Prefers morning appointments.
Blood urea nitrogen 27 mg/dL on the current labs.
Uses sunscreen in summer.
Sleeps seven hours a night.
Teeth in good repair.
Drives a car.
Heart sounds without a gallop.
His father lives with psoriasis.
His father wears contact lenses.
Owns a bicycle.
Photographs local wildlife.
During a checkup in 2005, free T3 was 3.2 pg/mL.
Prefers to be addressed by first name.
Zinc of 85 mcg/dL in 2015.
During a checkup in 2006, total protein was 7.0 g/dL.
His roommate burned a hand on a stove years ago.
Paints watercolors as a hobby.",,,,
author1,161,rule_v1/test_hard,rule_v1.test.gs079.c2.negation.long.738,negation,long,flip,"For suspected infection on the medical ward, prescribe oral amoxicillin. If at least two of the following apply, prescribe intravenous piperacillin-tazobactam instead: the current blood urea nitrogen is above 19 mg/dL; the patient has had a major bleeding event at any time; the patient currently has heart failure.",Prescribe oral amoxicillin.,Prescribe intravenous piperacillin-tazobactam.,s',patient: blood urea nitrogen = 27; present; current | patient: current heart failure; absent; current | patient: bleeding history; present; past (2022),"Male patient of 57 years.
Suspected chest infection; assessed on the medical ward.
In 2015, lipase was 30 U/L.
Enjoys board games.
Pupils equal and reactive to light.
Sees a dentist yearly.
Prefers morning appointments.
Blood urea nitrogen 27 mg/dL on the current labs.
Uses sunscreen in summer.
Sleeps seven hours a night.
Teeth in good repair.
Drives a car.
Heart sounds without a gallop.
His father lives with psoriasis.
His father wears contact lenses.
Owns a bicycle.
Photographs local wildlife.
During a checkup in 2005, free T3 was 3.2 pg/mL.
Recovered from a major lower gastrointestinal bleed in 2022 that required transfusion.
Prefers to be addressed by first name.
Zinc of 85 mcg/dL in 2015.
During a checkup in 2006, total protein was 7.0 g/dL.
His roommate burned a hand on a stove years ago.
Paints watercolors as a hobby.",,,,
author1,161,rule_v1/test_hard,rule_v1.test.gs079.c2.negation.long.738,negation,long,near,"For suspected infection on the medical ward, prescribe oral amoxicillin. If at least two of the following apply, prescribe intravenous piperacillin-tazobactam instead: the current blood urea nitrogen is above 19 mg/dL; the patient has had a major bleeding event at any time; the patient currently has heart failure.",Prescribe oral amoxicillin.,Prescribe intravenous piperacillin-tazobactam.,s,patient: blood urea nitrogen = 27; present; current | patient: current heart failure; absent; current | patient: bleeding history; absent; current,"Male patient of 57 years.
Suspected chest infection; assessed on the medical ward.
In 2015, lipase was 30 U/L.
Enjoys board games.
Pupils equal and reactive to light.
Sees a dentist yearly.
Prefers morning appointments.
Blood urea nitrogen 27 mg/dL on the current labs.
Uses sunscreen in summer.
Sleeps seven hours a night.
Teeth in good repair.
Drives a car.
Heart sounds without a gallop.
His father lives with psoriasis.
His father wears contact lenses.
Owns a bicycle.
Photographs local wildlife.
During a checkup in 2005, free T3 was 3.2 pg/mL.
Medical records negative for major bleeding at any time.
Prefers to be addressed by first name.
Zinc of 85 mcg/dL in 2015.
During a checkup in 2006, total protein was 7.0 g/dL.
His roommate burned a hand on a stove years ago.
Paints watercolors as a hobby.",,,,
author1,161,rule_v1/test_hard,rule_v1.test.gs079.c2.negation.long.738,negation,long,pres,"For suspected infection on the medical ward, prescribe oral amoxicillin. If at least two of the following apply, prescribe intravenous piperacillin-tazobactam instead: the current blood urea nitrogen is above 19 mg/dL; the patient has had a major bleeding event at any time; the patient currently has heart failure.",Prescribe oral amoxicillin.,Prescribe intravenous piperacillin-tazobactam.,s,patient: current heart failure; absent; current | patient: blood urea nitrogen = 27; present; current,"Man of 57 years.
Suspected chest infection; assessed on the medical ward.
During a checkup in 2005, free T3 was 3.2 pg/mL.
His father wears contact lenses.
Drives a car.
In 2015, lipase was 30 U/L.
Zinc of 85 mcg/dL in 2015.
Prefers morning appointments.
Pupils equal and reactive to light.
Heart sounds without a gallop.
Teeth in good repair.
Paints watercolors as a hobby.
Blood urea nitrogen now: 27 mg/dL.
Owns a bicycle.
His roommate burned a hand on a stove years ago.
Sees a dentist yearly.
Uses sunscreen in summer.
Photographs local wildlife.
His father lives with psoriasis.
During a checkup in 2006, total protein was 7.0 g/dL.
Enjoys board games.
Sleeps seven hours a night.
Prefers to be addressed by first name.",,,,
author1,165,rule_v1/test_hard,rule_v1.test.s2_geneva.cancer.subject.long.763,subject,long,base,"Revised Geneva score (as used here, partial): 2 points each for active cancer and current hemoptysis (coughing up blood); 1 point for a current age above 65 years. Other Geneva items are not part of this question.",The active cancer criterion contributes 0 points.,The active cancer criterion contributes 2 points.,s,patient: active cancer; absent; current | patient: age = 46; present; current | patient: hemoptysis; absent; current,"Woman, adult.
Pleuritic chest pain and breathlessness for two days; seen in the emergency department.
Lives in a second-floor apartment.
Prefers to be addressed by first name.
Pupils equal and reactive to light.
Free T4 of 1.2 ng/dL in 2017.
Owns a bicycle.
Her wife has a lazy eye.
Prefers morning appointments.
Teeth in good repair.
Her sister wears contact lenses.
In 2013, folate was 12 ng/mL.
Weight steady over the past year.
Current age 46 years.
Photographs local wildlife.
Sleeps seven hours a night.
Her uncle burned a hand on a stove years ago.
In 2023, lipase was 30 U/L.
Plays the piano.
Her uncle lives with psoriasis.
Drives a car.
Sees a dentist yearly.
Dry cough, with nothing brought up.
Has two cats.",,,,
author1,165,rule_v1/test_hard,rule_v1.test.s2_geneva.cancer.subject.long.763,subject,long,flip,"Revised Geneva score (as used here, partial): 2 points each for active cancer and current hemoptysis (coughing up blood); 1 point for a current age above 65 years. Other Geneva items are not part of this question.",The active cancer criterion contributes 0 points.,The active cancer criterion contributes 2 points.,s',patient: active cancer; present; current | patient: age = 46; present; current | patient: hemoptysis; absent; current,"Woman, adult.
Pleuritic chest pain and breathlessness for two days; seen in the emergency department.
Lives in a second-floor apartment.
Prefers to be addressed by first name.
Pupils equal and reactive to light.
Free T4 of 1.2 ng/dL in 2017.
Owns a bicycle.
Her wife has a lazy eye.
Prefers morning appointments.
Teeth in good repair.
Her sister wears contact lenses.
In 2013, folate was 12 ng/mL.
Has melanoma skin cancer and is receiving treatment for it.
Current age 46 years.
Photographs local wildlife.
Sleeps seven hours a night.
Her uncle burned a hand on a stove years ago.
In 2023, lipase was 30 U/L.
Plays the piano.
Her uncle lives with psoriasis.
Drives a car.
Sees a dentist yearly.
Dry cough, with nothing brought up.
Has two cats.",,,,
author1,165,rule_v1/test_hard,rule_v1.test.s2_geneva.cancer.subject.long.763,subject,long,near,"Revised Geneva score (as used here, partial): 2 points each for active cancer and current hemoptysis (coughing up blood); 1 point for a current age above 65 years. Other Geneva items are not part of this question.",The active cancer criterion contributes 0 points.,The active cancer criterion contributes 2 points.,s,sister: active cancer; present; current | patient: age = 46; present; current | patient: hemoptysis; absent; current,"Woman, adult.
Pleuritic chest pain and breathlessness for two days; seen in the emergency department.
Lives in a second-floor apartment.
Prefers to be addressed by first name.
Pupils equal and reactive to light.
Free T4 of 1.2 ng/dL in 2017.
Owns a bicycle.
Her wife has a lazy eye.
Prefers morning appointments.
Teeth in good repair.
Her sister wears contact lenses.
In 2013, folate was 12 ng/mL.
Her sister is being treated for leukemia.
Current age 46 years.
Photographs local wildlife.
Sleeps seven hours a night.
Her uncle burned a hand on a stove years ago.
In 2023, lipase was 30 U/L.
Plays the piano.
Her uncle lives with psoriasis.
Drives a car.
Sees a dentist yearly.
Dry cough, with nothing brought up.
Has two cats.",,,,
author1,165,rule_v1/test_hard,rule_v1.test.s2_geneva.cancer.subject.long.763,subject,long,pres,"Revised Geneva score (as used here, partial): 2 points each for active cancer and current hemoptysis (coughing up blood); 1 point for a current age above 65 years. Other Geneva items are not part of this question.",The active cancer criterion contributes 0 points.,The active cancer criterion contributes 2 points.,s,patient: hemoptysis; absent; current | patient: active cancer; absent; current | patient: age = 46; present; current,"An adult woman.
Pleuritic chest pain and breathlessness for two days; seen in the emergency department.
Her uncle lives with psoriasis.
In 2023, lipase was 30 U/L.
Pupils equal and reactive to light.
Her uncle burned a hand on a stove years ago.
Dry cough, with nothing brought up.
Her wife has a lazy eye.
Sees a dentist yearly.
Photographs local wildlife.
Drives a car.
Teeth in good repair.
Prefers morning appointments.
Free T4 of 1.2 ng/dL in 2017.
Prefers to be addressed by first name.
Weight steady over the past year.
Owns a bicycle.
Has two cats.
Lives in a second-floor apartment.
Her sister wears contact lenses.
In 2013, folate was 12 ng/mL.
Plays the piano.
Currently aged 46 years.
Sleeps seven hours a night.",,,,
author1,169,rule_v1/test_L3alt,rule_v1.test.s2_atria_bleed.egfr.time.alt.160,time,alt,base,"ATRIA bleeding score for men (as used here, partial): 3 points each for a current hemoglobin below 13.0 g/dL and a current eGFR below 45 mL/min/1.73 m2; 2 points for a current age of 75 years or more; 1 point for hypertension at any time. Other ATRIA items are not part of this question.",The eGFR criterion contributes 0 points.,The eGFR criterion contributes 3 points.,s,patient: eGFR = 66; present; past (2024) | patient: age = 68; present; current | patient: hypertension; absent; current | patient: eGFR = 74; present; current | patient: hemoglobin = 14.2; present; current,"Man, adult.
Atrial fibrillation; a decision on warfarin is pending.
Teeth in good repair.
Drives a car.
Photographs local wildlife.
Records from 2024 list eGFR at 66 mL/min/1.73 m2.
Current age 68 years.
Echocardiogram shows normal left ventricular wall thickness.
eGFR now 74 mL/min/1.73 m2.
Latest Hgb result: 14.2 g/dL.",,,,
author1,169,rule_v1/test_L3alt,rule_v1.test.s2_atria_bleed.egfr.time.alt.160,time,alt,flip,"ATRIA bleeding score for men (as used here, partial): 3 points each for a current hemoglobin below 13.0 g/dL and a current eGFR below 45 mL/min/1.73 m2; 2 points for a current age of 75 years or more; 1 point for hypertension at any time. Other ATRIA items are not part of this question.",The eGFR criterion contributes 0 points.,The eGFR criterion contributes 3 points.,s',patient: eGFR = 66; present; past (2024) | patient: age = 68; present; current | patient: hypertension; absent; current | patient: eGFR = 34; present; current | patient: hemoglobin = 14.2; present; current,"Man, adult.
Atrial fibrillation; a decision on warfarin is pending.
Teeth in good repair.
Drives a car.
Photographs local wildlife.
Records from 2024 list eGFR at 66 mL/min/1.73 m2.
Current age 68 years.
Echocardiogram shows normal left ventricular wall thickness.
eGFR now 34 mL/min/1.73 m2.
Latest Hgb result: 14.2 g/dL.",,,,
author1,169,rule_v1/test_L3alt,rule_v1.test.s2_atria_bleed.egfr.time.alt.160,time,alt,near,"ATRIA bleeding score for men (as used here, partial): 3 points each for a current hemoglobin below 13.0 g/dL and a current eGFR below 45 mL/min/1.73 m2; 2 points for a current age of 75 years or more; 1 point for hypertension at any time. Other ATRIA items are not part of this question.",The eGFR criterion contributes 0 points.,The eGFR criterion contributes 3 points.,s,patient: eGFR = 27; present; past (2024) | patient: age = 68; present; current | patient: hypertension; absent; current | patient: eGFR = 74; present; current | patient: hemoglobin = 14.2; present; current,"Man, adult.
Atrial fibrillation; a decision on warfarin is pending.
Teeth in good repair.
Drives a car.
Photographs local wildlife.
Records from 2024 list eGFR at 27 mL/min/1.73 m2.
Current age 68 years.
Echocardiogram shows normal left ventricular wall thickness.
eGFR now 74 mL/min/1.73 m2.
Latest Hgb result: 14.2 g/dL.",,,,
author1,169,rule_v1/test_L3alt,rule_v1.test.s2_atria_bleed.egfr.time.alt.160,time,alt,pres,"ATRIA bleeding score for men (as used here, partial): 3 points each for a current hemoglobin below 13.0 g/dL and a current eGFR below 45 mL/min/1.73 m2; 2 points for a current age of 75 years or more; 1 point for hypertension at any time. Other ATRIA items are not part of this question.",The eGFR criterion contributes 0 points.,The eGFR criterion contributes 3 points.,s,patient: hypertension; absent; current | patient: eGFR = 74; present; current | patient: age = 68; present; current | patient: eGFR = 66; present; past (2024) | patient: hemoglobin = 14.2; present; current,"An adult man.
Atrial fibrillation; a decision on warfarin is pending.
Teeth in good repair.
Echocardiogram shows normal left ventricular wall thickness.
Current eGFR 74 mL/min/1.73 m2.
Currently aged 68 years.
Back in 2024, eGFR stood at 66 mL/min/1.73 m2.
Drives a car.
Current Hgb 14.2 g/dL.
Photographs local wildlife.",,,,
author1,173,rule_v1/test_L1,rule_v1.test.gs225.c2.boundary.long.422,boundary,long,base,"For hip osteoarthritis pain, prescribe naproxen alone. If the patient has an active peptic ulcer and the current white cell count is above 12.0 x10^9/L, prescribe naproxen with omeprazole instead.",Prescribe naproxen alone.,Prescribe naproxen with omeprazole.,s,patient: white cell count = 8.0; present; current | patient: active peptic ulcer; present; current,"Man of 49 years.
Hip osteoarthritis with pain on walking.
Latest WBC is 8.0 x10^9/L.
His sister lives with psoriasis.
Owns a bicycle.
Drives a car.
His friend sprained a thumb last month.
Paints watercolors as a hobby.
Lives in a second-floor apartment.
Teeth in good repair.
Has an active duodenal ulcer.
Knits as a hobby.
Enjoys board games.
Prefers to be addressed by first name.
In 2017, lipase was 30 U/L.
Sees a dentist yearly.
Prefers morning appointments.
Uses sunscreen in summer.
His roommate has recovered from a dislocated finger.
Pupils equal and reactive to light.
Photographs local wildlife.
Free T4 of 1.2 ng/dL in 2009.",,,,
author1,173,rule_v1/test_L1,rule_v1.test.gs225.c2.boundary.long.422,boundary,long,flip,"For hip osteoarthritis pain, prescribe naproxen alone. If the patient has an active peptic ulcer and the current white cell count is above 12.0 x10^9/L, prescribe naproxen with omeprazole instead.",Prescribe naproxen alone.,Prescribe naproxen with omeprazole.,s',patient: white cell count = 12.7; present; current | patient: active peptic ulcer; present; current,"Man of 49 years.
Hip osteoarthritis with pain on walking.
Latest WBC is 12.7 x10^9/L.
His sister lives with psoriasis.
Owns a bicycle.
Drives a car.
His friend sprained a thumb last month.
Paints watercolors as a hobby.
Lives in a second-floor apartment.
Teeth in good repair.
Has an active duodenal ulcer.
Knits as a hobby.
Enjoys board games.
Prefers to be addressed by first name.
In 2017, lipase was 30 U/L.
Sees a dentist yearly.
Prefers morning appointments.
Uses sunscreen in summer.
His roommate has recovered from a dislocated finger.
Pupils equal and reactive to light.
Photographs local wildlife.
Free T4 of 1.2 ng/dL in 2009.",,,,
author1,173,rule_v1/test_L1,rule_v1.test.gs225.c2.boundary.long.422,boundary,long,near,"For hip osteoarthritis pain, prescribe naproxen alone. If the patient has an active peptic ulcer and the current white cell count is above 12.0 x10^9/L, prescribe naproxen with omeprazole instead.",Prescribe naproxen alone.,Prescribe naproxen with omeprazole.,s,patient: white cell count = 12.0; present; current | patient: active peptic ulcer; present; current,"Man of 49 years.
Hip osteoarthritis with pain on walking.
Latest WBC is 12.0 x10^9/L.
His sister lives with psoriasis.
Owns a bicycle.
Drives a car.
His friend sprained a thumb last month.
Paints watercolors as a hobby.
Lives in a second-floor apartment.
Teeth in good repair.
Has an active duodenal ulcer.
Knits as a hobby.
Enjoys board games.
Prefers to be addressed by first name.
In 2017, lipase was 30 U/L.
Sees a dentist yearly.
Prefers morning appointments.
Uses sunscreen in summer.
His roommate has recovered from a dislocated finger.
Pupils equal and reactive to light.
Photographs local wildlife.
Free T4 of 1.2 ng/dL in 2009.",,,,
author1,173,rule_v1/test_L1,rule_v1.test.gs225.c2.boundary.long.422,boundary,long,pres,"For hip osteoarthritis pain, prescribe naproxen alone. If the patient has an active peptic ulcer and the current white cell count is above 12.0 x10^9/L, prescribe naproxen with omeprazole instead.",Prescribe naproxen alone.,Prescribe naproxen with omeprazole.,s,patient: white cell count = 8.0; present; current | patient: active peptic ulcer; present; current,"Male patient of 49 years.
Hip osteoarthritis with pain on walking.
Current white cell count 8.0 x10^9/L.
Uses sunscreen in summer.
Paints watercolors as a hobby.
Lives in a second-floor apartment.
Knits as a hobby.
Sees a dentist yearly.
In 2017, lipase was 30 U/L.
Free T4 of 1.2 ng/dL in 2009.
Enjoys board games.
Owns a bicycle.
His friend sprained a thumb last month.
His sister lives with psoriasis.
Photographs local wildlife.
Pupils equal and reactive to light.
Teeth in good repair.
His roommate has recovered from a dislocated finger.
Has an active duodenal ulcer.
Drives a car.
Prefers to be addressed by first name.
Prefers morning appointments.",,,,
author1,177,rule_v1/test_hard,rule_v1.test.gs155.c2.time.superseded.783,time,superseded,base,"For newly diagnosed type 2 diabetes, prescribe metformin. If at least two of the following apply, prescribe sitagliptin instead: the patient has ever had a peptic ulcer (current or past); the current serum potassium is above 5.0 mmol/L; the patient or a first-degree relative (parent, sibling or child) has had a venous thromboembolism at any time.",Prescribe metformin.,Prescribe sitagliptin.,s,patient: venous thromboembolism (patient or first-degree relative); present; past (2010) | patient: serum potassium = 4.4; present; past | patient: serum potassium = 4.3; present; current,"Woman of 75 years.
Newly diagnosed type 2 diabetes (HbA1c 7.9%).
Drives a car.
Recovered from a pulmonary embolism in 2010.
Last month, serum potassium was 4.4 mmol/L; the newest measurement replaces it.
Latest potassium result: 4.3 mmol/L.",,,,
author1,177,rule_v1/test_hard,rule_v1.test.gs155.c2.time.superseded.783,time,superseded,flip,"For newly diagnosed type 2 diabetes, prescribe metformin. If at least two of the following apply, prescribe sitagliptin instead: the patient has ever had a peptic ulcer (current or past); the current serum potassium is above 5.0 mmol/L; the patient or a first-degree relative (parent, sibling or child) has had a venous thromboembolism at any time.",Prescribe metformin.,Prescribe sitagliptin.,s',patient: venous thromboembolism (patient or first-degree relative); present; past (2010) | patient: serum potassium = 4.4; present; past | patient: serum potassium = 5.8; present; current,"Woman of 75 years.
Newly diagnosed type 2 diabetes (HbA1c 7.9%).
Drives a car.
Recovered from a pulmonary embolism in 2010.
Last month, serum potassium was 4.4 mmol/L; the newest measurement replaces it.
Latest potassium result: 5.8 mmol/L.",,,,
author1,177,rule_v1/test_hard,rule_v1.test.gs155.c2.time.superseded.783,time,superseded,near,"For newly diagnosed type 2 diabetes, prescribe metformin. If at least two of the following apply, prescribe sitagliptin instead: the patient has ever had a peptic ulcer (current or past); the current serum potassium is above 5.0 mmol/L; the patient or a first-degree relative (parent, sibling or child) has had a venous thromboembolism at any time.",Prescribe metformin.,Prescribe sitagliptin.,s,patient: venous thromboembolism (patient or first-degree relative); present; past (2010) | patient: serum potassium = 5.6; present; past | patient: serum potassium = 4.3; present; current,"Woman of 75 years.
Newly diagnosed type 2 diabetes (HbA1c 7.9%).
Drives a car.
Recovered from a pulmonary embolism in 2010.
Last month, serum potassium was 5.6 mmol/L; the newest measurement replaces it.
Latest potassium result: 4.3 mmol/L.",,,,
author1,177,rule_v1/test_hard,rule_v1.test.gs155.c2.time.superseded.783,time,superseded,pres,"For newly diagnosed type 2 diabetes, prescribe metformin. If at least two of the following apply, prescribe sitagliptin instead: the patient has ever had a peptic ulcer (current or past); the current serum potassium is above 5.0 mmol/L; the patient or a first-degree relative (parent, sibling or child) has had a venous thromboembolism at any time.",Prescribe metformin.,Prescribe sitagliptin.,s,patient: serum potassium = 4.3; present; current | patient: venous thromboembolism (patient or first-degree relative); present; past (2010) | patient: serum potassium = 4.4; present; past,"Female patient of 75 years.
Newly diagnosed type 2 diabetes (HbA1c 7.9%).
Current serum potassium 4.3 mmol/L.
Recovered from a pulmonary embolism in 2010.
Last month, serum potassium was 4.4 mmol/L; the newest measurement replaces it.
Drives a car.",,,,
author1,181,rule_v1/test_L2,rule_v1.test.gs088.c1.subject.long.707,subject,long,base,"For acute sore throat, prescribe ibuprofen. If at least two of the following apply, prescribe penicillin V instead: the patient currently has tonsillar exudate; the patient has ever had a myocardial infarction or peripheral artery disease (current or past); the current white cell count is above 12.0 x10^9/L.",Prescribe ibuprofen.,Prescribe penicillin V.,s,patient: tonsillar exudate; absent; current | patient: white cell count = 4.9; present; current | patient: myocardial infarction or peripheral artery disease; present; current,"Male patient of 23 years.
Sore throat for two days.
Prefers to be addressed by first name.
Enjoys board games.
Tonsils pink and clean on inspection.
Lives in a second-floor apartment.
Paints watercolors as a hobby.
Has two cats.
Teeth in good repair.
Knits as a hobby.
Free T4 of 1.2 ng/dL in 2023.
Latest WBC is 4.9 x10^9/L.
Plays the piano.
His wife has a lazy eye.
Prefers morning appointments.
Lives with peripheral artery disease affecting the left leg.
In 2024, folate was 12 ng/mL.
Drives a car.
Owns a bicycle.
Sleeps seven hours a night.
His wife has recovered from a dislocated finger.
Photographs local wildlife.",,,,
author1,181,rule_v1/test_L2,rule_v1.test.gs088.c1.subject.long.707,subject,long,flip,"For acute sore throat, prescribe ibuprofen. If at least two of the following apply, prescribe penicillin V instead: the patient currently has tonsillar exudate; the patient has ever had a myocardial infarction or peripheral artery disease (current or past); the current white cell count is above 12.0 x10^9/L.",Prescribe ibuprofen.,Prescribe penicillin V.,s',patient: tonsillar exudate; present; current | patient: white cell count = 4.9; present; current | patient: myocardial infarction or peripheral artery disease; present; current,"Male patient of 23 years.
Sore throat for two days.
Prefers to be addressed by first name.
Enjoys board games.
Tonsils swollen and coated with yellow exudate.
Lives in a second-floor apartment.
Paints watercolors as a hobby.
Has two cats.
Teeth in good repair.
Knits as a hobby.
Free T4 of 1.2 ng/dL in 2023.
Latest WBC is 4.9 x10^9/L.
Plays the piano.
His wife has a lazy eye.
Prefers morning appointments.
Lives with peripheral artery disease affecting the left leg.
In 2024, folate was 12 ng/mL.
Drives a car.
Owns a bicycle.
Sleeps seven hours a night.
His wife has recovered from a dislocated finger.
Photographs local wildlife.",,,,
author1,181,rule_v1/test_L2,rule_v1.test.gs088.c1.subject.long.707,subject,long,near,"For acute sore throat, prescribe ibuprofen. If at least two of the following apply, prescribe penicillin V instead: the patient currently has tonsillar exudate; the patient has ever had a myocardial infarction or peripheral artery disease (current or past); the current white cell count is above 12.0 x10^9/L.",Prescribe ibuprofen.,Prescribe penicillin V.,s,wife: tonsillar exudate; present; current | patient: white cell count = 4.9; present; current | patient: myocardial infarction or peripheral artery disease; present; current,"Male patient of 23 years.
Sore throat for two days.
Prefers to be addressed by first name.
Enjoys board games.
His wife currently has a throat infection with tonsillar exudate.
Lives in a second-floor apartment.
Paints watercolors as a hobby.
Has two cats.
Teeth in good repair.
Knits as a hobby.
Free T4 of 1.2 ng/dL in 2023.
Latest WBC is 4.9 x10^9/L.
Plays the piano.
His wife has a lazy eye.
Prefers morning appointments.
Lives with peripheral artery disease affecting the left leg.
In 2024, folate was 12 ng/mL.
Drives a car.
Owns a bicycle.
Sleeps seven hours a night.
His wife has recovered from a dislocated finger.
Photographs local wildlife.",,,,
author1,181,rule_v1/test_L2,rule_v1.test.gs088.c1.subject.long.707,subject,long,pres,"For acute sore throat, prescribe ibuprofen. If at least two of the following apply, prescribe penicillin V instead: the patient currently has tonsillar exudate; the patient has ever had a myocardial infarction or peripheral artery disease (current or past); the current white cell count is above 12.0 x10^9/L.",Prescribe ibuprofen.,Prescribe penicillin V.,s,patient: white cell count = 4.9; present; current | patient: myocardial infarction or peripheral artery disease; present; current | patient: tonsillar exudate; absent; current,"Man of 23 years.
Sore throat for two days.
Current white cell count 4.9 x10^9/L.
Enjoys board games.
His wife has a lazy eye.
Knits as a hobby.
Paints watercolors as a hobby.
In 2024, folate was 12 ng/mL.
Prefers to be addressed by first name.
Has two cats.
Prefers morning appointments.
Owns a bicycle.
Drives a car.
Lives in a second-floor apartment.
Free T4 of 1.2 ng/dL in 2023.
Teeth in good repair.
Lives with peripheral artery disease affecting the left leg.
His wife has recovered from a dislocated finger.
Plays the piano.
Tonsils pink and clean on inspection.
Photographs local wildlife.
Sleeps seven hours a night.",,,,
author1,181,rule_v1/test_L2,rule_v1.test.gs088.c1.subject.long.707,subject,long,missing,"For acute sore throat, prescribe ibuprofen. If at least two of the following apply, prescribe penicillin V instead: the patient currently has tonsillar exudate; the patient has ever had a myocardial infarction or peripheral artery disease (current or past); the current white cell count is above 12.0 x10^9/L.",Prescribe ibuprofen.,Prescribe penicillin V.,neither,patient: tonsillar exudate; unknown; current | patient: white cell count = 4.9; present; current | patient: myocardial infarction or peripheral artery disease; present; current,"Male patient of 23 years.
Sore throat for two days.
Prefers to be addressed by first name.
Enjoys board games.
Tonsillar exudate: unknown.
Lives in a second-floor apartment.
Paints watercolors as a hobby.
Has two cats.
Teeth in good repair.
Knits as a hobby.
Free T4 of 1.2 ng/dL in 2023.
Latest WBC is 4.9 x10^9/L.
Plays the piano.
His wife has a lazy eye.
Prefers morning appointments.
Lives with peripheral artery disease affecting the left leg.
In 2024, folate was 12 ng/mL.
Drives a car.
Owns a bicycle.
Sleeps seven hours a night.
His wife has recovered from a dislocated finger.
Photographs local wildlife.",,,,
author1,185,rule_v1/test_L2,rule_v1.test.gs147.c4.negation.easy.100,negation,easy,base,"For uncomplicated cystitis, prescribe trimethoprim-sulfamethoxazole. Score 1 point if the current systolic blood pressure is above 160 mmHg; 2 points if the patient or a first-degree relative (parent, sibling or child) has had diabetes at any time; 1 point if the patient has had cancer at any time (active or in remission); 2 points if the patient has ever had heart failure (current or past). If the score is 3 or more, prescribe nitrofurantoin instead.",Prescribe trimethoprim-sulfamethoxazole.,Prescribe nitrofurantoin.,s,patient: diabetes (patient or first-degree relative); present; current | patient: cancer at any time; absent; current | patient: systolic blood pressure = 118; present; current | patient: heart failure; absent; current,"Woman of 50 years.
Dysuria and urinary frequency for two days; urine dipstick positive for nitrites.
Insulin-treated diabetes.
Weight steady over the past year.
Plays the piano.
Observations now: blood pressure 118/80 mmHg.
Sleeps flat on one pillow.
Enjoys board games.",,,,
author1,185,rule_v1/test_L2,rule_v1.test.gs147.c4.negation.easy.100,negation,easy,flip,"For uncomplicated cystitis, prescribe trimethoprim-sulfamethoxazole. Score 1 point if the current systolic blood pressure is above 160 mmHg; 2 points if the patient or a first-degree relative (parent, sibling or child) has had diabetes at any time; 1 point if the patient has had cancer at any time (active or in remission); 2 points if the patient has ever had heart failure (current or past). If the score is 3 or more, prescribe nitrofurantoin instead.",Prescribe trimethoprim-sulfamethoxazole.,Prescribe nitrofurantoin.,s',patient: diabetes (patient or first-degree relative); present; current | patient: cancer at any time; absent; current | patient: systolic blood pressure = 118; present; current | patient: heart failure; present; past (2007),"Woman of 50 years.
Dysuria and urinary frequency for two days; urine dipstick positive for nitrites.
Insulin-treated diabetes.
Weight steady over the past year.
Plays the piano.
Observations now: blood pressure 118/80 mmHg.
Formerly had heart failure from stress cardiomyopathy; recovered fully in 2007 and off all heart medicines since.
Enjoys board games.",,,,
author1,185,rule_v1/test_L2,rule_v1.test.gs147.c4.negation.easy.100,negation,easy,near,"For uncomplicated cystitis, prescribe trimethoprim-sulfamethoxazole. Score 1 point if the current systolic blood pressure is above 160 mmHg; 2 points if the patient or a first-degree relative (parent, sibling or child) has had diabetes at any time; 1 point if the patient has had cancer at any time (active or in remission); 2 points if the patient has ever had heart failure (current or past). If the score is 3 or more, prescribe nitrofurantoin instead.",Prescribe trimethoprim-sulfamethoxazole.,Prescribe nitrofurantoin.,s,patient: diabetes (patient or first-degree relative); present; current | patient: cancer at any time; absent; current | patient: systolic blood pressure = 118; present; current | patient: heart failure; absent; current,"Woman of 50 years.
Dysuria and urinary frequency for two days; urine dipstick positive for nitrites.
Insulin-treated diabetes.
Weight steady over the past year.
Plays the piano.
Observations now: blood pressure 118/80 mmHg.
Heart failure: never diagnosed.
Enjoys board games.",,,,
author1,185,rule_v1/test_L2,rule_v1.test.gs147.c4.negation.easy.100,negation,easy,pres,"For uncomplicated cystitis, prescribe trimethoprim-sulfamethoxazole. Score 1 point if the current systolic blood pressure is above 160 mmHg; 2 points if the patient or a first-degree relative (parent, sibling or child) has had diabetes at any time; 1 point if the patient has had cancer at any time (active or in remission); 2 points if the patient has ever had heart failure (current or past). If the score is 3 or more, prescribe nitrofurantoin instead.",Prescribe trimethoprim-sulfamethoxazole.,Prescribe nitrofurantoin.,s,patient: systolic blood pressure = 118; present; current | patient: diabetes (patient or first-degree relative); present; current | patient: cancer at any time; absent; current | patient: heart failure; absent; current,"Female patient of 50 years.
Dysuria and urinary frequency for two days; urine dipstick positive for nitrites.
Plays the piano.
Current systolic blood pressure 118 mmHg.
Insulin-treated diabetes.
Weight steady over the past year.
Sleeps flat on one pillow.
Enjoys board games.",,,,
author1,185,rule_v1/test_L2,rule_v1.test.gs147.c4.negation.easy.100,negation,easy,missing,"For uncomplicated cystitis, prescribe trimethoprim-sulfamethoxazole. Score 1 point if the current systolic blood pressure is above 160 mmHg; 2 points if the patient or a first-degree relative (parent, sibling or child) has had diabetes at any time; 1 point if the patient has had cancer at any time (active or in remission); 2 points if the patient has ever had heart failure (current or past). If the score is 3 or more, prescribe nitrofurantoin instead.",Prescribe trimethoprim-sulfamethoxazole.,Prescribe nitrofurantoin.,neither,patient: diabetes (patient or first-degree relative); present; current | patient: cancer at any time; absent; current | patient: systolic blood pressure = 118; present; current | patient: heart failure; unknown; current,"Woman of 50 years.
Dysuria and urinary frequency for two days; urine dipstick positive for nitrites.
Insulin-treated diabetes.
Weight steady over the past year.
Plays the piano.
Observations now: blood pressure 118/80 mmHg.
Heart failure: unknown.
Enjoys board games.",,,,
author1,189,rule_v1/test_L3alt,rule_v1.test.ckd_nsaid.egfr.boundary.alt.740,boundary,alt,base,"For knee osteoarthritis pain, prescribe naproxen. If the patient's current eGFR is below 75 mL/min/1.73 m2, prescribe acetaminophen instead.",Prescribe naproxen.,Prescribe acetaminophen.,s,patient: eGFR = 83; present; current,"Man of 54 years.
Knee osteoarthritis with pain on walking.
Paints watercolors as a hobby.
Uses sunscreen in summer.
Pupils equal and reactive to light.
Enjoys board games.
eGFR now 83 mL/min/1.73 m2.",,,,
author1,189,rule_v1/test_L3alt,rule_v1.test.ckd_nsaid.egfr.boundary.alt.740,boundary,alt,flip,"For knee osteoarthritis pain, prescribe naproxen. If the patient's current eGFR is below 75 mL/min/1.73 m2, prescribe acetaminophen instead.",Prescribe naproxen.,Prescribe acetaminophen.,s',patient: eGFR = 72; present; current,"Man of 54 years.
Knee osteoarthritis with pain on walking.
Paints watercolors as a hobby.
Uses sunscreen in summer.
Pupils equal and reactive to light.
Enjoys board games.
eGFR now 72 mL/min/1.73 m2.",,,,
author1,189,rule_v1/test_L3alt,rule_v1.test.ckd_nsaid.egfr.boundary.alt.740,boundary,alt,near,"For knee osteoarthritis pain, prescribe naproxen. If the patient's current eGFR is below 75 mL/min/1.73 m2, prescribe acetaminophen instead.",Prescribe naproxen.,Prescribe acetaminophen.,s,patient: eGFR = 75; present; current,"Man of 54 years.
Knee osteoarthritis with pain on walking.
Paints watercolors as a hobby.
Uses sunscreen in summer.
Pupils equal and reactive to light.
Enjoys board games.
eGFR now 75 mL/min/1.73 m2.",,,,
author1,189,rule_v1/test_L3alt,rule_v1.test.ckd_nsaid.egfr.boundary.alt.740,boundary,alt,pres,"For knee osteoarthritis pain, prescribe naproxen. If the patient's current eGFR is below 75 mL/min/1.73 m2, prescribe acetaminophen instead.",Prescribe naproxen.,Prescribe acetaminophen.,s,patient: eGFR = 83; present; current,"Male patient of 54 years.
Knee osteoarthritis with pain on walking.
Current eGFR 83 mL/min/1.73 m2.
Uses sunscreen in summer.
Paints watercolors as a hobby.
Enjoys board games.
Pupils equal and reactive to light.",,,,
author1,193,rule_v1/test_hard,rule_v1.test.s2_wells_pe.hr.numeric.long.833,numeric,long,base,"Wells score for pulmonary embolism (as used here, partial): 1.5 points for a current heart rate above 100/min; 1 point each for current hemoptysis (coughing up blood) and active cancer. Other Wells items are not part of this question.",The heart rate criterion contributes 0 points.,The heart rate criterion contributes 1.5 points.,s,patient: hemoptysis; absent; current | patient: active cancer; absent; current | patient: heart rate = 83; present; current,"Man of 74 years.
Sudden breathlessness and pleuritic chest pain; assessed in the emergency department.
During a checkup in 2016, free T3 was 3.2 pg/mL.
Drives a car.
Lives in a second-floor apartment.
Owns a bicycle.
His wife has recovered from a dislocated finger.
In 2006, folate was 12 ng/mL.
Zinc of 85 mcg/dL in 2008.
Teeth in good repair.
Sputum colorless on inspection.
His sister has a lazy eye.
Sleeps seven hours a night.
Sees a dentist yearly.
Plays the piano.
Oncology follow-up: none.
Current heart rate 83/min.
Prefers morning appointments.
Uses sunscreen in summer.
In 2018, lipase was 30 U/L.
Enjoys board games.
Photographs local wildlife.",,,,
author1,193,rule_v1/test_hard,rule_v1.test.s2_wells_pe.hr.numeric.long.833,numeric,long,flip,"Wells score for pulmonary embolism (as used here, partial): 1.5 points for a current heart rate above 100/min; 1 point each for current hemoptysis (coughing up blood) and active cancer. Other Wells items are not part of this question.",The heart rate criterion contributes 0 points.,The heart rate criterion contributes 1.5 points.,s',patient: hemoptysis; absent; current | patient: active cancer; absent; current | patient: heart rate = 108; present; current,"Man of 74 years.
Sudden breathlessness and pleuritic chest pain; assessed in the emergency department.
During a checkup in 2016, free T3 was 3.2 pg/mL.
Drives a car.
Lives in a second-floor apartment.
Owns a bicycle.
His wife has recovered from a dislocated finger.
In 2006, folate was 12 ng/mL.
Zinc of 85 mcg/dL in 2008.
Teeth in good repair.
Sputum colorless on inspection.
His sister has a lazy eye.
Sleeps seven hours a night.
Sees a dentist yearly.
Plays the piano.
Oncology follow-up: none.
Current heart rate 108/min.
Prefers morning appointments.
Uses sunscreen in summer.
In 2018, lipase was 30 U/L.
Enjoys board games.
Photographs local wildlife.",,,,
author1,193,rule_v1/test_hard,rule_v1.test.s2_wells_pe.hr.numeric.long.833,numeric,long,near,"Wells score for pulmonary embolism (as used here, partial): 1.5 points for a current heart rate above 100/min; 1 point each for current hemoptysis (coughing up blood) and active cancer. Other Wells items are not part of this question.",The heart rate criterion contributes 0 points.,The heart rate criterion contributes 1.5 points.,s,patient: hemoptysis; absent; current | patient: active cancer; absent; current | patient: heart rate = 97; present; current,"Man of 74 years.
Sudden breathlessness and pleuritic chest pain; assessed in the emergency department.
During a checkup in 2016, free T3 was 3.2 pg/mL.
Drives a car.
Lives in a second-floor apartment.
Owns a bicycle.
His wife has recovered from a dislocated finger.
In 2006, folate was 12 ng/mL.
Zinc of 85 mcg/dL in 2008.
Teeth in good repair.
Sputum colorless on inspection.
His sister has a lazy eye.
Sleeps seven hours a night.
Sees a dentist yearly.
Plays the piano.
Oncology follow-up: none.
Current heart rate 97/min.
Prefers morning appointments.
Uses sunscreen in summer.
In 2018, lipase was 30 U/L.
Enjoys board games.
Photographs local wildlife.",,,,
author1,193,rule_v1/test_hard,rule_v1.test.s2_wells_pe.hr.numeric.long.833,numeric,long,pres,"Wells score for pulmonary embolism (as used here, partial): 1.5 points for a current heart rate above 100/min; 1 point each for current hemoptysis (coughing up blood) and active cancer. Other Wells items are not part of this question.",The heart rate criterion contributes 0 points.,The heart rate criterion contributes 1.5 points.,s,patient: heart rate = 83; present; current | patient: hemoptysis; absent; current | patient: active cancer; absent; current,"Male patient of 74 years.
Sudden breathlessness and pleuritic chest pain; assessed in the emergency department.
His sister has a lazy eye.
Photographs local wildlife.
Teeth in good repair.
Heart rate now 83/min on a pulse check.
Sputum colorless on inspection.
Drives a car.
Prefers morning appointments.
In 2018, lipase was 30 U/L.
His wife has recovered from a dislocated finger.
Zinc of 85 mcg/dL in 2008.
Owns a bicycle.
During a checkup in 2016, free T3 was 3.2 pg/mL.
Enjoys board games.
Plays the piano.
In 2006, folate was 12 ng/mL.
Lives in a second-floor apartment.
Sleeps seven hours a night.
Sees a dentist yearly.
Oncology follow-up: none.
Uses sunscreen in summer.",,,,
author1,197,rule_v1/test_L3inv,rule_v1.test.inv042.c1.subject.easy.512,subject,easy,base,"For Zentha disease, prescribe valtimide. If the patient currently has asthma or the patient has had cancer at any time (active or in remission), prescribe isomarin instead.",Prescribe valtimide.,Prescribe isomarin.,s,patient: asthma; absent; current | patient: cancer at any time; absent; current,"Woman of 63 years.
Referred with Zentha disease.
Sleeps seven hours a night.
Inhaler use: none.
Weight steady over the past year.
Prefers morning appointments.",,,,
author1,197,rule_v1/test_L3inv,rule_v1.test.inv042.c1.subject.easy.512,subject,easy,flip,"For Zentha disease, prescribe valtimide. If the patient currently has asthma or the patient has had cancer at any time (active or in remission), prescribe isomarin instead.",Prescribe valtimide.,Prescribe isomarin.,s',patient: asthma; present; current | patient: cancer at any time; absent; current,"Woman of 63 years.
Referred with Zentha disease.
Sleeps seven hours a night.
Persistent asthma, using a rescue inhaler most weeks.
Weight steady over the past year.
Prefers morning appointments.",,,,
author1,197,rule_v1/test_L3inv,rule_v1.test.inv042.c1.subject.easy.512,subject,easy,near,"For Zentha disease, prescribe valtimide. If the patient currently has asthma or the patient has had cancer at any time (active or in remission), prescribe isomarin instead.",Prescribe valtimide.,Prescribe isomarin.,s,father: asthma; present; current | patient: cancer at any time; absent; current,"Woman of 63 years.
Referred with Zentha disease.
Sleeps seven hours a night.
Her father uses an inhaler for asthma.
Weight steady over the past year.
Prefers morning appointments.",,,,
author1,197,rule_v1/test_L3inv,rule_v1.test.inv042.c1.subject.easy.512,subject,easy,pres,"For Zentha disease, prescribe valtimide. If the patient currently has asthma or the patient has had cancer at any time (active or in remission), prescribe isomarin instead.",Prescribe valtimide.,Prescribe isomarin.,s,patient: asthma; absent; current | patient: cancer at any time; absent; current,"Female patient of 63 years.
Referred with Zentha disease.
Prefers morning appointments.
Sleeps seven hours a night.
Inhaler use: none.
Weight steady over the past year.",,,,
author1,201,rule_v1/test_hard,rule_v1.test.gs038.c2.numeric.long.948,numeric,long,base,"For newly diagnosed hypertension, prescribe lisinopril. If the patient has ever had a peptic ulcer (current or past) and the current blood urea nitrogen is above 19 mg/dL, prescribe amlodipine instead.",Prescribe lisinopril.,Prescribe amlodipine.,s,patient: blood urea nitrogen = 15; present; current | patient: peptic ulcer at any time; present; current,"Woman of 75 years.
Newly diagnosed hypertension (blood pressure 158/94 mmHg on repeated readings).
Sleeps seven hours a night.
Owns a bicycle.
During a checkup in 2017, free T3 was 3.2 pg/mL.
Enjoys board games.
Pupils equal and reactive to light.
Her wife burned a hand on a stove years ago.
Free T4 of 1.2 ng/dL in 2007.
Plays the piano.
Uses sunscreen in summer.
Her sister wears contact lenses.
Her sister has recovered from a dislocated finger.
In 2016, lipase was 30 U/L.
Teeth in good repair.
Prefers to be addressed by first name.
Has two cats.
Zinc of 85 mcg/dL in 2022.
Blood urea nitrogen now: 15 mg/dL.
Her wife sprained a thumb last month.
Prefers morning appointments.
Knits as a hobby.
Active peptic ulcer disease.",,,,
author1,201,rule_v1/test_hard,rule_v1.test.gs038.c2.numeric.long.948,numeric,long,flip,"For newly diagnosed hypertension, prescribe lisinopril. If the patient has ever had a peptic ulcer (current or past) and the current blood urea nitrogen is above 19 mg/dL, prescribe amlodipine instead.",Prescribe lisinopril.,Prescribe amlodipine.,s',patient: blood urea nitrogen = 28; present; current | patient: peptic ulcer at any time; present; current,"Woman of 75 years.
Newly diagnosed hypertension (blood pressure 158/94 mmHg on repeated readings).
Sleeps seven hours a night.
Owns a bicycle.
During a checkup in 2017, free T3 was 3.2 pg/mL.
Enjoys board games.
Pupils equal and reactive to light.
Her wife burned a hand on a stove years ago.
Free T4 of 1.2 ng/dL in 2007.
Plays the piano.
Uses sunscreen in summer.
Her sister wears contact lenses.
Her sister has recovered from a dislocated finger.
In 2016, lipase was 30 U/L.
Teeth in good repair.
Prefers to be addressed by first name.
Has two cats.
Zinc of 85 mcg/dL in 2022.
Blood urea nitrogen now: 28 mg/dL.
Her wife sprained a thumb last month.
Prefers morning appointments.
Knits as a hobby.
Active peptic ulcer disease.",,,,
author1,201,rule_v1/test_hard,rule_v1.test.gs038.c2.numeric.long.948,numeric,long,near,"For newly diagnosed hypertension, prescribe lisinopril. If the patient has ever had a peptic ulcer (current or past) and the current blood urea nitrogen is above 19 mg/dL, prescribe amlodipine instead.",Prescribe lisinopril.,Prescribe amlodipine.,s,patient: blood urea nitrogen = 16; present; current | patient: peptic ulcer at any time; present; current,"Woman of 75 years.
Newly diagnosed hypertension (blood pressure 158/94 mmHg on repeated readings).
Sleeps seven hours a night.
Owns a bicycle.
During a checkup in 2017, free T3 was 3.2 pg/mL.
Enjoys board games.
Pupils equal and reactive to light.
Her wife burned a hand on a stove years ago.
Free T4 of 1.2 ng/dL in 2007.
Plays the piano.
Uses sunscreen in summer.
Her sister wears contact lenses.
Her sister has recovered from a dislocated finger.
In 2016, lipase was 30 U/L.
Teeth in good repair.
Prefers to be addressed by first name.
Has two cats.
Zinc of 85 mcg/dL in 2022.
Blood urea nitrogen now: 16 mg/dL.
Her wife sprained a thumb last month.
Prefers morning appointments.
Knits as a hobby.
Active peptic ulcer disease.",,,,
author1,201,rule_v1/test_hard,rule_v1.test.gs038.c2.numeric.long.948,numeric,long,pres,"For newly diagnosed hypertension, prescribe lisinopril. If the patient has ever had a peptic ulcer (current or past) and the current blood urea nitrogen is above 19 mg/dL, prescribe amlodipine instead.",Prescribe lisinopril.,Prescribe amlodipine.,s,patient: blood urea nitrogen = 15; present; current | patient: peptic ulcer at any time; present; current,"Female patient of 75 years.
Newly diagnosed hypertension (blood pressure 158/94 mmHg on repeated readings).
Enjoys board games.
Owns a bicycle.
Blood urea nitrogen 15 mg/dL on the current labs.
Her wife sprained a thumb last month.
In 2016, lipase was 30 U/L.
Prefers to be addressed by first name.
Uses sunscreen in summer.
Free T4 of 1.2 ng/dL in 2007.
Knits as a hobby.
Her sister wears contact lenses.
Pupils equal and reactive to light.
Plays the piano.
Teeth in good repair.
During a checkup in 2017, free T3 was 3.2 pg/mL.
Sleeps seven hours a night.
Has two cats.
Active peptic ulcer disease.
Her wife burned a hand on a stove years ago.
Zinc of 85 mcg/dL in 2022.
Her sister has recovered from a dislocated finger.
Prefers morning appointments.",,,,
author1,205,rule_v1/test_L3inv,rule_v1.test.inv003.c2.subject.long.182,subject,long,base,"For Brask fever, prescribe gendrotil. If the patient has ever had diabetes (current or past) or the patient is currently taking warfarin, prescribe lumacept instead.",Prescribe gendrotil.,Prescribe lumacept.,s,,"Male patient of 68 years.
Referred with Brask fever.
Teeth in good repair.
Pupils equal and reactive to light.
In 2015, lipase was 30 U/L.
His wife has a lazy eye.
Has two cats.
Prefers to be addressed by first name.
His wife sprained a thumb last month.
Uses sunscreen in summer.
Free T4 of 1.2 ng/dL in 2016.
His roommate wears contact lenses.
Sleeps seven hours a night.
Owns a bicycle.
Sees a dentist yearly.
Photographs local wildlife.
Knits as a hobby.
His sister burned a hand on a stove years ago.
Enjoys board games.",,,,
author1,205,rule_v1/test_L3inv,rule_v1.test.inv003.c2.subject.long.182,subject,long,flip,"For Brask fever, prescribe gendrotil. If the patient has ever had diabetes (current or past) or the patient is currently taking warfarin, prescribe lumacept instead.",Prescribe gendrotil.,Prescribe lumacept.,s',patient: warfarin; present; current,"Male patient of 68 years.
Referred with Brask fever.
Teeth in good repair.
Pupils equal and reactive to light.
In 2015, lipase was 30 U/L.
His wife has a lazy eye.
Has two cats.
Prefers to be addressed by first name.
His wife sprained a thumb last month.
Uses sunscreen in summer.
Free T4 of 1.2 ng/dL in 2016.
His roommate wears contact lenses.
Sleeps seven hours a night.
Owns a bicycle.
Sees a dentist yearly.
Currently on warfarin, prescribed by the cardiology clinic.
Photographs local wildlife.
Knits as a hobby.
His sister burned a hand on a stove years ago.
Enjoys board games.",,,,
author1,205,rule_v1/test_L3inv,rule_v1.test.inv003.c2.subject.long.182,subject,long,near,"For Brask fever, prescribe gendrotil. If the patient has ever had diabetes (current or past) or the patient is currently taking warfarin, prescribe lumacept instead.",Prescribe gendrotil.,Prescribe lumacept.,s,friend: warfarin; present; current,"Male patient of 68 years.
Referred with Brask fever.
Teeth in good repair.
Pupils equal and reactive to light.
In 2015, lipase was 30 U/L.
His wife has a lazy eye.
Has two cats.
Prefers to be addressed by first name.
His wife sprained a thumb last month.
Uses sunscreen in summer.
Free T4 of 1.2 ng/dL in 2016.
His roommate wears contact lenses.
Sleeps seven hours a night.
Owns a bicycle.
Sees a dentist yearly.
His friend is on warfarin with monthly INR checks.
Photographs local wildlife.
Knits as a hobby.
His sister burned a hand on a stove years ago.
Enjoys board games.",,,,
author1,205,rule_v1/test_L3inv,rule_v1.test.inv003.c2.subject.long.182,subject,long,pres,"For Brask fever, prescribe gendrotil. If the patient has ever had diabetes (current or past) or the patient is currently taking warfarin, prescribe lumacept instead.",Prescribe gendrotil.,Prescribe lumacept.,s,,"Man of 68 years.
Referred with Brask fever.
His wife sprained a thumb last month.
Teeth in good repair.
Knits as a hobby.
Photographs local wildlife.
Sleeps seven hours a night.
His roommate wears contact lenses.
Uses sunscreen in summer.
Free T4 of 1.2 ng/dL in 2016.
In 2015, lipase was 30 U/L.
Pupils equal and reactive to light.
Has two cats.
His wife has a lazy eye.
His sister burned a hand on a stove years ago.
Sees a dentist yearly.
Prefers to be addressed by first name.
Owns a bicycle.
Enjoys board games.",,,,
author1,209,rule_v1/test_L2,rule_v1.test.gs124.c1.negation.easy.1911,negation,easy,base,"For community-acquired pneumonia, prescribe oral amoxicillin. If at least two of the following apply, prescribe intravenous co-amoxiclav instead: the patient or a first-degree relative (parent, sibling or child) has had colorectal cancer at any time; the current calf swelling compared with the other leg is 3.0 cm or more; the age of the patient is above 65 years.",Prescribe oral amoxicillin.,Prescribe intravenous co-amoxiclav.,s,patient: colorectal cancer (patient or first-degree relative); absent; current | patient: age = 48; present; current | patient: calf swelling = 3.8; present; current,"Man, adult.
Community-acquired pneumonia confirmed on chest radiograph.
Owns a bicycle.
Hemoglobin within the normal range on recent blood tests.
Currently aged 48 years.
Photographs local wildlife.
Enjoys board games.
Difference in calf circumference now 3.8 cm.",,,,
author1,209,rule_v1/test_L2,rule_v1.test.gs124.c1.negation.easy.1911,negation,easy,flip,"For community-acquired pneumonia, prescribe oral amoxicillin. If at least two of the following apply, prescribe intravenous co-amoxiclav instead: the patient or a first-degree relative (parent, sibling or child) has had colorectal cancer at any time; the current calf swelling compared with the other leg is 3.0 cm or more; the age of the patient is above 65 years.",Prescribe oral amoxicillin.,Prescribe intravenous co-amoxiclav.,s',patient: colorectal cancer (patient or first-degree relative); present; current | patient: age = 48; present; current | patient: calf swelling = 3.8; present; current,"Man, adult.
Community-acquired pneumonia confirmed on chest radiograph.
Owns a bicycle.
Colorectal cancer under active treatment.
Currently aged 48 years.
Photographs local wildlife.
Enjoys board games.
Difference in calf circumference now 3.8 cm.",,,,
author1,209,rule_v1/test_L2,rule_v1.test.gs124.c1.negation.easy.1911,negation,easy,near,"For community-acquired pneumonia, prescribe oral amoxicillin. If at least two of the following apply, prescribe intravenous co-amoxiclav instead: the patient or a first-degree relative (parent, sibling or child) has had colorectal cancer at any time; the current calf swelling compared with the other leg is 3.0 cm or more; the age of the patient is above 65 years.",Prescribe oral amoxicillin.,Prescribe intravenous co-amoxiclav.,s,patient: colorectal cancer (patient or first-degree relative); absent; current | patient: age = 48; present; current | patient: calf swelling = 3.8; present; current,"Man, adult.
Community-acquired pneumonia confirmed on chest radiograph.
Owns a bicycle.
Never diagnosed with colorectal cancer.
Currently aged 48 years.
Photographs local wildlife.
Enjoys board games.
Difference in calf circumference now 3.8 cm.",,,,
author1,209,rule_v1/test_L2,rule_v1.test.gs124.c1.negation.easy.1911,negation,easy,pres,"For community-acquired pneumonia, prescribe oral amoxicillin. If at least two of the following apply, prescribe intravenous co-amoxiclav instead: the patient or a first-degree relative (parent, sibling or child) has had colorectal cancer at any time; the current calf swelling compared with the other leg is 3.0 cm or more; the age of the patient is above 65 years.",Prescribe oral amoxicillin.,Prescribe intravenous co-amoxiclav.,s,patient: calf swelling = 3.8; present; current | patient: age = 48; present; current | patient: colorectal cancer (patient or first-degree relative); absent; current,"An adult man.
Community-acquired pneumonia confirmed on chest radiograph.
Owns a bicycle.
Photographs local wildlife.
Current calf swelling 3.8 cm compared with the other leg.
Current age 48 years.
Hemoglobin within the normal range on recent blood tests.
Enjoys board games.",,,,
author1,213,rule_v1/test_L2,rule_v1.test.gs035.c1.time.easy.1899,time,easy,base,"For contraception, prescribe a combined oral contraceptive. If at least two of the following apply, prescribe a progestin-only pill instead: the patient currently has heart failure; the age of the patient is 75 years or more; the patient has had cancer at any time (active or in remission).",Prescribe a combined oral contraceptive.,Prescribe a progestin-only pill.,s,patient: current heart failure; absent; current | patient: cancer at any time; present; current | patient: age = 61; present; current,"An adult woman.
Requests contraception.
Drives a car.
Heart sounds without a gallop.
Has melanoma skin cancer and is receiving treatment for it.
Currently aged 61 years.",,,,
author1,213,rule_v1/test_L2,rule_v1.test.gs035.c1.time.easy.1899,time,easy,flip,"For contraception, prescribe a combined oral contraceptive. If at least two of the following apply, prescribe a progestin-only pill instead: the patient currently has heart failure; the age of the patient is 75 years or more; the patient has had cancer at any time (active or in remission).",Prescribe a combined oral contraceptive.,Prescribe a progestin-only pill.,s',patient: current heart failure; present; current | patient: cancer at any time; present; current | patient: age = 61; present; current,"An adult woman.
Requests contraception.
Drives a car.
Current heart failure with ankle swelling.
Has melanoma skin cancer and is receiving treatment for it.
Currently aged 61 years.",,,,
author1,213,rule_v1/test_L2,rule_v1.test.gs035.c1.time.easy.1899,time,easy,near,"For contraception, prescribe a combined oral contraceptive. If at least two of the following apply, prescribe a progestin-only pill instead: the patient currently has heart failure; the age of the patient is 75 years or more; the patient has had cancer at any time (active or in remission).",Prescribe a combined oral contraceptive.,Prescribe a progestin-only pill.,s,patient: current heart failure; present; past (2023) | patient: cancer at any time; present; current | patient: age = 61; present; current,"An adult woman.
Requests contraception.
Drives a car.
Formerly had heart failure from stress cardiomyopathy; recovered fully in 2023 and off all heart medicines since.
Has melanoma skin cancer and is receiving treatment for it.
Currently aged 61 years.",,,,
author1,213,rule_v1/test_L2,rule_v1.test.gs035.c1.time.easy.1899,time,easy,pres,"For contraception, prescribe a combined oral contraceptive. If at least two of the following apply, prescribe a progestin-only pill instead: the patient currently has heart failure; the age of the patient is 75 years or more; the patient has had cancer at any time (active or in remission).",Prescribe a combined oral contraceptive.,Prescribe a progestin-only pill.,s,patient: current heart failure; absent; current | patient: age = 61; present; current | patient: cancer at any time; present; current,"Woman, adult.
Requests contraception.
Heart sounds without a gallop.
Current age 61 years.
Has melanoma skin cancer and is receiving treatment for it.
Drives a car.",,,,
author1,217,rule_v1/test_L2,rule_v1.test.gs021.c1.boundary.easy.1207,boundary,easy,base,"For hip osteoarthritis pain, prescribe naproxen alone. If the current systolic blood pressure is above 160 mmHg or the current serum creatinine is above 2.0 mg/dL, prescribe naproxen with omeprazole instead.",Prescribe naproxen alone.,Prescribe naproxen with omeprazole.,s,patient: serum creatinine = 0.7; present; current | patient: systolic blood pressure = 135; present; current,"Male patient of 51 years.
Hip osteoarthritis with pain on walking.
Paints watercolors as a hobby.
Current serum creatinine 0.7 mg/dL.
Owns a bicycle.
Observations now: blood pressure 135/89 mmHg.
Pupils equal and reactive to light.",,,,
author1,217,rule_v1/test_L2,rule_v1.test.gs021.c1.boundary.easy.1207,boundary,easy,flip,"For hip osteoarthritis pain, prescribe naproxen alone. If the current systolic blood pressure is above 160 mmHg or the current serum creatinine is above 2.0 mg/dL, prescribe naproxen with omeprazole instead.",Prescribe naproxen alone.,Prescribe naproxen with omeprazole.,s',patient: serum creatinine = 0.7; present; current | patient: systolic blood pressure = 172; present; current,"Male patient of 51 years.
Hip osteoarthritis with pain on walking.
Paints watercolors as a hobby.
Current serum creatinine 0.7 mg/dL.
Owns a bicycle.
Observations now: blood pressure 172/110 mmHg.
Pupils equal and reactive to light.",,,,
author1,217,rule_v1/test_L2,rule_v1.test.gs021.c1.boundary.easy.1207,boundary,easy,near,"For hip osteoarthritis pain, prescribe naproxen alone. If the current systolic blood pressure is above 160 mmHg or the current serum creatinine is above 2.0 mg/dL, prescribe naproxen with omeprazole instead.",Prescribe naproxen alone.,Prescribe naproxen with omeprazole.,s,patient: serum creatinine = 0.7; present; current | patient: systolic blood pressure = 160; present; current,"Male patient of 51 years.
Hip osteoarthritis with pain on walking.
Paints watercolors as a hobby.
Current serum creatinine 0.7 mg/dL.
Owns a bicycle.
Observations now: blood pressure 160/103 mmHg.
Pupils equal and reactive to light.",,,,
author1,217,rule_v1/test_L2,rule_v1.test.gs021.c1.boundary.easy.1207,boundary,easy,pres,"For hip osteoarthritis pain, prescribe naproxen alone. If the current systolic blood pressure is above 160 mmHg or the current serum creatinine is above 2.0 mg/dL, prescribe naproxen with omeprazole instead.",Prescribe naproxen alone.,Prescribe naproxen with omeprazole.,s,patient: systolic blood pressure = 135; present; current | patient: serum creatinine = 0.7; present; current,"Man of 51 years.
Hip osteoarthritis with pain on walking.
Paints watercolors as a hobby.
Current systolic blood pressure 135 mmHg.
Owns a bicycle.
Pupils equal and reactive to light.
Latest creatinine result: 0.7 mg/dL.",,,,
author1,221,rule_v1/test_L2,rule_v1.test.gs066.c1.subject.easy.1271,subject,easy,base,"For rate control in atrial fibrillation, prescribe metoprolol. If the patient or a first-degree relative (parent, sibling or child) has had colorectal cancer at any time and the patient currently has tonsillar exudate, prescribe diltiazem instead.",Prescribe metoprolol.,Prescribe diltiazem.,s,patient: colorectal cancer (patient or first-degree relative); absent; current | patient: tonsillar exudate; present; current,"Man of 42 years.
Atrial fibrillation with a ventricular rate of 128/min.
Rectal exam unremarkable.
Drives a car.
Tonsillar exudate visible on both sides.
Pupils equal and reactive to light.",,,,
author1,221,rule_v1/test_L2,rule_v1.test.gs066.c1.subject.easy.1271,subject,easy,flip,"For rate control in atrial fibrillation, prescribe metoprolol. If the patient or a first-degree relative (parent, sibling or child) has had colorectal cancer at any time and the patient currently has tonsillar exudate, prescribe diltiazem instead.",Prescribe metoprolol.,Prescribe diltiazem.,s',sister: colorectal cancer (patient or first-degree relative); present; past (2017) | patient: tonsillar exudate; present; current,"Man of 42 years.
Atrial fibrillation with a ventricular rate of 128/min.
His sister recovered from colon cancer after an operation in 2017.
Drives a car.
Tonsillar exudate visible on both sides.
Pupils equal and reactive to light.",,,,
author1,221,rule_v1/test_L2,rule_v1.test.gs066.c1.subject.easy.1271,subject,easy,near,"For rate control in atrial fibrillation, prescribe metoprolol. If the patient or a first-degree relative (parent, sibling or child) has had colorectal cancer at any time and the patient currently has tonsillar exudate, prescribe diltiazem instead.",Prescribe metoprolol.,Prescribe diltiazem.,s,friend: colorectal cancer (patient or first-degree relative); present; past | patient: tonsillar exudate; present; current,"Man of 42 years.
Atrial fibrillation with a ventricular rate of 128/min.
His friend was treated for bowel cancer years ago.
Drives a car.
Tonsillar exudate visible on both sides.
Pupils equal and reactive to light.",,,,
author1,221,rule_v1/test_L2,rule_v1.test.gs066.c1.subject.easy.1271,subject,easy,pres,"For rate control in atrial fibrillation, prescribe metoprolol. If the patient or a first-degree relative (parent, sibling or child) has had colorectal cancer at any time and the patient currently has tonsillar exudate, prescribe diltiazem instead.",Prescribe metoprolol.,Prescribe diltiazem.,s,patient: colorectal cancer (patient or first-degree relative); absent; current | patient: tonsillar exudate; present; current,"Male patient of 42 years.
Atrial fibrillation with a ventricular rate of 128/min.
Pupils equal and reactive to light.
Rectal exam unremarkable.
Drives a car.
Tonsillar exudate visible on both sides.",,,,
author1,225,rule_v1/test_L3inv,rule_v1.test.inv021.c1.negation.easy.61,negation,easy,base,"For Varnell syndrome, prescribe lorvatide. If the patient has ever had angioedema (current or past), prescribe pemraxin instead.",Prescribe lorvatide.,Prescribe pemraxin.,s,,"Woman of 43 years.
Referred with Varnell syndrome.
Has two cats.
Photographs local wildlife.
Owns a bicycle.",,,,
author1,225,rule_v1/test_L3inv,rule_v1.test.inv021.c1.negation.easy.61,negation,easy,flip,"For Varnell syndrome, prescribe lorvatide. If the patient has ever had angioedema (current or past), prescribe pemraxin instead.",Prescribe lorvatide.,Prescribe pemraxin.,s',patient: angioedema; present; current,"Woman of 43 years.
Referred with Varnell syndrome.
Has two cats.
Photographs local wildlife.
Owns a bicycle.
Recurrent angioedema, under allergy follow-up.",,,,
author1,225,rule_v1/test_L3inv,rule_v1.test.inv021.c1.negation.easy.61,negation,easy,near,"For Varnell syndrome, prescribe lorvatide. If the patient has ever had angioedema (current or past), prescribe pemraxin instead.",Prescribe lorvatide.,Prescribe pemraxin.,s,patient: angioedema; absent; current,"Woman of 43 years.
Referred with Varnell syndrome.
Has two cats.
Photographs local wildlife.
Owns a bicycle.
Never diagnosed with angioedema.",,,,
author1,225,rule_v1/test_L3inv,rule_v1.test.inv021.c1.negation.easy.61,negation,easy,pres,"For Varnell syndrome, prescribe lorvatide. If the patient has ever had angioedema (current or past), prescribe pemraxin instead.",Prescribe lorvatide.,Prescribe pemraxin.,s,,"Female patient of 43 years.
Referred with Varnell syndrome.
Owns a bicycle.
Photographs local wildlife.
Has two cats.",,,,
author1,229,rule_v1/test_L2,rule_v1.test.gs054.c2.subject.easy.1935,subject,easy,base,"For community-acquired pneumonia, prescribe oral amoxicillin. Score 3 points if the patient currently has a venous thromboembolism; 2 points if the patient or a first-degree relative (parent, sibling or child) has had colorectal cancer at any time; 2 points if the current respiratory rate is 22/min or more; 1 point if the current oxygen saturation is 91% or less. If the score is 6 or more, prescribe intravenous co-amoxiclav instead.",Prescribe oral amoxicillin.,Prescribe intravenous co-amoxiclav.,s,patient: oxygen saturation = 85; present; current | patient: current venous thromboembolism; present; current | patient: respiratory rate = 14; present; current,"Woman of 56 years.
Community-acquired pneumonia confirmed on chest radiograph.
Drives a car.
Prefers to be addressed by first name.
Teeth in good repair.
Current oxygen saturation 85%.
Has an acute pulmonary embolism, diagnosed this week.
Current respiratory rate 14/min.
Sees a dentist yearly.",,,,
author1,229,rule_v1/test_L2,rule_v1.test.gs054.c2.subject.easy.1935,subject,easy,flip,"For community-acquired pneumonia, prescribe oral amoxicillin. Score 3 points if the patient currently has a venous thromboembolism; 2 points if the patient or a first-degree relative (parent, sibling or child) has had colorectal cancer at any time; 2 points if the current respiratory rate is 22/min or more; 1 point if the current oxygen saturation is 91% or less. If the score is 6 or more, prescribe intravenous co-amoxiclav instead.",Prescribe oral amoxicillin.,Prescribe intravenous co-amoxiclav.,s',patient: oxygen saturation = 85; present; current | patient: current venous thromboembolism; present; current | patient: respiratory rate = 14; present; current | sister: colorectal cancer (patient or first-degree relative); present; current,"Woman of 56 years.
Community-acquired pneumonia confirmed on chest radiograph.
Drives a car.
Prefers to be addressed by first name.
Teeth in good repair.
Current oxygen saturation 85%.
Has an acute pulmonary embolism, diagnosed this week.
Current respiratory rate 14/min.
Sees a dentist yearly.
Her sister is undergoing surgery for bowel cancer.",,,,
author1,229,rule_v1/test_L2,rule_v1.test.gs054.c2.subject.easy.1935,subject,easy,near,"For community-acquired pneumonia, prescribe oral amoxicillin. Score 3 points if the patient currently has a venous thromboembolism; 2 points if the patient or a first-degree relative (parent, sibling or child) has had colorectal cancer at any time; 2 points if the current respiratory rate is 22/min or more; 1 point if the current oxygen saturation is 91% or less. If the score is 6 or more, prescribe intravenous co-amoxiclav instead.",Prescribe oral amoxicillin.,Prescribe intravenous co-amoxiclav.,s,patient: oxygen saturation = 85; present; current | patient: current venous thromboembolism; present; current | patient: respiratory rate = 14; present; current | uncle: colorectal cancer (patient or first-degree relative); present; current,"Woman of 56 years.
Community-acquired pneumonia confirmed on chest radiograph.
Drives a car.
Prefers to be addressed by first name.
Teeth in good repair.
Current oxygen saturation 85%.
Has an acute pulmonary embolism, diagnosed this week.
Current respiratory rate 14/min.
Sees a dentist yearly.
Her uncle is undergoing surgery for bowel cancer.",,,,
author1,229,rule_v1/test_L2,rule_v1.test.gs054.c2.subject.easy.1935,subject,easy,pres,"For community-acquired pneumonia, prescribe oral amoxicillin. Score 3 points if the patient currently has a venous thromboembolism; 2 points if the patient or a first-degree relative (parent, sibling or child) has had colorectal cancer at any time; 2 points if the current respiratory rate is 22/min or more; 1 point if the current oxygen saturation is 91% or less. If the score is 6 or more, prescribe intravenous co-amoxiclav instead.",Prescribe oral amoxicillin.,Prescribe intravenous co-amoxiclav.,s,patient: respiratory rate = 14; present; current | patient: current venous thromboembolism; present; current | patient: oxygen saturation = 85; present; current,"Female patient of 56 years.
Community-acquired pneumonia confirmed on chest radiograph.
Observations now: respiratory rate 14/min.
Drives a car.
Has an acute pulmonary embolism, diagnosed this week.
Sees a dentist yearly.
Latest oxygen saturation reading: 85%.
Prefers to be addressed by first name.
Teeth in good repair.",,,,
author1,233,rule_v1/test_hard,rule_v1.test.gs246.c1.boundary.long.752,boundary,long,base,"For musculoskeletal pain, prescribe ibuprofen. If at least two of the following apply, prescribe acetaminophen instead: the current white cell count is above 12.0 x10^9/L; the patient has ever had angioedema (current or past); the patient has active cancer.",Prescribe ibuprofen.,Prescribe acetaminophen.,s,patient: angioedema; absent; current | patient: white cell count = 9.5; present; current | patient: active cancer; present; current,"Male patient of 47 years.
Acute low back pain after lifting.
Enjoys board games.
Drives a car.
His uncle wears contact lenses.
Sleeps seven hours a night.
His roommate sprained a thumb last month.
During a checkup in 2013, free T3 was 3.2 pg/mL.
Prefers to be addressed by first name.
Plays the piano.
Lives in a second-floor apartment.
Knits as a hobby.
Face and neck without swelling on examination.
Pupils equal and reactive to light.
Uses sunscreen in summer.
Teeth in good repair.
Prefers morning appointments.
Current white cell count 9.5 x10^9/L.
Has two cats.
In 2012, folate was 12 ng/mL.
Paints watercolors as a hobby.
Has melanoma skin cancer and is receiving treatment for it.",,,,
author1,233,rule_v1/test_hard,rule_v1.test.gs246.c1.boundary.long.752,boundary,long,flip,"For musculoskeletal pain, prescribe ibuprofen. If at least two of the following apply, prescribe acetaminophen instead: the current white cell count is above 12.0 x10^9/L; the patient has ever had angioedema (current or past); the patient has active cancer.",Prescribe ibuprofen.,Prescribe acetaminophen.,s',patient: angioedema; absent; current | patient: white cell count = 13.4; present; current | patient: active cancer; present; current,"Male patient of 47 years.
Acute low back pain after lifting.
Enjoys board games.
Drives a car.
His uncle wears contact lenses.
Sleeps seven hours a night.
His roommate sprained a thumb last month.
During a checkup in 2013, free T3 was 3.2 pg/mL.
Prefers to be addressed by first name.
Plays the piano.
Lives in a second-floor apartment.
Knits as a hobby.
Face and neck without swelling on examination.
Pupils equal and reactive to light.
Uses sunscreen in summer.
Teeth in good repair.
Prefers morning appointments.
Current white cell count 13.4 x10^9/L.
Has two cats.
In 2012, folate was 12 ng/mL.
Paints watercolors as a hobby.
Has melanoma skin cancer and is receiving treatment for it.",,,,
author1,233,rule_v1/test_hard,rule_v1.test.gs246.c1.boundary.long.752,boundary,long,near,"For musculoskeletal pain, prescribe ibuprofen. If at least two of the following apply, prescribe acetaminophen instead: the current white cell count is above 12.0 x10^9/L; the patient has ever had angioedema (current or past); the patient has active cancer.",Prescribe ibuprofen.,Prescribe acetaminophen.,s,patient: angioedema; absent; current | patient: white cell count = 12.0; present; current | patient: active cancer; present; current,"Male patient of 47 years.
Acute low back pain after lifting.
Enjoys board games.
Drives a car.
His uncle wears contact lenses.
Sleeps seven hours a night.
His roommate sprained a thumb last month.
During a checkup in 2013, free T3 was 3.2 pg/mL.
Prefers to be addressed by first name.
Plays the piano.
Lives in a second-floor apartment.
Knits as a hobby.
Face and neck without swelling on examination.
Pupils equal and reactive to light.
Uses sunscreen in summer.
Teeth in good repair.
Prefers morning appointments.
Current white cell count 12.0 x10^9/L.
Has two cats.
In 2012, folate was 12 ng/mL.
Paints watercolors as a hobby.
Has melanoma skin cancer and is receiving treatment for it.",,,,
author1,233,rule_v1/test_hard,rule_v1.test.gs246.c1.boundary.long.752,boundary,long,pres,"For musculoskeletal pain, prescribe ibuprofen. If at least two of the following apply, prescribe acetaminophen instead: the current white cell count is above 12.0 x10^9/L; the patient has ever had angioedema (current or past); the patient has active cancer.",Prescribe ibuprofen.,Prescribe acetaminophen.,s,patient: active cancer; present; current | patient: white cell count = 9.5; present; current | patient: angioedema; absent; current,"Man of 47 years.
Acute low back pain after lifting.
Has two cats.
His roommate sprained a thumb last month.
Teeth in good repair.
Pupils equal and reactive to light.
Has melanoma skin cancer and is receiving treatment for it.
Lives in a second-floor apartment.
During a checkup in 2013, free T3 was 3.2 pg/mL.
In 2012, folate was 12 ng/mL.
Knits as a hobby.
Prefers to be addressed by first name.
Drives a car.
Uses sunscreen in summer.
His uncle wears contact lenses.
Latest WBC is 9.5 x10^9/L.
Sleeps seven hours a night.
Plays the piano.
Face and neck without swelling on examination.
Paints watercolors as a hobby.
Prefers morning appointments.
Enjoys board games.",,,,
author1,237,rule_v1/test_L2,rule_v1.test.gs075.c2.subject.long.170,subject,long,base,"For newly diagnosed hypertension, prescribe lisinopril. If at least two of the following apply, prescribe amlodipine instead: the patient or a first-degree relative (parent, sibling or child) has had colorectal cancer at any time; the patient is currently taking warfarin; the current calf swelling compared with the other leg is 3.0 cm or more.",Prescribe lisinopril.,Prescribe amlodipine.,s,father: colorectal cancer (patient or first-degree relative); present; current | patient: calf swelling = 0.3; present; current,"Female patient of 46 years.
Newly diagnosed hypertension (blood pressure 158/94 mmHg on repeated readings).
Her father is undergoing surgery for bowel cancer.
Teeth in good repair.
Sleeps seven hours a night.
Her father sprained a thumb last month.
Paints watercolors as a hobby.
Sees a dentist yearly.
Her wife has recovered from a dislocated finger.
Enjoys board games.
Uses sunscreen in summer.
Prefers to be addressed by first name.
Has two cats.
Pupils equal and reactive to light.
Plays the piano.
Drives a car.
During a checkup in 2016, free T3 was 3.2 pg/mL.
Lives in a second-floor apartment.
Prefers morning appointments.
During a checkup in 2007, total protein was 7.0 g/dL.
Current calf swelling 0.3 cm compared with the other leg.
In 2009, folate was 12 ng/mL.
Knits as a hobby.
Owns a bicycle.",,,,
author1,237,rule_v1/test_L2,rule_v1.test.gs075.c2.subject.long.170,subject,long,flip,"For newly diagnosed hypertension, prescribe lisinopril. If at least two of the following apply, prescribe amlodipine instead: the patient or a first-degree relative (parent, sibling or child) has had colorectal cancer at any time; the patient is currently taking warfarin; the current calf swelling compared with the other leg is 3.0 cm or more.",Prescribe lisinopril.,Prescribe amlodipine.,s',father: colorectal cancer (patient or first-degree relative); present; current | patient: warfarin; present; current | patient: calf swelling = 0.3; present; current,"Female patient of 46 years.
Newly diagnosed hypertension (blood pressure 158/94 mmHg on repeated readings).
Her father is undergoing surgery for bowel cancer.
Teeth in good repair.
Sleeps seven hours a night.
Her father sprained a thumb last month.
Paints watercolors as a hobby.
Sees a dentist yearly.
Anticoagulated with warfarin; INR checked monthly at the clinic.
Her wife has recovered from a dislocated finger.
Enjoys board games.
Uses sunscreen in summer.
Prefers to be addressed by first name.
Has two cats.
Pupils equal and reactive to light.
Plays the piano.
Drives a car.
During a checkup in 2016, free T3 was 3.2 pg/mL.
Lives in a second-floor apartment.
Prefers morning appointments.
During a checkup in 2007, total protein was 7.0 g/dL.
Current calf swelling 0.3 cm compared with the other leg.
In 2009, folate was 12 ng/mL.
Knits as a hobby.
Owns a bicycle.",,,,
author1,237,rule_v1/test_L2,rule_v1.test.gs075.c2.subject.long.170,subject,long,near,"For newly diagnosed hypertension, prescribe lisinopril. If at least two of the following apply, prescribe amlodipine instead: the patient or a first-degree relative (parent, sibling or child) has had colorectal cancer at any time; the patient is currently taking warfarin; the current calf swelling compared with the other leg is 3.0 cm or more.",Prescribe lisinopril.,Prescribe amlodipine.,s,father: colorectal cancer (patient or first-degree relative); present; current | wife: warfarin; present; current | patient: calf swelling = 0.3; present; current,"Female patient of 46 years.
Newly diagnosed hypertension (blood pressure 158/94 mmHg on repeated readings).
Her father is undergoing surgery for bowel cancer.
Teeth in good repair.
Sleeps seven hours a night.
Her father sprained a thumb last month.
Paints watercolors as a hobby.
Sees a dentist yearly.
Her wife is on warfarin with monthly INR checks.
Her wife has recovered from a dislocated finger.
Enjoys board games.
Uses sunscreen in summer.
Prefers to be addressed by first name.
Has two cats.
Pupils equal and reactive to light.
Plays the piano.
Drives a car.
During a checkup in 2016, free T3 was 3.2 pg/mL.
Lives in a second-floor apartment.
Prefers morning appointments.
During a checkup in 2007, total protein was 7.0 g/dL.
Current calf swelling 0.3 cm compared with the other leg.
In 2009, folate was 12 ng/mL.
Knits as a hobby.
Owns a bicycle.",,,,
author1,237,rule_v1/test_L2,rule_v1.test.gs075.c2.subject.long.170,subject,long,pres,"For newly diagnosed hypertension, prescribe lisinopril. If at least two of the following apply, prescribe amlodipine instead: the patient or a first-degree relative (parent, sibling or child) has had colorectal cancer at any time; the patient is currently taking warfarin; the current calf swelling compared with the other leg is 3.0 cm or more.",Prescribe lisinopril.,Prescribe amlodipine.,s,patient: calf swelling = 0.3; present; current | father: colorectal cancer (patient or first-degree relative); present; current,"Woman of 46 years.
Newly diagnosed hypertension (blood pressure 158/94 mmHg on repeated readings).
In 2009, folate was 12 ng/mL.
Has two cats.
Difference in calf circumference now 0.3 cm.
Sleeps seven hours a night.
Pupils equal and reactive to light.
Lives in a second-floor apartment.
Drives a car.
Her father is undergoing surgery for bowel cancer.
Enjoys board games.
Owns a bicycle.
Knits as a hobby.
Her wife has recovered from a dislocated finger.
Teeth in good repair.
Plays the piano.
During a checkup in 2016, free T3 was 3.2 pg/mL.
Uses sunscreen in summer.
Her father sprained a thumb last month.
Sees a dentist yearly.
Prefers to be addressed by first name.
During a checkup in 2007, total protein was 7.0 g/dL.
Paints watercolors as a hobby.
Prefers morning appointments.",,,,
author1,237,rule_v1/test_L2,rule_v1.test.gs075.c2.subject.long.170,subject,long,missing,"For newly diagnosed hypertension, prescribe lisinopril. If at least two of the following apply, prescribe amlodipine instead: the patient or a first-degree relative (parent, sibling or child) has had colorectal cancer at any time; the patient is currently taking warfarin; the current calf swelling compared with the other leg is 3.0 cm or more.",Prescribe lisinopril.,Prescribe amlodipine.,neither,father: colorectal cancer (patient or first-degree relative); present; current | patient: warfarin; unknown; current | patient: calf swelling = 0.3; present; current,"Female patient of 46 years.
Newly diagnosed hypertension (blood pressure 158/94 mmHg on repeated readings).
Her father is undergoing surgery for bowel cancer.
Teeth in good repair.
Sleeps seven hours a night.
Her father sprained a thumb last month.
Paints watercolors as a hobby.
Sees a dentist yearly.
Warfarin: status unclear from the records at hand.
Her wife has recovered from a dislocated finger.
Enjoys board games.
Uses sunscreen in summer.
Prefers to be addressed by first name.
Has two cats.
Pupils equal and reactive to light.
Plays the piano.
Drives a car.
During a checkup in 2016, free T3 was 3.2 pg/mL.
Lives in a second-floor apartment.
Prefers morning appointments.
During a checkup in 2007, total protein was 7.0 g/dL.
Current calf swelling 0.3 cm compared with the other leg.
In 2009, folate was 12 ng/mL.
Knits as a hobby.
Owns a bicycle.",,,,
author1,241,rule_v1/test_L2,rule_v1.test.gs179.c2.time.easy.563,time,easy,base,"For rate control in atrial fibrillation, prescribe metoprolol. If the patient has ever had diabetes (current or past) and the current white cell count is above 12.0 x10^9/L, prescribe diltiazem instead.",Prescribe metoprolol.,Prescribe diltiazem.,s,patient: white cell count = 7.8; present; current | patient: white cell count = 10.3; present; past (2006) | patient: diabetes; present; current,"Woman of 83 years.
Atrial fibrillation with a ventricular rate of 128/min.
Latest WBC is 7.8 x10^9/L.
Drives a car.
Paints watercolors as a hobby.
Back in 2006, white cell count stood at 10.3 x10^9/L.
Has type 2 diabetes on metformin.
Owns a bicycle.
Prefers morning appointments.",,,,
author1,241,rule_v1/test_L2,rule_v1.test.gs179.c2.time.easy.563,time,easy,flip,"For rate control in atrial fibrillation, prescribe metoprolol. If the patient has ever had diabetes (current or past) and the current white cell count is above 12.0 x10^9/L, prescribe diltiazem instead.",Prescribe metoprolol.,Prescribe diltiazem.,s',patient: white cell count = 13.4; present; current | patient: white cell count = 10.3; present; past (2006) | patient: diabetes; present; current,"Woman of 83 years.
Atrial fibrillation with a ventricular rate of 128/min.
Latest WBC is 13.4 x10^9/L.
Drives a car.
Paints watercolors as a hobby.
Back in 2006, white cell count stood at 10.3 x10^9/L.
Has type 2 diabetes on metformin.
Owns a bicycle.
Prefers morning appointments.",,,,
author1,241,rule_v1/test_L2,rule_v1.test.gs179.c2.time.easy.563,time,easy,near,"For rate control in atrial fibrillation, prescribe metoprolol. If the patient has ever had diabetes (current or past) and the current white cell count is above 12.0 x10^9/L, prescribe diltiazem instead.",Prescribe metoprolol.,Prescribe diltiazem.,s,patient: white cell count = 7.8; present; current | patient: white cell count = 12.8; present; past (2006) | patient: diabetes; present; current,"Woman of 83 years.
Atrial fibrillation with a ventricular rate of 128/min.
Latest WBC is 7.8 x10^9/L.
Drives a car.
Paints watercolors as a hobby.
Back in 2006, white cell count stood at 12.8 x10^9/L.
Has type 2 diabetes on metformin.
Owns a bicycle.
Prefers morning appointments.",,,,
author1,241,rule_v1/test_L2,rule_v1.test.gs179.c2.time.easy.563,time,easy,pres,"For rate control in atrial fibrillation, prescribe metoprolol. If the patient has ever had diabetes (current or past) and the current white cell count is above 12.0 x10^9/L, prescribe diltiazem instead.",Prescribe metoprolol.,Prescribe diltiazem.,s,patient: diabetes; present; current | patient: white cell count = 7.8; present; current | patient: white cell count = 10.3; present; past (2006),"Female patient of 83 years.
Atrial fibrillation with a ventricular rate of 128/min.
Owns a bicycle.
Prefers morning appointments.
Has type 2 diabetes on metformin.
Drives a car.
Current white cell count 7.8 x10^9/L.
Records from 2006 list white cell count at 10.3 x10^9/L.
Paints watercolors as a hobby.",,,,
author1,241,rule_v1/test_L2,rule_v1.test.gs179.c2.time.easy.563,time,easy,missing,"For rate control in atrial fibrillation, prescribe metoprolol. If the patient has ever had diabetes (current or past) and the current white cell count is above 12.0 x10^9/L, prescribe diltiazem instead.",Prescribe metoprolol.,Prescribe diltiazem.,neither,patient: diabetes; present; current,"Woman of 83 years.
Atrial fibrillation with a ventricular rate of 128/min.
Drives a car.
Paints watercolors as a hobby.
Has type 2 diabetes on metformin.
Owns a bicycle.
Prefers morning appointments.",,,,
author1,245,rule_v1/test_L1,rule_v1.test.gs136.c1.boundary.easy.88,boundary,easy,base,"For contraception, prescribe a combined oral contraceptive. If the current eGFR is below 50 mL/min/1.73 m2 or the patient currently has tonsillar exudate, prescribe a progestin-only pill instead.",Prescribe a combined oral contraceptive.,Prescribe a progestin-only pill.,s,patient: tonsillar exudate; absent; current | patient: eGFR = 74; present; current,"Woman of 25 years.
Requests contraception.
Lives in a second-floor apartment.
Tonsils pink and clean on inspection.
Owns a bicycle.
Current eGFR 74 mL/min/1.73 m2.",,,,
author1,245,rule_v1/test_L1,rule_v1.test.gs136.c1.boundary.easy.88,boundary,easy,flip,"For contraception, prescribe a combined oral contraceptive. If the current eGFR is below 50 mL/min/1.73 m2 or the patient currently has tonsillar exudate, prescribe a progestin-only pill instead.",Prescribe a combined oral contraceptive.,Prescribe a progestin-only pill.,s',patient: tonsillar exudate; absent; current | patient: eGFR = 39; present; current,"Woman of 25 years.
Requests contraception.
Lives in a second-floor apartment.
Tonsils pink and clean on inspection.
Owns a bicycle.
Current eGFR 39 mL/min/1.73 m2.",,,,
author1,245,rule_v1/test_L1,rule_v1.test.gs136.c1.boundary.easy.88,boundary,easy,near,"For contraception, prescribe a combined oral contraceptive. If the current eGFR is below 50 mL/min/1.73 m2 or the patient currently has tonsillar exudate, prescribe a progestin-only pill instead.",Prescribe a combined oral contraceptive.,Prescribe a progestin-only pill.,s,patient: tonsillar exudate; absent; current | patient: eGFR = 50; present; current,"Woman of 25 years.
Requests contraception.
Lives in a second-floor apartment.
Tonsils pink and clean on inspection.
Owns a bicycle.
Current eGFR 50 mL/min/1.73 m2.",,,,
author1,245,rule_v1/test_L1,rule_v1.test.gs136.c1.boundary.easy.88,boundary,easy,pres,"For contraception, prescribe a combined oral contraceptive. If the current eGFR is below 50 mL/min/1.73 m2 or the patient currently has tonsillar exudate, prescribe a progestin-only pill instead.",Prescribe a combined oral contraceptive.,Prescribe a progestin-only pill.,s,patient: tonsillar exudate; absent; current | patient: eGFR = 74; present; current,"Female patient of 25 years.
Requests contraception.
Owns a bicycle.
Lives in a second-floor apartment.
Tonsils pink and clean on inspection.
eGFR now 74 mL/min/1.73 m2.",,,,
author1,249,rule_v1/test_L2,rule_v1.test.gs044.c2.negation.easy.1540,negation,easy,base,"For suspected infection on the medical ward, prescribe oral amoxicillin. If at least two of the following apply, prescribe intravenous piperacillin-tazobactam instead: the age of the patient is 65 years or more; the patient has ever had a peptic ulcer (current or past); the patient has ever had a myocardial infarction or peripheral artery disease (current or past).",Prescribe oral amoxicillin.,Prescribe intravenous piperacillin-tazobactam.,s,patient: peptic ulcer at any time; absent; current | patient: age = 67; present; current,"An adult woman.
Suspected chest infection; assessed on the medical ward.
Abdomen soft and non-tender.
Prefers morning appointments.
Current age 67 years.
Paints watercolors as a hobby.
Has two cats.",,,,
author1,249,rule_v1/test_L2,rule_v1.test.gs044.c2.negation.easy.1540,negation,easy,flip,"For suspected infection on the medical ward, prescribe oral amoxicillin. If at least two of the following apply, prescribe intravenous piperacillin-tazobactam instead: the age of the patient is 65 years or more; the patient has ever had a peptic ulcer (current or past); the patient has ever had a myocardial infarction or peripheral artery disease (current or past).",Prescribe oral amoxicillin.,Prescribe intravenous piperacillin-tazobactam.,s',patient: peptic ulcer at any time; present; past | patient: age = 67; present; current,"An adult woman.
Suspected chest infection; assessed on the medical ward.
Duodenal ulcer years ago; recovered fully with treatment.
Prefers morning appointments.
Current age 67 years.
Paints watercolors as a hobby.
Has two cats.",,,,
author1,249,rule_v1/test_L2,rule_v1.test.gs044.c2.negation.easy.1540,negation,easy,near,"For suspected infection on the medical ward, prescribe oral amoxicillin. If at least two of the following apply, prescribe intravenous piperacillin-tazobactam instead: the age of the patient is 65 years or more; the patient has ever had a peptic ulcer (current or past); the patient has ever had a myocardial infarction or peripheral artery disease (current or past).",Prescribe oral amoxicillin.,Prescribe intravenous piperacillin-tazobactam.,s,patient: peptic ulcer at any time; absent; current | patient: age = 67; present; current,"An adult woman.
Suspected chest infection; assessed on the medical ward.
Has never had a peptic ulcer.
Prefers morning appointments.
Current age 67 years.
Paints watercolors as a hobby.
Has two cats.",,,,
author1,249,rule_v1/test_L2,rule_v1.test.gs044.c2.negation.easy.1540,negation,easy,pres,"For suspected infection on the medical ward, prescribe oral amoxicillin. If at least two of the following apply, prescribe intravenous piperacillin-tazobactam instead: the age of the patient is 65 years or more; the patient has ever had a peptic ulcer (current or past); the patient has ever had a myocardial infarction or peripheral artery disease (current or past).",Prescribe oral amoxicillin.,Prescribe intravenous piperacillin-tazobactam.,s,patient: peptic ulcer at any time; absent; current | patient: age = 67; present; current,"Woman, adult.
Suspected chest infection; assessed on the medical ward.
Has two cats.
Abdomen soft and non-tender.
Prefers morning appointments.
Paints watercolors as a hobby.
Currently aged 67 years.",,,,
author1,253,rule_v1/test_L2,rule_v1.test.gs087.c2.subject.long.860,subject,long,base,"For knee osteoarthritis pain, prescribe naproxen. Score 2 points if the patient is allergic to penicillin; 1 point if the patient or a first-degree relative (parent, sibling or child) has had a venous thromboembolism at any time; 3 points if the current heart rate is above 90/min. If the score is 6 or more, prescribe acetaminophen instead.",Prescribe naproxen.,Prescribe acetaminophen.,s,patient: penicillin allergy; present; current | patient: heart rate = 98; present; current,"Woman of 58 years.
Knee osteoarthritis with pain on walking.
Known penicillin allergy with angioedema.
Free T4 of 1.2 ng/dL in 2019.
Knits as a hobby.
Her friend burned a hand on a stove years ago.
Photographs local wildlife.
In 2008, lipase was 30 U/L.
Enjoys board games.
Lives in a second-floor apartment.
Prefers morning appointments.
Her sister lives with psoriasis.
Teeth in good repair.
Heart rate now 98/min on a pulse check.
During a checkup in 2009, free T3 was 3.2 pg/mL.
Drives a car.
Owns a bicycle.
Plays the piano.
Her friend sprained a thumb last month.
Sees a dentist yearly.
Her wife has recovered from a dislocated finger.
During a checkup in 2011, total protein was 7.0 g/dL.",,,,
author1,253,rule_v1/test_L2,rule_v1.test.gs087.c2.subject.long.860,subject,long,flip,"For knee osteoarthritis pain, prescribe naproxen. Score 2 points if the patient is allergic to penicillin; 1 point if the patient or a first-degree relative (parent, sibling or child) has had a venous thromboembolism at any time; 3 points if the current heart rate is above 90/min. If the score is 6 or more, prescribe acetaminophen instead.",Prescribe naproxen.,Prescribe acetaminophen.,s',patient: penicillin allergy; present; current | father: venous thromboembolism (patient or first-degree relative); present; current | patient: heart rate = 98; present; current,"Woman of 58 years.
Knee osteoarthritis with pain on walking.
Known penicillin allergy with angioedema.
Free T4 of 1.2 ng/dL in 2019.
Knits as a hobby.
Her friend burned a hand on a stove years ago.
Photographs local wildlife.
In 2008, lipase was 30 U/L.
Enjoys board games.
Lives in a second-floor apartment.
Her father is being treated for a pulmonary embolism.
Prefers morning appointments.
Her sister lives with psoriasis.
Teeth in good repair.
Heart rate now 98/min on a pulse check.
During a checkup in 2009, free T3 was 3.2 pg/mL.
Drives a car.
Owns a bicycle.
Plays the piano.
Her friend sprained a thumb last month.
Sees a dentist yearly.
Her wife has recovered from a dislocated finger.
During a checkup in 2011, total protein was 7.0 g/dL.",,,,
author1,253,rule_v1/test_L2,rule_v1.test.gs087.c2.subject.long.860,subject,long,near,"For knee osteoarthritis pain, prescribe naproxen. Score 2 points if the patient is allergic to penicillin; 1 point if the patient or a first-degree relative (parent, sibling or child) has had a venous thromboembolism at any time; 3 points if the current heart rate is above 90/min. If the score is 6 or more, prescribe acetaminophen instead.",Prescribe naproxen.,Prescribe acetaminophen.,s,patient: penicillin allergy; present; current | friend: venous thromboembolism (patient or first-degree relative); present; current | patient: heart rate = 98; present; current,"Woman of 58 years.
Knee osteoarthritis with pain on walking.
Known penicillin allergy with angioedema.
Free T4 of 1.2 ng/dL in 2019.
Knits as a hobby.
Her friend burned a hand on a stove years ago.
Photographs local wildlife.
In 2008, lipase was 30 U/L.
Enjoys board games.
Lives in a second-floor apartment.
Her friend is being treated for a pulmonary embolism.
Prefers morning appointments.
Her sister lives with psoriasis.
Teeth in good repair.
Heart rate now 98/min on a pulse check.
During a checkup in 2009, free T3 was 3.2 pg/mL.
Drives a car.
Owns a bicycle.
Plays the piano.
Her friend sprained a thumb last month.
Sees a dentist yearly.
Her wife has recovered from a dislocated finger.
During a checkup in 2011, total protein was 7.0 g/dL.",,,,
author1,253,rule_v1/test_L2,rule_v1.test.gs087.c2.subject.long.860,subject,long,pres,"For knee osteoarthritis pain, prescribe naproxen. Score 2 points if the patient is allergic to penicillin; 1 point if the patient or a first-degree relative (parent, sibling or child) has had a venous thromboembolism at any time; 3 points if the current heart rate is above 90/min. If the score is 6 or more, prescribe acetaminophen instead.",Prescribe naproxen.,Prescribe acetaminophen.,s,patient: penicillin allergy; present; current | patient: heart rate = 98; present; current,"Female patient of 58 years.
Knee osteoarthritis with pain on walking.
Teeth in good repair.
Free T4 of 1.2 ng/dL in 2019.
Her friend sprained a thumb last month.
Her wife has recovered from a dislocated finger.
Lives in a second-floor apartment.
Enjoys board games.
In 2008, lipase was 30 U/L.
Her sister lives with psoriasis.
Photographs local wildlife.
Plays the piano.
Her friend burned a hand on a stove years ago.
Sees a dentist yearly.
Owns a bicycle.
Knits as a hobby.
Known penicillin allergy with angioedema.
Prefers morning appointments.
Current heart rate 98/min.
Drives a car.
During a checkup in 2009, free T3 was 3.2 pg/mL.
During a checkup in 2011, total protein was 7.0 g/dL.",,,,
author1,253,rule_v1/test_L2,rule_v1.test.gs087.c2.subject.long.860,subject,long,missing,"For knee osteoarthritis pain, prescribe naproxen. Score 2 points if the patient is allergic to penicillin; 1 point if the patient or a first-degree relative (parent, sibling or child) has had a venous thromboembolism at any time; 3 points if the current heart rate is above 90/min. If the score is 6 or more, prescribe acetaminophen instead.",Prescribe naproxen.,Prescribe acetaminophen.,neither,patient: penicillin allergy; present; current | patient: venous thromboembolism (patient or first-degree relative); unknown; current | patient: heart rate = 98; present; current,"Woman of 58 years.
Knee osteoarthritis with pain on walking.
Known penicillin allergy with angioedema.
Free T4 of 1.2 ng/dL in 2019.
Knits as a hobby.
Her friend burned a hand on a stove years ago.
Photographs local wildlife.
In 2008, lipase was 30 U/L.
Enjoys board games.
Lives in a second-floor apartment.
Venous thromboembolism (patient or first-degree relative): unknown.
Prefers morning appointments.
Her sister lives with psoriasis.
Teeth in good repair.
Heart rate now 98/min on a pulse check.
During a checkup in 2009, free T3 was 3.2 pg/mL.
Drives a car.
Owns a bicycle.
Plays the piano.
Her friend sprained a thumb last month.
Sees a dentist yearly.
Her wife has recovered from a dislocated finger.
During a checkup in 2011, total protein was 7.0 g/dL.",,,,
author1,257,rule_v1/test_L0,rule_v1.test.gs117.c2.boundary.long.329,boundary,long,base,"For inpatient VTE prophylaxis, prescribe enoxaparin. If the patient has new confusion and the current eGFR is below 45 mL/min/1.73 m2, prescribe intermittent pneumatic compression instead.",Prescribe enoxaparin.,Prescribe intermittent pneumatic compression.,s,patient: eGFR = 69; present; current | patient: new confusion; present; current,"Woman of 57 years.
Admitted for community-acquired pneumonia; immobile.
Her sister wears contact lenses.
Sleeps seven hours a night.
Her friend has recovered from a dislocated finger.
Prefers morning appointments.
During a checkup in 2016, total protein was 7.0 g/dL.
In 2023, lipase was 30 U/L.
Lives in a second-floor apartment.
Prefers to be addressed by first name.
Uses sunscreen in summer.
Her wife has a lazy eye.
Drives a car.
Current eGFR 69 mL/min/1.73 m2.
Enjoys board games.
During a checkup in 2014, free T3 was 3.2 pg/mL.
Knits as a hobby.
Owns a bicycle.
Pupils equal and reactive to light.
Photographs local wildlife.
Sees a dentist yearly.
Newly disoriented and unable to give a clear history.
Paints watercolors as a hobby.",,,,
author1,257,rule_v1/test_L0,rule_v1.test.gs117.c2.boundary.long.329,boundary,long,flip,"For inpatient VTE prophylaxis, prescribe enoxaparin. If the patient has new confusion and the current eGFR is below 45 mL/min/1.73 m2, prescribe intermittent pneumatic compression instead.",Prescribe enoxaparin.,Prescribe intermittent pneumatic compression.,s',patient: eGFR = 38; present; current | patient: new confusion; present; current,"Woman of 57 years.
Admitted for community-acquired pneumonia; immobile.
Her sister wears contact lenses.
Sleeps seven hours a night.
Her friend has recovered from a dislocated finger.
Prefers morning appointments.
During a checkup in 2016, total protein was 7.0 g/dL.
In 2023, lipase was 30 U/L.
Lives in a second-floor apartment.
Prefers to be addressed by first name.
Uses sunscreen in summer.
Her wife has a lazy eye.
Drives a car.
Current eGFR 38 mL/min/1.73 m2.
Enjoys board games.
During a checkup in 2014, free T3 was 3.2 pg/mL.
Knits as a hobby.
Owns a bicycle.
Pupils equal and reactive to light.
Photographs local wildlife.
Sees a dentist yearly.
Newly disoriented and unable to give a clear history.
Paints watercolors as a hobby.",,,,
author1,257,rule_v1/test_L0,rule_v1.test.gs117.c2.boundary.long.329,boundary,long,near,"For inpatient VTE prophylaxis, prescribe enoxaparin. If the patient has new confusion and the current eGFR is below 45 mL/min/1.73 m2, prescribe intermittent pneumatic compression instead.",Prescribe enoxaparin.,Prescribe intermittent pneumatic compression.,s,patient: eGFR = 45; present; current | patient: new confusion; present; current,"Woman of 57 years.
Admitted for community-acquired pneumonia; immobile.
Her sister wears contact lenses.
Sleeps seven hours a night.
Her friend has recovered from a dislocated finger.
Prefers morning appointments.
During a checkup in 2016, total protein was 7.0 g/dL.
In 2023, lipase was 30 U/L.
Lives in a second-floor apartment.
Prefers to be addressed by first name.
Uses sunscreen in summer.
Her wife has a lazy eye.
Drives a car.
Current eGFR 45 mL/min/1.73 m2.
Enjoys board games.
During a checkup in 2014, free T3 was 3.2 pg/mL.
Knits as a hobby.
Owns a bicycle.
Pupils equal and reactive to light.
Photographs local wildlife.
Sees a dentist yearly.
Newly disoriented and unable to give a clear history.
Paints watercolors as a hobby.",,,,
author1,257,rule_v1/test_L0,rule_v1.test.gs117.c2.boundary.long.329,boundary,long,pres,"For inpatient VTE prophylaxis, prescribe enoxaparin. If the patient has new confusion and the current eGFR is below 45 mL/min/1.73 m2, prescribe intermittent pneumatic compression instead.",Prescribe enoxaparin.,Prescribe intermittent pneumatic compression.,s,patient: new confusion; present; current | patient: eGFR = 69; present; current,"Female patient of 57 years.
Admitted for community-acquired pneumonia; immobile.
Newly disoriented and unable to give a clear history.
Drives a car.
In 2023, lipase was 30 U/L.
Sleeps seven hours a night.
Sees a dentist yearly.
Owns a bicycle.
Her sister wears contact lenses.
Uses sunscreen in summer.
During a checkup in 2016, total protein was 7.0 g/dL.
Her wife has a lazy eye.
Paints watercolors as a hobby.
Lives in a second-floor apartment.
Knits as a hobby.
Prefers to be addressed by first name.
Prefers morning appointments.
Her friend has recovered from a dislocated finger.
Photographs local wildlife.
eGFR now 69 mL/min/1.73 m2.
Enjoys board games.
Pupils equal and reactive to light.
During a checkup in 2014, free T3 was 3.2 pg/mL.",,,,
author1,261,rule_v1/test_hard,rule_v1.test.gs048.c2.numeric.long.814,numeric,long,base,"For heart failure with reduced ejection fraction, prescribe spironolactone. If the current weight is 60 kg or less or the age of the patient is 75 years or more, prescribe dapagliflozin instead.",Prescribe spironolactone.,Prescribe dapagliflozin.,s,patient: age = 67; present; current | patient: weight = 87; present; current,"An adult woman.
Heart failure with reduced ejection fraction (ejection fraction 30%), still symptomatic.
In 2013, lipase was 30 U/L.
Sees a dentist yearly.
Teeth in good repair.
Plays the piano.
Her sister burned a hand on a stove years ago.
Drives a car.
Owns a bicycle.
Free T4 of 1.2 ng/dL in 2012.
Paints watercolors as a hobby.
Knits as a hobby.
Her sister sprained a thumb last month.
Prefers to be addressed by first name.
Lives in a second-floor apartment.
Uses sunscreen in summer.
Prefers morning appointments.
Pupils equal and reactive to light.
Her wife wears contact lenses.
Current age 67 years.
Has two cats.
Sleeps seven hours a night.
Her wife has recovered from a dislocated finger.
Latest weight 87 kg.",,,,
author1,261,rule_v1/test_hard,rule_v1.test.gs048.c2.numeric.long.814,numeric,long,flip,"For heart failure with reduced ejection fraction, prescribe spironolactone. If the current weight is 60 kg or less or the age of the patient is 75 years or more, prescribe dapagliflozin instead.",Prescribe spironolactone.,Prescribe dapagliflozin.,s',patient: age = 84; present; current | patient: weight = 87; present; current,"An adult woman.
Heart failure with reduced ejection fraction (ejection fraction 30%), still symptomatic.
In 2013, lipase was 30 U/L.
Sees a dentist yearly.
Teeth in good repair.
Plays the piano.
Her sister burned a hand on a stove years ago.
Drives a car.
Owns a bicycle.
Free T4 of 1.2 ng/dL in 2012.
Paints watercolors as a hobby.
Knits as a hobby.
Her sister sprained a thumb last month.
Prefers to be addressed by first name.
Lives in a second-floor apartment.
Uses sunscreen in summer.
Prefers morning appointments.
Pupils equal and reactive to light.
Her wife wears contact lenses.
Current age 84 years.
Has two cats.
Sleeps seven hours a night.
Her wife has recovered from a dislocated finger.
Latest weight 87 kg.",,,,
author1,261,rule_v1/test_hard,rule_v1.test.gs048.c2.numeric.long.814,numeric,long,near,"For heart failure with reduced ejection fraction, prescribe spironolactone. If the current weight is 60 kg or less or the age of the patient is 75 years or more, prescribe dapagliflozin instead.",Prescribe spironolactone.,Prescribe dapagliflozin.,s,patient: age = 73; present; current | patient: weight = 87; present; current,"An adult woman.
Heart failure with reduced ejection fraction (ejection fraction 30%), still symptomatic.
In 2013, lipase was 30 U/L.
Sees a dentist yearly.
Teeth in good repair.
Plays the piano.
Her sister burned a hand on a stove years ago.
Drives a car.
Owns a bicycle.
Free T4 of 1.2 ng/dL in 2012.
Paints watercolors as a hobby.
Knits as a hobby.
Her sister sprained a thumb last month.
Prefers to be addressed by first name.
Lives in a second-floor apartment.
Uses sunscreen in summer.
Prefers morning appointments.
Pupils equal and reactive to light.
Her wife wears contact lenses.
Current age 73 years.
Has two cats.
Sleeps seven hours a night.
Her wife has recovered from a dislocated finger.
Latest weight 87 kg.",,,,
author1,261,rule_v1/test_hard,rule_v1.test.gs048.c2.numeric.long.814,numeric,long,pres,"For heart failure with reduced ejection fraction, prescribe spironolactone. If the current weight is 60 kg or less or the age of the patient is 75 years or more, prescribe dapagliflozin instead.",Prescribe spironolactone.,Prescribe dapagliflozin.,s,patient: age = 67; present; current | patient: weight = 87; present; current,"Woman, adult.
Heart failure with reduced ejection fraction (ejection fraction 30%), still symptomatic.
Teeth in good repair.
Her wife has recovered from a dislocated finger.
Drives a car.
Currently aged 67 years.
Her wife wears contact lenses.
Her sister burned a hand on a stove years ago.
Prefers to be addressed by first name.
In 2013, lipase was 30 U/L.
Sleeps seven hours a night.
Owns a bicycle.
Current weight 87 kg.
Sees a dentist yearly.
Has two cats.
Her sister sprained a thumb last month.
Free T4 of 1.2 ng/dL in 2012.
Uses sunscreen in summer.
Plays the piano.
Pupils equal and reactive to light.
Paints watercolors as a hobby.
Knits as a hobby.
Lives in a second-floor apartment.
Prefers morning appointments.",,,,
author1,265,rule_v1/test_L1,rule_v1.test.gs136.c1.numeric.long.386,numeric,long,base,"For contraception, prescribe a combined oral contraceptive. If the current eGFR is below 50 mL/min/1.73 m2 or the patient currently has tonsillar exudate, prescribe a progestin-only pill instead.",Prescribe a combined oral contraceptive.,Prescribe a progestin-only pill.,s,patient: tonsillar exudate; absent; current | patient: eGFR = 90; present; current,"Woman of 24 years.
Requests contraception.
Paints watercolors as a hobby.
Prefers morning appointments.
Tonsils a little red, surfaces clear.
Her friend has a lazy eye.
During a checkup in 2023, free T3 was 3.2 pg/mL.
In 2020, folate was 12 ng/mL.
Owns a bicycle.
Her roommate burned a hand on a stove years ago.
Drives a car.
Plays the piano.
Her father has recovered from a dislocated finger.
Uses sunscreen in summer.
Sleeps seven hours a night.
Pupils equal and reactive to light.
Prefers to be addressed by first name.
Free T4 of 1.2 ng/dL in 2024.
Her roommate wears contact lenses.
Current eGFR 90 mL/min/1.73 m2.
Enjoys board games.
Photographs local wildlife.
Teeth in good repair.
Sees a dentist yearly.",,,,
author1,265,rule_v1/test_L1,rule_v1.test.gs136.c1.numeric.long.386,numeric,long,flip,"For contraception, prescribe a combined oral contraceptive. If the current eGFR is below 50 mL/min/1.73 m2 or the patient currently has tonsillar exudate, prescribe a progestin-only pill instead.",Prescribe a combined oral contraceptive.,Prescribe a progestin-only pill.,s',patient: tonsillar exudate; absent; current | patient: eGFR = 49; present; current,"Woman of 24 years.
Requests contraception.
Paints watercolors as a hobby.
Prefers morning appointments.
Tonsils a little red, surfaces clear.
Her friend has a lazy eye.
During a checkup in 2023, free T3 was 3.2 pg/mL.
In 2020, folate was 12 ng/mL.
Owns a bicycle.
Her roommate burned a hand on a stove years ago.
Drives a car.
Plays the piano.
Her father has recovered from a dislocated finger.
Uses sunscreen in summer.
Sleeps seven hours a night.
Pupils equal and reactive to light.
Prefers to be addressed by first name.
Free T4 of 1.2 ng/dL in 2024.
Her roommate wears contact lenses.
Current eGFR 49 mL/min/1.73 m2.
Enjoys board games.
Photographs local wildlife.
Teeth in good repair.
Sees a dentist yearly.",,,,
author1,265,rule_v1/test_L1,rule_v1.test.gs136.c1.numeric.long.386,numeric,long,near,"For contraception, prescribe a combined oral contraceptive. If the current eGFR is below 50 mL/min/1.73 m2 or the patient currently has tonsillar exudate, prescribe a progestin-only pill instead.",Prescribe a combined oral contraceptive.,Prescribe a progestin-only pill.,s,patient: tonsillar exudate; absent; current | patient: eGFR = 53; present; current,"Woman of 24 years.
Requests contraception.
Paints watercolors as a hobby.
Prefers morning appointments.
Tonsils a little red, surfaces clear.
Her friend has a lazy eye.
During a checkup in 2023, free T3 was 3.2 pg/mL.
In 2020, folate was 12 ng/mL.
Owns a bicycle.
Her roommate burned a hand on a stove years ago.
Drives a car.
Plays the piano.
Her father has recovered from a dislocated finger.
Uses sunscreen in summer.
Sleeps seven hours a night.
Pupils equal and reactive to light.
Prefers to be addressed by first name.
Free T4 of 1.2 ng/dL in 2024.
Her roommate wears contact lenses.
Current eGFR 53 mL/min/1.73 m2.
Enjoys board games.
Photographs local wildlife.
Teeth in good repair.
Sees a dentist yearly.",,,,
author1,265,rule_v1/test_L1,rule_v1.test.gs136.c1.numeric.long.386,numeric,long,pres,"For contraception, prescribe a combined oral contraceptive. If the current eGFR is below 50 mL/min/1.73 m2 or the patient currently has tonsillar exudate, prescribe a progestin-only pill instead.",Prescribe a combined oral contraceptive.,Prescribe a progestin-only pill.,s,patient: tonsillar exudate; absent; current | patient: eGFR = 90; present; current,"Female patient of 24 years.
Requests contraception.
Sleeps seven hours a night.
Drives a car.
During a checkup in 2023, free T3 was 3.2 pg/mL.
Free T4 of 1.2 ng/dL in 2024.
Teeth in good repair.
Sees a dentist yearly.
Her roommate wears contact lenses.
Tonsils a little red, surfaces clear.
Prefers morning appointments.
Pupils equal and reactive to light.
Prefers to be addressed by first name.
Her father has recovered from a dislocated finger.
Enjoys board games.
Photographs local wildlife.
Owns a bicycle.
Plays the piano.
Her friend has a lazy eye.
In 2020, folate was 12 ng/mL.
Paints watercolors as a hobby.
Uses sunscreen in summer.
eGFR now 90 mL/min/1.73 m2.
Her roommate burned a hand on a stove years ago.",,,,
author1,269,rule_v1/test_L2,rule_v1.test.gs246.c3.negation.easy.235,negation,easy,base,"For musculoskeletal pain, prescribe ibuprofen. If at least two of the following apply, prescribe acetaminophen instead: the current white cell count is above 12.0 x10^9/L; the patient has ever had angioedema (current or past); the patient has active cancer.",Prescribe ibuprofen.,Prescribe acetaminophen.,s,patient: white cell count = 4.6; present; current | patient: angioedema; present; past | patient: active cancer; absent; current,"Woman of 20 years.
Acute low back pain after lifting.
Latest WBC is 4.6 x10^9/L.
Has two cats.
Prefers morning appointments.
An episode of angioedema years ago, with full recovery.
Plays the piano.
Weight steady over the past year.
Lives in a second-floor apartment.",,,,
author1,269,rule_v1/test_L2,rule_v1.test.gs246.c3.negation.easy.235,negation,easy,flip,"For musculoskeletal pain, prescribe ibuprofen. If at least two of the following apply, prescribe acetaminophen instead: the current white cell count is above 12.0 x10^9/L; the patient has ever had angioedema (current or past); the patient has active cancer.",Prescribe ibuprofen.,Prescribe acetaminophen.,s',patient: white cell count = 4.6; present; current | patient: angioedema; present; past | patient: active cancer; present; current,"Woman of 20 years.
Acute low back pain after lifting.
Latest WBC is 4.6 x10^9/L.
Has two cats.
Prefers morning appointments.
An episode of angioedema years ago, with full recovery.
Plays the piano.
Has metastatic lung cancer, receiving palliative treatment.
Lives in a second-floor apartment.",,,,
author1,269,rule_v1/test_L2,rule_v1.test.gs246.c3.negation.easy.235,negation,easy,near,"For musculoskeletal pain, prescribe ibuprofen. If at least two of the following apply, prescribe acetaminophen instead: the current white cell count is above 12.0 x10^9/L; the patient has ever had angioedema (current or past); the patient has active cancer.",Prescribe ibuprofen.,Prescribe acetaminophen.,s,patient: white cell count = 4.6; present; current | patient: angioedema; present; past | patient: active cancer; absent; current,"Woman of 20 years.
Acute low back pain after lifting.
Latest WBC is 4.6 x10^9/L.
Has two cats.
Prefers morning appointments.
An episode of angioedema years ago, with full recovery.
Plays the piano.
Free of cancer throughout life.
Lives in a second-floor apartment.",,,,
author1,269,rule_v1/test_L2,rule_v1.test.gs246.c3.negation.easy.235,negation,easy,pres,"For musculoskeletal pain, prescribe ibuprofen. If at least two of the following apply, prescribe acetaminophen instead: the current white cell count is above 12.0 x10^9/L; the patient has ever had angioedema (current or past); the patient has active cancer.",Prescribe ibuprofen.,Prescribe acetaminophen.,s,patient: white cell count = 4.6; present; current | patient: angioedema; present; past | patient: active cancer; absent; current,"Female patient of 20 years.
Acute low back pain after lifting.
Prefers morning appointments.
Current white cell count 4.6 x10^9/L.
Plays the piano.
An episode of angioedema years ago, with full recovery.
Has two cats.
Lives in a second-floor apartment.
Weight steady over the past year.",,,,
author1,269,rule_v1/test_L2,rule_v1.test.gs246.c3.negation.easy.235,negation,easy,missing,"For musculoskeletal pain, prescribe ibuprofen. If at least two of the following apply, prescribe acetaminophen instead: the current white cell count is above 12.0 x10^9/L; the patient has ever had angioedema (current or past); the patient has active cancer.",Prescribe ibuprofen.,Prescribe acetaminophen.,neither,patient: white cell count = 4.6; present; current | patient: angioedema; present; past | patient: active cancer; unknown; current,"Woman of 20 years.
Acute low back pain after lifting.
Latest WBC is 4.6 x10^9/L.
Has two cats.
Prefers morning appointments.
An episode of angioedema years ago, with full recovery.
Plays the piano.
Active cancer: status unclear from the records at hand.
Lives in a second-floor apartment.",,,,
author1,273,rule_v1/test_hard,rule_v1.test.s1_bap65.ams.time.long.442,time,long,base,"BAP-65 (as used here, partial): 1 point each for a current blood urea nitrogen of 25 mg/dL or more; current altered mental status (confusion or disorientation); a current heart rate of 109/min or more. Age is scored separately and is not part of this question.",The altered mental status criterion contributes 0 points.,The altered mental status criterion contributes 1 point.,s,patient: heart rate = 82; present; current | patient: blood urea nitrogen = 20; present; current | patient: altered mental status; absent; current,"Woman of 70 years.
Acute exacerbation of COPD; assessed in the emergency department.
Enjoys board games.
Owns a bicycle.
In 2013, lipase was 30 U/L.
Sees a dentist yearly.
Her sister has recovered from a dislocated finger.
Prefers morning appointments.
Plays the piano.
Prefers to be addressed by first name.
In 2012, folate was 12 ng/mL.
Lives in a second-floor apartment.
Teeth in good repair.
Current heart rate 82/min.
Paints watercolors as a hobby.
Her wife lives with psoriasis.
Photographs local wildlife.
Has two cats.
Drives a car.
Her wife burned a hand on a stove years ago.
Blood urea nitrogen 20 mg/dL on the current labs.
Her friend has a lazy eye.
Sleeps seven hours a night.
Gives a clear account of the illness.",,,,
author1,273,rule_v1/test_hard,rule_v1.test.s1_bap65.ams.time.long.442,time,long,flip,"BAP-65 (as used here, partial): 1 point each for a current blood urea nitrogen of 25 mg/dL or more; current altered mental status (confusion or disorientation); a current heart rate of 109/min or more. Age is scored separately and is not part of this question.",The altered mental status criterion contributes 0 points.,The altered mental status criterion contributes 1 point.,s',patient: heart rate = 82; present; current | patient: blood urea nitrogen = 20; present; current | patient: altered mental status; present; current,"Woman of 70 years.
Acute exacerbation of COPD; assessed in the emergency department.
Enjoys board games.
Owns a bicycle.
In 2013, lipase was 30 U/L.
Sees a dentist yearly.
Her sister has recovered from a dislocated finger.
Prefers morning appointments.
Plays the piano.
Prefers to be addressed by first name.
In 2012, folate was 12 ng/mL.
Lives in a second-floor apartment.
Teeth in good repair.
Current heart rate 82/min.
Paints watercolors as a hobby.
Her wife lives with psoriasis.
Photographs local wildlife.
Has two cats.
Drives a car.
Her wife burned a hand on a stove years ago.
Blood urea nitrogen 20 mg/dL on the current labs.
Her friend has a lazy eye.
Sleeps seven hours a night.
Disoriented to time and place, which is new for the patient.",,,,
author1,273,rule_v1/test_hard,rule_v1.test.s1_bap65.ams.time.long.442,time,long,near,"BAP-65 (as used here, partial): 1 point each for a current blood urea nitrogen of 25 mg/dL or more; current altered mental status (confusion or disorientation); a current heart rate of 109/min or more. Age is scored separately and is not part of this question.",The altered mental status criterion contributes 0 points.,The altered mental status criterion contributes 1 point.,s,patient: heart rate = 82; present; current | patient: blood urea nitrogen = 20; present; current | patient: altered mental status; present; past (2022),"Woman of 70 years.
Acute exacerbation of COPD; assessed in the emergency department.
Enjoys board games.
Owns a bicycle.
In 2013, lipase was 30 U/L.
Sees a dentist yearly.
Her sister has recovered from a dislocated finger.
Prefers morning appointments.
Plays the piano.
Prefers to be addressed by first name.
In 2012, folate was 12 ng/mL.
Lives in a second-floor apartment.
Teeth in good repair.
Current heart rate 82/min.
Paints watercolors as a hobby.
Her wife lives with psoriasis.
Photographs local wildlife.
Has two cats.
Drives a car.
Her wife burned a hand on a stove years ago.
Blood urea nitrogen 20 mg/dL on the current labs.
Her friend has a lazy eye.
Sleeps seven hours a night.
Formerly had an episode of confusion with dehydration in 2022.",,,,
author1,273,rule_v1/test_hard,rule_v1.test.s1_bap65.ams.time.long.442,time,long,pres,"BAP-65 (as used here, partial): 1 point each for a current blood urea nitrogen of 25 mg/dL or more; current altered mental status (confusion or disorientation); a current heart rate of 109/min or more. Age is scored separately and is not part of this question.",The altered mental status criterion contributes 0 points.,The altered mental status criterion contributes 1 point.,s,patient: altered mental status; absent; current | patient: blood urea nitrogen = 20; present; current | patient: heart rate = 82; present; current,"Female patient of 70 years.
Acute exacerbation of COPD; assessed in the emergency department.
Gives a clear account of the illness.
Has two cats.
Her wife burned a hand on a stove years ago.
Prefers to be addressed by first name.
Photographs local wildlife.
Owns a bicycle.
Enjoys board games.
In 2012, folate was 12 ng/mL.
Blood urea nitrogen now: 20 mg/dL.
Her sister has recovered from a dislocated finger.
Lives in a second-floor apartment.
Her friend has a lazy eye.
Heart rate now 82/min on a pulse check.
Plays the piano.
Prefers morning appointments.
Paints watercolors as a hobby.
Sleeps seven hours a night.
Sees a dentist yearly.
Teeth in good repair.
Her wife lives with psoriasis.
In 2013, lipase was 30 U/L.
Drives a car.",,,,
author1,277,rule_v1/test_L2,rule_v1.test.qsofa.sbp.numeric.easy.257,numeric,easy,base,qSOFA (as used here): 1 point each for a respiratory rate of 22/min or more; altered mentation; systolic blood pressure of 100 mmHg or less. Only current findings count.,The systolic blood pressure criterion contributes 0 points.,The systolic blood pressure criterion contributes 1 point.,s,patient: systolic blood pressure = 131; present; current | patient: altered mentation; absent; current | patient: respiratory rate = 15; present; current,"Male patient of 57 years.
Suspected urinary sepsis, assessed in the emergency department.
Current systolic blood pressure 131 mmHg.
Speech clear; follows commands.
Has two cats.
Current respiratory rate 15/min.",,,,
author1,277,rule_v1/test_L2,rule_v1.test.qsofa.sbp.numeric.easy.257,numeric,easy,flip,qSOFA (as used here): 1 point each for a respiratory rate of 22/min or more; altered mentation; systolic blood pressure of 100 mmHg or less. Only current findings count.,The systolic blood pressure criterion contributes 0 points.,The systolic blood pressure criterion contributes 1 point.,s',patient: systolic blood pressure = 97; present; current | patient: altered mentation; absent; current | patient: respiratory rate = 15; present; current,"Male patient of 57 years.
Suspected urinary sepsis, assessed in the emergency department.
Current systolic blood pressure 97 mmHg.
Speech clear; follows commands.
Has two cats.
Current respiratory rate 15/min.",,,,
author1,277,rule_v1/test_L2,rule_v1.test.qsofa.sbp.numeric.easy.257,numeric,easy,near,qSOFA (as used here): 1 point each for a respiratory rate of 22/min or more; altered mentation; systolic blood pressure of 100 mmHg or less. Only current findings count.,The systolic blood pressure criterion contributes 0 points.,The systolic blood pressure criterion contributes 1 point.,s,patient: systolic blood pressure = 101; present; current | patient: altered mentation; absent; current | patient: respiratory rate = 15; present; current,"Male patient of 57 years.
Suspected urinary sepsis, assessed in the emergency department.
Current systolic blood pressure 101 mmHg.
Speech clear; follows commands.
Has two cats.
Current respiratory rate 15/min.",,,,
author1,277,rule_v1/test_L2,rule_v1.test.qsofa.sbp.numeric.easy.257,numeric,easy,pres,qSOFA (as used here): 1 point each for a respiratory rate of 22/min or more; altered mentation; systolic blood pressure of 100 mmHg or less. Only current findings count.,The systolic blood pressure criterion contributes 0 points.,The systolic blood pressure criterion contributes 1 point.,s,patient: altered mentation; absent; current | patient: respiratory rate = 15; present; current | patient: systolic blood pressure = 131; present; current,"Man of 57 years.
Suspected urinary sepsis, assessed in the emergency department.
Has two cats.
Speech clear; follows commands.
Observations now: respiratory rate 15/min.
Observations now: blood pressure 131/87 mmHg.",,,,
author1,277,rule_v1/test_L2,rule_v1.test.qsofa.sbp.numeric.easy.257,numeric,easy,missing,qSOFA (as used here): 1 point each for a respiratory rate of 22/min or more; altered mentation; systolic blood pressure of 100 mmHg or less. Only current findings count.,The systolic blood pressure criterion contributes 0 points.,The systolic blood pressure criterion contributes 1 point.,neither,patient: altered mentation; absent; current | patient: respiratory rate = 15; present; current,"Male patient of 57 years.
Suspected urinary sepsis, assessed in the emergency department.
Speech clear; follows commands.
Has two cats.
Current respiratory rate 15/min.",,,,
author1,281,rule_v1/test_L3alt,rule_v1.test.hf_spironolactone.k.boundary.alt.487,boundary,alt,base,"For heart failure with reduced ejection fraction, add spironolactone. If the current serum potassium is above 4.5 mmol/L, add dapagliflozin instead.",Add spironolactone.,Add dapagliflozin.,s,patient: potassium = 4.0; present; current,"Woman of 60 years.
Heart failure with reduced ejection fraction (ejection fraction 30%), still symptomatic.
Plays the piano.
Owns a bicycle.
Current serum potassium 4.0 mmol/L.
Uses sunscreen in summer.",,,,
author1,281,rule_v1/test_L3alt,rule_v1.test.hf_spironolactone.k.boundary.alt.487,boundary,alt,flip,"For heart failure with reduced ejection fraction, add spironolactone. If the current serum potassium is above 4.5 mmol/L, add dapagliflozin instead.",Add spironolactone.,Add dapagliflozin.,s',patient: potassium = 4.8; present; current,"Woman of 60 years.
Heart failure with reduced ejection fraction (ejection fraction 30%), still symptomatic.
Plays the piano.
Owns a bicycle.
Current serum potassium 4.8 mmol/L.
Uses sunscreen in summer.",,,,
author1,281,rule_v1/test_L3alt,rule_v1.test.hf_spironolactone.k.boundary.alt.487,boundary,alt,near,"For heart failure with reduced ejection fraction, add spironolactone. If the current serum potassium is above 4.5 mmol/L, add dapagliflozin instead.",Add spironolactone.,Add dapagliflozin.,s,patient: potassium = 4.5; present; current,"Woman of 60 years.
Heart failure with reduced ejection fraction (ejection fraction 30%), still symptomatic.
Plays the piano.
Owns a bicycle.
Current serum potassium 4.5 mmol/L.
Uses sunscreen in summer.",,,,
author1,281,rule_v1/test_L3alt,rule_v1.test.hf_spironolactone.k.boundary.alt.487,boundary,alt,pres,"For heart failure with reduced ejection fraction, add spironolactone. If the current serum potassium is above 4.5 mmol/L, add dapagliflozin instead.",Add spironolactone.,Add dapagliflozin.,s,patient: potassium = 4.0; present; current,"Female patient of 60 years.
Heart failure with reduced ejection fraction (ejection fraction 30%), still symptomatic.
Plays the piano.
Uses sunscreen in summer.
Owns a bicycle.
Latest potassium result: 4.0 mmol/L.",,,,
author1,285,rule_v1/test_L2,rule_v1.test.cut_vte.vte.subject.easy.1305,subject,easy,base,"For thromboprophylaxis in a medical inpatient, prescribe compression stockings. Score 3 points for active cancer; 3 points for a venous thromboembolism of the patient, current or previous; 1 point for age 70 years or more; 1 point for current heart failure. If the score is 4 or more, prescribe enoxaparin instead.",Prescribe compression stockings.,Prescribe enoxaparin.,s,patient: venous thromboembolism; absent; current | patient: heart failure; absent; current | patient: age = 41; present; current | patient: active cancer; present; current,"An adult man.
Admitted with community-acquired pneumonia; expected to stay in bed for several days.
Coagulation tests normal on recent bloodwork.
Heart sounds without a gallop.
Owns a bicycle.
Current age 41 years.
Teeth in good repair.
Has metastatic lung cancer, receiving palliative treatment.
Sees a dentist yearly.",,,,
author1,285,rule_v1/test_L2,rule_v1.test.cut_vte.vte.subject.easy.1305,subject,easy,flip,"For thromboprophylaxis in a medical inpatient, prescribe compression stockings. Score 3 points for active cancer; 3 points for a venous thromboembolism of the patient, current or previous; 1 point for age 70 years or more; 1 point for current heart failure. If the score is 4 or more, prescribe enoxaparin instead.",Prescribe compression stockings.,Prescribe enoxaparin.,s',patient: venous thromboembolism; present; current | patient: heart failure; absent; current | patient: age = 41; present; current | patient: active cancer; present; current,"An adult man.
Admitted with community-acquired pneumonia; expected to stay in bed for several days.
Has an acute pulmonary embolism, diagnosed this week.
Heart sounds without a gallop.
Owns a bicycle.
Current age 41 years.
Teeth in good repair.
Has metastatic lung cancer, receiving palliative treatment.
Sees a dentist yearly.",,,,
author1,285,rule_v1/test_L2,rule_v1.test.cut_vte.vte.subject.easy.1305,subject,easy,near,"For thromboprophylaxis in a medical inpatient, prescribe compression stockings. Score 3 points for active cancer; 3 points for a venous thromboembolism of the patient, current or previous; 1 point for age 70 years or more; 1 point for current heart failure. If the score is 4 or more, prescribe enoxaparin instead.",Prescribe compression stockings.,Prescribe enoxaparin.,s,sister: venous thromboembolism; present; current | patient: heart failure; absent; current | patient: age = 41; present; current | patient: active cancer; present; current,"An adult man.
Admitted with community-acquired pneumonia; expected to stay in bed for several days.
His sister is being treated for a pulmonary embolism.
Heart sounds without a gallop.
Owns a bicycle.
Current age 41 years.
Teeth in good repair.
Has metastatic lung cancer, receiving palliative treatment.
Sees a dentist yearly.",,,,
author1,285,rule_v1/test_L2,rule_v1.test.cut_vte.vte.subject.easy.1305,subject,easy,pres,"For thromboprophylaxis in a medical inpatient, prescribe compression stockings. Score 3 points for active cancer; 3 points for a venous thromboembolism of the patient, current or previous; 1 point for age 70 years or more; 1 point for current heart failure. If the score is 4 or more, prescribe enoxaparin instead.",Prescribe compression stockings.,Prescribe enoxaparin.,s,patient: age = 41; present; current | patient: active cancer; present; current | patient: heart failure; absent; current | patient: venous thromboembolism; absent; current,"Man, adult.
Admitted with community-acquired pneumonia; expected to stay in bed for several days.
Currently aged 41 years.
Teeth in good repair.
Has metastatic lung cancer, receiving palliative treatment.
Owns a bicycle.
Heart sounds without a gallop.
Coagulation tests normal on recent bloodwork.
Sees a dentist yearly.",,,,
author1,289,rule_v1/test_hard,rule_v1.test.gs123.c3.boundary.long.337,boundary,long,base,"For vaginal candidiasis, prescribe oral fluconazole. If at least two of the following apply, prescribe clotrimazole pessaries instead: the patient is currently taking aspirin; the patient or a first-degree relative (parent, sibling or child) has had diabetes at any time; the current serum potassium is above 5.0 mmol/L.",Prescribe oral fluconazole.,Prescribe clotrimazole pessaries.,s,sister: diabetes (patient or first-degree relative); present; past | patient: serum potassium = 3.8; present; current,"Woman of 52 years.
Vaginal itching and discharge; candidiasis confirmed on microscopy.
Drives a car.
Knits as a hobby.
Lives in a second-floor apartment.
Sees a dentist yearly.
Pupils equal and reactive to light.
Her sister had diabetes years ago that went away after a change in diet.
During a checkup in 2023, free T3 was 3.2 pg/mL.
Free T4 of 1.2 ng/dL in 2019.
Her uncle has a lazy eye.
Photographs local wildlife.
Her sister burned a hand on a stove years ago.
Sleeps seven hours a night.
Prefers to be addressed by first name.
Enjoys board games.
Paints watercolors as a hobby.
Teeth in good repair.
Latest potassium result: 3.8 mmol/L.
Her father wears contact lenses.
Uses sunscreen in summer.",,,,
author1,289,rule_v1/test_hard,rule_v1.test.gs123.c3.boundary.long.337,boundary,long,flip,"For vaginal candidiasis, prescribe oral fluconazole. If at least two of the following apply, prescribe clotrimazole pessaries instead: the patient is currently taking aspirin; the patient or a first-degree relative (parent, sibling or child) has had diabetes at any time; the current serum potassium is above 5.0 mmol/L.",Prescribe oral fluconazole.,Prescribe clotrimazole pessaries.,s',sister: diabetes (patient or first-degree relative); present; past | patient: serum potassium = 5.5; present; current,"Woman of 52 years.
Vaginal itching and discharge; candidiasis confirmed on microscopy.
Drives a car.
Knits as a hobby.
Lives in a second-floor apartment.
Sees a dentist yearly.
Pupils equal and reactive to light.
Her sister had diabetes years ago that went away after a change in diet.
During a checkup in 2023, free T3 was 3.2 pg/mL.
Free T4 of 1.2 ng/dL in 2019.
Her uncle has a lazy eye.
Photographs local wildlife.
Her sister burned a hand on a stove years ago.
Sleeps seven hours a night.
Prefers to be addressed by first name.
Enjoys board games.
Paints watercolors as a hobby.
Teeth in good repair.
Latest potassium result: 5.5 mmol/L.
Her father wears contact lenses.
Uses sunscreen in summer.",,,,
author1,289,rule_v1/test_hard,rule_v1.test.gs123.c3.boundary.long.337,boundary,long,near,"For vaginal candidiasis, prescribe oral fluconazole. If at least two of the following apply, prescribe clotrimazole pessaries instead: the patient is currently taking aspirin; the patient or a first-degree relative (parent, sibling or child) has had diabetes at any time; the current serum potassium is above 5.0 mmol/L.",Prescribe oral fluconazole.,Prescribe clotrimazole pessaries.,s,sister: diabetes (patient or first-degree relative); present; past | patient: serum potassium = 5.0; present; current,"Woman of 52 years.
Vaginal itching and discharge; candidiasis confirmed on microscopy.
Drives a car.
Knits as a hobby.
Lives in a second-floor apartment.
Sees a dentist yearly.
Pupils equal and reactive to light.
Her sister had diabetes years ago that went away after a change in diet.
During a checkup in 2023, free T3 was 3.2 pg/mL.
Free T4 of 1.2 ng/dL in 2019.
Her uncle has a lazy eye.
Photographs local wildlife.
Her sister burned a hand on a stove years ago.
Sleeps seven hours a night.
Prefers to be addressed by first name.
Enjoys board games.
Paints watercolors as a hobby.
Teeth in good repair.
Latest potassium result: 5.0 mmol/L.
Her father wears contact lenses.
Uses sunscreen in summer.",,,,
author1,289,rule_v1/test_hard,rule_v1.test.gs123.c3.boundary.long.337,boundary,long,pres,"For vaginal candidiasis, prescribe oral fluconazole. If at least two of the following apply, prescribe clotrimazole pessaries instead: the patient is currently taking aspirin; the patient or a first-degree relative (parent, sibling or child) has had diabetes at any time; the current serum potassium is above 5.0 mmol/L.",Prescribe oral fluconazole.,Prescribe clotrimazole pessaries.,s,sister: diabetes (patient or first-degree relative); present; past | patient: serum potassium = 3.8; present; current,"Female patient of 52 years.
Vaginal itching and discharge; candidiasis confirmed on microscopy.
Enjoys board games.
Uses sunscreen in summer.
Her father wears contact lenses.
Her uncle has a lazy eye.
Sleeps seven hours a night.
Photographs local wildlife.
Knits as a hobby.
Her sister had diabetes years ago that went away after a change in diet.
Free T4 of 1.2 ng/dL in 2019.
Her sister burned a hand on a stove years ago.
Prefers to be addressed by first name.
Drives a car.
Current serum potassium 3.8 mmol/L.
Lives in a second-floor apartment.
During a checkup in 2023, free T3 was 3.2 pg/mL.
Teeth in good repair.
Paints watercolors as a hobby.
Sees a dentist yearly.
Pupils equal and reactive to light.",,,,
author1,293,rule_v1/test_L0,rule_v1.test.gs046.c1.subject.long.248,subject,long,base,"For newly diagnosed hypertension, prescribe lisinopril. If the patient currently has heart failure or the current heart rate is above 90/min, prescribe amlodipine instead.",Prescribe lisinopril.,Prescribe amlodipine.,s,patient: current heart failure; absent; current | patient: heart rate = 79; present; current,"Male patient of 72 years.
Newly diagnosed hypertension (blood pressure 158/94 mmHg on repeated readings).
Drives a car.
Sleeps seven hours a night.
Prefers to be addressed by first name.
His roommate burned a hand on a stove years ago.
Photographs local wildlife.
His sister sprained a thumb last month.
During a checkup in 2013, free T3 was 3.2 pg/mL.
Paints watercolors as a hobby.
Sees a dentist yearly.
His roommate has a lazy eye.
Heart sounds without a gallop.
Heart rate now 79/min on a pulse check.
During a checkup in 2008, total protein was 7.0 g/dL.
Enjoys board games.
In 2024, lipase was 30 U/L.
His friend lives with psoriasis.
Prefers morning appointments.
Knits as a hobby.
Teeth in good repair.",,,,
author1,293,rule_v1/test_L0,rule_v1.test.gs046.c1.subject.long.248,subject,long,flip,"For newly diagnosed hypertension, prescribe lisinopril. If the patient currently has heart failure or the current heart rate is above 90/min, prescribe amlodipine instead.",Prescribe lisinopril.,Prescribe amlodipine.,s',patient: current heart failure; present; current | patient: heart rate = 79; present; current,"Male patient of 72 years.
Newly diagnosed hypertension (blood pressure 158/94 mmHg on repeated readings).
Drives a car.
Sleeps seven hours a night.
Prefers to be addressed by first name.
His roommate burned a hand on a stove years ago.
Photographs local wildlife.
His sister sprained a thumb last month.
During a checkup in 2013, free T3 was 3.2 pg/mL.
Paints watercolors as a hobby.
Sees a dentist yearly.
His roommate has a lazy eye.
Has heart failure, treated with diuretics.
Heart rate now 79/min on a pulse check.
During a checkup in 2008, total protein was 7.0 g/dL.
Enjoys board games.
In 2024, lipase was 30 U/L.
His friend lives with psoriasis.
Prefers morning appointments.
Knits as a hobby.
Teeth in good repair.",,,,
author1,293,rule_v1/test_L0,rule_v1.test.gs046.c1.subject.long.248,subject,long,near,"For newly diagnosed hypertension, prescribe lisinopril. If the patient currently has heart failure or the current heart rate is above 90/min, prescribe amlodipine instead.",Prescribe lisinopril.,Prescribe amlodipine.,s,roommate: current heart failure; present; current | patient: heart rate = 79; present; current,"Male patient of 72 years.
Newly diagnosed hypertension (blood pressure 158/94 mmHg on repeated readings).
Drives a car.
Sleeps seven hours a night.
Prefers to be addressed by first name.
His roommate burned a hand on a stove years ago.
Photographs local wildlife.
His sister sprained a thumb last month.
During a checkup in 2013, free T3 was 3.2 pg/mL.
Paints watercolors as a hobby.
Sees a dentist yearly.
His roommate has a lazy eye.
His roommate is treated for heart failure.
Heart rate now 79/min on a pulse check.
During a checkup in 2008, total protein was 7.0 g/dL.
Enjoys board games.
In 2024, lipase was 30 U/L.
His friend lives with psoriasis.
Prefers morning appointments.
Knits as a hobby.
Teeth in good repair.",,,,
author1,293,rule_v1/test_L0,rule_v1.test.gs046.c1.subject.long.248,subject,long,pres,"For newly diagnosed hypertension, prescribe lisinopril. If the patient currently has heart failure or the current heart rate is above 90/min, prescribe amlodipine instead.",Prescribe lisinopril.,Prescribe amlodipine.,s,patient: heart rate = 79; present; current | patient: current heart failure; absent; current,"Man of 72 years.
Newly diagnosed hypertension (blood pressure 158/94 mmHg on repeated readings).
During a checkup in 2008, total protein was 7.0 g/dL.
Sees a dentist yearly.
Knits as a hobby.
Enjoys board games.
Prefers to be addressed by first name.
Prefers morning appointments.
His roommate burned a hand on a stove years ago.
Current heart rate 79/min.
During a checkup in 2013, free T3 was 3.2 pg/mL.
In 2024, lipase was 30 U/L.
Teeth in good repair.
His roommate has a lazy eye.
Paints watercolors as a hobby.
His friend lives with psoriasis.
His sister sprained a thumb last month.
Heart sounds without a gallop.
Drives a car.
Photographs local wildlife.
Sleeps seven hours a night.",,,,
author1,297,rule_v1/test_hard,rule_v1.test.gs038.c1.negation.long.667,negation,long,base,"For newly diagnosed hypertension, prescribe lisinopril. If the patient has ever had a peptic ulcer (current or past) and the current blood urea nitrogen is above 19 mg/dL, prescribe amlodipine instead.",Prescribe lisinopril.,Prescribe amlodipine.,s,patient: peptic ulcer at any time; absent; current | patient: blood urea nitrogen = 24; present; current,"Man of 79 years.
Newly diagnosed hypertension (blood pressure 158/94 mmHg on repeated readings).
In 2011, folate was 12 ng/mL.
Prefers morning appointments.
Teeth in good repair.
Sleeps seven hours a night.
His friend has recovered from a dislocated finger.
Appetite good; no indigestion.
During a checkup in 2005, free T3 was 3.2 pg/mL.
Zinc of 85 mcg/dL in 2021.
Plays the piano.
Enjoys board games.
Photographs local wildlife.
Uses sunscreen in summer.
Sees a dentist yearly.
Blood urea nitrogen now: 24 mg/dL.
Has two cats.
Pupils equal and reactive to light.
Drives a car.
His friend wears contact lenses.",,,,
author1,297,rule_v1/test_hard,rule_v1.test.gs038.c1.negation.long.667,negation,long,flip,"For newly diagnosed hypertension, prescribe lisinopril. If the patient has ever had a peptic ulcer (current or past) and the current blood urea nitrogen is above 19 mg/dL, prescribe amlodipine instead.",Prescribe lisinopril.,Prescribe amlodipine.,s',patient: peptic ulcer at any time; present; current | patient: blood urea nitrogen = 24; present; current,"Man of 79 years.
Newly diagnosed hypertension (blood pressure 158/94 mmHg on repeated readings).
In 2011, folate was 12 ng/mL.
Prefers morning appointments.
Teeth in good repair.
Sleeps seven hours a night.
His friend has recovered from a dislocated finger.
Has an active duodenal ulcer.
During a checkup in 2005, free T3 was 3.2 pg/mL.
Zinc of 85 mcg/dL in 2021.
Plays the piano.
Enjoys board games.
Photographs local wildlife.
Uses sunscreen in summer.
Sees a dentist yearly.
Blood urea nitrogen now: 24 mg/dL.
Has two cats.
Pupils equal and reactive to light.
Drives a car.
His friend wears contact lenses.",,,,
author1,297,rule_v1/test_hard,rule_v1.test.gs038.c1.negation.long.667,negation,long,near,"For newly diagnosed hypertension, prescribe lisinopril. If the patient has ever had a peptic ulcer (current or past) and the current blood urea nitrogen is above 19 mg/dL, prescribe amlodipine instead.",Prescribe lisinopril.,Prescribe amlodipine.,s,patient: peptic ulcer at any time; absent; current | patient: blood urea nitrogen = 24; present; current,"Man of 79 years.
Newly diagnosed hypertension (blood pressure 158/94 mmHg on repeated readings).
In 2011, folate was 12 ng/mL.
Prefers morning appointments.
Teeth in good repair.
Sleeps seven hours a night.
His friend has recovered from a dislocated finger.
Has never had a peptic ulcer.
During a checkup in 2005, free T3 was 3.2 pg/mL.
Zinc of 85 mcg/dL in 2021.
Plays the piano.
Enjoys board games.
Photographs local wildlife.
Uses sunscreen in summer.
Sees a dentist yearly.
Blood urea nitrogen now: 24 mg/dL.
Has two cats.
Pupils equal and reactive to light.
Drives a car.
His friend wears contact lenses.",,,,
author1,297,rule_v1/test_hard,rule_v1.test.gs038.c1.negation.long.667,negation,long,pres,"For newly diagnosed hypertension, prescribe lisinopril. If the patient has ever had a peptic ulcer (current or past) and the current blood urea nitrogen is above 19 mg/dL, prescribe amlodipine instead.",Prescribe lisinopril.,Prescribe amlodipine.,s,patient: peptic ulcer at any time; absent; current | patient: blood urea nitrogen = 24; present; current,"Male patient of 79 years.
Newly diagnosed hypertension (blood pressure 158/94 mmHg on repeated readings).
His friend has recovered from a dislocated finger.
Prefers morning appointments.
Plays the piano.
In 2011, folate was 12 ng/mL.
Sleeps seven hours a night.
Has two cats.
During a checkup in 2005, free T3 was 3.2 pg/mL.
Appetite good; no indigestion.
Enjoys board games.
Teeth in good repair.
Sees a dentist yearly.
Pupils equal and reactive to light.
Blood urea nitrogen 24 mg/dL on the current labs.
Drives a car.
Zinc of 85 mcg/dL in 2021.
His friend wears contact lenses.
Photographs local wildlife.
Uses sunscreen in summer.",,,,
