author,group_no,set,tid,near_miss_kind,tier,case,rule_text,claim_s,claim_s_prime,program_answer,facts_in_state,case_text,text_states_exactly_these_facts,correct_claim_unambiguous,problem_type,note
author2,2,rule_v1/test_L2,rule_v1.test.gs147.c3.negation.easy.1300,negation,easy,base,"For uncomplicated cystitis, prescribe trimethoprim-sulfamethoxazole. Score 1 point if the current systolic blood pressure is above 160 mmHg; 2 points if the patient or a first-degree relative (parent, sibling or child) has had diabetes at any time; 1 point if the patient has had cancer at any time (active or in remission); 2 points if the patient has ever had heart failure (current or past). If the score is 3 or more, prescribe nitrofurantoin instead.",Prescribe trimethoprim-sulfamethoxazole.,Prescribe nitrofurantoin.,s,patient: diabetes (patient or first-degree relative); present; past | patient: systolic blood pressure = 127; present; current,"Female patient of 22 years.
Dysuria and urinary frequency for two days; urine dipstick positive for nitrites.
Had diabetes years ago that went into remission on a low-calorie diet.
Uses sunscreen in summer.
Observations now: blood pressure 127/85 mmHg.",,,,
author2,2,rule_v1/test_L2,rule_v1.test.gs147.c3.negation.easy.1300,negation,easy,flip,"For uncomplicated cystitis, prescribe trimethoprim-sulfamethoxazole. Score 1 point if the current systolic blood pressure is above 160 mmHg; 2 points if the patient or a first-degree relative (parent, sibling or child) has had diabetes at any time; 1 point if the patient has had cancer at any time (active or in remission); 2 points if the patient has ever had heart failure (current or past). If the score is 3 or more, prescribe nitrofurantoin instead.",Prescribe trimethoprim-sulfamethoxazole.,Prescribe nitrofurantoin.,s',patient: diabetes (patient or first-degree relative); present; past | patient: cancer at any time; present; current | patient: systolic blood pressure = 127; present; current,"Female patient of 22 years.
Dysuria and urinary frequency for two days; urine dipstick positive for nitrites.
Had diabetes years ago that went into remission on a low-calorie diet.
Uses sunscreen in summer.
Has metastatic lung cancer, receiving palliative treatment.
Observations now: blood pressure 127/85 mmHg.",,,,
author2,2,rule_v1/test_L2,rule_v1.test.gs147.c3.negation.easy.1300,negation,easy,near,"For uncomplicated cystitis, prescribe trimethoprim-sulfamethoxazole. Score 1 point if the current systolic blood pressure is above 160 mmHg; 2 points if the patient or a first-degree relative (parent, sibling or child) has had diabetes at any time; 1 point if the patient has had cancer at any time (active or in remission); 2 points if the patient has ever had heart failure (current or past). If the score is 3 or more, prescribe nitrofurantoin instead.",Prescribe trimethoprim-sulfamethoxazole.,Prescribe nitrofurantoin.,s,patient: diabetes (patient or first-degree relative); present; past | patient: cancer at any time; absent; current | patient: systolic blood pressure = 127; present; current,"Female patient of 22 years.
Dysuria and urinary frequency for two days; urine dipstick positive for nitrites.
Had diabetes years ago that went into remission on a low-calorie diet.
Uses sunscreen in summer.
Free of cancer throughout life.
Observations now: blood pressure 127/85 mmHg.",,,,
author2,2,rule_v1/test_L2,rule_v1.test.gs147.c3.negation.easy.1300,negation,easy,pres,"For uncomplicated cystitis, prescribe trimethoprim-sulfamethoxazole. Score 1 point if the current systolic blood pressure is above 160 mmHg; 2 points if the patient or a first-degree relative (parent, sibling or child) has had diabetes at any time; 1 point if the patient has had cancer at any time (active or in remission); 2 points if the patient has ever had heart failure (current or past). If the score is 3 or more, prescribe nitrofurantoin instead.",Prescribe trimethoprim-sulfamethoxazole.,Prescribe nitrofurantoin.,s,patient: diabetes (patient or first-degree relative); present; past | patient: systolic blood pressure = 127; present; current,"Woman of 22 years.
Dysuria and urinary frequency for two days; urine dipstick positive for nitrites.
Uses sunscreen in summer.
Had diabetes years ago that went into remission on a low-calorie diet.
Current systolic blood pressure 127 mmHg.",,,,
author2,6,rule_v1/test_L1,rule_v1.test.gs080.c1.time.long.248,time,long,base,"For an acute gout flare, prescribe colchicine. If the patient is currently taking warfarin, prescribe prednisone instead.",Prescribe colchicine.,Prescribe prednisone.,s,patient: warfarin; absent; current,"Woman of 69 years.
Acute gout flare of the right first metatarsophalangeal joint.
Her friend has recovered from a dislocated finger.
In 2005, lipase was 30 U/L.
Lives in a second-floor apartment.
Uses sunscreen in summer.
Drives a car.
Plays the piano.
Enjoys board games.
Owns a bicycle.
Knits as a hobby.
Photographs local wildlife.
Prefers to be addressed by first name.
Sees a dentist yearly.
Has two cats.
Her wife wears contact lenses.
Pupils equal and reactive to light.
Prefers morning appointments.
Anticoagulant therapy: none at present.
Sleeps seven hours a night.
During a checkup in 2009, total protein was 7.0 g/dL.
Paints watercolors as a hobby.",,,,
author2,6,rule_v1/test_L1,rule_v1.test.gs080.c1.time.long.248,time,long,flip,"For an acute gout flare, prescribe colchicine. If the patient is currently taking warfarin, prescribe prednisone instead.",Prescribe colchicine.,Prescribe prednisone.,s',patient: warfarin; present; current,"Woman of 69 years.
Acute gout flare of the right first metatarsophalangeal joint.
Her friend has recovered from a dislocated finger.
In 2005, lipase was 30 U/L.
Lives in a second-floor apartment.
Uses sunscreen in summer.
Drives a car.
Plays the piano.
Enjoys board games.
Owns a bicycle.
Knits as a hobby.
Photographs local wildlife.
Prefers to be addressed by first name.
Sees a dentist yearly.
Has two cats.
Her wife wears contact lenses.
Pupils equal and reactive to light.
Prefers morning appointments.
Anticoagulated with warfarin; INR checked monthly at the clinic.
Sleeps seven hours a night.
During a checkup in 2009, total protein was 7.0 g/dL.
Paints watercolors as a hobby.",,,,
author2,6,rule_v1/test_L1,rule_v1.test.gs080.c1.time.long.248,time,long,near,"For an acute gout flare, prescribe colchicine. If the patient is currently taking warfarin, prescribe prednisone instead.",Prescribe colchicine.,Prescribe prednisone.,s,patient: warfarin; present; past,"Woman of 69 years.
Acute gout flare of the right first metatarsophalangeal joint.
Her friend has recovered from a dislocated finger.
In 2005, lipase was 30 U/L.
Lives in a second-floor apartment.
Uses sunscreen in summer.
Drives a car.
Plays the piano.
Enjoys board games.
Owns a bicycle.
Knits as a hobby.
Photographs local wildlife.
Prefers to be addressed by first name.
Sees a dentist yearly.
Has two cats.
Her wife wears contact lenses.
Pupils equal and reactive to light.
Prefers morning appointments.
Came off warfarin years ago after a heart rhythm problem settled.
Sleeps seven hours a night.
During a checkup in 2009, total protein was 7.0 g/dL.
Paints watercolors as a hobby.",,,,
author2,6,rule_v1/test_L1,rule_v1.test.gs080.c1.time.long.248,time,long,pres,"For an acute gout flare, prescribe colchicine. If the patient is currently taking warfarin, prescribe prednisone instead.",Prescribe colchicine.,Prescribe prednisone.,s,patient: warfarin; absent; current,"Female patient of 69 years.
Acute gout flare of the right first metatarsophalangeal joint.
Prefers morning appointments.
Photographs local wildlife.
Enjoys board games.
During a checkup in 2009, total protein was 7.0 g/dL.
Paints watercolors as a hobby.
Has two cats.
Pupils equal and reactive to light.
Her friend has recovered from a dislocated finger.
In 2005, lipase was 30 U/L.
Knits as a hobby.
Sleeps seven hours a night.
Anticoagulant therapy: none at present.
Drives a car.
Lives in a second-floor apartment.
Plays the piano.
Owns a bicycle.
Uses sunscreen in summer.
Sees a dentist yearly.
Prefers to be addressed by first name.
Her wife wears contact lenses.",,,,
author2,10,rule_v1/test_L3inv,rule_v1.test.inv058.c1.time.easy.217,time,easy,base,"For Quorin syndrome, prescribe ostravin. If at least two of the following apply, prescribe dalmerol instead: the current weight is 60 kg or less; the current eGFR is below 50 mL/min/1.73 m2; the current ALT is above 120 U/L.",Prescribe ostravin.,Prescribe dalmerol.,s,patient: eGFR = 76; present; current | patient: weight = 90; present; past (2019) | patient: ALT = 143; present; current | patient: weight = 85; present; current,"Male patient of 67 years.
Referred with Quorin syndrome.
Current eGFR 76 mL/min/1.73 m2.
Back in 2019, weight stood at 90 kg.
Current ALT 143 U/L.
Latest weight 85 kg.
Photographs local wildlife.
Drives a car.",,,,
author2,10,rule_v1/test_L3inv,rule_v1.test.inv058.c1.time.easy.217,time,easy,flip,"For Quorin syndrome, prescribe ostravin. If at least two of the following apply, prescribe dalmerol instead: the current weight is 60 kg or less; the current eGFR is below 50 mL/min/1.73 m2; the current ALT is above 120 U/L.",Prescribe ostravin.,Prescribe dalmerol.,s',patient: eGFR = 76; present; current | patient: weight = 90; present; past (2019) | patient: ALT = 143; present; current | patient: weight = 57; present; current,"Male patient of 67 years.
Referred with Quorin syndrome.
Current eGFR 76 mL/min/1.73 m2.
Back in 2019, weight stood at 90 kg.
Current ALT 143 U/L.
Latest weight 57 kg.
Photographs local wildlife.
Drives a car.",,,,
author2,10,rule_v1/test_L3inv,rule_v1.test.inv058.c1.time.easy.217,time,easy,near,"For Quorin syndrome, prescribe ostravin. If at least two of the following apply, prescribe dalmerol instead: the current weight is 60 kg or less; the current eGFR is below 50 mL/min/1.73 m2; the current ALT is above 120 U/L.",Prescribe ostravin.,Prescribe dalmerol.,s,patient: eGFR = 76; present; current | patient: weight = 49; present; past (2019) | patient: ALT = 143; present; current | patient: weight = 85; present; current,"Male patient of 67 years.
Referred with Quorin syndrome.
Current eGFR 76 mL/min/1.73 m2.
Back in 2019, weight stood at 49 kg.
Current ALT 143 U/L.
Latest weight 85 kg.
Photographs local wildlife.
Drives a car.",,,,
author2,10,rule_v1/test_L3inv,rule_v1.test.inv058.c1.time.easy.217,time,easy,pres,"For Quorin syndrome, prescribe ostravin. If at least two of the following apply, prescribe dalmerol instead: the current weight is 60 kg or less; the current eGFR is below 50 mL/min/1.73 m2; the current ALT is above 120 U/L.",Prescribe ostravin.,Prescribe dalmerol.,s,patient: ALT = 143; present; current | patient: eGFR = 76; present; current | patient: weight = 85; present; current | patient: weight = 90; present; past (2019),"Man of 67 years.
Referred with Quorin syndrome.
ALT now 143 U/L.
Drives a car.
eGFR now 76 mL/min/1.73 m2.
Current weight 85 kg.
Photographs local wildlife.
Records from 2019 list weight at 90 kg.",,,,
author2,14,rule_v1/test_L0,rule_v1.test.gs022.c1.numeric.easy.686,numeric,easy,base,"For an acute gout flare, prescribe colchicine. If the current eGFR is below 45 mL/min/1.73 m2, prescribe prednisone instead.",Prescribe colchicine.,Prescribe prednisone.,s,patient: eGFR = 71; present; current,"Female patient of 85 years.
Acute gout flare of the right first metatarsophalangeal joint.
Photographs local wildlife.
Enjoys board games.
Prefers to be addressed by first name.
eGFR now 71 mL/min/1.73 m2.",,,,
author2,14,rule_v1/test_L0,rule_v1.test.gs022.c1.numeric.easy.686,numeric,easy,flip,"For an acute gout flare, prescribe colchicine. If the current eGFR is below 45 mL/min/1.73 m2, prescribe prednisone instead.",Prescribe colchicine.,Prescribe prednisone.,s',patient: eGFR = 36; present; current,"Female patient of 85 years.
Acute gout flare of the right first metatarsophalangeal joint.
Photographs local wildlife.
Enjoys board games.
Prefers to be addressed by first name.
eGFR now 36 mL/min/1.73 m2.",,,,
author2,14,rule_v1/test_L0,rule_v1.test.gs022.c1.numeric.easy.686,numeric,easy,near,"For an acute gout flare, prescribe colchicine. If the current eGFR is below 45 mL/min/1.73 m2, prescribe prednisone instead.",Prescribe colchicine.,Prescribe prednisone.,s,patient: eGFR = 47; present; current,"Female patient of 85 years.
Acute gout flare of the right first metatarsophalangeal joint.
Photographs local wildlife.
Enjoys board games.
Prefers to be addressed by first name.
eGFR now 47 mL/min/1.73 m2.",,,,
author2,14,rule_v1/test_L0,rule_v1.test.gs022.c1.numeric.easy.686,numeric,easy,pres,"For an acute gout flare, prescribe colchicine. If the current eGFR is below 45 mL/min/1.73 m2, prescribe prednisone instead.",Prescribe colchicine.,Prescribe prednisone.,s,patient: eGFR = 71; present; current,"Woman of 85 years.
Acute gout flare of the right first metatarsophalangeal joint.
Enjoys board games.
Current eGFR 71 mL/min/1.73 m2.
Prefers to be addressed by first name.
Photographs local wildlife.",,,,
author2,18,rule_v1/test_L2,rule_v1.test.gs021.c1.boundary.easy.605,boundary,easy,base,"For hip osteoarthritis pain, prescribe naproxen alone. If the current systolic blood pressure is above 160 mmHg or the current serum creatinine is above 2.0 mg/dL, prescribe naproxen with omeprazole instead.",Prescribe naproxen alone.,Prescribe naproxen with omeprazole.,s,patient: systolic blood pressure = 142; present; current | patient: serum creatinine = 1.5; present; current,"Male patient of 65 years.
Hip osteoarthritis with pain on walking.
Observations now: blood pressure 142/93 mmHg.
Lives in a second-floor apartment.
Latest creatinine result: 1.5 mg/dL.
Knits as a hobby.",,,,
author2,18,rule_v1/test_L2,rule_v1.test.gs021.c1.boundary.easy.605,boundary,easy,flip,"For hip osteoarthritis pain, prescribe naproxen alone. If the current systolic blood pressure is above 160 mmHg or the current serum creatinine is above 2.0 mg/dL, prescribe naproxen with omeprazole instead.",Prescribe naproxen alone.,Prescribe naproxen with omeprazole.,s',patient: systolic blood pressure = 167; present; current | patient: serum creatinine = 1.5; present; current,"Male patient of 65 years.
Hip osteoarthritis with pain on walking.
Observations now: blood pressure 167/107 mmHg.
Lives in a second-floor apartment.
Latest creatinine result: 1.5 mg/dL.
Knits as a hobby.",,,,
author2,18,rule_v1/test_L2,rule_v1.test.gs021.c1.boundary.easy.605,boundary,easy,near,"For hip osteoarthritis pain, prescribe naproxen alone. If the current systolic blood pressure is above 160 mmHg or the current serum creatinine is above 2.0 mg/dL, prescribe naproxen with omeprazole instead.",Prescribe naproxen alone.,Prescribe naproxen with omeprazole.,s,patient: systolic blood pressure = 160; present; current | patient: serum creatinine = 1.5; present; current,"Male patient of 65 years.
Hip osteoarthritis with pain on walking.
Observations now: blood pressure 160/103 mmHg.
Lives in a second-floor apartment.
Latest creatinine result: 1.5 mg/dL.
Knits as a hobby.",,,,
author2,18,rule_v1/test_L2,rule_v1.test.gs021.c1.boundary.easy.605,boundary,easy,pres,"For hip osteoarthritis pain, prescribe naproxen alone. If the current systolic blood pressure is above 160 mmHg or the current serum creatinine is above 2.0 mg/dL, prescribe naproxen with omeprazole instead.",Prescribe naproxen alone.,Prescribe naproxen with omeprazole.,s,patient: systolic blood pressure = 142; present; current | patient: serum creatinine = 1.5; present; current,"Man of 65 years.
Hip osteoarthritis with pain on walking.
Current systolic blood pressure 142 mmHg.
Current serum creatinine 1.5 mg/dL.
Knits as a hobby.
Lives in a second-floor apartment.",,,,
author2,18,rule_v1/test_L2,rule_v1.test.gs021.c1.boundary.easy.605,boundary,easy,missing,"For hip osteoarthritis pain, prescribe naproxen alone. If the current systolic blood pressure is above 160 mmHg or the current serum creatinine is above 2.0 mg/dL, prescribe naproxen with omeprazole instead.",Prescribe naproxen alone.,Prescribe naproxen with omeprazole.,neither,patient: serum creatinine = 1.5; present; current,"Male patient of 65 years.
Hip osteoarthritis with pain on walking.
Lives in a second-floor apartment.
Latest creatinine result: 1.5 mg/dL.
Knits as a hobby.",,,,
author2,22,rule_v1/test_hard,rule_v1.test.gs246.c1.boundary.long.82,boundary,long,base,"For musculoskeletal pain, prescribe ibuprofen. If at least two of the following apply, prescribe acetaminophen instead: the current white cell count is above 12.0 x10^9/L; the patient has ever had angioedema (current or past); the patient has active cancer.",Prescribe ibuprofen.,Prescribe acetaminophen.,s,patient: active cancer; absent; current | patient: angioedema; present; past | patient: white cell count = 4.8; present; current,"Female patient of 45 years.
Acute low back pain after lifting.
Drives a car.
Has two cats.
Weight steady over the past year.
Her sister has a lazy eye.
Prefers morning appointments.
Free T4 of 1.2 ng/dL in 2017.
During a checkup in 2007, free T3 was 3.2 pg/mL.
Paints watercolors as a hobby.
Photographs local wildlife.
An episode of angioedema years ago, with full recovery.
Her father lives with psoriasis.
Owns a bicycle.
Her friend has recovered from a dislocated finger.
Prefers to be addressed by first name.
Knits as a hobby.
Teeth in good repair.
Lives in a second-floor apartment.
Her roommate wears contact lenses.
Sleeps seven hours a night.
Pupils equal and reactive to light.
Latest WBC is 4.8 x10^9/L.",,,,
author2,22,rule_v1/test_hard,rule_v1.test.gs246.c1.boundary.long.82,boundary,long,flip,"For musculoskeletal pain, prescribe ibuprofen. If at least two of the following apply, prescribe acetaminophen instead: the current white cell count is above 12.0 x10^9/L; the patient has ever had angioedema (current or past); the patient has active cancer.",Prescribe ibuprofen.,Prescribe acetaminophen.,s',patient: active cancer; absent; current | patient: angioedema; present; past | patient: white cell count = 13.6; present; current,"Female patient of 45 years.
Acute low back pain after lifting.
Drives a car.
Has two cats.
Weight steady over the past year.
Her sister has a lazy eye.
Prefers morning appointments.
Free T4 of 1.2 ng/dL in 2017.
During a checkup in 2007, free T3 was 3.2 pg/mL.
Paints watercolors as a hobby.
Photographs local wildlife.
An episode of angioedema years ago, with full recovery.
Her father lives with psoriasis.
Owns a bicycle.
Her friend has recovered from a dislocated finger.
Prefers to be addressed by first name.
Knits as a hobby.
Teeth in good repair.
Lives in a second-floor apartment.
Her roommate wears contact lenses.
Sleeps seven hours a night.
Pupils equal and reactive to light.
Latest WBC is 13.6 x10^9/L.",,,,
author2,22,rule_v1/test_hard,rule_v1.test.gs246.c1.boundary.long.82,boundary,long,near,"For musculoskeletal pain, prescribe ibuprofen. If at least two of the following apply, prescribe acetaminophen instead: the current white cell count is above 12.0 x10^9/L; the patient has ever had angioedema (current or past); the patient has active cancer.",Prescribe ibuprofen.,Prescribe acetaminophen.,s,patient: active cancer; absent; current | patient: angioedema; present; past | patient: white cell count = 12.0; present; current,"Female patient of 45 years.
Acute low back pain after lifting.
Drives a car.
Has two cats.
Weight steady over the past year.
Her sister has a lazy eye.
Prefers morning appointments.
Free T4 of 1.2 ng/dL in 2017.
During a checkup in 2007, free T3 was 3.2 pg/mL.
Paints watercolors as a hobby.
Photographs local wildlife.
An episode of angioedema years ago, with full recovery.
Her father lives with psoriasis.
Owns a bicycle.
Her friend has recovered from a dislocated finger.
Prefers to be addressed by first name.
Knits as a hobby.
Teeth in good repair.
Lives in a second-floor apartment.
Her roommate wears contact lenses.
Sleeps seven hours a night.
Pupils equal and reactive to light.
Latest WBC is 12.0 x10^9/L.",,,,
author2,22,rule_v1/test_hard,rule_v1.test.gs246.c1.boundary.long.82,boundary,long,pres,"For musculoskeletal pain, prescribe ibuprofen. If at least two of the following apply, prescribe acetaminophen instead: the current white cell count is above 12.0 x10^9/L; the patient has ever had angioedema (current or past); the patient has active cancer.",Prescribe ibuprofen.,Prescribe acetaminophen.,s,patient: angioedema; present; past | patient: active cancer; absent; current | patient: white cell count = 4.8; present; current,"Woman of 45 years.
Acute low back pain after lifting.
Drives a car.
An episode of angioedema years ago, with full recovery.
Lives in a second-floor apartment.
Her roommate wears contact lenses.
Sleeps seven hours a night.
Photographs local wildlife.
Weight steady over the past year.
Prefers morning appointments.
Teeth in good repair.
Paints watercolors as a hobby.
Owns a bicycle.
Her sister has a lazy eye.
Prefers to be addressed by first name.
Her friend has recovered from a dislocated finger.
Pupils equal and reactive to light.
Has two cats.
Her father lives with psoriasis.
Current white cell count 4.8 x10^9/L.
During a checkup in 2007, free T3 was 3.2 pg/mL.
Knits as a hobby.
Free T4 of 1.2 ng/dL in 2017.",,,,
author2,26,rule_v1/test_L2,rule_v1.test.gs025.c2.time.superseded.1607,time,superseded,base,"For acute sore throat, prescribe ibuprofen. If the patient has ever had a myocardial infarction or peripheral artery disease (current or past) and the current temperature is above 38.0 C, prescribe penicillin V instead.",Prescribe ibuprofen.,Prescribe penicillin V.,s,patient: temperature = 37.4; present; current | patient: temperature = 36.6; present; past | patient: myocardial infarction or peripheral artery disease; present; current,"Male patient of 29 years.
Sore throat for two days.
Prefers to be addressed by first name.
Current temperature 37.4 C.
Owns a bicycle.
Last month, temperature was 36.6 C; the newest measurement replaces it.
Lives with peripheral artery disease affecting the left leg.",,,,
author2,26,rule_v1/test_L2,rule_v1.test.gs025.c2.time.superseded.1607,time,superseded,flip,"For acute sore throat, prescribe ibuprofen. If the patient has ever had a myocardial infarction or peripheral artery disease (current or past) and the current temperature is above 38.0 C, prescribe penicillin V instead.",Prescribe ibuprofen.,Prescribe penicillin V.,s',patient: temperature = 39.1; present; current | patient: temperature = 36.6; present; past | patient: myocardial infarction or peripheral artery disease; present; current,"Male patient of 29 years.
Sore throat for two days.
Prefers to be addressed by first name.
Current temperature 39.1 C.
Owns a bicycle.
Last month, temperature was 36.6 C; the newest measurement replaces it.
Lives with peripheral artery disease affecting the left leg.",,,,
author2,26,rule_v1/test_L2,rule_v1.test.gs025.c2.time.superseded.1607,time,superseded,near,"For acute sore throat, prescribe ibuprofen. If the patient has ever had a myocardial infarction or peripheral artery disease (current or past) and the current temperature is above 38.0 C, prescribe penicillin V instead.",Prescribe ibuprofen.,Prescribe penicillin V.,s,patient: temperature = 37.4; present; current | patient: temperature = 39.2; present; past | patient: myocardial infarction or peripheral artery disease; present; current,"Male patient of 29 years.
Sore throat for two days.
Prefers to be addressed by first name.
Current temperature 37.4 C.
Owns a bicycle.
Last month, temperature was 39.2 C; the newest measurement replaces it.
Lives with peripheral artery disease affecting the left leg.",,,,
author2,26,rule_v1/test_L2,rule_v1.test.gs025.c2.time.superseded.1607,time,superseded,pres,"For acute sore throat, prescribe ibuprofen. If the patient has ever had a myocardial infarction or peripheral artery disease (current or past) and the current temperature is above 38.0 C, prescribe penicillin V instead.",Prescribe ibuprofen.,Prescribe penicillin V.,s,patient: temperature = 37.4; present; current | patient: temperature = 36.6; present; past | patient: myocardial infarction or peripheral artery disease; present; current,"Man of 29 years.
Sore throat for two days.
Temperature now 37.4 C (tympanic).
Owns a bicycle.
Last month, temperature was 36.6 C; the newest measurement replaces it.
Lives with peripheral artery disease affecting the left leg.
Prefers to be addressed by first name.",,,,
author2,30,rule_v1/test_L2,rule_v1.test.gs075.c2.negation.easy.87,negation,easy,base,"For newly diagnosed hypertension, prescribe lisinopril. If at least two of the following apply, prescribe amlodipine instead: the patient or a first-degree relative (parent, sibling or child) has had colorectal cancer at any time; the patient is currently taking warfarin; the current calf swelling compared with the other leg is 3.0 cm or more.",Prescribe lisinopril.,Prescribe amlodipine.,s,patient: warfarin; absent; current | patient: colorectal cancer (patient or first-degree relative); absent; current | patient: calf swelling = 3.6; present; current,"Man of 69 years.
Newly diagnosed hypertension (blood pressure 158/94 mmHg on repeated readings).
Uses sunscreen in summer.
Anticoagulant therapy: none at present.
Rectal exam unremarkable.
Difference in calf circumference now 3.6 cm.
Teeth in good repair.",,,,
author2,30,rule_v1/test_L2,rule_v1.test.gs075.c2.negation.easy.87,negation,easy,flip,"For newly diagnosed hypertension, prescribe lisinopril. If at least two of the following apply, prescribe amlodipine instead: the patient or a first-degree relative (parent, sibling or child) has had colorectal cancer at any time; the patient is currently taking warfarin; the current calf swelling compared with the other leg is 3.0 cm or more.",Prescribe lisinopril.,Prescribe amlodipine.,s',patient: warfarin; present; current | patient: colorectal cancer (patient or first-degree relative); absent; current | patient: calf swelling = 3.6; present; current,"Man of 69 years.
Newly diagnosed hypertension (blood pressure 158/94 mmHg on repeated readings).
Uses sunscreen in summer.
Anticoagulated with warfarin; INR checked monthly at the clinic.
Rectal exam unremarkable.
Difference in calf circumference now 3.6 cm.
Teeth in good repair.",,,,
author2,30,rule_v1/test_L2,rule_v1.test.gs075.c2.negation.easy.87,negation,easy,near,"For newly diagnosed hypertension, prescribe lisinopril. If at least two of the following apply, prescribe amlodipine instead: the patient or a first-degree relative (parent, sibling or child) has had colorectal cancer at any time; the patient is currently taking warfarin; the current calf swelling compared with the other leg is 3.0 cm or more.",Prescribe lisinopril.,Prescribe amlodipine.,s,patient: warfarin; absent; current | patient: colorectal cancer (patient or first-degree relative); absent; current | patient: calf swelling = 3.6; present; current,"Man of 69 years.
Newly diagnosed hypertension (blood pressure 158/94 mmHg on repeated readings).
Uses sunscreen in summer.
Has never been prescribed warfarin.
Rectal exam unremarkable.
Difference in calf circumference now 3.6 cm.
Teeth in good repair.",,,,
author2,30,rule_v1/test_L2,rule_v1.test.gs075.c2.negation.easy.87,negation,easy,pres,"For newly diagnosed hypertension, prescribe lisinopril. If at least two of the following apply, prescribe amlodipine instead: the patient or a first-degree relative (parent, sibling or child) has had colorectal cancer at any time; the patient is currently taking warfarin; the current calf swelling compared with the other leg is 3.0 cm or more.",Prescribe lisinopril.,Prescribe amlodipine.,s,patient: colorectal cancer (patient or first-degree relative); absent; current | patient: calf swelling = 3.6; present; current | patient: warfarin; absent; current,"Male patient of 69 years.
Newly diagnosed hypertension (blood pressure 158/94 mmHg on repeated readings).
Teeth in good repair.
Rectal exam unremarkable.
Current calf swelling 3.6 cm compared with the other leg.
Uses sunscreen in summer.
Anticoagulant therapy: none at present.",,,,
author2,30,rule_v1/test_L2,rule_v1.test.gs075.c2.negation.easy.87,negation,easy,missing,"For newly diagnosed hypertension, prescribe lisinopril. If at least two of the following apply, prescribe amlodipine instead: the patient or a first-degree relative (parent, sibling or child) has had colorectal cancer at any time; the patient is currently taking warfarin; the current calf swelling compared with the other leg is 3.0 cm or more.",Prescribe lisinopril.,Prescribe amlodipine.,neither,patient: warfarin; unknown; current | patient: colorectal cancer (patient or first-degree relative); absent; current | patient: calf swelling = 3.6; present; current,"Man of 69 years.
Newly diagnosed hypertension (blood pressure 158/94 mmHg on repeated readings).
Uses sunscreen in summer.
Warfarin: status unclear from the records at hand.
Rectal exam unremarkable.
Difference in calf circumference now 3.6 cm.
Teeth in good repair.",,,,
author2,34,rule_v1/test_hard,rule_v1.test.gs118.c1.time.superseded.997,time,superseded,base,"For heart failure with reduced ejection fraction, prescribe spironolactone. Score 2 points if the current white cell count is above 12.0 x10^9/L; 3 points if the patient has ever had angioedema (current or past); 2 points if the current eGFR is below 45 mL/min/1.73 m2; 1 point if the current heart rate is above 90/min. If the score is 4 or more, prescribe dapagliflozin instead.",Prescribe spironolactone.,Prescribe dapagliflozin.,s,patient: heart rate = 99; present; current | patient: white cell count = 10.8; present; past | patient: white cell count = 9.0; present; current | patient: eGFR = 37; present; current | patient: angioedema; absent; current,"Man of 64 years.
Heart failure with reduced ejection fraction (ejection fraction 30%), still symptomatic.
Heart rate now 99/min on a pulse check.
Paints watercolors as a hobby.
Earlier this week, white cell count was 10.8 x10^9/L; a newer reading supersedes it.
Uses sunscreen in summer.
Owns a bicycle.
Prefers to be addressed by first name.
Current white cell count 9.0 x10^9/L.
eGFR now 37 mL/min/1.73 m2.
Face and neck without swelling on examination.",,,,
author2,34,rule_v1/test_hard,rule_v1.test.gs118.c1.time.superseded.997,time,superseded,flip,"For heart failure with reduced ejection fraction, prescribe spironolactone. Score 2 points if the current white cell count is above 12.0 x10^9/L; 3 points if the patient has ever had angioedema (current or past); 2 points if the current eGFR is below 45 mL/min/1.73 m2; 1 point if the current heart rate is above 90/min. If the score is 4 or more, prescribe dapagliflozin instead.",Prescribe spironolactone.,Prescribe dapagliflozin.,s',patient: heart rate = 99; present; current | patient: white cell count = 10.8; present; past | patient: white cell count = 13.8; present; current | patient: eGFR = 37; present; current | patient: angioedema; absent; current,"Man of 64 years.
Heart failure with reduced ejection fraction (ejection fraction 30%), still symptomatic.
Heart rate now 99/min on a pulse check.
Paints watercolors as a hobby.
Earlier this week, white cell count was 10.8 x10^9/L; a newer reading supersedes it.
Uses sunscreen in summer.
Owns a bicycle.
Prefers to be addressed by first name.
Current white cell count 13.8 x10^9/L.
eGFR now 37 mL/min/1.73 m2.
Face and neck without swelling on examination.",,,,
author2,34,rule_v1/test_hard,rule_v1.test.gs118.c1.time.superseded.997,time,superseded,near,"For heart failure with reduced ejection fraction, prescribe spironolactone. Score 2 points if the current white cell count is above 12.0 x10^9/L; 3 points if the patient has ever had angioedema (current or past); 2 points if the current eGFR is below 45 mL/min/1.73 m2; 1 point if the current heart rate is above 90/min. If the score is 4 or more, prescribe dapagliflozin instead.",Prescribe spironolactone.,Prescribe dapagliflozin.,s,patient: heart rate = 99; present; current | patient: white cell count = 14.3; present; past | patient: white cell count = 9.0; present; current | patient: eGFR = 37; present; current | patient: angioedema; absent; current,"Man of 64 years.
Heart failure with reduced ejection fraction (ejection fraction 30%), still symptomatic.
Heart rate now 99/min on a pulse check.
Paints watercolors as a hobby.
Earlier this week, white cell count was 14.3 x10^9/L; a newer reading supersedes it.
Uses sunscreen in summer.
Owns a bicycle.
Prefers to be addressed by first name.
Current white cell count 9.0 x10^9/L.
eGFR now 37 mL/min/1.73 m2.
Face and neck without swelling on examination.",,,,
author2,34,rule_v1/test_hard,rule_v1.test.gs118.c1.time.superseded.997,time,superseded,pres,"For heart failure with reduced ejection fraction, prescribe spironolactone. Score 2 points if the current white cell count is above 12.0 x10^9/L; 3 points if the patient has ever had angioedema (current or past); 2 points if the current eGFR is below 45 mL/min/1.73 m2; 1 point if the current heart rate is above 90/min. If the score is 4 or more, prescribe dapagliflozin instead.",Prescribe spironolactone.,Prescribe dapagliflozin.,s,patient: heart rate = 99; present; current | patient: white cell count = 9.0; present; current | patient: eGFR = 37; present; current | patient: angioedema; absent; current | patient: white cell count = 10.8; present; past,"Male patient of 64 years.
Heart failure with reduced ejection fraction (ejection fraction 30%), still symptomatic.
Current heart rate 99/min.
Owns a bicycle.
Latest WBC is 9.0 x10^9/L.
Prefers to be addressed by first name.
Uses sunscreen in summer.
Current eGFR 37 mL/min/1.73 m2.
Paints watercolors as a hobby.
Face and neck without swelling on examination.
Earlier this week, white cell count was 10.8 x10^9/L; a newer reading supersedes it.",,,,
author2,38,rule_v1/test_L1,rule_v1.test.s3_hctci.stroke.negation.easy.839,negation,easy,base,"Hematopoietic Cell Transplantation-specific Comorbidity Index (as used here, partial): 1 point for coronary artery disease at any time (current or past); 1 point for a stroke or TIA at any time (current or past); 2 points for a current peptic ulcer; 1 point for a current ALT above 40 U/L. Other items of the index are not part of this question.",The stroke/TIA criterion contributes 0 points.,The stroke/TIA criterion contributes 1 point.,s,patient: active peptic ulcer; absent; current | patient: stroke/TIA; absent; current | patient: coronary artery disease; absent; current | patient: ALT = 12; present; current,"Female patient of 45 years.
Assessment before allogeneic stem cell transplantation for acute myeloid leukemia in remission.
Appetite good; no indigestion.
Power and sensation normal in all limbs.
Cardiac stress test unremarkable last year.
Current ALT 12 U/L.
Enjoys board games.
Paints watercolors as a hobby.
Lives in a second-floor apartment.
Drives a car.",,,,
author2,38,rule_v1/test_L1,rule_v1.test.s3_hctci.stroke.negation.easy.839,negation,easy,flip,"Hematopoietic Cell Transplantation-specific Comorbidity Index (as used here, partial): 1 point for coronary artery disease at any time (current or past); 1 point for a stroke or TIA at any time (current or past); 2 points for a current peptic ulcer; 1 point for a current ALT above 40 U/L. Other items of the index are not part of this question.",The stroke/TIA criterion contributes 0 points.,The stroke/TIA criterion contributes 1 point.,s',patient: active peptic ulcer; absent; current | patient: stroke/TIA; present; past (2007) | patient: coronary artery disease; absent; current | patient: ALT = 12; present; current,"Female patient of 45 years.
Assessment before allogeneic stem cell transplantation for acute myeloid leukemia in remission.
Appetite good; no indigestion.
Recovered from a stroke in 2007.
Cardiac stress test unremarkable last year.
Current ALT 12 U/L.
Enjoys board games.
Paints watercolors as a hobby.
Lives in a second-floor apartment.
Drives a car.",,,,
author2,38,rule_v1/test_L1,rule_v1.test.s3_hctci.stroke.negation.easy.839,negation,easy,near,"Hematopoietic Cell Transplantation-specific Comorbidity Index (as used here, partial): 1 point for coronary artery disease at any time (current or past); 1 point for a stroke or TIA at any time (current or past); 2 points for a current peptic ulcer; 1 point for a current ALT above 40 U/L. Other items of the index are not part of this question.",The stroke/TIA criterion contributes 0 points.,The stroke/TIA criterion contributes 1 point.,s,patient: active peptic ulcer; absent; current | patient: stroke/TIA; absent; current | patient: coronary artery disease; absent; current | patient: ALT = 12; present; current,"Female patient of 45 years.
Assessment before allogeneic stem cell transplantation for acute myeloid leukemia in remission.
Appetite good; no indigestion.
Has never had a stroke or TIA.
Cardiac stress test unremarkable last year.
Current ALT 12 U/L.
Enjoys board games.
Paints watercolors as a hobby.
Lives in a second-floor apartment.
Drives a car.",,,,
author2,38,rule_v1/test_L1,rule_v1.test.s3_hctci.stroke.negation.easy.839,negation,easy,pres,"Hematopoietic Cell Transplantation-specific Comorbidity Index (as used here, partial): 1 point for coronary artery disease at any time (current or past); 1 point for a stroke or TIA at any time (current or past); 2 points for a current peptic ulcer; 1 point for a current ALT above 40 U/L. Other items of the index are not part of this question.",The stroke/TIA criterion contributes 0 points.,The stroke/TIA criterion contributes 1 point.,s,patient: stroke/TIA; absent; current | patient: active peptic ulcer; absent; current | patient: ALT = 12; present; current | patient: coronary artery disease; absent; current,"Woman of 45 years.
Assessment before allogeneic stem cell transplantation for acute myeloid leukemia in remission.
Power and sensation normal in all limbs.
Enjoys board games.
Appetite good; no indigestion.
Lives in a second-floor apartment.
ALT now 12 U/L.
Drives a car.
Paints watercolors as a hobby.
Cardiac stress test unremarkable last year.",,,,
author2,42,rule_v1/test_L2,rule_v1.test.qsofa.rr.numeric.easy.1432,numeric,easy,base,qSOFA (as used here): 1 point each for a respiratory rate of 22/min or more; altered mentation; systolic blood pressure of 100 mmHg or less. Only current findings count.,The respiratory rate criterion contributes 0 points.,The respiratory rate criterion contributes 1 point.,s,patient: respiratory rate = 16; present; current | patient: systolic blood pressure = 111; present; current,"Male patient of 33 years.
Suspected urinary sepsis, assessed in the emergency department.
Paints watercolors as a hobby.
Current respiratory rate 16/min.
Observations now: blood pressure 111/76 mmHg.",,,,
author2,42,rule_v1/test_L2,rule_v1.test.qsofa.rr.numeric.easy.1432,numeric,easy,flip,qSOFA (as used here): 1 point each for a respiratory rate of 22/min or more; altered mentation; systolic blood pressure of 100 mmHg or less. Only current findings count.,The respiratory rate criterion contributes 0 points.,The respiratory rate criterion contributes 1 point.,s',patient: respiratory rate = 22; present; current | patient: systolic blood pressure = 111; present; current,"Male patient of 33 years.
Suspected urinary sepsis, assessed in the emergency department.
Paints watercolors as a hobby.
Current respiratory rate 22/min.
Observations now: blood pressure 111/76 mmHg.",,,,
author2,42,rule_v1/test_L2,rule_v1.test.qsofa.rr.numeric.easy.1432,numeric,easy,near,qSOFA (as used here): 1 point each for a respiratory rate of 22/min or more; altered mentation; systolic blood pressure of 100 mmHg or less. Only current findings count.,The respiratory rate criterion contributes 0 points.,The respiratory rate criterion contributes 1 point.,s,patient: respiratory rate = 21; present; current | patient: systolic blood pressure = 111; present; current,"Male patient of 33 years.
Suspected urinary sepsis, assessed in the emergency department.
Paints watercolors as a hobby.
Current respiratory rate 21/min.
Observations now: blood pressure 111/76 mmHg.",,,,
author2,42,rule_v1/test_L2,rule_v1.test.qsofa.rr.numeric.easy.1432,numeric,easy,pres,qSOFA (as used here): 1 point each for a respiratory rate of 22/min or more; altered mentation; systolic blood pressure of 100 mmHg or less. Only current findings count.,The respiratory rate criterion contributes 0 points.,The respiratory rate criterion contributes 1 point.,s,patient: respiratory rate = 16; present; current | patient: systolic blood pressure = 111; present; current,"Man of 33 years.
Suspected urinary sepsis, assessed in the emergency department.
Observations now: respiratory rate 16/min.
Current systolic blood pressure 111 mmHg.
Paints watercolors as a hobby.",,,,
author2,46,rule_v1/test_L1,rule_v1.test.s1_idsa_minor.bun.time.easy.141,time,easy,base,"IDSA/ATS minor criteria for severe community-acquired pneumonia (as used here, partial): 1 point each for a current white cell count below 4.0 x10^9/L; a current platelet count below 100 x10^9/L; a current temperature below 36.0 C; a current blood urea nitrogen of 20 mg/dL or more. Other criteria are not part of this question.",The blood urea nitrogen criterion contributes 0 points.,The blood urea nitrogen criterion contributes 1 point.,s,patient: temperature = 37.1; present; current | patient: white cell count = 5.4; present; current | patient: platelet count = 168; present; current | patient: blood urea nitrogen = 15; present; current | patient: blood urea nitrogen = 13; present; past (2022),"Female patient of 70 years.
Community-acquired pneumonia on chest radiograph; admitted to the medical ward.
Temperature now 37.1 C (tympanic).
Latest WBC is 5.4 x10^9/L.
Platelet count now 168 x10^9/L.
Blood urea nitrogen now: 15 mg/dL.
Prefers to be addressed by first name.
Records from 2022 list blood urea nitrogen at 13 mg/dL.",,,,
author2,46,rule_v1/test_L1,rule_v1.test.s1_idsa_minor.bun.time.easy.141,time,easy,flip,"IDSA/ATS minor criteria for severe community-acquired pneumonia (as used here, partial): 1 point each for a current white cell count below 4.0 x10^9/L; a current platelet count below 100 x10^9/L; a current temperature below 36.0 C; a current blood urea nitrogen of 20 mg/dL or more. Other criteria are not part of this question.",The blood urea nitrogen criterion contributes 0 points.,The blood urea nitrogen criterion contributes 1 point.,s',patient: temperature = 37.1; present; current | patient: white cell count = 5.4; present; current | patient: platelet count = 168; present; current | patient: blood urea nitrogen = 31; present; current | patient: blood urea nitrogen = 13; present; past (2022),"Female patient of 70 years.
Community-acquired pneumonia on chest radiograph; admitted to the medical ward.
Temperature now 37.1 C (tympanic).
Latest WBC is 5.4 x10^9/L.
Platelet count now 168 x10^9/L.
Blood urea nitrogen now: 31 mg/dL.
Prefers to be addressed by first name.
Records from 2022 list blood urea nitrogen at 13 mg/dL.",,,,
author2,46,rule_v1/test_L1,rule_v1.test.s1_idsa_minor.bun.time.easy.141,time,easy,near,"IDSA/ATS minor criteria for severe community-acquired pneumonia (as used here, partial): 1 point each for a current white cell count below 4.0 x10^9/L; a current platelet count below 100 x10^9/L; a current temperature below 36.0 C; a current blood urea nitrogen of 20 mg/dL or more. Other criteria are not part of this question.",The blood urea nitrogen criterion contributes 0 points.,The blood urea nitrogen criterion contributes 1 point.,s,patient: temperature = 37.1; present; current | patient: white cell count = 5.4; present; current | patient: platelet count = 168; present; current | patient: blood urea nitrogen = 15; present; current | patient: blood urea nitrogen = 22; present; past (2022),"Female patient of 70 years.
Community-acquired pneumonia on chest radiograph; admitted to the medical ward.
Temperature now 37.1 C (tympanic).
Latest WBC is 5.4 x10^9/L.
Platelet count now 168 x10^9/L.
Blood urea nitrogen now: 15 mg/dL.
Prefers to be addressed by first name.
Records from 2022 list blood urea nitrogen at 22 mg/dL.",,,,
author2,46,rule_v1/test_L1,rule_v1.test.s1_idsa_minor.bun.time.easy.141,time,easy,pres,"IDSA/ATS minor criteria for severe community-acquired pneumonia (as used here, partial): 1 point each for a current white cell count below 4.0 x10^9/L; a current platelet count below 100 x10^9/L; a current temperature below 36.0 C; a current blood urea nitrogen of 20 mg/dL or more. Other criteria are not part of this question.",The blood urea nitrogen criterion contributes 0 points.,The blood urea nitrogen criterion contributes 1 point.,s,patient: platelet count = 168; present; current | patient: temperature = 37.1; present; current | patient: blood urea nitrogen = 15; present; current | patient: white cell count = 5.4; present; current | patient: blood urea nitrogen = 13; present; past (2022),"Woman of 70 years.
Community-acquired pneumonia on chest radiograph; admitted to the medical ward.
Prefers to be addressed by first name.
Current platelet count 168 x10^9/L.
Current temperature 37.1 C.
Blood urea nitrogen 15 mg/dL on the current labs.
Current white cell count 5.4 x10^9/L.
Back in 2022, blood urea nitrogen stood at 13 mg/dL.",,,,
author2,50,rule_v1/test_L2,rule_v1.test.gs094.c1.negation.easy.243,negation,easy,base,"For primary prevention, prescribe atorvastatin. If the patient has ever had heart failure (current or past) and the age of the patient is 75 years or more, prescribe ezetimibe instead.",Prescribe atorvastatin.,Prescribe ezetimibe.,s,patient: age = 83; present; current,"Man, adult.
Primary prevention; LDL cholesterol 182 mg/dL.
Has two cats.
Sees a dentist yearly.
Currently aged 83 years.",,,,
author2,50,rule_v1/test_L2,rule_v1.test.gs094.c1.negation.easy.243,negation,easy,flip,"For primary prevention, prescribe atorvastatin. If the patient has ever had heart failure (current or past) and the age of the patient is 75 years or more, prescribe ezetimibe instead.",Prescribe atorvastatin.,Prescribe ezetimibe.,s',patient: heart failure; present; past (2014) | patient: age = 83; present; current,"Man, adult.
Primary prevention; LDL cholesterol 182 mg/dL.
Has two cats.
Formerly had heart failure from stress cardiomyopathy; recovered fully in 2014 and off all heart medicines since.
Sees a dentist yearly.
Currently aged 83 years.",,,,
author2,50,rule_v1/test_L2,rule_v1.test.gs094.c1.negation.easy.243,negation,easy,near,"For primary prevention, prescribe atorvastatin. If the patient has ever had heart failure (current or past) and the age of the patient is 75 years or more, prescribe ezetimibe instead.",Prescribe atorvastatin.,Prescribe ezetimibe.,s,patient: heart failure; absent; current | patient: age = 83; present; current,"Man, adult.
Primary prevention; LDL cholesterol 182 mg/dL.
Has two cats.
Has never had heart failure.
Sees a dentist yearly.
Currently aged 83 years.",,,,
author2,50,rule_v1/test_L2,rule_v1.test.gs094.c1.negation.easy.243,negation,easy,pres,"For primary prevention, prescribe atorvastatin. If the patient has ever had heart failure (current or past) and the age of the patient is 75 years or more, prescribe ezetimibe instead.",Prescribe atorvastatin.,Prescribe ezetimibe.,s,patient: age = 83; present; current,"An adult man.
Primary prevention; LDL cholesterol 182 mg/dL.
Has two cats.
Current age 83 years.
Sees a dentist yearly.",,,,
author2,50,rule_v1/test_L2,rule_v1.test.gs094.c1.negation.easy.243,negation,easy,missing,"For primary prevention, prescribe atorvastatin. If the patient has ever had heart failure (current or past) and the age of the patient is 75 years or more, prescribe ezetimibe instead.",Prescribe atorvastatin.,Prescribe ezetimibe.,neither,patient: heart failure; unknown; current | patient: age = 83; present; current,"Man, adult.
Primary prevention; LDL cholesterol 182 mg/dL.
Has two cats.
Heart failure: status unclear from the records at hand.
Sees a dentist yearly.
Currently aged 83 years.",,,,
author2,54,rule_v1/test_hard,rule_v1.test.gs048.c1.numeric.long.155,numeric,long,base,"For heart failure with reduced ejection fraction, prescribe spironolactone. If the current weight is 60 kg or less or the age of the patient is 75 years or more, prescribe dapagliflozin instead.",Prescribe spironolactone.,Prescribe dapagliflozin.,s,patient: weight = 73; present; current | patient: age = 60; present; current,"An adult man.
Heart failure with reduced ejection fraction (ejection fraction 30%), still symptomatic.
Zinc of 85 mcg/dL in 2019.
Current weight 73 kg.
Owns a bicycle.
Paints watercolors as a hobby.
Lives in a second-floor apartment.
Free T4 of 1.2 ng/dL in 2013.
Pupils equal and reactive to light.
Knits as a hobby.
In 2017, folate was 12 ng/mL.
Drives a car.
His uncle has a lazy eye.
Currently aged 60 years.
Teeth in good repair.
His uncle lives with psoriasis.
Prefers morning appointments.
His roommate sprained a thumb last month.
His sister burned a hand on a stove years ago.
During a checkup in 2007, total protein was 7.0 g/dL.",,,,
author2,54,rule_v1/test_hard,rule_v1.test.gs048.c1.numeric.long.155,numeric,long,flip,"For heart failure with reduced ejection fraction, prescribe spironolactone. If the current weight is 60 kg or less or the age of the patient is 75 years or more, prescribe dapagliflozin instead.",Prescribe spironolactone.,Prescribe dapagliflozin.,s',patient: weight = 60; present; current | patient: age = 60; present; current,"An adult man.
Heart failure with reduced ejection fraction (ejection fraction 30%), still symptomatic.
Zinc of 85 mcg/dL in 2019.
Current weight 60 kg.
Owns a bicycle.
Paints watercolors as a hobby.
Lives in a second-floor apartment.
Free T4 of 1.2 ng/dL in 2013.
Pupils equal and reactive to light.
Knits as a hobby.
In 2017, folate was 12 ng/mL.
Drives a car.
His uncle has a lazy eye.
Currently aged 60 years.
Teeth in good repair.
His uncle lives with psoriasis.
Prefers morning appointments.
His roommate sprained a thumb last month.
His sister burned a hand on a stove years ago.
During a checkup in 2007, total protein was 7.0 g/dL.",,,,
author2,54,rule_v1/test_hard,rule_v1.test.gs048.c1.numeric.long.155,numeric,long,near,"For heart failure with reduced ejection fraction, prescribe spironolactone. If the current weight is 60 kg or less or the age of the patient is 75 years or more, prescribe dapagliflozin instead.",Prescribe spironolactone.,Prescribe dapagliflozin.,s,patient: weight = 61; present; current | patient: age = 60; present; current,"An adult man.
Heart failure with reduced ejection fraction (ejection fraction 30%), still symptomatic.
Zinc of 85 mcg/dL in 2019.
Current weight 61 kg.
Owns a bicycle.
Paints watercolors as a hobby.
Lives in a second-floor apartment.
Free T4 of 1.2 ng/dL in 2013.
Pupils equal and reactive to light.
Knits as a hobby.
In 2017, folate was 12 ng/mL.
Drives a car.
His uncle has a lazy eye.
Currently aged 60 years.
Teeth in good repair.
His uncle lives with psoriasis.
Prefers morning appointments.
His roommate sprained a thumb last month.
His sister burned a hand on a stove years ago.
During a checkup in 2007, total protein was 7.0 g/dL.",,,,
author2,54,rule_v1/test_hard,rule_v1.test.gs048.c1.numeric.long.155,numeric,long,pres,"For heart failure with reduced ejection fraction, prescribe spironolactone. If the current weight is 60 kg or less or the age of the patient is 75 years or more, prescribe dapagliflozin instead.",Prescribe spironolactone.,Prescribe dapagliflozin.,s,patient: age = 60; present; current | patient: weight = 73; present; current,"Man, adult.
Heart failure with reduced ejection fraction (ejection fraction 30%), still symptomatic.
Lives in a second-floor apartment.
His roommate sprained a thumb last month.
Free T4 of 1.2 ng/dL in 2013.
Pupils equal and reactive to light.
His uncle lives with psoriasis.
Drives a car.
Owns a bicycle.
In 2017, folate was 12 ng/mL.
His uncle has a lazy eye.
Current age 60 years.
Zinc of 85 mcg/dL in 2019.
Prefers morning appointments.
Latest weight 73 kg.
His sister burned a hand on a stove years ago.
Paints watercolors as a hobby.
During a checkup in 2007, total protein was 7.0 g/dL.
Teeth in good repair.
Knits as a hobby.",,,,
author2,58,rule_v1/test_hard,rule_v1.test.gs011.c1.subject.long.87,subject,long,base,"For acute streptococcal pharyngitis, prescribe amoxicillin. If the patient or a first-degree relative (parent, sibling or child) has had a venous thromboembolism at any time and the current ALT is above 120 U/L, prescribe azithromycin instead.",Prescribe amoxicillin.,Prescribe azithromycin.,s,patient: ALT = 138; present; current | patient: venous thromboembolism (patient or first-degree relative); absent; current,"Woman of 36 years.
Presents with acute streptococcal pharyngitis (rapid antigen test positive).
Lives in a second-floor apartment.
Her uncle burned a hand on a stove years ago.
Enjoys board games.
Current ALT 138 U/L.
Owns a bicycle.
In 2023, lipase was 30 U/L.
Varicose veins: none seen.
In 2017, folate was 12 ng/mL.
Photographs local wildlife.
Her father wears contact lenses.
Plays the piano.
Teeth in good repair.
Her uncle sprained a thumb last month.
Her uncle has a lazy eye.
Knits as a hobby.
Zinc of 85 mcg/dL in 2024.
Has two cats.",,,,
author2,58,rule_v1/test_hard,rule_v1.test.gs011.c1.subject.long.87,subject,long,flip,"For acute streptococcal pharyngitis, prescribe amoxicillin. If the patient or a first-degree relative (parent, sibling or child) has had a venous thromboembolism at any time and the current ALT is above 120 U/L, prescribe azithromycin instead.",Prescribe amoxicillin.,Prescribe azithromycin.,s',patient: ALT = 138; present; current | patient: venous thromboembolism (patient or first-degree relative); present; current,"Woman of 36 years.
Presents with acute streptococcal pharyngitis (rapid antigen test positive).
Lives in a second-floor apartment.
Her uncle burned a hand on a stove years ago.
Enjoys board games.
Current ALT 138 U/L.
Owns a bicycle.
In 2023, lipase was 30 U/L.
Ongoing treatment for a deep vein thrombosis of the left arm.
In 2017, folate was 12 ng/mL.
Photographs local wildlife.
Her father wears contact lenses.
Plays the piano.
Teeth in good repair.
Her uncle sprained a thumb last month.
Her uncle has a lazy eye.
Knits as a hobby.
Zinc of 85 mcg/dL in 2024.
Has two cats.",,,,
author2,58,rule_v1/test_hard,rule_v1.test.gs011.c1.subject.long.87,subject,long,near,"For acute streptococcal pharyngitis, prescribe amoxicillin. If the patient or a first-degree relative (parent, sibling or child) has had a venous thromboembolism at any time and the current ALT is above 120 U/L, prescribe azithromycin instead.",Prescribe amoxicillin.,Prescribe azithromycin.,s,patient: ALT = 138; present; current | uncle: venous thromboembolism (patient or first-degree relative); present; current,"Woman of 36 years.
Presents with acute streptococcal pharyngitis (rapid antigen test positive).
Lives in a second-floor apartment.
Her uncle burned a hand on a stove years ago.
Enjoys board games.
Current ALT 138 U/L.
Owns a bicycle.
In 2023, lipase was 30 U/L.
Her uncle is on anticoagulation for venous thrombosis.
In 2017, folate was 12 ng/mL.
Photographs local wildlife.
Her father wears contact lenses.
Plays the piano.
Teeth in good repair.
Her uncle sprained a thumb last month.
Her uncle has a lazy eye.
Knits as a hobby.
Zinc of 85 mcg/dL in 2024.
Has two cats.",,,,
author2,58,rule_v1/test_hard,rule_v1.test.gs011.c1.subject.long.87,subject,long,pres,"For acute streptococcal pharyngitis, prescribe amoxicillin. If the patient or a first-degree relative (parent, sibling or child) has had a venous thromboembolism at any time and the current ALT is above 120 U/L, prescribe azithromycin instead.",Prescribe amoxicillin.,Prescribe azithromycin.,s,patient: venous thromboembolism (patient or first-degree relative); absent; current | patient: ALT = 138; present; current,"Female patient of 36 years.
Presents with acute streptococcal pharyngitis (rapid antigen test positive).
Owns a bicycle.
Varicose veins: none seen.
Her uncle has a lazy eye.
Plays the piano.
In 2023, lipase was 30 U/L.
Her uncle burned a hand on a stove years ago.
Zinc of 85 mcg/dL in 2024.
Her father wears contact lenses.
ALT now 138 U/L.
Photographs local wildlife.
Lives in a second-floor apartment.
Knits as a hobby.
In 2017, folate was 12 ng/mL.
Teeth in good repair.
Enjoys board games.
Her uncle sprained a thumb last month.
Has two cats.",,,,
author2,62,rule_v1/test_L2,rule_v1.test.gs211.c1.boundary.easy.792,boundary,easy,base,"For stroke prevention in atrial fibrillation, prescribe apixaban. If at least two of the following apply, prescribe warfarin instead: the current blood urea nitrogen is above 19 mg/dL; the patient or a first-degree relative (parent, sibling or child) has had diabetes at any time; the patient has an active peptic ulcer.",Prescribe apixaban.,Prescribe warfarin.,s,patient: active peptic ulcer; present; current | patient: blood urea nitrogen = 9; present; current | patient: diabetes (patient or first-degree relative); absent; current,"Woman of 54 years.
Atrial fibrillation; anticoagulation indicated.
Has an active duodenal ulcer.
Blood urea nitrogen 9 mg/dL on the current labs.
Plays the piano.
HbA1c 5.3% at a routine check.",,,,
author2,62,rule_v1/test_L2,rule_v1.test.gs211.c1.boundary.easy.792,boundary,easy,flip,"For stroke prevention in atrial fibrillation, prescribe apixaban. If at least two of the following apply, prescribe warfarin instead: the current blood urea nitrogen is above 19 mg/dL; the patient or a first-degree relative (parent, sibling or child) has had diabetes at any time; the patient has an active peptic ulcer.",Prescribe apixaban.,Prescribe warfarin.,s',patient: active peptic ulcer; present; current | patient: blood urea nitrogen = 28; present; current | patient: diabetes (patient or first-degree relative); absent; current,"Woman of 54 years.
Atrial fibrillation; anticoagulation indicated.
Has an active duodenal ulcer.
Blood urea nitrogen 28 mg/dL on the current labs.
Plays the piano.
HbA1c 5.3% at a routine check.",,,,
author2,62,rule_v1/test_L2,rule_v1.test.gs211.c1.boundary.easy.792,boundary,easy,near,"For stroke prevention in atrial fibrillation, prescribe apixaban. If at least two of the following apply, prescribe warfarin instead: the current blood urea nitrogen is above 19 mg/dL; the patient or a first-degree relative (parent, sibling or child) has had diabetes at any time; the patient has an active peptic ulcer.",Prescribe apixaban.,Prescribe warfarin.,s,patient: active peptic ulcer; present; current | patient: blood urea nitrogen = 19; present; current | patient: diabetes (patient or first-degree relative); absent; current,"Woman of 54 years.
Atrial fibrillation; anticoagulation indicated.
Has an active duodenal ulcer.
Blood urea nitrogen 19 mg/dL on the current labs.
Plays the piano.
HbA1c 5.3% at a routine check.",,,,
author2,62,rule_v1/test_L2,rule_v1.test.gs211.c1.boundary.easy.792,boundary,easy,pres,"For stroke prevention in atrial fibrillation, prescribe apixaban. If at least two of the following apply, prescribe warfarin instead: the current blood urea nitrogen is above 19 mg/dL; the patient or a first-degree relative (parent, sibling or child) has had diabetes at any time; the patient has an active peptic ulcer.",Prescribe apixaban.,Prescribe warfarin.,s,patient: diabetes (patient or first-degree relative); absent; current | patient: active peptic ulcer; present; current | patient: blood urea nitrogen = 9; present; current,"Female patient of 54 years.
Atrial fibrillation; anticoagulation indicated.
HbA1c 5.3% at a routine check.
Has an active duodenal ulcer.
Blood urea nitrogen now: 9 mg/dL.
Plays the piano.",,,,
author2,62,rule_v1/test_L2,rule_v1.test.gs211.c1.boundary.easy.792,boundary,easy,missing,"For stroke prevention in atrial fibrillation, prescribe apixaban. If at least two of the following apply, prescribe warfarin instead: the current blood urea nitrogen is above 19 mg/dL; the patient or a first-degree relative (parent, sibling or child) has had diabetes at any time; the patient has an active peptic ulcer.",Prescribe apixaban.,Prescribe warfarin.,neither,patient: active peptic ulcer; present; current | patient: diabetes (patient or first-degree relative); absent; current,"Woman of 54 years.
Atrial fibrillation; anticoagulation indicated.
Has an active duodenal ulcer.
Plays the piano.
HbA1c 5.3% at a routine check.",,,,
author2,66,rule_v1/test_L2,rule_v1.test.gs139.c1.time.easy.1320,time,easy,base,"For vaginal candidiasis, prescribe oral fluconazole. If the patient currently has tender anterior cervical lymph nodes and the patient has ever had angioedema (current or past), prescribe clotrimazole pessaries instead.",Prescribe oral fluconazole.,Prescribe clotrimazole pessaries.,s,patient: tender cervical lymph nodes; absent; current | patient: angioedema; present; past,"Woman of 35 years.
Vaginal itching and discharge; candidiasis confirmed on microscopy.
Front of the neck without tenderness or swelling.
An episode of angioedema years ago, with full recovery.
Enjoys board games.",,,,
author2,66,rule_v1/test_L2,rule_v1.test.gs139.c1.time.easy.1320,time,easy,flip,"For vaginal candidiasis, prescribe oral fluconazole. If the patient currently has tender anterior cervical lymph nodes and the patient has ever had angioedema (current or past), prescribe clotrimazole pessaries instead.",Prescribe oral fluconazole.,Prescribe clotrimazole pessaries.,s',patient: tender cervical lymph nodes; present; current | patient: angioedema; present; past,"Woman of 35 years.
Vaginal itching and discharge; candidiasis confirmed on microscopy.
Tender, swollen lymph nodes in the front of the neck.
An episode of angioedema years ago, with full recovery.
Enjoys board games.",,,,
author2,66,rule_v1/test_L2,rule_v1.test.gs139.c1.time.easy.1320,time,easy,near,"For vaginal candidiasis, prescribe oral fluconazole. If the patient currently has tender anterior cervical lymph nodes and the patient has ever had angioedema (current or past), prescribe clotrimazole pessaries instead.",Prescribe oral fluconazole.,Prescribe clotrimazole pessaries.,s,patient: tender cervical lymph nodes; present; past | patient: angioedema; present; past,"Woman of 35 years.
Vaginal itching and discharge; candidiasis confirmed on microscopy.
Tender anterior cervical lymph nodes with a throat infection years ago, which went down within two weeks.
An episode of angioedema years ago, with full recovery.
Enjoys board games.",,,,
author2,66,rule_v1/test_L2,rule_v1.test.gs139.c1.time.easy.1320,time,easy,pres,"For vaginal candidiasis, prescribe oral fluconazole. If the patient currently has tender anterior cervical lymph nodes and the patient has ever had angioedema (current or past), prescribe clotrimazole pessaries instead.",Prescribe oral fluconazole.,Prescribe clotrimazole pessaries.,s,patient: angioedema; present; past | patient: tender cervical lymph nodes; absent; current,"Female patient of 35 years.
Vaginal itching and discharge; candidiasis confirmed on microscopy.
Enjoys board games.
An episode of angioedema years ago, with full recovery.
Front of the neck without tenderness or swelling.",,,,
author2,70,rule_v1/test_hard,rule_v1.test.gs124.c2.numeric.long.949,numeric,long,base,"For community-acquired pneumonia, prescribe oral amoxicillin. If at least two of the following apply, prescribe intravenous co-amoxiclav instead: the patient or a first-degree relative (parent, sibling or child) has had colorectal cancer at any time; the current calf swelling compared with the other leg is 3.0 cm or more; the age of the patient is above 65 years.",Prescribe oral amoxicillin.,Prescribe intravenous co-amoxiclav.,s,father: colorectal cancer (patient or first-degree relative); present; current | patient: age = 54; present; current | patient: calf swelling = 0.4; present; current,"An adult man.
Community-acquired pneumonia confirmed on chest radiograph.
His father is undergoing surgery for bowel cancer.
Pupils equal and reactive to light.
Uses sunscreen in summer.
Photographs local wildlife.
Sleeps seven hours a night.
His sister sprained a thumb last month.
Zinc of 85 mcg/dL in 2016.
During a checkup in 2005, total protein was 7.0 g/dL.
His father burned a hand on a stove years ago.
Currently aged 54 years.
Drives a car.
Has two cats.
Lives in a second-floor apartment.
Sees a dentist yearly.
During a checkup in 2007, free T3 was 3.2 pg/mL.
Owns a bicycle.
Teeth in good repair.
Difference in calf circumference now 0.4 cm.
His roommate has a lazy eye.",,,,
author2,70,rule_v1/test_hard,rule_v1.test.gs124.c2.numeric.long.949,numeric,long,flip,"For community-acquired pneumonia, prescribe oral amoxicillin. If at least two of the following apply, prescribe intravenous co-amoxiclav instead: the patient or a first-degree relative (parent, sibling or child) has had colorectal cancer at any time; the current calf swelling compared with the other leg is 3.0 cm or more; the age of the patient is above 65 years.",Prescribe oral amoxicillin.,Prescribe intravenous co-amoxiclav.,s',father: colorectal cancer (patient or first-degree relative); present; current | patient: age = 54; present; current | patient: calf swelling = 3.0; present; current,"An adult man.
Community-acquired pneumonia confirmed on chest radiograph.
His father is undergoing surgery for bowel cancer.
Pupils equal and reactive to light.
Uses sunscreen in summer.
Photographs local wildlife.
Sleeps seven hours a night.
His sister sprained a thumb last month.
Zinc of 85 mcg/dL in 2016.
During a checkup in 2005, total protein was 7.0 g/dL.
His father burned a hand on a stove years ago.
Currently aged 54 years.
Drives a car.
Has two cats.
Lives in a second-floor apartment.
Sees a dentist yearly.
During a checkup in 2007, free T3 was 3.2 pg/mL.
Owns a bicycle.
Teeth in good repair.
Difference in calf circumference now 3.0 cm.
His roommate has a lazy eye.",,,,
author2,70,rule_v1/test_hard,rule_v1.test.gs124.c2.numeric.long.949,numeric,long,near,"For community-acquired pneumonia, prescribe oral amoxicillin. If at least two of the following apply, prescribe intravenous co-amoxiclav instead: the patient or a first-degree relative (parent, sibling or child) has had colorectal cancer at any time; the current calf swelling compared with the other leg is 3.0 cm or more; the age of the patient is above 65 years.",Prescribe oral amoxicillin.,Prescribe intravenous co-amoxiclav.,s,father: colorectal cancer (patient or first-degree relative); present; current | patient: age = 54; present; current | patient: calf swelling = 2.7; present; current,"An adult man.
Community-acquired pneumonia confirmed on chest radiograph.
His father is undergoing surgery for bowel cancer.
Pupils equal and reactive to light.
Uses sunscreen in summer.
Photographs local wildlife.
Sleeps seven hours a night.
His sister sprained a thumb last month.
Zinc of 85 mcg/dL in 2016.
During a checkup in 2005, total protein was 7.0 g/dL.
His father burned a hand on a stove years ago.
Currently aged 54 years.
Drives a car.
Has two cats.
Lives in a second-floor apartment.
Sees a dentist yearly.
During a checkup in 2007, free T3 was 3.2 pg/mL.
Owns a bicycle.
Teeth in good repair.
Difference in calf circumference now 2.7 cm.
His roommate has a lazy eye.",,,,
author2,70,rule_v1/test_hard,rule_v1.test.gs124.c2.numeric.long.949,numeric,long,pres,"For community-acquired pneumonia, prescribe oral amoxicillin. If at least two of the following apply, prescribe intravenous co-amoxiclav instead: the patient or a first-degree relative (parent, sibling or child) has had colorectal cancer at any time; the current calf swelling compared with the other leg is 3.0 cm or more; the age of the patient is above 65 years.",Prescribe oral amoxicillin.,Prescribe intravenous co-amoxiclav.,s,patient: calf swelling = 0.4; present; current | patient: age = 54; present; current | father: colorectal cancer (patient or first-degree relative); present; current,"Man, adult.
Community-acquired pneumonia confirmed on chest radiograph.
Photographs local wildlife.
Pupils equal and reactive to light.
Owns a bicycle.
Teeth in good repair.
Sleeps seven hours a night.
His sister sprained a thumb last month.
Uses sunscreen in summer.
His father burned a hand on a stove years ago.
Sees a dentist yearly.
Zinc of 85 mcg/dL in 2016.
His roommate has a lazy eye.
During a checkup in 2005, total protein was 7.0 g/dL.
Lives in a second-floor apartment.
During a checkup in 2007, free T3 was 3.2 pg/mL.
Current calf swelling 0.4 cm compared with the other leg.
Current age 54 years.
Drives a car.
Has two cats.
His father is undergoing surgery for bowel cancer.",,,,
author2,74,rule_v1/test_L1,rule_v1.test.s3_hctci.ulcer.subject.easy.643,subject,easy,base,"Hematopoietic Cell Transplantation-specific Comorbidity Index (as used here, partial): 1 point for coronary artery disease at any time (current or past); 1 point for a stroke or TIA at any time (current or past); 2 points for a current peptic ulcer; 1 point for a current ALT above 40 U/L. Other items of the index are not part of this question.",The active peptic ulcer criterion contributes 0 points.,The active peptic ulcer criterion contributes 2 points.,s,patient: active peptic ulcer; absent; current | patient: stroke/TIA; absent; current | patient: ALT = 13; present; current | patient: coronary artery disease; absent; current,"Woman of 40 years.
Assessment before allogeneic stem cell transplantation for acute myeloid leukemia in remission.
Has two cats.
Prefers morning appointments.
Photographs local wildlife.
Appetite good; no indigestion.
Power and sensation normal in all limbs.
Knits as a hobby.
Current ALT 13 U/L.
Chest pain on exertion: none reported.",,,,
author2,74,rule_v1/test_L1,rule_v1.test.s3_hctci.ulcer.subject.easy.643,subject,easy,flip,"Hematopoietic Cell Transplantation-specific Comorbidity Index (as used here, partial): 1 point for coronary artery disease at any time (current or past); 1 point for a stroke or TIA at any time (current or past); 2 points for a current peptic ulcer; 1 point for a current ALT above 40 U/L. Other items of the index are not part of this question.",The active peptic ulcer criterion contributes 0 points.,The active peptic ulcer criterion contributes 2 points.,s',patient: active peptic ulcer; present; current | patient: stroke/TIA; absent; current | patient: ALT = 13; present; current | patient: coronary artery disease; absent; current,"Woman of 40 years.
Assessment before allogeneic stem cell transplantation for acute myeloid leukemia in remission.
Has two cats.
Prefers morning appointments.
Photographs local wildlife.
Active peptic ulcer disease.
Power and sensation normal in all limbs.
Knits as a hobby.
Current ALT 13 U/L.
Chest pain on exertion: none reported.",,,,
author2,74,rule_v1/test_L1,rule_v1.test.s3_hctci.ulcer.subject.easy.643,subject,easy,near,"Hematopoietic Cell Transplantation-specific Comorbidity Index (as used here, partial): 1 point for coronary artery disease at any time (current or past); 1 point for a stroke or TIA at any time (current or past); 2 points for a current peptic ulcer; 1 point for a current ALT above 40 U/L. Other items of the index are not part of this question.",The active peptic ulcer criterion contributes 0 points.,The active peptic ulcer criterion contributes 2 points.,s,wife: active peptic ulcer; present; current | patient: stroke/TIA; absent; current | patient: ALT = 13; present; current | patient: coronary artery disease; absent; current,"Woman of 40 years.
Assessment before allogeneic stem cell transplantation for acute myeloid leukemia in remission.
Has two cats.
Prefers morning appointments.
Photographs local wildlife.
Her wife has peptic ulcer disease.
Power and sensation normal in all limbs.
Knits as a hobby.
Current ALT 13 U/L.
Chest pain on exertion: none reported.",,,,
author2,74,rule_v1/test_L1,rule_v1.test.s3_hctci.ulcer.subject.easy.643,subject,easy,pres,"Hematopoietic Cell Transplantation-specific Comorbidity Index (as used here, partial): 1 point for coronary artery disease at any time (current or past); 1 point for a stroke or TIA at any time (current or past); 2 points for a current peptic ulcer; 1 point for a current ALT above 40 U/L. Other items of the index are not part of this question.",The active peptic ulcer criterion contributes 0 points.,The active peptic ulcer criterion contributes 2 points.,s,patient: stroke/TIA; absent; current | patient: coronary artery disease; absent; current | patient: active peptic ulcer; absent; current | patient: ALT = 13; present; current,"Female patient of 40 years.
Assessment before allogeneic stem cell transplantation for acute myeloid leukemia in remission.
Power and sensation normal in all limbs.
Knits as a hobby.
Has two cats.
Photographs local wildlife.
Chest pain on exertion: none reported.
Appetite good; no indigestion.
ALT now 13 U/L.
Prefers morning appointments.",,,,
author2,78,rule_v1/test_L0,rule_v1.test.gs143.c2.numeric.long.190,numeric,long,base,"For cellulitis of the lower leg, prescribe cephalexin. If at least two of the following apply, prescribe clindamycin instead: the patient has active cancer; the age of the patient is 65 years or more; the current ALT is above 120 U/L.",Prescribe cephalexin.,Prescribe clindamycin.,s,patient: active cancer; present; current | patient: age = 49; present; current | patient: ALT = 24; present; current,"Man, adult.
Spreading redness and warmth of the right shin for two days.
Has melanoma skin cancer and is receiving treatment for it.
Sleeps seven hours a night.
In 2017, folate was 12 ng/mL.
Pupils equal and reactive to light.
Zinc of 85 mcg/dL in 2022.
Has two cats.
Teeth in good repair.
His wife wears contact lenses.
Prefers to be addressed by first name.
Knits as a hobby.
Enjoys board games.
His roommate has a lazy eye.
Paints watercolors as a hobby.
His wife lives with psoriasis.
Currently aged 49 years.
Plays the piano.
Owns a bicycle.
Current ALT 24 U/L.
Sees a dentist yearly.
Photographs local wildlife.",,,,
author2,78,rule_v1/test_L0,rule_v1.test.gs143.c2.numeric.long.190,numeric,long,flip,"For cellulitis of the lower leg, prescribe cephalexin. If at least two of the following apply, prescribe clindamycin instead: the patient has active cancer; the age of the patient is 65 years or more; the current ALT is above 120 U/L.",Prescribe cephalexin.,Prescribe clindamycin.,s',patient: active cancer; present; current | patient: age = 70; present; current | patient: ALT = 24; present; current,"Man, adult.
Spreading redness and warmth of the right shin for two days.
Has melanoma skin cancer and is receiving treatment for it.
Sleeps seven hours a night.
In 2017, folate was 12 ng/mL.
Pupils equal and reactive to light.
Zinc of 85 mcg/dL in 2022.
Has two cats.
Teeth in good repair.
His wife wears contact lenses.
Prefers to be addressed by first name.
Knits as a hobby.
Enjoys board games.
His roommate has a lazy eye.
Paints watercolors as a hobby.
His wife lives with psoriasis.
Currently aged 70 years.
Plays the piano.
Owns a bicycle.
Current ALT 24 U/L.
Sees a dentist yearly.
Photographs local wildlife.",,,,
author2,78,rule_v1/test_L0,rule_v1.test.gs143.c2.numeric.long.190,numeric,long,near,"For cellulitis of the lower leg, prescribe cephalexin. If at least two of the following apply, prescribe clindamycin instead: the patient has active cancer; the age of the patient is 65 years or more; the current ALT is above 120 U/L.",Prescribe cephalexin.,Prescribe clindamycin.,s,patient: active cancer; present; current | patient: age = 64; present; current | patient: ALT = 24; present; current,"Man, adult.
Spreading redness and warmth of the right shin for two days.
Has melanoma skin cancer and is receiving treatment for it.
Sleeps seven hours a night.
In 2017, folate was 12 ng/mL.
Pupils equal and reactive to light.
Zinc of 85 mcg/dL in 2022.
Has two cats.
Teeth in good repair.
His wife wears contact lenses.
Prefers to be addressed by first name.
Knits as a hobby.
Enjoys board games.
His roommate has a lazy eye.
Paints watercolors as a hobby.
His wife lives with psoriasis.
Currently aged 64 years.
Plays the piano.
Owns a bicycle.
Current ALT 24 U/L.
Sees a dentist yearly.
Photographs local wildlife.",,,,
author2,78,rule_v1/test_L0,rule_v1.test.gs143.c2.numeric.long.190,numeric,long,pres,"For cellulitis of the lower leg, prescribe cephalexin. If at least two of the following apply, prescribe clindamycin instead: the patient has active cancer; the age of the patient is 65 years or more; the current ALT is above 120 U/L.",Prescribe cephalexin.,Prescribe clindamycin.,s,patient: age = 49; present; current | patient: ALT = 24; present; current | patient: active cancer; present; current,"An adult man.
Spreading redness and warmth of the right shin for two days.
His wife wears contact lenses.
Knits as a hobby.
Prefers to be addressed by first name.
Sees a dentist yearly.
Pupils equal and reactive to light.
Photographs local wildlife.
Current age 49 years.
Zinc of 85 mcg/dL in 2022.
Has two cats.
In 2017, folate was 12 ng/mL.
ALT now 24 U/L.
Paints watercolors as a hobby.
Plays the piano.
Owns a bicycle.
Teeth in good repair.
Has melanoma skin cancer and is receiving treatment for it.
His wife lives with psoriasis.
His roommate has a lazy eye.
Sleeps seven hours a night.
Enjoys board games.",,,,
author2,82,rule_v1/test_L2,rule_v1.test.gs033.c1.numeric.easy.1182,numeric,easy,base,"For cellulitis of the lower leg, prescribe cephalexin. If at least two of the following apply, prescribe clindamycin instead: the current weight is 60 kg or less; the patient is allergic to penicillin; the patient or a first-degree relative (parent, sibling or child) has had coronary artery disease at any time.",Prescribe cephalexin.,Prescribe clindamycin.,s,sister: coronary artery disease (patient or first-degree relative); present; current | patient: weight = 92; present; current,"Female patient of 80 years.
Spreading redness and warmth of the right shin for two days.
Teeth in good repair.
Prefers to be addressed by first name.
Her sister has known coronary artery disease.
Current weight 92 kg.",,,,
author2,82,rule_v1/test_L2,rule_v1.test.gs033.c1.numeric.easy.1182,numeric,easy,flip,"For cellulitis of the lower leg, prescribe cephalexin. If at least two of the following apply, prescribe clindamycin instead: the current weight is 60 kg or less; the patient is allergic to penicillin; the patient or a first-degree relative (parent, sibling or child) has had coronary artery disease at any time.",Prescribe cephalexin.,Prescribe clindamycin.,s',sister: coronary artery disease (patient or first-degree relative); present; current | patient: weight = 60; present; current,"Female patient of 80 years.
Spreading redness and warmth of the right shin for two days.
Teeth in good repair.
Prefers to be addressed by first name.
Her sister has known coronary artery disease.
Current weight 60 kg.",,,,
author2,82,rule_v1/test_L2,rule_v1.test.gs033.c1.numeric.easy.1182,numeric,easy,near,"For cellulitis of the lower leg, prescribe cephalexin. If at least two of the following apply, prescribe clindamycin instead: the current weight is 60 kg or less; the patient is allergic to penicillin; the patient or a first-degree relative (parent, sibling or child) has had coronary artery disease at any time.",Prescribe cephalexin.,Prescribe clindamycin.,s,sister: coronary artery disease (patient or first-degree relative); present; current | patient: weight = 61; present; current,"Female patient of 80 years.
Spreading redness and warmth of the right shin for two days.
Teeth in good repair.
Prefers to be addressed by first name.
Her sister has known coronary artery disease.
Current weight 61 kg.",,,,
author2,82,rule_v1/test_L2,rule_v1.test.gs033.c1.numeric.easy.1182,numeric,easy,pres,"For cellulitis of the lower leg, prescribe cephalexin. If at least two of the following apply, prescribe clindamycin instead: the current weight is 60 kg or less; the patient is allergic to penicillin; the patient or a first-degree relative (parent, sibling or child) has had coronary artery disease at any time.",Prescribe cephalexin.,Prescribe clindamycin.,s,sister: coronary artery disease (patient or first-degree relative); present; current | patient: weight = 92; present; current,"Woman of 80 years.
Spreading redness and warmth of the right shin for two days.
Prefers to be addressed by first name.
Teeth in good repair.
Her sister has known coronary artery disease.
Latest weight 92 kg.",,,,
author2,86,rule_v1/test_L2,rule_v1.test.gs230.c1.subject.easy.1625,subject,easy,base,"For uncomplicated cystitis, prescribe trimethoprim-sulfamethoxazole. Score 2 points if the patient has ever had a myocardial infarction or peripheral artery disease (current or past); 2 points if the patient currently has tonsillar exudate; 3 points if the current calf swelling compared with the other leg is 3.0 cm or more; 1 point if the patient has ever had a peptic ulcer (current or past). If the score is 8 or more, prescribe nitrofurantoin instead.",Prescribe trimethoprim-sulfamethoxazole.,Prescribe nitrofurantoin.,s,patient: tonsillar exudate; present; current | patient: calf swelling = 3.6; present; current | patient: peptic ulcer at any time; present; past,"Female patient of 37 years.
Dysuria and urinary frequency for two days; urine dipstick positive for nitrites.
Plays the piano.
Prefers to be addressed by first name.
Tonsillar exudate visible on both sides.
Difference in calf circumference now 3.6 cm.
Duodenal ulcer years ago; recovered fully with treatment.
Uses sunscreen in summer.",,,,
author2,86,rule_v1/test_L2,rule_v1.test.gs230.c1.subject.easy.1625,subject,easy,flip,"For uncomplicated cystitis, prescribe trimethoprim-sulfamethoxazole. Score 2 points if the patient has ever had a myocardial infarction or peripheral artery disease (current or past); 2 points if the patient currently has tonsillar exudate; 3 points if the current calf swelling compared with the other leg is 3.0 cm or more; 1 point if the patient has ever had a peptic ulcer (current or past). If the score is 8 or more, prescribe nitrofurantoin instead.",Prescribe trimethoprim-sulfamethoxazole.,Prescribe nitrofurantoin.,s',patient: tonsillar exudate; present; current | patient: myocardial infarction or peripheral artery disease; present; current | patient: calf swelling = 3.6; present; current | patient: peptic ulcer at any time; present; past,"Female patient of 37 years.
Dysuria and urinary frequency for two days; urine dipstick positive for nitrites.
Plays the piano.
Prefers to be addressed by first name.
Tonsillar exudate visible on both sides.
Lives with peripheral artery disease affecting the left leg.
Difference in calf circumference now 3.6 cm.
Duodenal ulcer years ago; recovered fully with treatment.
Uses sunscreen in summer.",,,,
author2,86,rule_v1/test_L2,rule_v1.test.gs230.c1.subject.easy.1625,subject,easy,near,"For uncomplicated cystitis, prescribe trimethoprim-sulfamethoxazole. Score 2 points if the patient has ever had a myocardial infarction or peripheral artery disease (current or past); 2 points if the patient currently has tonsillar exudate; 3 points if the current calf swelling compared with the other leg is 3.0 cm or more; 1 point if the patient has ever had a peptic ulcer (current or past). If the score is 8 or more, prescribe nitrofurantoin instead.",Prescribe trimethoprim-sulfamethoxazole.,Prescribe nitrofurantoin.,s,patient: tonsillar exudate; present; current | roommate: myocardial infarction or peripheral artery disease; present; current | patient: calf swelling = 3.6; present; current | patient: peptic ulcer at any time; present; past,"Female patient of 37 years.
Dysuria and urinary frequency for two days; urine dipstick positive for nitrites.
Plays the piano.
Prefers to be addressed by first name.
Tonsillar exudate visible on both sides.
Her roommate has peripheral artery disease with leg pain.
Difference in calf circumference now 3.6 cm.
Duodenal ulcer years ago; recovered fully with treatment.
Uses sunscreen in summer.",,,,
author2,86,rule_v1/test_L2,rule_v1.test.gs230.c1.subject.easy.1625,subject,easy,pres,"For uncomplicated cystitis, prescribe trimethoprim-sulfamethoxazole. Score 2 points if the patient has ever had a myocardial infarction or peripheral artery disease (current or past); 2 points if the patient currently has tonsillar exudate; 3 points if the current calf swelling compared with the other leg is 3.0 cm or more; 1 point if the patient has ever had a peptic ulcer (current or past). If the score is 8 or more, prescribe nitrofurantoin instead.",Prescribe trimethoprim-sulfamethoxazole.,Prescribe nitrofurantoin.,s,patient: peptic ulcer at any time; present; past | patient: tonsillar exudate; present; current | patient: calf swelling = 3.6; present; current,"Woman of 37 years.
Dysuria and urinary frequency for two days; urine dipstick positive for nitrites.
Duodenal ulcer years ago; recovered fully with treatment.
Tonsillar exudate visible on both sides.
Plays the piano.
Prefers to be addressed by first name.
Uses sunscreen in summer.
Current calf swelling 3.6 cm compared with the other leg.",,,,
author2,90,rule_v1/test_L3alt,rule_v1.test.c1_neutropenia.anc.time.alt.197,time,alt,base,"For a chest infection during chemotherapy, prescribe oral co-amoxiclav. If the current neutrophil count is 1.0 x10^9/L or less, prescribe intravenous piperacillin-tazobactam instead.",Prescribe oral co-amoxiclav.,Prescribe intravenous piperacillin-tazobactam.,s,patient: neutrophil count = 4.7; present; past (2015) | patient: neutrophil count = 2.3; present; current,"Man of 72 years.
Productive cough and fever, three weeks after the most recent cycle of chemotherapy for lymphoma.
Back in 2015, neutrophil count stood at 4.7 x10^9/L.
Paints watercolors as a hobby.
Current neutrophil count 2.3 x10^9/L.",,,,
author2,90,rule_v1/test_L3alt,rule_v1.test.c1_neutropenia.anc.time.alt.197,time,alt,flip,"For a chest infection during chemotherapy, prescribe oral co-amoxiclav. If the current neutrophil count is 1.0 x10^9/L or less, prescribe intravenous piperacillin-tazobactam instead.",Prescribe oral co-amoxiclav.,Prescribe intravenous piperacillin-tazobactam.,s',patient: neutrophil count = 4.7; present; past (2015) | patient: neutrophil count = 0.8; present; current,"Man of 72 years.
Productive cough and fever, three weeks after the most recent cycle of chemotherapy for lymphoma.
Back in 2015, neutrophil count stood at 4.7 x10^9/L.
Paints watercolors as a hobby.
Current neutrophil count 0.8 x10^9/L.",,,,
author2,90,rule_v1/test_L3alt,rule_v1.test.c1_neutropenia.anc.time.alt.197,time,alt,near,"For a chest infection during chemotherapy, prescribe oral co-amoxiclav. If the current neutrophil count is 1.0 x10^9/L or less, prescribe intravenous piperacillin-tazobactam instead.",Prescribe oral co-amoxiclav.,Prescribe intravenous piperacillin-tazobactam.,s,patient: neutrophil count = 0.5; present; past (2015) | patient: neutrophil count = 2.3; present; current,"Man of 72 years.
Productive cough and fever, three weeks after the most recent cycle of chemotherapy for lymphoma.
Back in 2015, neutrophil count stood at 0.5 x10^9/L.
Paints watercolors as a hobby.
Current neutrophil count 2.3 x10^9/L.",,,,
author2,90,rule_v1/test_L3alt,rule_v1.test.c1_neutropenia.anc.time.alt.197,time,alt,pres,"For a chest infection during chemotherapy, prescribe oral co-amoxiclav. If the current neutrophil count is 1.0 x10^9/L or less, prescribe intravenous piperacillin-tazobactam instead.",Prescribe oral co-amoxiclav.,Prescribe intravenous piperacillin-tazobactam.,s,patient: neutrophil count = 2.3; present; current | patient: neutrophil count = 4.7; present; past (2015),"Male patient of 72 years.
Productive cough and fever, three weeks after the most recent cycle of chemotherapy for lymphoma.
Latest neutrophil count: 2.3 x10^9/L.
Records from 2015 list neutrophil count at 4.7 x10^9/L.
Paints watercolors as a hobby.",,,,
author2,94,rule_v1/test_L2,rule_v1.test.gs139.c2.subject.long.925,subject,long,base,"For vaginal candidiasis, prescribe oral fluconazole. If the patient currently has tender anterior cervical lymph nodes and the patient has ever had angioedema (current or past), prescribe clotrimazole pessaries instead.",Prescribe oral fluconazole.,Prescribe clotrimazole pessaries.,s,patient: angioedema; absent; current | patient: tender cervical lymph nodes; present; current,"Woman of 33 years.
Vaginal itching and discharge; candidiasis confirmed on microscopy.
Her sister lives with psoriasis.
Owns a bicycle.
Drives a car.
Her wife burned a hand on a stove years ago.
Her friend has a lazy eye.
During a checkup in 2016, free T3 was 3.2 pg/mL.
Photographs local wildlife.
Enjoys board games.
Zinc of 85 mcg/dL in 2022.
During a checkup in 2021, total protein was 7.0 g/dL.
Paints watercolors as a hobby.
Her uncle has recovered from a dislocated finger.
Pupils equal and reactive to light.
Free of facial or oropharyngeal edema.
Knits as a hobby.
Prefers morning appointments.
Lives in a second-floor apartment.
Tender, swollen lymph nodes in the front of the neck.",,,,
author2,94,rule_v1/test_L2,rule_v1.test.gs139.c2.subject.long.925,subject,long,flip,"For vaginal candidiasis, prescribe oral fluconazole. If the patient currently has tender anterior cervical lymph nodes and the patient has ever had angioedema (current or past), prescribe clotrimazole pessaries instead.",Prescribe oral fluconazole.,Prescribe clotrimazole pessaries.,s',patient: angioedema; present; current | patient: tender cervical lymph nodes; present; current,"Woman of 33 years.
Vaginal itching and discharge; candidiasis confirmed on microscopy.
Her sister lives with psoriasis.
Owns a bicycle.
Drives a car.
Her wife burned a hand on a stove years ago.
Her friend has a lazy eye.
During a checkup in 2016, free T3 was 3.2 pg/mL.
Photographs local wildlife.
Enjoys board games.
Zinc of 85 mcg/dL in 2022.
During a checkup in 2021, total protein was 7.0 g/dL.
Paints watercolors as a hobby.
Her uncle has recovered from a dislocated finger.
Pupils equal and reactive to light.
Recurrent angioedema, under allergy follow-up.
Knits as a hobby.
Prefers morning appointments.
Lives in a second-floor apartment.
Tender, swollen lymph nodes in the front of the neck.",,,,
author2,94,rule_v1/test_L2,rule_v1.test.gs139.c2.subject.long.925,subject,long,near,"For vaginal candidiasis, prescribe oral fluconazole. If the patient currently has tender anterior cervical lymph nodes and the patient has ever had angioedema (current or past), prescribe clotrimazole pessaries instead.",Prescribe oral fluconazole.,Prescribe clotrimazole pessaries.,s,wife: angioedema; present; current | patient: tender cervical lymph nodes; present; current,"Woman of 33 years.
Vaginal itching and discharge; candidiasis confirmed on microscopy.
Her sister lives with psoriasis.
Owns a bicycle.
Drives a car.
Her wife burned a hand on a stove years ago.
Her friend has a lazy eye.
During a checkup in 2016, free T3 was 3.2 pg/mL.
Photographs local wildlife.
Enjoys board games.
Zinc of 85 mcg/dL in 2022.
During a checkup in 2021, total protein was 7.0 g/dL.
Paints watercolors as a hobby.
Her uncle has recovered from a dislocated finger.
Pupils equal and reactive to light.
Her wife is being treated for angioedema.
Knits as a hobby.
Prefers morning appointments.
Lives in a second-floor apartment.
Tender, swollen lymph nodes in the front of the neck.",,,,
author2,94,rule_v1/test_L2,rule_v1.test.gs139.c2.subject.long.925,subject,long,pres,"For vaginal candidiasis, prescribe oral fluconazole. If the patient currently has tender anterior cervical lymph nodes and the patient has ever had angioedema (current or past), prescribe clotrimazole pessaries instead.",Prescribe oral fluconazole.,Prescribe clotrimazole pessaries.,s,patient: angioedema; absent; current | patient: tender cervical lymph nodes; present; current,"Female patient of 33 years.
Vaginal itching and discharge; candidiasis confirmed on microscopy.
Her uncle has recovered from a dislocated finger.
Knits as a hobby.
Her friend has a lazy eye.
Free of facial or oropharyngeal edema.
Her wife burned a hand on a stove years ago.
Paints watercolors as a hobby.
Tender, swollen lymph nodes in the front of the neck.
Prefers morning appointments.
Zinc of 85 mcg/dL in 2022.
Enjoys board games.
Drives a car.
Owns a bicycle.
Pupils equal and reactive to light.
Lives in a second-floor apartment.
Photographs local wildlife.
Her sister lives with psoriasis.
During a checkup in 2016, free T3 was 3.2 pg/mL.
During a checkup in 2021, total protein was 7.0 g/dL.",,,,
author2,94,rule_v1/test_L2,rule_v1.test.gs139.c2.subject.long.925,subject,long,missing,"For vaginal candidiasis, prescribe oral fluconazole. If the patient currently has tender anterior cervical lymph nodes and the patient has ever had angioedema (current or past), prescribe clotrimazole pessaries instead.",Prescribe oral fluconazole.,Prescribe clotrimazole pessaries.,neither,patient: angioedema; unknown; current | patient: tender cervical lymph nodes; present; current,"Woman of 33 years.
Vaginal itching and discharge; candidiasis confirmed on microscopy.
Her sister lives with psoriasis.
Owns a bicycle.
Drives a car.
Her wife burned a hand on a stove years ago.
Her friend has a lazy eye.
During a checkup in 2016, free T3 was 3.2 pg/mL.
Photographs local wildlife.
Enjoys board games.
Zinc of 85 mcg/dL in 2022.
During a checkup in 2021, total protein was 7.0 g/dL.
Paints watercolors as a hobby.
Her uncle has recovered from a dislocated finger.
Pupils equal and reactive to light.
Angioedema: unknown.
Knits as a hobby.
Prefers morning appointments.
Lives in a second-floor apartment.
Tender, swollen lymph nodes in the front of the neck.",,,,
author2,98,rule_v1/test_L2,rule_v1.test.gs223.c3.boundary.long.458,boundary,long,base,"For contraception, prescribe a combined oral contraceptive. If at least two of the following apply, prescribe a progestin-only pill instead: the patient or a first-degree relative (parent, sibling or child) has had diabetes at any time; the patient or a first-degree relative (parent, sibling or child) has had colorectal cancer at any time; the current blood urea nitrogen is above 19 mg/dL.",Prescribe a combined oral contraceptive.,Prescribe a progestin-only pill.,s,patient: colorectal cancer (patient or first-degree relative); absent; current | patient: blood urea nitrogen = 11; present; current | father: diabetes (patient or first-degree relative); present; current,"Female patient of 31 years.
Requests contraception.
Hemoglobin within the normal range on recent blood tests.
In 2023, lipase was 30 U/L.
Has two cats.
Pupils equal and reactive to light.
Sees a dentist yearly.
Teeth in good repair.
Prefers morning appointments.
Prefers to be addressed by first name.
Lives in a second-floor apartment.
Drives a car.
Knits as a hobby.
Blood urea nitrogen 11 mg/dL on the current labs.
Enjoys board games.
Her roommate burned a hand on a stove years ago.
Her uncle lives with psoriasis.
Owns a bicycle.
Plays the piano.
Her father is diabetic.
Free T4 of 1.2 ng/dL in 2024.",,,,
author2,98,rule_v1/test_L2,rule_v1.test.gs223.c3.boundary.long.458,boundary,long,flip,"For contraception, prescribe a combined oral contraceptive. If at least two of the following apply, prescribe a progestin-only pill instead: the patient or a first-degree relative (parent, sibling or child) has had diabetes at any time; the patient or a first-degree relative (parent, sibling or child) has had colorectal cancer at any time; the current blood urea nitrogen is above 19 mg/dL.",Prescribe a combined oral contraceptive.,Prescribe a progestin-only pill.,s',patient: colorectal cancer (patient or first-degree relative); absent; current | patient: blood urea nitrogen = 25; present; current | father: diabetes (patient or first-degree relative); present; current,"Female patient of 31 years.
Requests contraception.
Hemoglobin within the normal range on recent blood tests.
In 2023, lipase was 30 U/L.
Has two cats.
Pupils equal and reactive to light.
Sees a dentist yearly.
Teeth in good repair.
Prefers morning appointments.
Prefers to be addressed by first name.
Lives in a second-floor apartment.
Drives a car.
Knits as a hobby.
Blood urea nitrogen 25 mg/dL on the current labs.
Enjoys board games.
Her roommate burned a hand on a stove years ago.
Her uncle lives with psoriasis.
Owns a bicycle.
Plays the piano.
Her father is diabetic.
Free T4 of 1.2 ng/dL in 2024.",,,,
author2,98,rule_v1/test_L2,rule_v1.test.gs223.c3.boundary.long.458,boundary,long,near,"For contraception, prescribe a combined oral contraceptive. If at least two of the following apply, prescribe a progestin-only pill instead: the patient or a first-degree relative (parent, sibling or child) has had diabetes at any time; the patient or a first-degree relative (parent, sibling or child) has had colorectal cancer at any time; the current blood urea nitrogen is above 19 mg/dL.",Prescribe a combined oral contraceptive.,Prescribe a progestin-only pill.,s,patient: colorectal cancer (patient or first-degree relative); absent; current | patient: blood urea nitrogen = 19; present; current | father: diabetes (patient or first-degree relative); present; current,"Female patient of 31 years.
Requests contraception.
Hemoglobin within the normal range on recent blood tests.
In 2023, lipase was 30 U/L.
Has two cats.
Pupils equal and reactive to light.
Sees a dentist yearly.
Teeth in good repair.
Prefers morning appointments.
Prefers to be addressed by first name.
Lives in a second-floor apartment.
Drives a car.
Knits as a hobby.
Blood urea nitrogen 19 mg/dL on the current labs.
Enjoys board games.
Her roommate burned a hand on a stove years ago.
Her uncle lives with psoriasis.
Owns a bicycle.
Plays the piano.
Her father is diabetic.
Free T4 of 1.2 ng/dL in 2024.",,,,
author2,98,rule_v1/test_L2,rule_v1.test.gs223.c3.boundary.long.458,boundary,long,pres,"For contraception, prescribe a combined oral contraceptive. If at least two of the following apply, prescribe a progestin-only pill instead: the patient or a first-degree relative (parent, sibling or child) has had diabetes at any time; the patient or a first-degree relative (parent, sibling or child) has had colorectal cancer at any time; the current blood urea nitrogen is above 19 mg/dL.",Prescribe a combined oral contraceptive.,Prescribe a progestin-only pill.,s,patient: colorectal cancer (patient or first-degree relative); absent; current | father: diabetes (patient or first-degree relative); present; current | patient: blood urea nitrogen = 11; present; current,"Woman of 31 years.
Requests contraception.
Lives in a second-floor apartment.
Prefers morning appointments.
Free T4 of 1.2 ng/dL in 2024.
Enjoys board games.
Her uncle lives with psoriasis.
Has two cats.
Hemoglobin within the normal range on recent blood tests.
Sees a dentist yearly.
Drives a car.
Owns a bicycle.
Pupils equal and reactive to light.
Her father is diabetic.
Teeth in good repair.
Blood urea nitrogen now: 11 mg/dL.
In 2023, lipase was 30 U/L.
Knits as a hobby.
Prefers to be addressed by first name.
Her roommate burned a hand on a stove years ago.
Plays the piano.",,,,
author2,98,rule_v1/test_L2,rule_v1.test.gs223.c3.boundary.long.458,boundary,long,missing,"For contraception, prescribe a combined oral contraceptive. If at least two of the following apply, prescribe a progestin-only pill instead: the patient or a first-degree relative (parent, sibling or child) has had diabetes at any time; the patient or a first-degree relative (parent, sibling or child) has had colorectal cancer at any time; the current blood urea nitrogen is above 19 mg/dL.",Prescribe a combined oral contraceptive.,Prescribe a progestin-only pill.,neither,patient: colorectal cancer (patient or first-degree relative); absent; current | father: diabetes (patient or first-degree relative); present; current,"Female patient of 31 years.
Requests contraception.
Hemoglobin within the normal range on recent blood tests.
In 2023, lipase was 30 U/L.
Has two cats.
Pupils equal and reactive to light.
Sees a dentist yearly.
Teeth in good repair.
Prefers morning appointments.
Prefers to be addressed by first name.
Lives in a second-floor apartment.
Drives a car.
Knits as a hobby.
Enjoys board games.
Her roommate burned a hand on a stove years ago.
Her uncle lives with psoriasis.
Owns a bicycle.
Plays the piano.
Her father is diabetic.
Free T4 of 1.2 ng/dL in 2024.",,,,
author2,102,rule_v1/test_L0,rule_v1.test.c3_dronedarone_hf.hf.negation.easy.482,negation,easy,base,"For rhythm control of paroxysmal atrial fibrillation, prescribe dronedarone. If the patient has ever had heart failure (current or past), prescribe amiodarone instead.",Prescribe dronedarone.,Prescribe amiodarone.,s,patient: heart failure at any time; absent; current,"Male patient of 62 years.
Paroxysmal atrial fibrillation with frequent symptomatic episodes; rhythm control chosen.
Heart sounds without a gallop.
Plays the piano.",,,,
author2,102,rule_v1/test_L0,rule_v1.test.c3_dronedarone_hf.hf.negation.easy.482,negation,easy,flip,"For rhythm control of paroxysmal atrial fibrillation, prescribe dronedarone. If the patient has ever had heart failure (current or past), prescribe amiodarone instead.",Prescribe dronedarone.,Prescribe amiodarone.,s',patient: heart failure at any time; present; current,"Male patient of 62 years.
Paroxysmal atrial fibrillation with frequent symptomatic episodes; rhythm control chosen.
Current heart failure with ankle swelling.
Plays the piano.",,,,
author2,102,rule_v1/test_L0,rule_v1.test.c3_dronedarone_hf.hf.negation.easy.482,negation,easy,near,"For rhythm control of paroxysmal atrial fibrillation, prescribe dronedarone. If the patient has ever had heart failure (current or past), prescribe amiodarone instead.",Prescribe dronedarone.,Prescribe amiodarone.,s,patient: heart failure at any time; absent; current,"Male patient of 62 years.
Paroxysmal atrial fibrillation with frequent symptomatic episodes; rhythm control chosen.
Has never had heart failure.
Plays the piano.",,,,
author2,102,rule_v1/test_L0,rule_v1.test.c3_dronedarone_hf.hf.negation.easy.482,negation,easy,pres,"For rhythm control of paroxysmal atrial fibrillation, prescribe dronedarone. If the patient has ever had heart failure (current or past), prescribe amiodarone instead.",Prescribe dronedarone.,Prescribe amiodarone.,s,patient: heart failure at any time; absent; current,"Man of 62 years.
Paroxysmal atrial fibrillation with frequent symptomatic episodes; rhythm control chosen.
Plays the piano.
Heart sounds without a gallop.",,,,
author2,106,rule_v1/test_hard,rule_v1.test.gs137.c1.negation.long.208,negation,long,base,"For hip osteoarthritis pain, prescribe naproxen alone. If the patient has ever had diabetes (current or past) and the current serum creatinine is 1.5 mg/dL or more, prescribe naproxen with omeprazole instead.",Prescribe naproxen alone.,Prescribe naproxen with omeprazole.,s,patient: serum creatinine = 1.7; present; current | patient: diabetes; absent; current,"Male patient of 81 years.
Hip osteoarthritis with pain on walking.
Enjoys board games.
Plays the piano.
Prefers morning appointments.
Has two cats.
His roommate burned a hand on a stove years ago.
His wife sprained a thumb last month.
Prefers to be addressed by first name.
In 2009, folate was 12 ng/mL.
Drives a car.
Uses sunscreen in summer.
Sees a dentist yearly.
During a checkup in 2019, total protein was 7.0 g/dL.
In 2017, lipase was 30 U/L.
Teeth in good repair.
Knits as a hobby.
Current serum creatinine 1.7 mg/dL.
Zinc of 85 mcg/dL in 2010.
HbA1c 5.3% at a routine check.
Pupils equal and reactive to light.
Photographs local wildlife.",,,,
author2,106,rule_v1/test_hard,rule_v1.test.gs137.c1.negation.long.208,negation,long,flip,"For hip osteoarthritis pain, prescribe naproxen alone. If the patient has ever had diabetes (current or past) and the current serum creatinine is 1.5 mg/dL or more, prescribe naproxen with omeprazole instead.",Prescribe naproxen alone.,Prescribe naproxen with omeprazole.,s',patient: serum creatinine = 1.7; present; current | patient: diabetes; present; past,"Male patient of 81 years.
Hip osteoarthritis with pain on walking.
Enjoys board games.
Plays the piano.
Prefers morning appointments.
Has two cats.
His roommate burned a hand on a stove years ago.
His wife sprained a thumb last month.
Prefers to be addressed by first name.
In 2009, folate was 12 ng/mL.
Drives a car.
Uses sunscreen in summer.
Sees a dentist yearly.
During a checkup in 2019, total protein was 7.0 g/dL.
In 2017, lipase was 30 U/L.
Teeth in good repair.
Knits as a hobby.
Current serum creatinine 1.7 mg/dL.
Zinc of 85 mcg/dL in 2010.
Had diabetes years ago that went into remission on a low-calorie diet.
Pupils equal and reactive to light.
Photographs local wildlife.",,,,
author2,106,rule_v1/test_hard,rule_v1.test.gs137.c1.negation.long.208,negation,long,near,"For hip osteoarthritis pain, prescribe naproxen alone. If the patient has ever had diabetes (current or past) and the current serum creatinine is 1.5 mg/dL or more, prescribe naproxen with omeprazole instead.",Prescribe naproxen alone.,Prescribe naproxen with omeprazole.,s,patient: serum creatinine = 1.7; present; current | patient: diabetes; absent; current,"Male patient of 81 years.
Hip osteoarthritis with pain on walking.
Enjoys board games.
Plays the piano.
Prefers morning appointments.
Has two cats.
His roommate burned a hand on a stove years ago.
His wife sprained a thumb last month.
Prefers to be addressed by first name.
In 2009, folate was 12 ng/mL.
Drives a car.
Uses sunscreen in summer.
Sees a dentist yearly.
During a checkup in 2019, total protein was 7.0 g/dL.
In 2017, lipase was 30 U/L.
Teeth in good repair.
Knits as a hobby.
Current serum creatinine 1.7 mg/dL.
Zinc of 85 mcg/dL in 2010.
Never diagnosed with diabetes.
Pupils equal and reactive to light.
Photographs local wildlife.",,,,
author2,106,rule_v1/test_hard,rule_v1.test.gs137.c1.negation.long.208,negation,long,pres,"For hip osteoarthritis pain, prescribe naproxen alone. If the patient has ever had diabetes (current or past) and the current serum creatinine is 1.5 mg/dL or more, prescribe naproxen with omeprazole instead.",Prescribe naproxen alone.,Prescribe naproxen with omeprazole.,s,patient: diabetes; absent; current | patient: serum creatinine = 1.7; present; current,"Man of 81 years.
Hip osteoarthritis with pain on walking.
His wife sprained a thumb last month.
Prefers morning appointments.
Enjoys board games.
Plays the piano.
Teeth in good repair.
His roommate burned a hand on a stove years ago.
In 2009, folate was 12 ng/mL.
Uses sunscreen in summer.
Pupils equal and reactive to light.
HbA1c 5.3% at a routine check.
Sees a dentist yearly.
Prefers to be addressed by first name.
In 2017, lipase was 30 U/L.
Has two cats.
Knits as a hobby.
Drives a car.
Zinc of 85 mcg/dL in 2010.
During a checkup in 2019, total protein was 7.0 g/dL.
Photographs local wildlife.
Latest creatinine result: 1.7 mg/dL.",,,,
author2,110,rule_v1/test_L2,rule_v1.test.cut_bleed.egfr.numeric.long.1595,numeric,long,base,"For dual antiplatelet therapy after a myocardial infarction, prescribe aspirin plus ticagrelor. Score 2 points for a major bleeding event at any time; 1 point for age 75 years or more; 1 point for a current eGFR below 30 mL/min/1.73 m2. If the score is 2 or more, prescribe aspirin plus clopidogrel instead.",Prescribe aspirin plus ticagrelor.,Prescribe aspirin plus clopidogrel.,s,patient: age = 79; present; current | patient: eGFR = 83; present; current | patient: bleeding history; absent; current,"An adult woman.
Recovering on the ward after a myocardial infarction treated with a stent.
Enjoys board games.
Owns a bicycle.
Drives a car.
Her sister has a lazy eye.
Prefers morning appointments.
Currently aged 79 years.
Has two cats.
Zinc of 85 mcg/dL in 2016.
Her friend burned a hand on a stove years ago.
eGFR now 83 mL/min/1.73 m2.
Teeth in good repair.
Plays the piano.
Photographs local wildlife.
During a checkup in 2013, total protein was 7.0 g/dL.
Sleeps seven hours a night.
Pupils equal and reactive to light.
Uses sunscreen in summer.
Knits as a hobby.
Lives in a second-floor apartment.
Paints watercolors as a hobby.
Bowel habit normal, without any blood in the stool.
Sees a dentist yearly.",,,,
author2,110,rule_v1/test_L2,rule_v1.test.cut_bleed.egfr.numeric.long.1595,numeric,long,flip,"For dual antiplatelet therapy after a myocardial infarction, prescribe aspirin plus ticagrelor. Score 2 points for a major bleeding event at any time; 1 point for age 75 years or more; 1 point for a current eGFR below 30 mL/min/1.73 m2. If the score is 2 or more, prescribe aspirin plus clopidogrel instead.",Prescribe aspirin plus ticagrelor.,Prescribe aspirin plus clopidogrel.,s',patient: age = 79; present; current | patient: eGFR = 26; present; current | patient: bleeding history; absent; current,"An adult woman.
Recovering on the ward after a myocardial infarction treated with a stent.
Enjoys board games.
Owns a bicycle.
Drives a car.
Her sister has a lazy eye.
Prefers morning appointments.
Currently aged 79 years.
Has two cats.
Zinc of 85 mcg/dL in 2016.
Her friend burned a hand on a stove years ago.
eGFR now 26 mL/min/1.73 m2.
Teeth in good repair.
Plays the piano.
Photographs local wildlife.
During a checkup in 2013, total protein was 7.0 g/dL.
Sleeps seven hours a night.
Pupils equal and reactive to light.
Uses sunscreen in summer.
Knits as a hobby.
Lives in a second-floor apartment.
Paints watercolors as a hobby.
Bowel habit normal, without any blood in the stool.
Sees a dentist yearly.",,,,
author2,110,rule_v1/test_L2,rule_v1.test.cut_bleed.egfr.numeric.long.1595,numeric,long,near,"For dual antiplatelet therapy after a myocardial infarction, prescribe aspirin plus ticagrelor. Score 2 points for a major bleeding event at any time; 1 point for age 75 years or more; 1 point for a current eGFR below 30 mL/min/1.73 m2. If the score is 2 or more, prescribe aspirin plus clopidogrel instead.",Prescribe aspirin plus ticagrelor.,Prescribe aspirin plus clopidogrel.,s,patient: age = 79; present; current | patient: eGFR = 35; present; current | patient: bleeding history; absent; current,"An adult woman.
Recovering on the ward after a myocardial infarction treated with a stent.
Enjoys board games.
Owns a bicycle.
Drives a car.
Her sister has a lazy eye.
Prefers morning appointments.
Currently aged 79 years.
Has two cats.
Zinc of 85 mcg/dL in 2016.
Her friend burned a hand on a stove years ago.
eGFR now 35 mL/min/1.73 m2.
Teeth in good repair.
Plays the piano.
Photographs local wildlife.
During a checkup in 2013, total protein was 7.0 g/dL.
Sleeps seven hours a night.
Pupils equal and reactive to light.
Uses sunscreen in summer.
Knits as a hobby.
Lives in a second-floor apartment.
Paints watercolors as a hobby.
Bowel habit normal, without any blood in the stool.
Sees a dentist yearly.",,,,
author2,110,rule_v1/test_L2,rule_v1.test.cut_bleed.egfr.numeric.long.1595,numeric,long,pres,"For dual antiplatelet therapy after a myocardial infarction, prescribe aspirin plus ticagrelor. Score 2 points for a major bleeding event at any time; 1 point for age 75 years or more; 1 point for a current eGFR below 30 mL/min/1.73 m2. If the score is 2 or more, prescribe aspirin plus clopidogrel instead.",Prescribe aspirin plus ticagrelor.,Prescribe aspirin plus clopidogrel.,s,patient: age = 79; present; current | patient: eGFR = 83; present; current | patient: bleeding history; absent; current,"Woman, adult.
Recovering on the ward after a myocardial infarction treated with a stent.
Sees a dentist yearly.
During a checkup in 2013, total protein was 7.0 g/dL.
Has two cats.
Enjoys board games.
Owns a bicycle.
Prefers morning appointments.
Knits as a hobby.
Uses sunscreen in summer.
Current age 79 years.
Sleeps seven hours a night.
Pupils equal and reactive to light.
Current eGFR 83 mL/min/1.73 m2.
Teeth in good repair.
Her sister has a lazy eye.
Her friend burned a hand on a stove years ago.
Zinc of 85 mcg/dL in 2016.
Lives in a second-floor apartment.
Bowel habit normal, without any blood in the stool.
Plays the piano.
Drives a car.
Photographs local wildlife.
Paints watercolors as a hobby.",,,,
author2,114,rule_v1/test_L3inv,rule_v1.test.inv018.c1.numeric.long.908,numeric,long,base,"For Delmar fever, prescribe fenrastat. If the current serum potassium is above 4.8 mmol/L, prescribe kivolane instead.",Prescribe fenrastat.,Prescribe kivolane.,s,patient: serum potassium = 4.4; present; current,"Man of 32 years.
Referred with Delmar fever.
His roommate has a lazy eye.
Plays the piano.
Knits as a hobby.
Sleeps seven hours a night.
Uses sunscreen in summer.
His wife sprained a thumb last month.
Prefers to be addressed by first name.
Pupils equal and reactive to light.
Latest potassium result: 4.4 mmol/L.
Prefers morning appointments.
Has two cats.
Sees a dentist yearly.
His sister has recovered from a dislocated finger.
Owns a bicycle.
Teeth in good repair.
Free T4 of 1.2 ng/dL in 2024.
Photographs local wildlife.
Drives a car.
His roommate lives with psoriasis.
Lives in a second-floor apartment.
During a checkup in 2016, total protein was 7.0 g/dL.",,,,
author2,114,rule_v1/test_L3inv,rule_v1.test.inv018.c1.numeric.long.908,numeric,long,flip,"For Delmar fever, prescribe fenrastat. If the current serum potassium is above 4.8 mmol/L, prescribe kivolane instead.",Prescribe fenrastat.,Prescribe kivolane.,s',patient: serum potassium = 5.4; present; current,"Man of 32 years.
Referred with Delmar fever.
His roommate has a lazy eye.
Plays the piano.
Knits as a hobby.
Sleeps seven hours a night.
Uses sunscreen in summer.
His wife sprained a thumb last month.
Prefers to be addressed by first name.
Pupils equal and reactive to light.
Latest potassium result: 5.4 mmol/L.
Prefers morning appointments.
Has two cats.
Sees a dentist yearly.
His sister has recovered from a dislocated finger.
Owns a bicycle.
Teeth in good repair.
Free T4 of 1.2 ng/dL in 2024.
Photographs local wildlife.
Drives a car.
His roommate lives with psoriasis.
Lives in a second-floor apartment.
During a checkup in 2016, total protein was 7.0 g/dL.",,,,
author2,114,rule_v1/test_L3inv,rule_v1.test.inv018.c1.numeric.long.908,numeric,long,near,"For Delmar fever, prescribe fenrastat. If the current serum potassium is above 4.8 mmol/L, prescribe kivolane instead.",Prescribe fenrastat.,Prescribe kivolane.,s,patient: serum potassium = 4.7; present; current,"Man of 32 years.
Referred with Delmar fever.
His roommate has a lazy eye.
Plays the piano.
Knits as a hobby.
Sleeps seven hours a night.
Uses sunscreen in summer.
His wife sprained a thumb last month.
Prefers to be addressed by first name.
Pupils equal and reactive to light.
Latest potassium result: 4.7 mmol/L.
Prefers morning appointments.
Has two cats.
Sees a dentist yearly.
His sister has recovered from a dislocated finger.
Owns a bicycle.
Teeth in good repair.
Free T4 of 1.2 ng/dL in 2024.
Photographs local wildlife.
Drives a car.
His roommate lives with psoriasis.
Lives in a second-floor apartment.
During a checkup in 2016, total protein was 7.0 g/dL.",,,,
author2,114,rule_v1/test_L3inv,rule_v1.test.inv018.c1.numeric.long.908,numeric,long,pres,"For Delmar fever, prescribe fenrastat. If the current serum potassium is above 4.8 mmol/L, prescribe kivolane instead.",Prescribe fenrastat.,Prescribe kivolane.,s,patient: serum potassium = 4.4; present; current,"Male patient of 32 years.
Referred with Delmar fever.
Teeth in good repair.
Knits as a hobby.
His roommate has a lazy eye.
Prefers morning appointments.
Owns a bicycle.
Has two cats.
Pupils equal and reactive to light.
During a checkup in 2016, total protein was 7.0 g/dL.
Drives a car.
His wife sprained a thumb last month.
Photographs local wildlife.
Plays the piano.
His roommate lives with psoriasis.
Prefers to be addressed by first name.
Free T4 of 1.2 ng/dL in 2024.
Sees a dentist yearly.
Uses sunscreen in summer.
Lives in a second-floor apartment.
Current serum potassium 4.4 mmol/L.
His sister has recovered from a dislocated finger.
Sleeps seven hours a night.",,,,
author2,118,rule_v1/test_L1,rule_v1.test.two_throat.temp.time.easy.494,time,easy,base,"For acute sore throat, prescribe ibuprofen. If at least two of the following apply, prescribe penicillin V instead: the current temperature is above 38.0 C; the patient currently has tonsillar exudate; the patient currently has tender anterior cervical lymph nodes.",Prescribe ibuprofen.,Prescribe penicillin V.,s,patient: temperature = 37.3; present; past (2013) | patient: temperature = 37.2; present; current | patient: tender cervical lymph nodes; present; current,"Male patient of 44 years.
Sore throat for two days.
Back in 2013, temperature stood at 37.3 C.
Current temperature 37.2 C.
Anterior cervical lymph nodes enlarged and tender to touch.
Teeth in good repair.
Drives a car.",,,,
author2,118,rule_v1/test_L1,rule_v1.test.two_throat.temp.time.easy.494,time,easy,flip,"For acute sore throat, prescribe ibuprofen. If at least two of the following apply, prescribe penicillin V instead: the current temperature is above 38.0 C; the patient currently has tonsillar exudate; the patient currently has tender anterior cervical lymph nodes.",Prescribe ibuprofen.,Prescribe penicillin V.,s',patient: temperature = 37.3; present; past (2013) | patient: temperature = 38.8; present; current | patient: tender cervical lymph nodes; present; current,"Male patient of 44 years.
Sore throat for two days.
Back in 2013, temperature stood at 37.3 C.
Current temperature 38.8 C.
Anterior cervical lymph nodes enlarged and tender to touch.
Teeth in good repair.
Drives a car.",,,,
author2,118,rule_v1/test_L1,rule_v1.test.two_throat.temp.time.easy.494,time,easy,near,"For acute sore throat, prescribe ibuprofen. If at least two of the following apply, prescribe penicillin V instead: the current temperature is above 38.0 C; the patient currently has tonsillar exudate; the patient currently has tender anterior cervical lymph nodes.",Prescribe ibuprofen.,Prescribe penicillin V.,s,patient: temperature = 38.9; present; past (2013) | patient: temperature = 37.2; present; current | patient: tender cervical lymph nodes; present; current,"Male patient of 44 years.
Sore throat for two days.
Back in 2013, temperature stood at 38.9 C.
Current temperature 37.2 C.
Anterior cervical lymph nodes enlarged and tender to touch.
Teeth in good repair.
Drives a car.",,,,
author2,118,rule_v1/test_L1,rule_v1.test.two_throat.temp.time.easy.494,time,easy,pres,"For acute sore throat, prescribe ibuprofen. If at least two of the following apply, prescribe penicillin V instead: the current temperature is above 38.0 C; the patient currently has tonsillar exudate; the patient currently has tender anterior cervical lymph nodes.",Prescribe ibuprofen.,Prescribe penicillin V.,s,patient: temperature = 37.3; present; past (2013) | patient: temperature = 37.2; present; current | patient: tender cervical lymph nodes; present; current,"Man of 44 years.
Sore throat for two days.
Teeth in good repair.
Records from 2013 list temperature at 37.3 C.
Drives a car.
Temperature now 37.2 C (tympanic).
Anterior cervical lymph nodes enlarged and tender to touch.",,,,
author2,122,rule_v1/test_L2,rule_v1.test.gs209.c2.negation.long.1389,negation,long,base,"For vaginal candidiasis, prescribe oral fluconazole. If at least two of the following apply, prescribe clotrimazole pessaries instead: the age of the patient is 70 years or more; the patient has ever had a peptic ulcer (current or past); the current heart rate is above 90/min.",Prescribe oral fluconazole.,Prescribe clotrimazole pessaries.,s,patient: peptic ulcer at any time; absent; current | patient: heart rate = 68; present; current | patient: age = 77; present; current,"An adult woman.
Vaginal itching and discharge; candidiasis confirmed on microscopy.
Prefers to be addressed by first name.
Her sister has a lazy eye.
Pupils equal and reactive to light.
Owns a bicycle.
Free T4 of 1.2 ng/dL in 2011.
Sees a dentist yearly.
Lives in a second-floor apartment.
Knits as a hobby.
During a checkup in 2017, free T3 was 3.2 pg/mL.
Appetite good; no indigestion.
Zinc of 85 mcg/dL in 2011.
Heart rate now 68/min on a pulse check.
Sleeps seven hours a night.
Currently aged 77 years.
Her wife lives with psoriasis.
Uses sunscreen in summer.
Photographs local wildlife.
Her sister wears contact lenses.
Has two cats.
Drives a car.
Enjoys board games.
Her sister burned a hand on a stove years ago.",,,,
author2,122,rule_v1/test_L2,rule_v1.test.gs209.c2.negation.long.1389,negation,long,flip,"For vaginal candidiasis, prescribe oral fluconazole. If at least two of the following apply, prescribe clotrimazole pessaries instead: the age of the patient is 70 years or more; the patient has ever had a peptic ulcer (current or past); the current heart rate is above 90/min.",Prescribe oral fluconazole.,Prescribe clotrimazole pessaries.,s',patient: peptic ulcer at any time; present; past (2023) | patient: heart rate = 68; present; current | patient: age = 77; present; current,"An adult woman.
Vaginal itching and discharge; candidiasis confirmed on microscopy.
Prefers to be addressed by first name.
Her sister has a lazy eye.
Pupils equal and reactive to light.
Owns a bicycle.
Free T4 of 1.2 ng/dL in 2011.
Sees a dentist yearly.
Lives in a second-floor apartment.
Knits as a hobby.
During a checkup in 2017, free T3 was 3.2 pg/mL.
Formerly treated for a peptic ulcer; endoscopy in 2023 showed it had gone.
Zinc of 85 mcg/dL in 2011.
Heart rate now 68/min on a pulse check.
Sleeps seven hours a night.
Currently aged 77 years.
Her wife lives with psoriasis.
Uses sunscreen in summer.
Photographs local wildlife.
Her sister wears contact lenses.
Has two cats.
Drives a car.
Enjoys board games.
Her sister burned a hand on a stove years ago.",,,,
author2,122,rule_v1/test_L2,rule_v1.test.gs209.c2.negation.long.1389,negation,long,near,"For vaginal candidiasis, prescribe oral fluconazole. If at least two of the following apply, prescribe clotrimazole pessaries instead: the age of the patient is 70 years or more; the patient has ever had a peptic ulcer (current or past); the current heart rate is above 90/min.",Prescribe oral fluconazole.,Prescribe clotrimazole pessaries.,s,patient: peptic ulcer at any time; absent; current | patient: heart rate = 68; present; current | patient: age = 77; present; current,"An adult woman.
Vaginal itching and discharge; candidiasis confirmed on microscopy.
Prefers to be addressed by first name.
Her sister has a lazy eye.
Pupils equal and reactive to light.
Owns a bicycle.
Free T4 of 1.2 ng/dL in 2011.
Sees a dentist yearly.
Lives in a second-floor apartment.
Knits as a hobby.
During a checkup in 2017, free T3 was 3.2 pg/mL.
Has never had a peptic ulcer.
Zinc of 85 mcg/dL in 2011.
Heart rate now 68/min on a pulse check.
Sleeps seven hours a night.
Currently aged 77 years.
Her wife lives with psoriasis.
Uses sunscreen in summer.
Photographs local wildlife.
Her sister wears contact lenses.
Has two cats.
Drives a car.
Enjoys board games.
Her sister burned a hand on a stove years ago.",,,,
author2,122,rule_v1/test_L2,rule_v1.test.gs209.c2.negation.long.1389,negation,long,pres,"For vaginal candidiasis, prescribe oral fluconazole. If at least two of the following apply, prescribe clotrimazole pessaries instead: the age of the patient is 70 years or more; the patient has ever had a peptic ulcer (current or past); the current heart rate is above 90/min.",Prescribe oral fluconazole.,Prescribe clotrimazole pessaries.,s,patient: peptic ulcer at any time; absent; current | patient: heart rate = 68; present; current | patient: age = 77; present; current,"Woman, adult.
Vaginal itching and discharge; candidiasis confirmed on microscopy.
Prefers to be addressed by first name.
Lives in a second-floor apartment.
Her sister has a lazy eye.
Drives a car.
Zinc of 85 mcg/dL in 2011.
Free T4 of 1.2 ng/dL in 2011.
Uses sunscreen in summer.
Knits as a hobby.
Appetite good; no indigestion.
Her wife lives with psoriasis.
Enjoys board games.
Has two cats.
Current heart rate 68/min.
Pupils equal and reactive to light.
During a checkup in 2017, free T3 was 3.2 pg/mL.
Current age 77 years.
Sleeps seven hours a night.
Sees a dentist yearly.
Photographs local wildlife.
Owns a bicycle.
Her sister burned a hand on a stove years ago.
Her sister wears contact lenses.",,,,
author2,126,rule_v1/test_L2,rule_v1.test.gs197.c1.negation.long.390,negation,long,base,"For thromboprophylaxis after hip replacement, prescribe enoxaparin. If the patient has ever had a myocardial infarction or peripheral artery disease (current or past) and the current systolic blood pressure is 90 mmHg or less, prescribe fondaparinux instead.",Prescribe enoxaparin.,Prescribe fondaparinux.,s,patient: systolic blood pressure = 86; present; current | patient: myocardial infarction or peripheral artery disease; absent; current,"Man of 71 years.
First day after elective total hip replacement.
Sleeps seven hours a night.
Prefers to be addressed by first name.
During a checkup in 2005, free T3 was 3.2 pg/mL.
Plays the piano.
His roommate has a lazy eye.
His friend has recovered from a dislocated finger.
Knits as a hobby.
In 2012, folate was 12 ng/mL.
Owns a bicycle.
Enjoys board games.
Paints watercolors as a hobby.
Prefers morning appointments.
His sister lives with psoriasis.
Has two cats.
Pupils equal and reactive to light.
Sees a dentist yearly.
Observations now: blood pressure 86/62 mmHg.
Walks without calf pain.
His wife sprained a thumb last month.
Drives a car.",,,,
author2,126,rule_v1/test_L2,rule_v1.test.gs197.c1.negation.long.390,negation,long,flip,"For thromboprophylaxis after hip replacement, prescribe enoxaparin. If the patient has ever had a myocardial infarction or peripheral artery disease (current or past) and the current systolic blood pressure is 90 mmHg or less, prescribe fondaparinux instead.",Prescribe enoxaparin.,Prescribe fondaparinux.,s',patient: systolic blood pressure = 86; present; current | patient: myocardial infarction or peripheral artery disease; present; current,"Man of 71 years.
First day after elective total hip replacement.
Sleeps seven hours a night.
Prefers to be addressed by first name.
During a checkup in 2005, free T3 was 3.2 pg/mL.
Plays the piano.
His roommate has a lazy eye.
His friend has recovered from a dislocated finger.
Knits as a hobby.
In 2012, folate was 12 ng/mL.
Owns a bicycle.
Enjoys board games.
Paints watercolors as a hobby.
Prefers morning appointments.
His sister lives with psoriasis.
Has two cats.
Pupils equal and reactive to light.
Sees a dentist yearly.
Observations now: blood pressure 86/62 mmHg.
Lives with peripheral artery disease affecting the left leg.
His wife sprained a thumb last month.
Drives a car.",,,,
author2,126,rule_v1/test_L2,rule_v1.test.gs197.c1.negation.long.390,negation,long,near,"For thromboprophylaxis after hip replacement, prescribe enoxaparin. If the patient has ever had a myocardial infarction or peripheral artery disease (current or past) and the current systolic blood pressure is 90 mmHg or less, prescribe fondaparinux instead.",Prescribe enoxaparin.,Prescribe fondaparinux.,s,patient: systolic blood pressure = 86; present; current | patient: myocardial infarction or peripheral artery disease; absent; current,"Man of 71 years.
First day after elective total hip replacement.
Sleeps seven hours a night.
Prefers to be addressed by first name.
During a checkup in 2005, free T3 was 3.2 pg/mL.
Plays the piano.
His roommate has a lazy eye.
His friend has recovered from a dislocated finger.
Knits as a hobby.
In 2012, folate was 12 ng/mL.
Owns a bicycle.
Enjoys board games.
Paints watercolors as a hobby.
Prefers morning appointments.
His sister lives with psoriasis.
Has two cats.
Pupils equal and reactive to light.
Sees a dentist yearly.
Observations now: blood pressure 86/62 mmHg.
Has never had a heart attack or peripheral artery disease.
His wife sprained a thumb last month.
Drives a car.",,,,
author2,126,rule_v1/test_L2,rule_v1.test.gs197.c1.negation.long.390,negation,long,pres,"For thromboprophylaxis after hip replacement, prescribe enoxaparin. If the patient has ever had a myocardial infarction or peripheral artery disease (current or past) and the current systolic blood pressure is 90 mmHg or less, prescribe fondaparinux instead.",Prescribe enoxaparin.,Prescribe fondaparinux.,s,patient: systolic blood pressure = 86; present; current | patient: myocardial infarction or peripheral artery disease; absent; current,"Male patient of 71 years.
First day after elective total hip replacement.
His friend has recovered from a dislocated finger.
Knits as a hobby.
Enjoys board games.
His sister lives with psoriasis.
Has two cats.
Sees a dentist yearly.
Sleeps seven hours a night.
Prefers morning appointments.
Current systolic blood pressure 86 mmHg.
Paints watercolors as a hobby.
Pupils equal and reactive to light.
Drives a car.
Plays the piano.
Owns a bicycle.
During a checkup in 2005, free T3 was 3.2 pg/mL.
Prefers to be addressed by first name.
In 2012, folate was 12 ng/mL.
Walks without calf pain.
His roommate has a lazy eye.
His wife sprained a thumb last month.",,,,
author2,126,rule_v1/test_L2,rule_v1.test.gs197.c1.negation.long.390,negation,long,missing,"For thromboprophylaxis after hip replacement, prescribe enoxaparin. If the patient has ever had a myocardial infarction or peripheral artery disease (current or past) and the current systolic blood pressure is 90 mmHg or less, prescribe fondaparinux instead.",Prescribe enoxaparin.,Prescribe fondaparinux.,neither,patient: systolic blood pressure = 86; present; current | patient: myocardial infarction or peripheral artery disease; unknown; current,"Man of 71 years.
First day after elective total hip replacement.
Sleeps seven hours a night.
Prefers to be addressed by first name.
During a checkup in 2005, free T3 was 3.2 pg/mL.
Plays the piano.
His roommate has a lazy eye.
His friend has recovered from a dislocated finger.
Knits as a hobby.
In 2012, folate was 12 ng/mL.
Owns a bicycle.
Enjoys board games.
Paints watercolors as a hobby.
Prefers morning appointments.
His sister lives with psoriasis.
Has two cats.
Pupils equal and reactive to light.
Sees a dentist yearly.
Observations now: blood pressure 86/62 mmHg.
Myocardial infarction or peripheral artery disease: unknown.
His wife sprained a thumb last month.
Drives a car.",,,,
author2,130,rule_v1/test_hard,rule_v1.test.gs140.c3.boundary.long.770,boundary,long,base,"For primary prevention, prescribe atorvastatin. Score 2 points if the patient has ever had a venous thromboembolism (current or past); 1 point if the patient or a first-degree relative (parent, sibling or child) has had colorectal cancer at any time; 2 points if the current temperature is above 38.0 C. If the score is 3 or more, prescribe ezetimibe instead.",Prescribe atorvastatin.,Prescribe ezetimibe.,s,patient: venous thromboembolism; absent; current | patient: temperature = 36.4; present; current | patient: colorectal cancer (patient or first-degree relative); present; past (2014),"Woman of 58 years.
Primary prevention; LDL cholesterol 182 mg/dL.
Knits as a hobby.
Zinc of 85 mcg/dL in 2007.
Paints watercolors as a hobby.
Has two cats.
Prefers morning appointments.
Sleeps seven hours a night.
Her friend has a lazy eye.
Sees a dentist yearly.
During a checkup in 2022, free T3 was 3.2 pg/mL.
Varicose veins: none seen.
Current temperature 36.4 C.
Drives a car.
Formerly had colon cancer; recovered fully after an operation in 2014.
In 2006, lipase was 30 U/L.
Owns a bicycle.
Photographs local wildlife.
Teeth in good repair.
Her roommate lives with psoriasis.",,,,
author2,130,rule_v1/test_hard,rule_v1.test.gs140.c3.boundary.long.770,boundary,long,flip,"For primary prevention, prescribe atorvastatin. Score 2 points if the patient has ever had a venous thromboembolism (current or past); 1 point if the patient or a first-degree relative (parent, sibling or child) has had colorectal cancer at any time; 2 points if the current temperature is above 38.0 C. If the score is 3 or more, prescribe ezetimibe instead.",Prescribe atorvastatin.,Prescribe ezetimibe.,s',patient: venous thromboembolism; absent; current | patient: temperature = 38.6; present; current | patient: colorectal cancer (patient or first-degree relative); present; past (2014),"Woman of 58 years.
Primary prevention; LDL cholesterol 182 mg/dL.
Knits as a hobby.
Zinc of 85 mcg/dL in 2007.
Paints watercolors as a hobby.
Has two cats.
Prefers morning appointments.
Sleeps seven hours a night.
Her friend has a lazy eye.
Sees a dentist yearly.
During a checkup in 2022, free T3 was 3.2 pg/mL.
Varicose veins: none seen.
Current temperature 38.6 C.
Drives a car.
Formerly had colon cancer; recovered fully after an operation in 2014.
In 2006, lipase was 30 U/L.
Owns a bicycle.
Photographs local wildlife.
Teeth in good repair.
Her roommate lives with psoriasis.",,,,
author2,130,rule_v1/test_hard,rule_v1.test.gs140.c3.boundary.long.770,boundary,long,near,"For primary prevention, prescribe atorvastatin. Score 2 points if the patient has ever had a venous thromboembolism (current or past); 1 point if the patient or a first-degree relative (parent, sibling or child) has had colorectal cancer at any time; 2 points if the current temperature is above 38.0 C. If the score is 3 or more, prescribe ezetimibe instead.",Prescribe atorvastatin.,Prescribe ezetimibe.,s,patient: venous thromboembolism; absent; current | patient: temperature = 38.0; present; current | patient: colorectal cancer (patient or first-degree relative); present; past (2014),"Woman of 58 years.
Primary prevention; LDL cholesterol 182 mg/dL.
Knits as a hobby.
Zinc of 85 mcg/dL in 2007.
Paints watercolors as a hobby.
Has two cats.
Prefers morning appointments.
Sleeps seven hours a night.
Her friend has a lazy eye.
Sees a dentist yearly.
During a checkup in 2022, free T3 was 3.2 pg/mL.
Varicose veins: none seen.
Current temperature 38.0 C.
Drives a car.
Formerly had colon cancer; recovered fully after an operation in 2014.
In 2006, lipase was 30 U/L.
Owns a bicycle.
Photographs local wildlife.
Teeth in good repair.
Her roommate lives with psoriasis.",,,,
author2,130,rule_v1/test_hard,rule_v1.test.gs140.c3.boundary.long.770,boundary,long,pres,"For primary prevention, prescribe atorvastatin. Score 2 points if the patient has ever had a venous thromboembolism (current or past); 1 point if the patient or a first-degree relative (parent, sibling or child) has had colorectal cancer at any time; 2 points if the current temperature is above 38.0 C. If the score is 3 or more, prescribe ezetimibe instead.",Prescribe atorvastatin.,Prescribe ezetimibe.,s,patient: colorectal cancer (patient or first-degree relative); present; past (2014) | patient: temperature = 36.4; present; current | patient: venous thromboembolism; absent; current,"Female patient of 58 years.
Primary prevention; LDL cholesterol 182 mg/dL.
Knits as a hobby.
Her roommate lives with psoriasis.
During a checkup in 2022, free T3 was 3.2 pg/mL.
Zinc of 85 mcg/dL in 2007.
In 2006, lipase was 30 U/L.
Formerly had colon cancer; recovered fully after an operation in 2014.
Prefers morning appointments.
Temperature now 36.4 C (tympanic).
Has two cats.
Paints watercolors as a hobby.
Her friend has a lazy eye.
Drives a car.
Teeth in good repair.
Photographs local wildlife.
Varicose veins: none seen.
Sees a dentist yearly.
Owns a bicycle.
Sleeps seven hours a night.",,,,
author2,134,rule_v1/test_L2,rule_v1.test.gs123.c3.boundary.easy.666,boundary,easy,base,"For vaginal candidiasis, prescribe oral fluconazole. If at least two of the following apply, prescribe clotrimazole pessaries instead: the patient is currently taking aspirin; the patient or a first-degree relative (parent, sibling or child) has had diabetes at any time; the current serum potassium is above 5.0 mmol/L.",Prescribe oral fluconazole.,Prescribe clotrimazole pessaries.,s,patient: aspirin use; present; current | patient: serum potassium = 4.0; present; current | patient: diabetes (patient or first-degree relative); absent; current,"Woman of 46 years.
Vaginal itching and discharge; candidiasis confirmed on microscopy.
Swallows one low-dose aspirin each night.
Latest potassium result: 4.0 mmol/L.
Random glucose 92 mg/dL.
Pupils equal and reactive to light.",,,,
author2,134,rule_v1/test_L2,rule_v1.test.gs123.c3.boundary.easy.666,boundary,easy,flip,"For vaginal candidiasis, prescribe oral fluconazole. If at least two of the following apply, prescribe clotrimazole pessaries instead: the patient is currently taking aspirin; the patient or a first-degree relative (parent, sibling or child) has had diabetes at any time; the current serum potassium is above 5.0 mmol/L.",Prescribe oral fluconazole.,Prescribe clotrimazole pessaries.,s',patient: aspirin use; present; current | patient: serum potassium = 5.3; present; current | patient: diabetes (patient or first-degree relative); absent; current,"Woman of 46 years.
Vaginal itching and discharge; candidiasis confirmed on microscopy.
Swallows one low-dose aspirin each night.
Latest potassium result: 5.3 mmol/L.
Random glucose 92 mg/dL.
Pupils equal and reactive to light.",,,,
author2,134,rule_v1/test_L2,rule_v1.test.gs123.c3.boundary.easy.666,boundary,easy,near,"For vaginal candidiasis, prescribe oral fluconazole. If at least two of the following apply, prescribe clotrimazole pessaries instead: the patient is currently taking aspirin; the patient or a first-degree relative (parent, sibling or child) has had diabetes at any time; the current serum potassium is above 5.0 mmol/L.",Prescribe oral fluconazole.,Prescribe clotrimazole pessaries.,s,patient: aspirin use; present; current | patient: serum potassium = 5.0; present; current | patient: diabetes (patient or first-degree relative); absent; current,"Woman of 46 years.
Vaginal itching and discharge; candidiasis confirmed on microscopy.
Swallows one low-dose aspirin each night.
Latest potassium result: 5.0 mmol/L.
Random glucose 92 mg/dL.
Pupils equal and reactive to light.",,,,
author2,134,rule_v1/test_L2,rule_v1.test.gs123.c3.boundary.easy.666,boundary,easy,pres,"For vaginal candidiasis, prescribe oral fluconazole. If at least two of the following apply, prescribe clotrimazole pessaries instead: the patient is currently taking aspirin; the patient or a first-degree relative (parent, sibling or child) has had diabetes at any time; the current serum potassium is above 5.0 mmol/L.",Prescribe oral fluconazole.,Prescribe clotrimazole pessaries.,s,patient: aspirin use; present; current | patient: diabetes (patient or first-degree relative); absent; current | patient: serum potassium = 4.0; present; current,"Female patient of 46 years.
Vaginal itching and discharge; candidiasis confirmed on microscopy.
Swallows one low-dose aspirin each night.
Pupils equal and reactive to light.
Random glucose 92 mg/dL.
Current serum potassium 4.0 mmol/L.",,,,
author2,134,rule_v1/test_L2,rule_v1.test.gs123.c3.boundary.easy.666,boundary,easy,missing,"For vaginal candidiasis, prescribe oral fluconazole. If at least two of the following apply, prescribe clotrimazole pessaries instead: the patient is currently taking aspirin; the patient or a first-degree relative (parent, sibling or child) has had diabetes at any time; the current serum potassium is above 5.0 mmol/L.",Prescribe oral fluconazole.,Prescribe clotrimazole pessaries.,neither,patient: aspirin use; present; current | patient: diabetes (patient or first-degree relative); absent; current,"Woman of 46 years.
Vaginal itching and discharge; candidiasis confirmed on microscopy.
Swallows one low-dose aspirin each night.
Random glucose 92 mg/dL.
Pupils equal and reactive to light.",,,,
author2,138,rule_v1/test_L2,rule_v1.test.gs010.c3.time.superseded.892,time,superseded,base,"For stroke prevention in atrial fibrillation, prescribe apixaban. Score 3 points if the patient has ever had coronary artery disease (current or past); 3 points if the patient or a first-degree relative (parent, sibling or child) has had colorectal cancer at any time; 2 points if the current white cell count is above 12.0 x10^9/L. If the score is 7 or more, prescribe warfarin instead.",Prescribe apixaban.,Prescribe warfarin.,s,patient: white cell count = 10.5; present; current | patient: colorectal cancer (patient or first-degree relative); present; past (2007) | patient: white cell count = 9.1; present; past | patient: coronary artery disease; present; current,"Female patient of 48 years.
Atrial fibrillation; anticoagulation indicated.
Current white cell count 10.5 x10^9/L.
Photographs local wildlife.
Knits as a hobby.
Teeth in good repair.
Formerly had colon cancer; recovered fully after an operation in 2007.
Prefers morning appointments.
Last month, white cell count was 9.1 x10^9/L; the newest measurement replaces it.
Known coronary artery disease (two-vessel disease on angiography).",,,,
author2,138,rule_v1/test_L2,rule_v1.test.gs010.c3.time.superseded.892,time,superseded,flip,"For stroke prevention in atrial fibrillation, prescribe apixaban. Score 3 points if the patient has ever had coronary artery disease (current or past); 3 points if the patient or a first-degree relative (parent, sibling or child) has had colorectal cancer at any time; 2 points if the current white cell count is above 12.0 x10^9/L. If the score is 7 or more, prescribe warfarin instead.",Prescribe apixaban.,Prescribe warfarin.,s',patient: white cell count = 13.2; present; current | patient: colorectal cancer (patient or first-degree relative); present; past (2007) | patient: white cell count = 9.1; present; past | patient: coronary artery disease; present; current,"Female patient of 48 years.
Atrial fibrillation; anticoagulation indicated.
Current white cell count 13.2 x10^9/L.
Photographs local wildlife.
Knits as a hobby.
Teeth in good repair.
Formerly had colon cancer; recovered fully after an operation in 2007.
Prefers morning appointments.
Last month, white cell count was 9.1 x10^9/L; the newest measurement replaces it.
Known coronary artery disease (two-vessel disease on angiography).",,,,
author2,138,rule_v1/test_L2,rule_v1.test.gs010.c3.time.superseded.892,time,superseded,near,"For stroke prevention in atrial fibrillation, prescribe apixaban. Score 3 points if the patient has ever had coronary artery disease (current or past); 3 points if the patient or a first-degree relative (parent, sibling or child) has had colorectal cancer at any time; 2 points if the current white cell count is above 12.0 x10^9/L. If the score is 7 or more, prescribe warfarin instead.",Prescribe apixaban.,Prescribe warfarin.,s,patient: white cell count = 10.5; present; current | patient: colorectal cancer (patient or first-degree relative); present; past (2007) | patient: white cell count = 13.5; present; past | patient: coronary artery disease; present; current,"Female patient of 48 years.
Atrial fibrillation; anticoagulation indicated.
Current white cell count 10.5 x10^9/L.
Photographs local wildlife.
Knits as a hobby.
Teeth in good repair.
Formerly had colon cancer; recovered fully after an operation in 2007.
Prefers morning appointments.
Last month, white cell count was 13.5 x10^9/L; the newest measurement replaces it.
Known coronary artery disease (two-vessel disease on angiography).",,,,
author2,138,rule_v1/test_L2,rule_v1.test.gs010.c3.time.superseded.892,time,superseded,pres,"For stroke prevention in atrial fibrillation, prescribe apixaban. Score 3 points if the patient has ever had coronary artery disease (current or past); 3 points if the patient or a first-degree relative (parent, sibling or child) has had colorectal cancer at any time; 2 points if the current white cell count is above 12.0 x10^9/L. If the score is 7 or more, prescribe warfarin instead.",Prescribe apixaban.,Prescribe warfarin.,s,patient: colorectal cancer (patient or first-degree relative); present; past (2007) | patient: coronary artery disease; present; current | patient: white cell count = 10.5; present; current | patient: white cell count = 9.1; present; past,"Woman of 48 years.
Atrial fibrillation; anticoagulation indicated.
Formerly had colon cancer; recovered fully after an operation in 2007.
Knits as a hobby.
Known coronary artery disease (two-vessel disease on angiography).
Teeth in good repair.
Latest WBC is 10.5 x10^9/L.
Last month, white cell count was 9.1 x10^9/L; the newest measurement replaces it.
Photographs local wildlife.
Prefers morning appointments.",,,,
author2,138,rule_v1/test_L2,rule_v1.test.gs010.c3.time.superseded.892,time,superseded,missing,"For stroke prevention in atrial fibrillation, prescribe apixaban. Score 3 points if the patient has ever had coronary artery disease (current or past); 3 points if the patient or a first-degree relative (parent, sibling or child) has had colorectal cancer at any time; 2 points if the current white cell count is above 12.0 x10^9/L. If the score is 7 or more, prescribe warfarin instead.",Prescribe apixaban.,Prescribe warfarin.,neither,patient: colorectal cancer (patient or first-degree relative); present; past (2007) | patient: coronary artery disease; present; current,"Female patient of 48 years.
Atrial fibrillation; anticoagulation indicated.
Photographs local wildlife.
Knits as a hobby.
Teeth in good repair.
Formerly had colon cancer; recovered fully after an operation in 2007.
Prefers morning appointments.
Known coronary artery disease (two-vessel disease on angiography).",,,,
author2,142,rule_v1/test_hard,rule_v1.test.gs188.c2.time.long.840,time,long,base,"For cellulitis of the lower leg, prescribe cephalexin. If at least two of the following apply, prescribe clindamycin instead: the patient has ever had a peptic ulcer (current or past); the current ALT is above 120 U/L; the patient has ever had a venous thromboembolism (current or past).",Prescribe cephalexin.,Prescribe clindamycin.,s,patient: venous thromboembolism; absent; current | patient: ALT = 32; present; past (2024) | patient: peptic ulcer at any time; present; past | patient: ALT = 26; present; current,"Man of 42 years.
Spreading redness and warmth of the right shin for two days.
Varicose veins: none seen.
Owns a bicycle.
Has two cats.
Paints watercolors as a hobby.
His roommate burned a hand on a stove years ago.
Drives a car.
Photographs local wildlife.
Free T4 of 1.2 ng/dL in 2022.
Knits as a hobby.
In 2006, lipase was 30 U/L.
Back in 2024, ALT stood at 32 U/L.
Prefers to be addressed by first name.
His friend has a lazy eye.
Zinc of 85 mcg/dL in 2009.
Duodenal ulcer years ago; recovered fully with treatment.
Prefers morning appointments.
His wife lives with psoriasis.
Current ALT 26 U/L.
His roommate wears contact lenses.
Teeth in good repair.
Plays the piano.
During a checkup in 2006, total protein was 7.0 g/dL.
Lives in a second-floor apartment.",,,,
author2,142,rule_v1/test_hard,rule_v1.test.gs188.c2.time.long.840,time,long,flip,"For cellulitis of the lower leg, prescribe cephalexin. If at least two of the following apply, prescribe clindamycin instead: the patient has ever had a peptic ulcer (current or past); the current ALT is above 120 U/L; the patient has ever had a venous thromboembolism (current or past).",Prescribe cephalexin.,Prescribe clindamycin.,s',patient: venous thromboembolism; absent; current | patient: ALT = 32; present; past (2024) | patient: peptic ulcer at any time; present; past | patient: ALT = 141; present; current,"Man of 42 years.
Spreading redness and warmth of the right shin for two days.
Varicose veins: none seen.
Owns a bicycle.
Has two cats.
Paints watercolors as a hobby.
His roommate burned a hand on a stove years ago.
Drives a car.
Photographs local wildlife.
Free T4 of 1.2 ng/dL in 2022.
Knits as a hobby.
In 2006, lipase was 30 U/L.
Back in 2024, ALT stood at 32 U/L.
Prefers to be addressed by first name.
His friend has a lazy eye.
Zinc of 85 mcg/dL in 2009.
Duodenal ulcer years ago; recovered fully with treatment.
Prefers morning appointments.
His wife lives with psoriasis.
Current ALT 141 U/L.
His roommate wears contact lenses.
Teeth in good repair.
Plays the piano.
During a checkup in 2006, total protein was 7.0 g/dL.
Lives in a second-floor apartment.",,,,
author2,142,rule_v1/test_hard,rule_v1.test.gs188.c2.time.long.840,time,long,near,"For cellulitis of the lower leg, prescribe cephalexin. If at least two of the following apply, prescribe clindamycin instead: the patient has ever had a peptic ulcer (current or past); the current ALT is above 120 U/L; the patient has ever had a venous thromboembolism (current or past).",Prescribe cephalexin.,Prescribe clindamycin.,s,patient: venous thromboembolism; absent; current | patient: ALT = 137; present; past (2024) | patient: peptic ulcer at any time; present; past | patient: ALT = 26; present; current,"Man of 42 years.
Spreading redness and warmth of the right shin for two days.
Varicose veins: none seen.
Owns a bicycle.
Has two cats.
Paints watercolors as a hobby.
His roommate burned a hand on a stove years ago.
Drives a car.
Photographs local wildlife.
Free T4 of 1.2 ng/dL in 2022.
Knits as a hobby.
In 2006, lipase was 30 U/L.
Back in 2024, ALT stood at 137 U/L.
Prefers to be addressed by first name.
His friend has a lazy eye.
Zinc of 85 mcg/dL in 2009.
Duodenal ulcer years ago; recovered fully with treatment.
Prefers morning appointments.
His wife lives with psoriasis.
Current ALT 26 U/L.
His roommate wears contact lenses.
Teeth in good repair.
Plays the piano.
During a checkup in 2006, total protein was 7.0 g/dL.
Lives in a second-floor apartment.",,,,
author2,142,rule_v1/test_hard,rule_v1.test.gs188.c2.time.long.840,time,long,pres,"For cellulitis of the lower leg, prescribe cephalexin. If at least two of the following apply, prescribe clindamycin instead: the patient has ever had a peptic ulcer (current or past); the current ALT is above 120 U/L; the patient has ever had a venous thromboembolism (current or past).",Prescribe cephalexin.,Prescribe clindamycin.,s,patient: ALT = 32; present; past (2024) | patient: peptic ulcer at any time; present; past | patient: venous thromboembolism; absent; current | patient: ALT = 26; present; current,"Male patient of 42 years.
Spreading redness and warmth of the right shin for two days.
Lives in a second-floor apartment.
Prefers to be addressed by first name.
Has two cats.
Records from 2024 list ALT at 32 U/L.
Teeth in good repair.
Drives a car.
Owns a bicycle.
His roommate burned a hand on a stove years ago.
His friend has a lazy eye.
Duodenal ulcer years ago; recovered fully with treatment.
Free T4 of 1.2 ng/dL in 2022.
Prefers morning appointments.
Plays the piano.
Paints watercolors as a hobby.
Varicose veins: none seen.
Zinc of 85 mcg/dL in 2009.
In 2006, lipase was 30 U/L.
His wife lives with psoriasis.
During a checkup in 2006, total protein was 7.0 g/dL.
ALT now 26 U/L.
His roommate wears contact lenses.
Photographs local wildlife.
Knits as a hobby.",,,,
author2,146,rule_v1/test_hard,rule_v1.test.s1_spesi.hr.numeric.long.645,numeric,long,base,"Simplified Pulmonary Embolism Severity Index (as used here, partial): 1 point each for active cancer; a current heart rate of 110/min or more; a current systolic blood pressure below 100 mmHg; a current oxygen saturation below 90%; an age above 80 years. Other items of the index are not part of this question.",The heart rate criterion contributes 0 points.,The heart rate criterion contributes 1 point.,s,patient: oxygen saturation = 95; present; current | patient: age = 72; present; current | patient: systolic blood pressure = 140; present; current | patient: heart rate = 61; present; current | patient: active cancer; absent; current,"Man, adult.
Acute pulmonary embolism confirmed on CT pulmonary angiography.
Prefers morning appointments.
During a checkup in 2024, free T3 was 3.2 pg/mL.
Prefers to be addressed by first name.
Latest oxygen saturation reading: 95%.
His sister has recovered from a dislocated finger.
His friend lives with psoriasis.
Free T4 of 1.2 ng/dL in 2014.
Currently aged 72 years.
His wife wears contact lenses.
Enjoys board games.
His roommate sprained a thumb last month.
Has two cats.
Lives in a second-floor apartment.
Observations now: blood pressure 140/92 mmHg.
Photographs local wildlife.
Paints watercolors as a hobby.
In 2009, lipase was 30 U/L.
Heart rate now 61/min on a pulse check.
Sees a dentist yearly.
Oncology follow-up: none.",,,,
author2,146,rule_v1/test_hard,rule_v1.test.s1_spesi.hr.numeric.long.645,numeric,long,flip,"Simplified Pulmonary Embolism Severity Index (as used here, partial): 1 point each for active cancer; a current heart rate of 110/min or more; a current systolic blood pressure below 100 mmHg; a current oxygen saturation below 90%; an age above 80 years. Other items of the index are not part of this question.",The heart rate criterion contributes 0 points.,The heart rate criterion contributes 1 point.,s',patient: oxygen saturation = 95; present; current | patient: age = 72; present; current | patient: systolic blood pressure = 140; present; current | patient: heart rate = 125; present; current | patient: active cancer; absent; current,"Man, adult.
Acute pulmonary embolism confirmed on CT pulmonary angiography.
Prefers morning appointments.
During a checkup in 2024, free T3 was 3.2 pg/mL.
Prefers to be addressed by first name.
Latest oxygen saturation reading: 95%.
His sister has recovered from a dislocated finger.
His friend lives with psoriasis.
Free T4 of 1.2 ng/dL in 2014.
Currently aged 72 years.
His wife wears contact lenses.
Enjoys board games.
His roommate sprained a thumb last month.
Has two cats.
Lives in a second-floor apartment.
Observations now: blood pressure 140/92 mmHg.
Photographs local wildlife.
Paints watercolors as a hobby.
In 2009, lipase was 30 U/L.
Heart rate now 125/min on a pulse check.
Sees a dentist yearly.
Oncology follow-up: none.",,,,
author2,146,rule_v1/test_hard,rule_v1.test.s1_spesi.hr.numeric.long.645,numeric,long,near,"Simplified Pulmonary Embolism Severity Index (as used here, partial): 1 point each for active cancer; a current heart rate of 110/min or more; a current systolic blood pressure below 100 mmHg; a current oxygen saturation below 90%; an age above 80 years. Other items of the index are not part of this question.",The heart rate criterion contributes 0 points.,The heart rate criterion contributes 1 point.,s,patient: oxygen saturation = 95; present; current | patient: age = 72; present; current | patient: systolic blood pressure = 140; present; current | patient: heart rate = 107; present; current | patient: active cancer; absent; current,"Man, adult.
Acute pulmonary embolism confirmed on CT pulmonary angiography.
Prefers morning appointments.
During a checkup in 2024, free T3 was 3.2 pg/mL.
Prefers to be addressed by first name.
Latest oxygen saturation reading: 95%.
His sister has recovered from a dislocated finger.
His friend lives with psoriasis.
Free T4 of 1.2 ng/dL in 2014.
Currently aged 72 years.
His wife wears contact lenses.
Enjoys board games.
His roommate sprained a thumb last month.
Has two cats.
Lives in a second-floor apartment.
Observations now: blood pressure 140/92 mmHg.
Photographs local wildlife.
Paints watercolors as a hobby.
In 2009, lipase was 30 U/L.
Heart rate now 107/min on a pulse check.
Sees a dentist yearly.
Oncology follow-up: none.",,,,
author2,146,rule_v1/test_hard,rule_v1.test.s1_spesi.hr.numeric.long.645,numeric,long,pres,"Simplified Pulmonary Embolism Severity Index (as used here, partial): 1 point each for active cancer; a current heart rate of 110/min or more; a current systolic blood pressure below 100 mmHg; a current oxygen saturation below 90%; an age above 80 years. Other items of the index are not part of this question.",The heart rate criterion contributes 0 points.,The heart rate criterion contributes 1 point.,s,patient: systolic blood pressure = 140; present; current | patient: heart rate = 61; present; current | patient: age = 72; present; current | patient: oxygen saturation = 95; present; current | patient: active cancer; absent; current,"An adult man.
Acute pulmonary embolism confirmed on CT pulmonary angiography.
Free T4 of 1.2 ng/dL in 2014.
Sees a dentist yearly.
His roommate sprained a thumb last month.
Lives in a second-floor apartment.
Photographs local wildlife.
Current systolic blood pressure 140 mmHg.
Current heart rate 61/min.
Paints watercolors as a hobby.
Current age 72 years.
Has two cats.
Enjoys board games.
His friend lives with psoriasis.
Prefers to be addressed by first name.
His wife wears contact lenses.
During a checkup in 2024, free T3 was 3.2 pg/mL.
Current oxygen saturation 95%.
Oncology follow-up: none.
Prefers morning appointments.
His sister has recovered from a dislocated finger.
In 2009, lipase was 30 U/L.",,,,
author2,150,rule_v1/test_L2,rule_v1.test.news2_red.rr.numeric.easy.1313,numeric,easy,base,"NEWS2 (as used here, single-parameter red items only): 3 points each for a respiratory rate of 25/min or more; oxygen saturation of 91% or less; systolic blood pressure of 90 mmHg or less; new confusion. Only current findings count.",The respiratory rate criterion contributes 0 points.,The respiratory rate criterion contributes 3 points.,s,patient: systolic blood pressure = 143; present; current | patient: respiratory rate = 15; present; current | patient: oxygen saturation = 96; present; current,"Female patient of 54 years.
Shortness of breath and fever; assessed on the medical ward.
Drives a car.
Current systolic blood pressure 143 mmHg.
Current respiratory rate 15/min.
Latest oxygen saturation reading: 96%.",,,,
author2,150,rule_v1/test_L2,rule_v1.test.news2_red.rr.numeric.easy.1313,numeric,easy,flip,"NEWS2 (as used here, single-parameter red items only): 3 points each for a respiratory rate of 25/min or more; oxygen saturation of 91% or less; systolic blood pressure of 90 mmHg or less; new confusion. Only current findings count.",The respiratory rate criterion contributes 0 points.,The respiratory rate criterion contributes 3 points.,s',patient: systolic blood pressure = 143; present; current | patient: respiratory rate = 34; present; current | patient: oxygen saturation = 96; present; current,"Female patient of 54 years.
Shortness of breath and fever; assessed on the medical ward.
Drives a car.
Current systolic blood pressure 143 mmHg.
Current respiratory rate 34/min.
Latest oxygen saturation reading: 96%.",,,,
author2,150,rule_v1/test_L2,rule_v1.test.news2_red.rr.numeric.easy.1313,numeric,easy,near,"NEWS2 (as used here, single-parameter red items only): 3 points each for a respiratory rate of 25/min or more; oxygen saturation of 91% or less; systolic blood pressure of 90 mmHg or less; new confusion. Only current findings count.",The respiratory rate criterion contributes 0 points.,The respiratory rate criterion contributes 3 points.,s,patient: systolic blood pressure = 143; present; current | patient: respiratory rate = 23; present; current | patient: oxygen saturation = 96; present; current,"Female patient of 54 years.
Shortness of breath and fever; assessed on the medical ward.
Drives a car.
Current systolic blood pressure 143 mmHg.
Current respiratory rate 23/min.
Latest oxygen saturation reading: 96%.",,,,
author2,150,rule_v1/test_L2,rule_v1.test.news2_red.rr.numeric.easy.1313,numeric,easy,pres,"NEWS2 (as used here, single-parameter red items only): 3 points each for a respiratory rate of 25/min or more; oxygen saturation of 91% or less; systolic blood pressure of 90 mmHg or less; new confusion. Only current findings count.",The respiratory rate criterion contributes 0 points.,The respiratory rate criterion contributes 3 points.,s,patient: oxygen saturation = 96; present; current | patient: systolic blood pressure = 143; present; current | patient: respiratory rate = 15; present; current,"Woman of 54 years.
Shortness of breath and fever; assessed on the medical ward.
Drives a car.
Current oxygen saturation 96%.
Observations now: blood pressure 143/94 mmHg.
Observations now: respiratory rate 15/min.",,,,
author2,154,rule_v1/test_L2,rule_v1.test.gs224.c1.subject.easy.1033,subject,easy,base,"For vaginal candidiasis, prescribe oral fluconazole. If the patient has ever had a venous thromboembolism (current or past) and the current serum creatinine is above 2.0 mg/dL, prescribe clotrimazole pessaries instead.",Prescribe oral fluconazole.,Prescribe clotrimazole pessaries.,s,patient: venous thromboembolism; absent; current | patient: serum creatinine = 2.4; present; current,"Female patient of 22 years.
Vaginal itching and discharge; candidiasis confirmed on microscopy.
Coagulation tests normal on recent bloodwork.
Latest creatinine result: 2.4 mg/dL.
Plays the piano.",,,,
author2,154,rule_v1/test_L2,rule_v1.test.gs224.c1.subject.easy.1033,subject,easy,flip,"For vaginal candidiasis, prescribe oral fluconazole. If the patient has ever had a venous thromboembolism (current or past) and the current serum creatinine is above 2.0 mg/dL, prescribe clotrimazole pessaries instead.",Prescribe oral fluconazole.,Prescribe clotrimazole pessaries.,s',patient: venous thromboembolism; present; past | patient: serum creatinine = 2.4; present; current,"Female patient of 22 years.
Vaginal itching and discharge; candidiasis confirmed on microscopy.
Pulmonary embolism years ago, treated for six months.
Latest creatinine result: 2.4 mg/dL.
Plays the piano.",,,,
author2,154,rule_v1/test_L2,rule_v1.test.gs224.c1.subject.easy.1033,subject,easy,near,"For vaginal candidiasis, prescribe oral fluconazole. If the patient has ever had a venous thromboembolism (current or past) and the current serum creatinine is above 2.0 mg/dL, prescribe clotrimazole pessaries instead.",Prescribe oral fluconazole.,Prescribe clotrimazole pessaries.,s,roommate: venous thromboembolism; present; past | patient: serum creatinine = 2.4; present; current,"Female patient of 22 years.
Vaginal itching and discharge; candidiasis confirmed on microscopy.
Her roommate had a DVT years ago.
Latest creatinine result: 2.4 mg/dL.
Plays the piano.",,,,
author2,154,rule_v1/test_L2,rule_v1.test.gs224.c1.subject.easy.1033,subject,easy,pres,"For vaginal candidiasis, prescribe oral fluconazole. If the patient has ever had a venous thromboembolism (current or past) and the current serum creatinine is above 2.0 mg/dL, prescribe clotrimazole pessaries instead.",Prescribe oral fluconazole.,Prescribe clotrimazole pessaries.,s,patient: serum creatinine = 2.4; present; current | patient: venous thromboembolism; absent; current,"Woman of 22 years.
Vaginal itching and discharge; candidiasis confirmed on microscopy.
Current serum creatinine 2.4 mg/dL.
Coagulation tests normal on recent bloodwork.
Plays the piano.",,,,
author2,158,rule_v1/test_L2,rule_v1.test.gs052.c2.boundary.easy.1349,boundary,easy,base,"For primary prevention, prescribe atorvastatin. If the current heart rate is above 90/min or the current serum potassium is above 5.0 mmol/L, prescribe ezetimibe instead.",Prescribe atorvastatin.,Prescribe ezetimibe.,s,patient: heart rate = 83; present; current | patient: serum potassium = 4.1; present; current,"Male patient of 55 years.
Primary prevention; LDL cholesterol 182 mg/dL.
Sees a dentist yearly.
Heart rate now 83/min on a pulse check.
Paints watercolors as a hobby.
Current serum potassium 4.1 mmol/L.
Plays the piano.",,,,
author2,158,rule_v1/test_L2,rule_v1.test.gs052.c2.boundary.easy.1349,boundary,easy,flip,"For primary prevention, prescribe atorvastatin. If the current heart rate is above 90/min or the current serum potassium is above 5.0 mmol/L, prescribe ezetimibe instead.",Prescribe atorvastatin.,Prescribe ezetimibe.,s',patient: heart rate = 83; present; current | patient: serum potassium = 5.2; present; current,"Male patient of 55 years.
Primary prevention; LDL cholesterol 182 mg/dL.
Sees a dentist yearly.
Heart rate now 83/min on a pulse check.
Paints watercolors as a hobby.
Current serum potassium 5.2 mmol/L.
Plays the piano.",,,,
author2,158,rule_v1/test_L2,rule_v1.test.gs052.c2.boundary.easy.1349,boundary,easy,near,"For primary prevention, prescribe atorvastatin. If the current heart rate is above 90/min or the current serum potassium is above 5.0 mmol/L, prescribe ezetimibe instead.",Prescribe atorvastatin.,Prescribe ezetimibe.,s,patient: heart rate = 83; present; current | patient: serum potassium = 5.0; present; current,"Male patient of 55 years.
Primary prevention; LDL cholesterol 182 mg/dL.
Sees a dentist yearly.
Heart rate now 83/min on a pulse check.
Paints watercolors as a hobby.
Current serum potassium 5.0 mmol/L.
Plays the piano.",,,,
author2,158,rule_v1/test_L2,rule_v1.test.gs052.c2.boundary.easy.1349,boundary,easy,pres,"For primary prevention, prescribe atorvastatin. If the current heart rate is above 90/min or the current serum potassium is above 5.0 mmol/L, prescribe ezetimibe instead.",Prescribe atorvastatin.,Prescribe ezetimibe.,s,patient: serum potassium = 4.1; present; current | patient: heart rate = 83; present; current,"Man of 55 years.
Primary prevention; LDL cholesterol 182 mg/dL.
Latest potassium result: 4.1 mmol/L.
Sees a dentist yearly.
Plays the piano.
Current heart rate 83/min.
Paints watercolors as a hobby.",,,,
author2,162,rule_v1/test_L2,rule_v1.test.gs118.c3.time.easy.1228,time,easy,base,"For heart failure with reduced ejection fraction, prescribe spironolactone. Score 2 points if the current white cell count is above 12.0 x10^9/L; 3 points if the patient has ever had angioedema (current or past); 2 points if the current eGFR is below 45 mL/min/1.73 m2; 1 point if the current heart rate is above 90/min. If the score is 4 or more, prescribe dapagliflozin instead.",Prescribe spironolactone.,Prescribe dapagliflozin.,s,patient: eGFR = 52; present; past (2018) | patient: white cell count = 13.5; present; current | patient: angioedema; absent; current | patient: heart rate = 70; present; current | patient: eGFR = 80; present; current,"Woman of 81 years.
Heart failure with reduced ejection fraction (ejection fraction 30%), still symptomatic.
Records from 2018 list eGFR at 52 mL/min/1.73 m2.
Plays the piano.
Photographs local wildlife.
Latest WBC is 13.5 x10^9/L.
Face and neck without swelling on examination.
Lives in a second-floor apartment.
Current heart rate 70/min.
eGFR now 80 mL/min/1.73 m2.",,,,
author2,162,rule_v1/test_L2,rule_v1.test.gs118.c3.time.easy.1228,time,easy,flip,"For heart failure with reduced ejection fraction, prescribe spironolactone. Score 2 points if the current white cell count is above 12.0 x10^9/L; 3 points if the patient has ever had angioedema (current or past); 2 points if the current eGFR is below 45 mL/min/1.73 m2; 1 point if the current heart rate is above 90/min. If the score is 4 or more, prescribe dapagliflozin instead.",Prescribe spironolactone.,Prescribe dapagliflozin.,s',patient: eGFR = 52; present; past (2018) | patient: white cell count = 13.5; present; current | patient: angioedema; absent; current | patient: heart rate = 70; present; current | patient: eGFR = 37; present; current,"Woman of 81 years.
Heart failure with reduced ejection fraction (ejection fraction 30%), still symptomatic.
Records from 2018 list eGFR at 52 mL/min/1.73 m2.
Plays the piano.
Photographs local wildlife.
Latest WBC is 13.5 x10^9/L.
Face and neck without swelling on examination.
Lives in a second-floor apartment.
Current heart rate 70/min.
eGFR now 37 mL/min/1.73 m2.",,,,
author2,162,rule_v1/test_L2,rule_v1.test.gs118.c3.time.easy.1228,time,easy,near,"For heart failure with reduced ejection fraction, prescribe spironolactone. Score 2 points if the current white cell count is above 12.0 x10^9/L; 3 points if the patient has ever had angioedema (current or past); 2 points if the current eGFR is below 45 mL/min/1.73 m2; 1 point if the current heart rate is above 90/min. If the score is 4 or more, prescribe dapagliflozin instead.",Prescribe spironolactone.,Prescribe dapagliflozin.,s,patient: eGFR = 39; present; past (2018) | patient: white cell count = 13.5; present; current | patient: angioedema; absent; current | patient: heart rate = 70; present; current | patient: eGFR = 80; present; current,"Woman of 81 years.
Heart failure with reduced ejection fraction (ejection fraction 30%), still symptomatic.
Records from 2018 list eGFR at 39 mL/min/1.73 m2.
Plays the piano.
Photographs local wildlife.
Latest WBC is 13.5 x10^9/L.
Face and neck without swelling on examination.
Lives in a second-floor apartment.
Current heart rate 70/min.
eGFR now 80 mL/min/1.73 m2.",,,,
author2,162,rule_v1/test_L2,rule_v1.test.gs118.c3.time.easy.1228,time,easy,pres,"For heart failure with reduced ejection fraction, prescribe spironolactone. Score 2 points if the current white cell count is above 12.0 x10^9/L; 3 points if the patient has ever had angioedema (current or past); 2 points if the current eGFR is below 45 mL/min/1.73 m2; 1 point if the current heart rate is above 90/min. If the score is 4 or more, prescribe dapagliflozin instead.",Prescribe spironolactone.,Prescribe dapagliflozin.,s,patient: angioedema; absent; current | patient: white cell count = 13.5; present; current | patient: eGFR = 52; present; past (2018) | patient: heart rate = 70; present; current | patient: eGFR = 80; present; current,"Female patient of 81 years.
Heart failure with reduced ejection fraction (ejection fraction 30%), still symptomatic.
Plays the piano.
Face and neck without swelling on examination.
Current white cell count 13.5 x10^9/L.
Photographs local wildlife.
Back in 2018, eGFR stood at 52 mL/min/1.73 m2.
Heart rate now 70/min on a pulse check.
Lives in a second-floor apartment.
Current eGFR 80 mL/min/1.73 m2.",,,,
author2,166,rule_v1/test_L2,rule_v1.test.gs219.c2.numeric.long.287,numeric,long,base,"For musculoskeletal pain, prescribe ibuprofen. If at least two of the following apply, prescribe acetaminophen instead: the patient currently has tonsillar exudate; the current serum potassium is above 5.0 mmol/L; the patient has ever had coronary artery disease (current or past).",Prescribe ibuprofen.,Prescribe acetaminophen.,s,patient: coronary artery disease; absent; current | patient: tonsillar exudate; present; current | patient: serum potassium = 4.2; present; current,"Female patient of 66 years.
Acute low back pain after lifting.
Uses sunscreen in summer.
Enjoys board games.
Owns a bicycle.
Prefers to be addressed by first name.
In 2009, lipase was 30 U/L.
Photographs local wildlife.
Her sister wears contact lenses.
Pupils equal and reactive to light.
Her sister has a lazy eye.
Her friend burned a hand on a stove years ago.
During a checkup in 2005, total protein was 7.0 g/dL.
Cardiac stress test unremarkable last year.
Lives in a second-floor apartment.
Has two cats.
Tonsillar exudate visible on both sides.
Her sister has recovered from a dislocated finger.
Drives a car.
Sees a dentist yearly.
Latest potassium result: 4.2 mmol/L.
Prefers morning appointments.",,,,
author2,166,rule_v1/test_L2,rule_v1.test.gs219.c2.numeric.long.287,numeric,long,flip,"For musculoskeletal pain, prescribe ibuprofen. If at least two of the following apply, prescribe acetaminophen instead: the patient currently has tonsillar exudate; the current serum potassium is above 5.0 mmol/L; the patient has ever had coronary artery disease (current or past).",Prescribe ibuprofen.,Prescribe acetaminophen.,s',patient: coronary artery disease; absent; current | patient: tonsillar exudate; present; current | patient: serum potassium = 5.3; present; current,"Female patient of 66 years.
Acute low back pain after lifting.
Uses sunscreen in summer.
Enjoys board games.
Owns a bicycle.
Prefers to be addressed by first name.
In 2009, lipase was 30 U/L.
Photographs local wildlife.
Her sister wears contact lenses.
Pupils equal and reactive to light.
Her sister has a lazy eye.
Her friend burned a hand on a stove years ago.
During a checkup in 2005, total protein was 7.0 g/dL.
Cardiac stress test unremarkable last year.
Lives in a second-floor apartment.
Has two cats.
Tonsillar exudate visible on both sides.
Her sister has recovered from a dislocated finger.
Drives a car.
Sees a dentist yearly.
Latest potassium result: 5.3 mmol/L.
Prefers morning appointments.",,,,
author2,166,rule_v1/test_L2,rule_v1.test.gs219.c2.numeric.long.287,numeric,long,near,"For musculoskeletal pain, prescribe ibuprofen. If at least two of the following apply, prescribe acetaminophen instead: the patient currently has tonsillar exudate; the current serum potassium is above 5.0 mmol/L; the patient has ever had coronary artery disease (current or past).",Prescribe ibuprofen.,Prescribe acetaminophen.,s,patient: coronary artery disease; absent; current | patient: tonsillar exudate; present; current | patient: serum potassium = 4.8; present; current,"Female patient of 66 years.
Acute low back pain after lifting.
Uses sunscreen in summer.
Enjoys board games.
Owns a bicycle.
Prefers to be addressed by first name.
In 2009, lipase was 30 U/L.
Photographs local wildlife.
Her sister wears contact lenses.
Pupils equal and reactive to light.
Her sister has a lazy eye.
Her friend burned a hand on a stove years ago.
During a checkup in 2005, total protein was 7.0 g/dL.
Cardiac stress test unremarkable last year.
Lives in a second-floor apartment.
Has two cats.
Tonsillar exudate visible on both sides.
Her sister has recovered from a dislocated finger.
Drives a car.
Sees a dentist yearly.
Latest potassium result: 4.8 mmol/L.
Prefers morning appointments.",,,,
author2,166,rule_v1/test_L2,rule_v1.test.gs219.c2.numeric.long.287,numeric,long,pres,"For musculoskeletal pain, prescribe ibuprofen. If at least two of the following apply, prescribe acetaminophen instead: the patient currently has tonsillar exudate; the current serum potassium is above 5.0 mmol/L; the patient has ever had coronary artery disease (current or past).",Prescribe ibuprofen.,Prescribe acetaminophen.,s,patient: coronary artery disease; absent; current | patient: serum potassium = 4.2; present; current | patient: tonsillar exudate; present; current,"Woman of 66 years.
Acute low back pain after lifting.
In 2009, lipase was 30 U/L.
During a checkup in 2005, total protein was 7.0 g/dL.
Photographs local wildlife.
Sees a dentist yearly.
Her sister has a lazy eye.
Her friend burned a hand on a stove years ago.
Has two cats.
Lives in a second-floor apartment.
Owns a bicycle.
Enjoys board games.
Uses sunscreen in summer.
Her sister wears contact lenses.
Cardiac stress test unremarkable last year.
Drives a car.
Current serum potassium 4.2 mmol/L.
Her sister has recovered from a dislocated finger.
Tonsillar exudate visible on both sides.
Prefers to be addressed by first name.
Pupils equal and reactive to light.
Prefers morning appointments.",,,,
author2,166,rule_v1/test_L2,rule_v1.test.gs219.c2.numeric.long.287,numeric,long,missing,"For musculoskeletal pain, prescribe ibuprofen. If at least two of the following apply, prescribe acetaminophen instead: the patient currently has tonsillar exudate; the current serum potassium is above 5.0 mmol/L; the patient has ever had coronary artery disease (current or past).",Prescribe ibuprofen.,Prescribe acetaminophen.,neither,patient: coronary artery disease; absent; current | patient: tonsillar exudate; present; current,"Female patient of 66 years.
Acute low back pain after lifting.
Uses sunscreen in summer.
Enjoys board games.
Owns a bicycle.
Prefers to be addressed by first name.
In 2009, lipase was 30 U/L.
Photographs local wildlife.
Her sister wears contact lenses.
Pupils equal and reactive to light.
Her sister has a lazy eye.
Her friend burned a hand on a stove years ago.
During a checkup in 2005, total protein was 7.0 g/dL.
Cardiac stress test unremarkable last year.
Lives in a second-floor apartment.
Has two cats.
Tonsillar exudate visible on both sides.
Her sister has recovered from a dislocated finger.
Drives a car.
Sees a dentist yearly.
Prefers morning appointments.",,,,
author2,170,rule_v1/test_L2,rule_v1.test.gs124.c1.negation.easy.278,negation,easy,base,"For community-acquired pneumonia, prescribe oral amoxicillin. If at least two of the following apply, prescribe intravenous co-amoxiclav instead: the patient or a first-degree relative (parent, sibling or child) has had colorectal cancer at any time; the current calf swelling compared with the other leg is 3.0 cm or more; the age of the patient is above 65 years.",Prescribe oral amoxicillin.,Prescribe intravenous co-amoxiclav.,s,patient: calf swelling = 4.1; present; current | patient: colorectal cancer (patient or first-degree relative); absent; current | patient: age = 46; present; current,"An adult woman.
Community-acquired pneumonia confirmed on chest radiograph.
Difference in calf circumference now 4.1 cm.
Rectal exam unremarkable.
Has two cats.
Currently aged 46 years.
Owns a bicycle.",,,,
author2,170,rule_v1/test_L2,rule_v1.test.gs124.c1.negation.easy.278,negation,easy,flip,"For community-acquired pneumonia, prescribe oral amoxicillin. If at least two of the following apply, prescribe intravenous co-amoxiclav instead: the patient or a first-degree relative (parent, sibling or child) has had colorectal cancer at any time; the current calf swelling compared with the other leg is 3.0 cm or more; the age of the patient is above 65 years.",Prescribe oral amoxicillin.,Prescribe intravenous co-amoxiclav.,s',patient: calf swelling = 4.1; present; current | patient: colorectal cancer (patient or first-degree relative); present; current | patient: age = 46; present; current,"An adult woman.
Community-acquired pneumonia confirmed on chest radiograph.
Difference in calf circumference now 4.1 cm.
Colorectal cancer under active treatment.
Has two cats.
Currently aged 46 years.
Owns a bicycle.",,,,
author2,170,rule_v1/test_L2,rule_v1.test.gs124.c1.negation.easy.278,negation,easy,near,"For community-acquired pneumonia, prescribe oral amoxicillin. If at least two of the following apply, prescribe intravenous co-amoxiclav instead: the patient or a first-degree relative (parent, sibling or child) has had colorectal cancer at any time; the current calf swelling compared with the other leg is 3.0 cm or more; the age of the patient is above 65 years.",Prescribe oral amoxicillin.,Prescribe intravenous co-amoxiclav.,s,patient: calf swelling = 4.1; present; current | patient: colorectal cancer (patient or first-degree relative); absent; current | patient: age = 46; present; current,"An adult woman.
Community-acquired pneumonia confirmed on chest radiograph.
Difference in calf circumference now 4.1 cm.
Has never had bowel cancer.
Has two cats.
Currently aged 46 years.
Owns a bicycle.",,,,
author2,170,rule_v1/test_L2,rule_v1.test.gs124.c1.negation.easy.278,negation,easy,pres,"For community-acquired pneumonia, prescribe oral amoxicillin. If at least two of the following apply, prescribe intravenous co-amoxiclav instead: the patient or a first-degree relative (parent, sibling or child) has had colorectal cancer at any time; the current calf swelling compared with the other leg is 3.0 cm or more; the age of the patient is above 65 years.",Prescribe oral amoxicillin.,Prescribe intravenous co-amoxiclav.,s,patient: calf swelling = 4.1; present; current | patient: colorectal cancer (patient or first-degree relative); absent; current | patient: age = 46; present; current,"Woman, adult.
Community-acquired pneumonia confirmed on chest radiograph.
Current calf swelling 4.1 cm compared with the other leg.
Rectal exam unremarkable.
Has two cats.
Owns a bicycle.
Current age 46 years.",,,,
author2,170,rule_v1/test_L2,rule_v1.test.gs124.c1.negation.easy.278,negation,easy,missing,"For community-acquired pneumonia, prescribe oral amoxicillin. If at least two of the following apply, prescribe intravenous co-amoxiclav instead: the patient or a first-degree relative (parent, sibling or child) has had colorectal cancer at any time; the current calf swelling compared with the other leg is 3.0 cm or more; the age of the patient is above 65 years.",Prescribe oral amoxicillin.,Prescribe intravenous co-amoxiclav.,neither,patient: calf swelling = 4.1; present; current | patient: colorectal cancer (patient or first-degree relative); unknown; current | patient: age = 46; present; current,"An adult woman.
Community-acquired pneumonia confirmed on chest radiograph.
Difference in calf circumference now 4.1 cm.
Colorectal cancer (patient or first-degree relative): unknown.
Has two cats.
Currently aged 46 years.
Owns a bicycle.",,,,
author2,174,rule_v1/test_L2,rule_v1.test.gs056.c4.boundary.easy.725,boundary,easy,base,"For rate control in atrial fibrillation, prescribe metoprolol. Score 1 point if the patient or a first-degree relative (parent, sibling or child) has had diabetes at any time; 2 points if the patient has ever had a venous thromboembolism (current or past); 3 points if the patient has ever had coronary artery disease (current or past); 1 point if the current white cell count is above 12.0 x10^9/L. If the score is 4 or more, prescribe diltiazem instead.",Prescribe metoprolol.,Prescribe diltiazem.,s,patient: venous thromboembolism; absent; current | patient: white cell count = 6.9; present; current | patient: diabetes (patient or first-degree relative); absent; current | patient: coronary artery disease; present; past (2006),"Female patient of 75 years.
Atrial fibrillation with a ventricular rate of 128/min.
Has two cats.
Enjoys board games.
Varicose veins: none seen.
Lives in a second-floor apartment.
Latest WBC is 6.9 x10^9/L.
HbA1c 5.3% at a routine check.
Had coronary artery disease, treated with bypass surgery in 2006; recovered well.
Pupils equal and reactive to light.",,,,
author2,174,rule_v1/test_L2,rule_v1.test.gs056.c4.boundary.easy.725,boundary,easy,flip,"For rate control in atrial fibrillation, prescribe metoprolol. Score 1 point if the patient or a first-degree relative (parent, sibling or child) has had diabetes at any time; 2 points if the patient has ever had a venous thromboembolism (current or past); 3 points if the patient has ever had coronary artery disease (current or past); 1 point if the current white cell count is above 12.0 x10^9/L. If the score is 4 or more, prescribe diltiazem instead.",Prescribe metoprolol.,Prescribe diltiazem.,s',patient: venous thromboembolism; absent; current | patient: white cell count = 13.1; present; current | patient: diabetes (patient or first-degree relative); absent; current | patient: coronary artery disease; present; past (2006),"Female patient of 75 years.
Atrial fibrillation with a ventricular rate of 128/min.
Has two cats.
Enjoys board games.
Varicose veins: none seen.
Lives in a second-floor apartment.
Latest WBC is 13.1 x10^9/L.
HbA1c 5.3% at a routine check.
Had coronary artery disease, treated with bypass surgery in 2006; recovered well.
Pupils equal and reactive to light.",,,,
author2,174,rule_v1/test_L2,rule_v1.test.gs056.c4.boundary.easy.725,boundary,easy,near,"For rate control in atrial fibrillation, prescribe metoprolol. Score 1 point if the patient or a first-degree relative (parent, sibling or child) has had diabetes at any time; 2 points if the patient has ever had a venous thromboembolism (current or past); 3 points if the patient has ever had coronary artery disease (current or past); 1 point if the current white cell count is above 12.0 x10^9/L. If the score is 4 or more, prescribe diltiazem instead.",Prescribe metoprolol.,Prescribe diltiazem.,s,patient: venous thromboembolism; absent; current | patient: white cell count = 12.0; present; current | patient: diabetes (patient or first-degree relative); absent; current | patient: coronary artery disease; present; past (2006),"Female patient of 75 years.
Atrial fibrillation with a ventricular rate of 128/min.
Has two cats.
Enjoys board games.
Varicose veins: none seen.
Lives in a second-floor apartment.
Latest WBC is 12.0 x10^9/L.
HbA1c 5.3% at a routine check.
Had coronary artery disease, treated with bypass surgery in 2006; recovered well.
Pupils equal and reactive to light.",,,,
author2,174,rule_v1/test_L2,rule_v1.test.gs056.c4.boundary.easy.725,boundary,easy,pres,"For rate control in atrial fibrillation, prescribe metoprolol. Score 1 point if the patient or a first-degree relative (parent, sibling or child) has had diabetes at any time; 2 points if the patient has ever had a venous thromboembolism (current or past); 3 points if the patient has ever had coronary artery disease (current or past); 1 point if the current white cell count is above 12.0 x10^9/L. If the score is 4 or more, prescribe diltiazem instead.",Prescribe metoprolol.,Prescribe diltiazem.,s,patient: coronary artery disease; present; past (2006) | patient: white cell count = 6.9; present; current | patient: diabetes (patient or first-degree relative); absent; current | patient: venous thromboembolism; absent; current,"Woman of 75 years.
Atrial fibrillation with a ventricular rate of 128/min.
Lives in a second-floor apartment.
Had coronary artery disease, treated with bypass surgery in 2006; recovered well.
Current white cell count 6.9 x10^9/L.
HbA1c 5.3% at a routine check.
Pupils equal and reactive to light.
Varicose veins: none seen.
Enjoys board games.
Has two cats.",,,,
author2,174,rule_v1/test_L2,rule_v1.test.gs056.c4.boundary.easy.725,boundary,easy,missing,"For rate control in atrial fibrillation, prescribe metoprolol. Score 1 point if the patient or a first-degree relative (parent, sibling or child) has had diabetes at any time; 2 points if the patient has ever had a venous thromboembolism (current or past); 3 points if the patient has ever had coronary artery disease (current or past); 1 point if the current white cell count is above 12.0 x10^9/L. If the score is 4 or more, prescribe diltiazem instead.",Prescribe metoprolol.,Prescribe diltiazem.,neither,patient: venous thromboembolism; absent; current | patient: diabetes (patient or first-degree relative); absent; current | patient: coronary artery disease; present; past (2006),"Female patient of 75 years.
Atrial fibrillation with a ventricular rate of 128/min.
Has two cats.
Enjoys board games.
Varicose veins: none seen.
Lives in a second-floor apartment.
HbA1c 5.3% at a routine check.
Had coronary artery disease, treated with bypass surgery in 2006; recovered well.
Pupils equal and reactive to light.",,,,
author2,178,rule_v1/test_L0,rule_v1.test.gs163.c2.time.easy.548,time,easy,base,"For suspected infection on the medical ward, prescribe oral amoxicillin. Score 2 points if the current blood urea nitrogen is above 19 mg/dL; 1 point if the current calf swelling compared with the other leg is 3.0 cm or more; 3 points if the current serum creatinine is above 2.0 mg/dL. If the score is 4 or more, prescribe intravenous piperacillin-tazobactam instead.",Prescribe oral amoxicillin.,Prescribe intravenous piperacillin-tazobactam.,s,patient: serum creatinine = 2.5; present; current | patient: calf swelling = 1.3; present; past (2009) | patient: calf swelling = 0.5; present; current | patient: blood urea nitrogen = 15; present; current,"Man of 75 years.
Suspected chest infection; assessed on the medical ward.
Drives a car.
Latest creatinine result: 2.5 mg/dL.
Records from 2009 list calf swelling at 1.3 cm.
Owns a bicycle.
Difference in calf circumference now 0.5 cm.
Blood urea nitrogen 15 mg/dL on the current labs.
Prefers morning appointments.",,,,
author2,178,rule_v1/test_L0,rule_v1.test.gs163.c2.time.easy.548,time,easy,flip,"For suspected infection on the medical ward, prescribe oral amoxicillin. Score 2 points if the current blood urea nitrogen is above 19 mg/dL; 1 point if the current calf swelling compared with the other leg is 3.0 cm or more; 3 points if the current serum creatinine is above 2.0 mg/dL. If the score is 4 or more, prescribe intravenous piperacillin-tazobactam instead.",Prescribe oral amoxicillin.,Prescribe intravenous piperacillin-tazobactam.,s',patient: serum creatinine = 2.5; present; current | patient: calf swelling = 1.3; present; past (2009) | patient: calf swelling = 4.7; present; current | patient: blood urea nitrogen = 15; present; current,"Man of 75 years.
Suspected chest infection; assessed on the medical ward.
Drives a car.
Latest creatinine result: 2.5 mg/dL.
Records from 2009 list calf swelling at 1.3 cm.
Owns a bicycle.
Difference in calf circumference now 4.7 cm.
Blood urea nitrogen 15 mg/dL on the current labs.
Prefers morning appointments.",,,,
author2,178,rule_v1/test_L0,rule_v1.test.gs163.c2.time.easy.548,time,easy,near,"For suspected infection on the medical ward, prescribe oral amoxicillin. Score 2 points if the current blood urea nitrogen is above 19 mg/dL; 1 point if the current calf swelling compared with the other leg is 3.0 cm or more; 3 points if the current serum creatinine is above 2.0 mg/dL. If the score is 4 or more, prescribe intravenous piperacillin-tazobactam instead.",Prescribe oral amoxicillin.,Prescribe intravenous piperacillin-tazobactam.,s,patient: serum creatinine = 2.5; present; current | patient: calf swelling = 5.0; present; past (2009) | patient: calf swelling = 0.5; present; current | patient: blood urea nitrogen = 15; present; current,"Man of 75 years.
Suspected chest infection; assessed on the medical ward.
Drives a car.
Latest creatinine result: 2.5 mg/dL.
Records from 2009 list calf swelling at 5.0 cm.
Owns a bicycle.
Difference in calf circumference now 0.5 cm.
Blood urea nitrogen 15 mg/dL on the current labs.
Prefers morning appointments.",,,,
author2,178,rule_v1/test_L0,rule_v1.test.gs163.c2.time.easy.548,time,easy,pres,"For suspected infection on the medical ward, prescribe oral amoxicillin. Score 2 points if the current blood urea nitrogen is above 19 mg/dL; 1 point if the current calf swelling compared with the other leg is 3.0 cm or more; 3 points if the current serum creatinine is above 2.0 mg/dL. If the score is 4 or more, prescribe intravenous piperacillin-tazobactam instead.",Prescribe oral amoxicillin.,Prescribe intravenous piperacillin-tazobactam.,s,patient: serum creatinine = 2.5; present; current | patient: calf swelling = 1.3; present; past (2009) | patient: calf swelling = 0.5; present; current | patient: blood urea nitrogen = 15; present; current,"Male patient of 75 years.
Suspected chest infection; assessed on the medical ward.
Current serum creatinine 2.5 mg/dL.
Back in 2009, calf swelling stood at 1.3 cm.
Drives a car.
Owns a bicycle.
Current calf swelling 0.5 cm compared with the other leg.
Prefers morning appointments.
Blood urea nitrogen now: 15 mg/dL.",,,,
author2,182,rule_v1/test_L2,rule_v1.test.centor.temp.boundary.easy.540,boundary,easy,base,"Centor score (as used here, partial): 1 point each for temperature above 38.0 C; tonsillar exudate; tender anterior cervical lymph nodes. Only current findings count.",The temperature criterion contributes 0 points.,The temperature criterion contributes 1 point.,s,patient: tender cervical lymph nodes; absent; current | patient: temperature = 37.0; present; current,"Woman of 47 years.
Sore throat for three days.
Front of the neck without tenderness or swelling.
Current temperature 37.0 C.
Teeth in good repair.
Photographs local wildlife.
Paints watercolors as a hobby.
Knits as a hobby.",,,,
author2,182,rule_v1/test_L2,rule_v1.test.centor.temp.boundary.easy.540,boundary,easy,flip,"Centor score (as used here, partial): 1 point each for temperature above 38.0 C; tonsillar exudate; tender anterior cervical lymph nodes. Only current findings count.",The temperature criterion contributes 0 points.,The temperature criterion contributes 1 point.,s',patient: tender cervical lymph nodes; absent; current | patient: temperature = 38.4; present; current,"Woman of 47 years.
Sore throat for three days.
Front of the neck without tenderness or swelling.
Current temperature 38.4 C.
Teeth in good repair.
Photographs local wildlife.
Paints watercolors as a hobby.
Knits as a hobby.",,,,
author2,182,rule_v1/test_L2,rule_v1.test.centor.temp.boundary.easy.540,boundary,easy,near,"Centor score (as used here, partial): 1 point each for temperature above 38.0 C; tonsillar exudate; tender anterior cervical lymph nodes. Only current findings count.",The temperature criterion contributes 0 points.,The temperature criterion contributes 1 point.,s,patient: tender cervical lymph nodes; absent; current | patient: temperature = 38.0; present; current,"Woman of 47 years.
Sore throat for three days.
Front of the neck without tenderness or swelling.
Current temperature 38.0 C.
Teeth in good repair.
Photographs local wildlife.
Paints watercolors as a hobby.
Knits as a hobby.",,,,
author2,182,rule_v1/test_L2,rule_v1.test.centor.temp.boundary.easy.540,boundary,easy,pres,"Centor score (as used here, partial): 1 point each for temperature above 38.0 C; tonsillar exudate; tender anterior cervical lymph nodes. Only current findings count.",The temperature criterion contributes 0 points.,The temperature criterion contributes 1 point.,s,patient: temperature = 37.0; present; current | patient: tender cervical lymph nodes; absent; current,"Female patient of 47 years.
Sore throat for three days.
Temperature now 37.0 C (tympanic).
Photographs local wildlife.
Front of the neck without tenderness or swelling.
Teeth in good repair.
Paints watercolors as a hobby.
Knits as a hobby.",,,,
author2,182,rule_v1/test_L2,rule_v1.test.centor.temp.boundary.easy.540,boundary,easy,missing,"Centor score (as used here, partial): 1 point each for temperature above 38.0 C; tonsillar exudate; tender anterior cervical lymph nodes. Only current findings count.",The temperature criterion contributes 0 points.,The temperature criterion contributes 1 point.,neither,patient: tender cervical lymph nodes; absent; current,"Woman of 47 years.
Sore throat for three days.
Front of the neck without tenderness or swelling.
Teeth in good repair.
Photographs local wildlife.
Paints watercolors as a hobby.
Knits as a hobby.",,,,
author2,186,rule_v1/test_L0,rule_v1.test.any_gout.egfr.boundary.easy.872,boundary,easy,base,"For an acute gout flare, prescribe naproxen. If the patient has an active peptic ulcer or the current eGFR is below 30 mL/min/1.73 m2, prescribe colchicine instead.",Prescribe naproxen.,Prescribe colchicine.,s,patient: eGFR = 80; present; current,"Man of 30 years.
Acute gout flare of the left knee.
Sees a dentist yearly.
Teeth in good repair.
Current eGFR 80 mL/min/1.73 m2.
Owns a bicycle.",,,,
author2,186,rule_v1/test_L0,rule_v1.test.any_gout.egfr.boundary.easy.872,boundary,easy,flip,"For an acute gout flare, prescribe naproxen. If the patient has an active peptic ulcer or the current eGFR is below 30 mL/min/1.73 m2, prescribe colchicine instead.",Prescribe naproxen.,Prescribe colchicine.,s',patient: eGFR = 13; present; current,"Man of 30 years.
Acute gout flare of the left knee.
Sees a dentist yearly.
Teeth in good repair.
Current eGFR 13 mL/min/1.73 m2.
Owns a bicycle.",,,,
author2,186,rule_v1/test_L0,rule_v1.test.any_gout.egfr.boundary.easy.872,boundary,easy,near,"For an acute gout flare, prescribe naproxen. If the patient has an active peptic ulcer or the current eGFR is below 30 mL/min/1.73 m2, prescribe colchicine instead.",Prescribe naproxen.,Prescribe colchicine.,s,patient: eGFR = 30; present; current,"Man of 30 years.
Acute gout flare of the left knee.
Sees a dentist yearly.
Teeth in good repair.
Current eGFR 30 mL/min/1.73 m2.
Owns a bicycle.",,,,
author2,186,rule_v1/test_L0,rule_v1.test.any_gout.egfr.boundary.easy.872,boundary,easy,pres,"For an acute gout flare, prescribe naproxen. If the patient has an active peptic ulcer or the current eGFR is below 30 mL/min/1.73 m2, prescribe colchicine instead.",Prescribe naproxen.,Prescribe colchicine.,s,patient: eGFR = 80; present; current,"Male patient of 30 years.
Acute gout flare of the left knee.
eGFR now 80 mL/min/1.73 m2.
Owns a bicycle.
Sees a dentist yearly.
Teeth in good repair.",,,,
author2,190,rule_v1/test_L2,rule_v1.test.gs209.c2.subject.easy.1090,subject,easy,base,"For vaginal candidiasis, prescribe oral fluconazole. If at least two of the following apply, prescribe clotrimazole pessaries instead: the age of the patient is 70 years or more; the patient has ever had a peptic ulcer (current or past); the current heart rate is above 90/min.",Prescribe oral fluconazole.,Prescribe clotrimazole pessaries.,s,patient: peptic ulcer at any time; absent; current | patient: age = 74; present; current | patient: heart rate = 76; present; current,"Woman, adult.
Vaginal itching and discharge; candidiasis confirmed on microscopy.
Owns a bicycle.
Teeth in good repair.
Paints watercolors as a hobby.
Sleeps seven hours a night.
Abdomen soft and non-tender.
Current age 74 years.
Heart rate now 76/min on a pulse check.",,,,
author2,190,rule_v1/test_L2,rule_v1.test.gs209.c2.subject.easy.1090,subject,easy,flip,"For vaginal candidiasis, prescribe oral fluconazole. If at least two of the following apply, prescribe clotrimazole pessaries instead: the age of the patient is 70 years or more; the patient has ever had a peptic ulcer (current or past); the current heart rate is above 90/min.",Prescribe oral fluconazole.,Prescribe clotrimazole pessaries.,s',patient: peptic ulcer at any time; present; past | patient: age = 74; present; current | patient: heart rate = 76; present; current,"Woman, adult.
Vaginal itching and discharge; candidiasis confirmed on microscopy.
Owns a bicycle.
Teeth in good repair.
Paints watercolors as a hobby.
Sleeps seven hours a night.
Duodenal ulcer years ago; recovered fully with treatment.
Current age 74 years.
Heart rate now 76/min on a pulse check.",,,,
author2,190,rule_v1/test_L2,rule_v1.test.gs209.c2.subject.easy.1090,subject,easy,near,"For vaginal candidiasis, prescribe oral fluconazole. If at least two of the following apply, prescribe clotrimazole pessaries instead: the age of the patient is 70 years or more; the patient has ever had a peptic ulcer (current or past); the current heart rate is above 90/min.",Prescribe oral fluconazole.,Prescribe clotrimazole pessaries.,s,friend: peptic ulcer at any time; present; past | patient: age = 74; present; current | patient: heart rate = 76; present; current,"Woman, adult.
Vaginal itching and discharge; candidiasis confirmed on microscopy.
Owns a bicycle.
Teeth in good repair.
Paints watercolors as a hobby.
Sleeps seven hours a night.
Her friend formerly had peptic ulcer disease.
Current age 74 years.
Heart rate now 76/min on a pulse check.",,,,
author2,190,rule_v1/test_L2,rule_v1.test.gs209.c2.subject.easy.1090,subject,easy,pres,"For vaginal candidiasis, prescribe oral fluconazole. If at least two of the following apply, prescribe clotrimazole pessaries instead: the age of the patient is 70 years or more; the patient has ever had a peptic ulcer (current or past); the current heart rate is above 90/min.",Prescribe oral fluconazole.,Prescribe clotrimazole pessaries.,s,patient: peptic ulcer at any time; absent; current | patient: age = 74; present; current | patient: heart rate = 76; present; current,"An adult woman.
Vaginal itching and discharge; candidiasis confirmed on microscopy.
Owns a bicycle.
Abdomen soft and non-tender.
Sleeps seven hours a night.
Currently aged 74 years.
Teeth in good repair.
Paints watercolors as a hobby.
Current heart rate 76/min.",,,,
author2,194,rule_v1/test_L0,rule_v1.test.gs061.c2.time.delabelled.533,time,delabelled,base,"For thromboprophylaxis after hip replacement, prescribe enoxaparin. If the patient has ever had a peptic ulcer (current or past) or the patient is allergic to penicillin, prescribe fondaparinux instead.",Prescribe enoxaparin.,Prescribe fondaparinux.,s,patient: penicillin allergy; absent; current,"Female patient of 74 years.
First day after elective total hip replacement.
Photographs local wildlife.
Sleeps seven hours a night.
Pupils equal and reactive to light.
Plays the piano.
Drug allergies: none known.",,,,
author2,194,rule_v1/test_L0,rule_v1.test.gs061.c2.time.delabelled.533,time,delabelled,flip,"For thromboprophylaxis after hip replacement, prescribe enoxaparin. If the patient has ever had a peptic ulcer (current or past) or the patient is allergic to penicillin, prescribe fondaparinux instead.",Prescribe enoxaparin.,Prescribe fondaparinux.,s',patient: penicillin allergy; present; current,"Female patient of 74 years.
First day after elective total hip replacement.
Photographs local wildlife.
Sleeps seven hours a night.
Pupils equal and reactive to light.
Plays the piano.
Penicillin allergy: anaphylaxis.",,,,
author2,194,rule_v1/test_L0,rule_v1.test.gs061.c2.time.delabelled.533,time,delabelled,near,"For thromboprophylaxis after hip replacement, prescribe enoxaparin. If the patient has ever had a peptic ulcer (current or past) or the patient is allergic to penicillin, prescribe fondaparinux instead.",Prescribe enoxaparin.,Prescribe fondaparinux.,s,patient: penicillin allergy; present; past (2007),"Female patient of 74 years.
First day after elective total hip replacement.
Photographs local wildlife.
Sleeps seven hours a night.
Pupils equal and reactive to light.
Plays the piano.
Formerly recorded as penicillin-allergic; de-labeled in 2007 by an allergy clinic.",,,,
author2,194,rule_v1/test_L0,rule_v1.test.gs061.c2.time.delabelled.533,time,delabelled,pres,"For thromboprophylaxis after hip replacement, prescribe enoxaparin. If the patient has ever had a peptic ulcer (current or past) or the patient is allergic to penicillin, prescribe fondaparinux instead.",Prescribe enoxaparin.,Prescribe fondaparinux.,s,patient: penicillin allergy; absent; current,"Woman of 74 years.
First day after elective total hip replacement.
Drug allergies: none known.
Pupils equal and reactive to light.
Sleeps seven hours a night.
Plays the piano.
Photographs local wildlife.",,,,
author2,198,rule_v1/test_L2,rule_v1.test.gs048.c1.time.easy.32,time,easy,base,"For heart failure with reduced ejection fraction, prescribe spironolactone. If the current weight is 60 kg or less or the age of the patient is 75 years or more, prescribe dapagliflozin instead.",Prescribe spironolactone.,Prescribe dapagliflozin.,s,patient: age = 63; present; current | patient: weight = 80; present; current | patient: weight = 69; present; past (2007),"Woman, adult.
Heart failure with reduced ejection fraction (ejection fraction 30%), still symptomatic.
Current age 63 years.
Sees a dentist yearly.
Current weight 80 kg.
Records from 2007 list weight at 69 kg.",,,,
author2,198,rule_v1/test_L2,rule_v1.test.gs048.c1.time.easy.32,time,easy,flip,"For heart failure with reduced ejection fraction, prescribe spironolactone. If the current weight is 60 kg or less or the age of the patient is 75 years or more, prescribe dapagliflozin instead.",Prescribe spironolactone.,Prescribe dapagliflozin.,s',patient: age = 63; present; current | patient: weight = 49; present; current | patient: weight = 69; present; past (2007),"Woman, adult.
Heart failure with reduced ejection fraction (ejection fraction 30%), still symptomatic.
Current age 63 years.
Sees a dentist yearly.
Current weight 49 kg.
Records from 2007 list weight at 69 kg.",,,,
author2,198,rule_v1/test_L2,rule_v1.test.gs048.c1.time.easy.32,time,easy,near,"For heart failure with reduced ejection fraction, prescribe spironolactone. If the current weight is 60 kg or less or the age of the patient is 75 years or more, prescribe dapagliflozin instead.",Prescribe spironolactone.,Prescribe dapagliflozin.,s,patient: age = 63; present; current | patient: weight = 80; present; current | patient: weight = 51; present; past (2007),"Woman, adult.
Heart failure with reduced ejection fraction (ejection fraction 30%), still symptomatic.
Current age 63 years.
Sees a dentist yearly.
Current weight 80 kg.
Records from 2007 list weight at 51 kg.",,,,
author2,198,rule_v1/test_L2,rule_v1.test.gs048.c1.time.easy.32,time,easy,pres,"For heart failure with reduced ejection fraction, prescribe spironolactone. If the current weight is 60 kg or less or the age of the patient is 75 years or more, prescribe dapagliflozin instead.",Prescribe spironolactone.,Prescribe dapagliflozin.,s,patient: weight = 69; present; past (2007) | patient: age = 63; present; current | patient: weight = 80; present; current,"An adult woman.
Heart failure with reduced ejection fraction (ejection fraction 30%), still symptomatic.
Sees a dentist yearly.
Back in 2007, weight stood at 69 kg.
Currently aged 63 years.
Latest weight 80 kg.",,,,
author2,198,rule_v1/test_L2,rule_v1.test.gs048.c1.time.easy.32,time,easy,missing,"For heart failure with reduced ejection fraction, prescribe spironolactone. If the current weight is 60 kg or less or the age of the patient is 75 years or more, prescribe dapagliflozin instead.",Prescribe spironolactone.,Prescribe dapagliflozin.,neither,patient: age = 63; present; current,"Woman, adult.
Heart failure with reduced ejection fraction (ejection fraction 30%), still symptomatic.
Current age 63 years.
Sees a dentist yearly.",,,,
author2,202,rule_v1/test_L2,rule_v1.test.gs197.c2.time.long.207,time,long,base,"For thromboprophylaxis after hip replacement, prescribe enoxaparin. If the patient has ever had a myocardial infarction or peripheral artery disease (current or past) and the current systolic blood pressure is 90 mmHg or less, prescribe fondaparinux instead.",Prescribe enoxaparin.,Prescribe fondaparinux.,s,patient: systolic blood pressure = 129; present; past (2023) | patient: systolic blood pressure = 124; present; current | patient: myocardial infarction or peripheral artery disease; present; current,"Woman of 72 years.
First day after elective total hip replacement.
Records from 2023 list systolic blood pressure at 129 mmHg.
Zinc of 85 mcg/dL in 2021.
During a checkup in 2007, total protein was 7.0 g/dL.
Uses sunscreen in summer.
Her friend wears contact lenses.
Pupils equal and reactive to light.
During a checkup in 2021, free T3 was 3.2 pg/mL.
Observations now: blood pressure 124/83 mmHg.
Sees a dentist yearly.
Lives with peripheral artery disease affecting the left leg.
Has two cats.
Owns a bicycle.
Sleeps seven hours a night.
Her friend burned a hand on a stove years ago.
Lives in a second-floor apartment.
Enjoys board games.
Teeth in good repair.
Photographs local wildlife.
Paints watercolors as a hobby.
Prefers morning appointments.
Plays the piano.
Prefers to be addressed by first name.
Knits as a hobby.",,,,
author2,202,rule_v1/test_L2,rule_v1.test.gs197.c2.time.long.207,time,long,flip,"For thromboprophylaxis after hip replacement, prescribe enoxaparin. If the patient has ever had a myocardial infarction or peripheral artery disease (current or past) and the current systolic blood pressure is 90 mmHg or less, prescribe fondaparinux instead.",Prescribe enoxaparin.,Prescribe fondaparinux.,s',patient: systolic blood pressure = 129; present; past (2023) | patient: systolic blood pressure = 90; present; current | patient: myocardial infarction or peripheral artery disease; present; current,"Woman of 72 years.
First day after elective total hip replacement.
Records from 2023 list systolic blood pressure at 129 mmHg.
Zinc of 85 mcg/dL in 2021.
During a checkup in 2007, total protein was 7.0 g/dL.
Uses sunscreen in summer.
Her friend wears contact lenses.
Pupils equal and reactive to light.
During a checkup in 2021, free T3 was 3.2 pg/mL.
Observations now: blood pressure 90/64 mmHg.
Sees a dentist yearly.
Lives with peripheral artery disease affecting the left leg.
Has two cats.
Owns a bicycle.
Sleeps seven hours a night.
Her friend burned a hand on a stove years ago.
Lives in a second-floor apartment.
Enjoys board games.
Teeth in good repair.
Photographs local wildlife.
Paints watercolors as a hobby.
Prefers morning appointments.
Plays the piano.
Prefers to be addressed by first name.
Knits as a hobby.",,,,
author2,202,rule_v1/test_L2,rule_v1.test.gs197.c2.time.long.207,time,long,near,"For thromboprophylaxis after hip replacement, prescribe enoxaparin. If the patient has ever had a myocardial infarction or peripheral artery disease (current or past) and the current systolic blood pressure is 90 mmHg or less, prescribe fondaparinux instead.",Prescribe enoxaparin.,Prescribe fondaparinux.,s,patient: systolic blood pressure = 74; present; past (2023) | patient: systolic blood pressure = 124; present; current | patient: myocardial infarction or peripheral artery disease; present; current,"Woman of 72 years.
First day after elective total hip replacement.
Records from 2023 list systolic blood pressure at 74 mmHg.
Zinc of 85 mcg/dL in 2021.
During a checkup in 2007, total protein was 7.0 g/dL.
Uses sunscreen in summer.
Her friend wears contact lenses.
Pupils equal and reactive to light.
During a checkup in 2021, free T3 was 3.2 pg/mL.
Observations now: blood pressure 124/83 mmHg.
Sees a dentist yearly.
Lives with peripheral artery disease affecting the left leg.
Has two cats.
Owns a bicycle.
Sleeps seven hours a night.
Her friend burned a hand on a stove years ago.
Lives in a second-floor apartment.
Enjoys board games.
Teeth in good repair.
Photographs local wildlife.
Paints watercolors as a hobby.
Prefers morning appointments.
Plays the piano.
Prefers to be addressed by first name.
Knits as a hobby.",,,,
author2,202,rule_v1/test_L2,rule_v1.test.gs197.c2.time.long.207,time,long,pres,"For thromboprophylaxis after hip replacement, prescribe enoxaparin. If the patient has ever had a myocardial infarction or peripheral artery disease (current or past) and the current systolic blood pressure is 90 mmHg or less, prescribe fondaparinux instead.",Prescribe enoxaparin.,Prescribe fondaparinux.,s,patient: systolic blood pressure = 129; present; past (2023) | patient: myocardial infarction or peripheral artery disease; present; current | patient: systolic blood pressure = 124; present; current,"Female patient of 72 years.
First day after elective total hip replacement.
Sees a dentist yearly.
Lives in a second-floor apartment.
Prefers to be addressed by first name.
Back in 2023, systolic blood pressure stood at 129 mmHg.
Plays the piano.
Enjoys board games.
During a checkup in 2007, total protein was 7.0 g/dL.
Uses sunscreen in summer.
Sleeps seven hours a night.
Her friend wears contact lenses.
Paints watercolors as a hobby.
During a checkup in 2021, free T3 was 3.2 pg/mL.
Photographs local wildlife.
Lives with peripheral artery disease affecting the left leg.
Owns a bicycle.
Knits as a hobby.
Zinc of 85 mcg/dL in 2021.
Teeth in good repair.
Has two cats.
Pupils equal and reactive to light.
Prefers morning appointments.
Her friend burned a hand on a stove years ago.
Current systolic blood pressure 124 mmHg.",,,,
author2,202,rule_v1/test_L2,rule_v1.test.gs197.c2.time.long.207,time,long,missing,"For thromboprophylaxis after hip replacement, prescribe enoxaparin. If the patient has ever had a myocardial infarction or peripheral artery disease (current or past) and the current systolic blood pressure is 90 mmHg or less, prescribe fondaparinux instead.",Prescribe enoxaparin.,Prescribe fondaparinux.,neither,patient: myocardial infarction or peripheral artery disease; present; current,"Woman of 72 years.
First day after elective total hip replacement.
Zinc of 85 mcg/dL in 2021.
During a checkup in 2007, total protein was 7.0 g/dL.
Uses sunscreen in summer.
Her friend wears contact lenses.
Pupils equal and reactive to light.
During a checkup in 2021, free T3 was 3.2 pg/mL.
Sees a dentist yearly.
Lives with peripheral artery disease affecting the left leg.
Has two cats.
Owns a bicycle.
Sleeps seven hours a night.
Her friend burned a hand on a stove years ago.
Lives in a second-floor apartment.
Enjoys board games.
Teeth in good repair.
Photographs local wildlife.
Paints watercolors as a hobby.
Prefers morning appointments.
Plays the piano.
Prefers to be addressed by first name.
Knits as a hobby.",,,,
author2,206,rule_v1/test_hard,rule_v1.test.gs047.c1.boundary.long.34,boundary,long,base,"For dual antiplatelet therapy after a myocardial infarction, prescribe aspirin plus ticagrelor. If the current serum potassium is above 5.0 mmol/L and the patient or a first-degree relative (parent, sibling or child) has had a venous thromboembolism at any time, prescribe aspirin plus clopidogrel instead.",Prescribe aspirin plus ticagrelor.,Prescribe aspirin plus clopidogrel.,s,patient: serum potassium = 4.5; present; current | patient: venous thromboembolism (patient or first-degree relative); present; current,"Female patient of 52 years.
Recovering on the ward after a myocardial infarction treated with a stent.
Latest potassium result: 4.5 mmol/L.
Pupils equal and reactive to light.
In 2006, folate was 12 ng/mL.
Sees a dentist yearly.
Has two cats.
Knits as a hobby.
Plays the piano.
Free T4 of 1.2 ng/dL in 2014.
Her sister has recovered from a dislocated finger.
Paints watercolors as a hobby.
During a checkup in 2020, free T3 was 3.2 pg/mL.
Her roommate lives with psoriasis.
Has an acute pulmonary embolism, diagnosed this week.
Owns a bicycle.
Teeth in good repair.
Prefers to be addressed by first name.
Photographs local wildlife.
Enjoys board games.
Lives in a second-floor apartment.",,,,
author2,206,rule_v1/test_hard,rule_v1.test.gs047.c1.boundary.long.34,boundary,long,flip,"For dual antiplatelet therapy after a myocardial infarction, prescribe aspirin plus ticagrelor. If the current serum potassium is above 5.0 mmol/L and the patient or a first-degree relative (parent, sibling or child) has had a venous thromboembolism at any time, prescribe aspirin plus clopidogrel instead.",Prescribe aspirin plus ticagrelor.,Prescribe aspirin plus clopidogrel.,s',patient: serum potassium = 5.8; present; current | patient: venous thromboembolism (patient or first-degree relative); present; current,"Female patient of 52 years.
Recovering on the ward after a myocardial infarction treated with a stent.
Latest potassium result: 5.8 mmol/L.
Pupils equal and reactive to light.
In 2006, folate was 12 ng/mL.
Sees a dentist yearly.
Has two cats.
Knits as a hobby.
Plays the piano.
Free T4 of 1.2 ng/dL in 2014.
Her sister has recovered from a dislocated finger.
Paints watercolors as a hobby.
During a checkup in 2020, free T3 was 3.2 pg/mL.
Her roommate lives with psoriasis.
Has an acute pulmonary embolism, diagnosed this week.
Owns a bicycle.
Teeth in good repair.
Prefers to be addressed by first name.
Photographs local wildlife.
Enjoys board games.
Lives in a second-floor apartment.",,,,
author2,206,rule_v1/test_hard,rule_v1.test.gs047.c1.boundary.long.34,boundary,long,near,"For dual antiplatelet therapy after a myocardial infarction, prescribe aspirin plus ticagrelor. If the current serum potassium is above 5.0 mmol/L and the patient or a first-degree relative (parent, sibling or child) has had a venous thromboembolism at any time, prescribe aspirin plus clopidogrel instead.",Prescribe aspirin plus ticagrelor.,Prescribe aspirin plus clopidogrel.,s,patient: serum potassium = 5.0; present; current | patient: venous thromboembolism (patient or first-degree relative); present; current,"Female patient of 52 years.
Recovering on the ward after a myocardial infarction treated with a stent.
Latest potassium result: 5.0 mmol/L.
Pupils equal and reactive to light.
In 2006, folate was 12 ng/mL.
Sees a dentist yearly.
Has two cats.
Knits as a hobby.
Plays the piano.
Free T4 of 1.2 ng/dL in 2014.
Her sister has recovered from a dislocated finger.
Paints watercolors as a hobby.
During a checkup in 2020, free T3 was 3.2 pg/mL.
Her roommate lives with psoriasis.
Has an acute pulmonary embolism, diagnosed this week.
Owns a bicycle.
Teeth in good repair.
Prefers to be addressed by first name.
Photographs local wildlife.
Enjoys board games.
Lives in a second-floor apartment.",,,,
author2,206,rule_v1/test_hard,rule_v1.test.gs047.c1.boundary.long.34,boundary,long,pres,"For dual antiplatelet therapy after a myocardial infarction, prescribe aspirin plus ticagrelor. If the current serum potassium is above 5.0 mmol/L and the patient or a first-degree relative (parent, sibling or child) has had a venous thromboembolism at any time, prescribe aspirin plus clopidogrel instead.",Prescribe aspirin plus ticagrelor.,Prescribe aspirin plus clopidogrel.,s,patient: serum potassium = 4.5; present; current | patient: venous thromboembolism (patient or first-degree relative); present; current,"Woman of 52 years.
Recovering on the ward after a myocardial infarction treated with a stent.
Teeth in good repair.
Photographs local wildlife.
Sees a dentist yearly.
Current serum potassium 4.5 mmol/L.
Plays the piano.
Her sister has recovered from a dislocated finger.
Prefers to be addressed by first name.
Pupils equal and reactive to light.
Owns a bicycle.
Has an acute pulmonary embolism, diagnosed this week.
Free T4 of 1.2 ng/dL in 2014.
In 2006, folate was 12 ng/mL.
Has two cats.
Knits as a hobby.
Her roommate lives with psoriasis.
Lives in a second-floor apartment.
Paints watercolors as a hobby.
Enjoys board games.
During a checkup in 2020, free T3 was 3.2 pg/mL.",,,,
author2,210,rule_v1/test_L2,rule_v1.test.gs047.c1.time.easy.1779,time,easy,base,"For dual antiplatelet therapy after a myocardial infarction, prescribe aspirin plus ticagrelor. If the current serum potassium is above 5.0 mmol/L and the patient or a first-degree relative (parent, sibling or child) has had a venous thromboembolism at any time, prescribe aspirin plus clopidogrel instead.",Prescribe aspirin plus ticagrelor.,Prescribe aspirin plus clopidogrel.,s,patient: serum potassium = 3.8; present; current | patient: serum potassium = 4.4; present; past (2005) | patient: venous thromboembolism (patient or first-degree relative); present; past (2024),"Woman of 54 years.
Recovering on the ward after a myocardial infarction treated with a stent.
Current serum potassium 3.8 mmol/L.
Back in 2005, serum potassium stood at 4.4 mmol/L.
Teeth in good repair.
Recovered from a pulmonary embolism in 2024.",,,,
author2,210,rule_v1/test_L2,rule_v1.test.gs047.c1.time.easy.1779,time,easy,flip,"For dual antiplatelet therapy after a myocardial infarction, prescribe aspirin plus ticagrelor. If the current serum potassium is above 5.0 mmol/L and the patient or a first-degree relative (parent, sibling or child) has had a venous thromboembolism at any time, prescribe aspirin plus clopidogrel instead.",Prescribe aspirin plus ticagrelor.,Prescribe aspirin plus clopidogrel.,s',patient: serum potassium = 5.5; present; current | patient: serum potassium = 4.4; present; past (2005) | patient: venous thromboembolism (patient or first-degree relative); present; past (2024),"Woman of 54 years.
Recovering on the ward after a myocardial infarction treated with a stent.
Current serum potassium 5.5 mmol/L.
Back in 2005, serum potassium stood at 4.4 mmol/L.
Teeth in good repair.
Recovered from a pulmonary embolism in 2024.",,,,
author2,210,rule_v1/test_L2,rule_v1.test.gs047.c1.time.easy.1779,time,easy,near,"For dual antiplatelet therapy after a myocardial infarction, prescribe aspirin plus ticagrelor. If the current serum potassium is above 5.0 mmol/L and the patient or a first-degree relative (parent, sibling or child) has had a venous thromboembolism at any time, prescribe aspirin plus clopidogrel instead.",Prescribe aspirin plus ticagrelor.,Prescribe aspirin plus clopidogrel.,s,patient: serum potassium = 3.8; present; current | patient: serum potassium = 5.3; present; past (2005) | patient: venous thromboembolism (patient or first-degree relative); present; past (2024),"Woman of 54 years.
Recovering on the ward after a myocardial infarction treated with a stent.
Current serum potassium 3.8 mmol/L.
Back in 2005, serum potassium stood at 5.3 mmol/L.
Teeth in good repair.
Recovered from a pulmonary embolism in 2024.",,,,
author2,210,rule_v1/test_L2,rule_v1.test.gs047.c1.time.easy.1779,time,easy,pres,"For dual antiplatelet therapy after a myocardial infarction, prescribe aspirin plus ticagrelor. If the current serum potassium is above 5.0 mmol/L and the patient or a first-degree relative (parent, sibling or child) has had a venous thromboembolism at any time, prescribe aspirin plus clopidogrel instead.",Prescribe aspirin plus ticagrelor.,Prescribe aspirin plus clopidogrel.,s,patient: serum potassium = 4.4; present; past (2005) | patient: serum potassium = 3.8; present; current | patient: venous thromboembolism (patient or first-degree relative); present; past (2024),"Female patient of 54 years.
Recovering on the ward after a myocardial infarction treated with a stent.
Records from 2005 list serum potassium at 4.4 mmol/L.
Latest potassium result: 3.8 mmol/L.
Recovered from a pulmonary embolism in 2024.
Teeth in good repair.",,,,
author2,214,rule_v1/test_L1,rule_v1.test.two_pneumonia.sbp.time.superseded.507,time,superseded,base,"For community-acquired pneumonia, prescribe oral amoxicillin. If at least two of the following apply, prescribe intravenous co-amoxiclav instead: the patient has new confusion; the current respiratory rate is 30/min or more; the current systolic blood pressure is below 90 mmHg.",Prescribe oral amoxicillin.,Prescribe intravenous co-amoxiclav.,s,patient: systolic blood pressure = 122; present; past | patient: new confusion; absent; current | patient: systolic blood pressure = 119; present; current | patient: respiratory rate = 36; present; current,"Woman of 52 years.
Community-acquired pneumonia confirmed on chest radiograph.
Pupils equal and reactive to light.
Last month, systolic blood pressure was 122 mmHg; the newest measurement replaces it.
Gives a clear account of the illness.
Current systolic blood pressure 119 mmHg.
Lives in a second-floor apartment.
Current respiratory rate 36/min.
Paints watercolors as a hobby.",,,,
author2,214,rule_v1/test_L1,rule_v1.test.two_pneumonia.sbp.time.superseded.507,time,superseded,flip,"For community-acquired pneumonia, prescribe oral amoxicillin. If at least two of the following apply, prescribe intravenous co-amoxiclav instead: the patient has new confusion; the current respiratory rate is 30/min or more; the current systolic blood pressure is below 90 mmHg.",Prescribe oral amoxicillin.,Prescribe intravenous co-amoxiclav.,s',patient: systolic blood pressure = 122; present; past | patient: new confusion; absent; current | patient: systolic blood pressure = 77; present; current | patient: respiratory rate = 36; present; current,"Woman of 52 years.
Community-acquired pneumonia confirmed on chest radiograph.
Pupils equal and reactive to light.
Last month, systolic blood pressure was 122 mmHg; the newest measurement replaces it.
Gives a clear account of the illness.
Current systolic blood pressure 77 mmHg.
Lives in a second-floor apartment.
Current respiratory rate 36/min.
Paints watercolors as a hobby.",,,,
author2,214,rule_v1/test_L1,rule_v1.test.two_pneumonia.sbp.time.superseded.507,time,superseded,near,"For community-acquired pneumonia, prescribe oral amoxicillin. If at least two of the following apply, prescribe intravenous co-amoxiclav instead: the patient has new confusion; the current respiratory rate is 30/min or more; the current systolic blood pressure is below 90 mmHg.",Prescribe oral amoxicillin.,Prescribe intravenous co-amoxiclav.,s,patient: systolic blood pressure = 79; present; past | patient: new confusion; absent; current | patient: systolic blood pressure = 119; present; current | patient: respiratory rate = 36; present; current,"Woman of 52 years.
Community-acquired pneumonia confirmed on chest radiograph.
Pupils equal and reactive to light.
Last month, systolic blood pressure was 79 mmHg; the newest measurement replaces it.
Gives a clear account of the illness.
Current systolic blood pressure 119 mmHg.
Lives in a second-floor apartment.
Current respiratory rate 36/min.
Paints watercolors as a hobby.",,,,
author2,214,rule_v1/test_L1,rule_v1.test.two_pneumonia.sbp.time.superseded.507,time,superseded,pres,"For community-acquired pneumonia, prescribe oral amoxicillin. If at least two of the following apply, prescribe intravenous co-amoxiclav instead: the patient has new confusion; the current respiratory rate is 30/min or more; the current systolic blood pressure is below 90 mmHg.",Prescribe oral amoxicillin.,Prescribe intravenous co-amoxiclav.,s,patient: systolic blood pressure = 119; present; current | patient: respiratory rate = 36; present; current | patient: systolic blood pressure = 122; present; past | patient: new confusion; absent; current,"Female patient of 52 years.
Community-acquired pneumonia confirmed on chest radiograph.
Lives in a second-floor apartment.
Observations now: blood pressure 119/80 mmHg.
Observations now: respiratory rate 36/min.
Pupils equal and reactive to light.
Last month, systolic blood pressure was 122 mmHg; the newest measurement replaces it.
Gives a clear account of the illness.
Paints watercolors as a hobby.",,,,
author2,218,rule_v1/test_L2,rule_v1.test.s1_news2_other.sbp.numeric.long.729,numeric,long,base,"NEWS2 (as used here, partial: only the stated band of each listed item): 3 points for a heart rate of 131/min or more; 3 points for a systolic blood pressure of 220 mmHg or more; 2 points for a temperature of 39.1 C or more; 2 points for current use of supplemental oxygen. Any other value of these items scores 0 here, and the other NEWS2 items are not part of this question. Only current findings count.",The systolic blood pressure criterion contributes 0 points.,The systolic blood pressure criterion contributes 3 points.,s,patient: heart rate = 67; present; current | patient: systolic blood pressure = 133; present; current | patient: temperature = 36.8; present; current,"Male patient of 52 years.
Newly admitted to the medical ward with a chest infection.
Current heart rate 67/min.
Observations now: blood pressure 133/88 mmHg.
Current temperature 36.8 C.
His uncle sprained a thumb last month.
Free T4 of 1.2 ng/dL in 2014.
Lives in a second-floor apartment.
Enjoys board games.
Uses sunscreen in summer.
Has two cats.
Prefers to be addressed by first name.
His roommate burned a hand on a stove years ago.
Knits as a hobby.
Paints watercolors as a hobby.
Sleeps seven hours a night.
Zinc of 85 mcg/dL in 2015.
Photographs local wildlife.
Drives a car.
During a checkup in 2017, total protein was 7.0 g/dL.",,,,
author2,218,rule_v1/test_L2,rule_v1.test.s1_news2_other.sbp.numeric.long.729,numeric,long,flip,"NEWS2 (as used here, partial: only the stated band of each listed item): 3 points for a heart rate of 131/min or more; 3 points for a systolic blood pressure of 220 mmHg or more; 2 points for a temperature of 39.1 C or more; 2 points for current use of supplemental oxygen. Any other value of these items scores 0 here, and the other NEWS2 items are not part of this question. Only current findings count.",The systolic blood pressure criterion contributes 0 points.,The systolic blood pressure criterion contributes 3 points.,s',patient: heart rate = 67; present; current | patient: systolic blood pressure = 220; present; current | patient: temperature = 36.8; present; current,"Male patient of 52 years.
Newly admitted to the medical ward with a chest infection.
Current heart rate 67/min.
Observations now: blood pressure 220/136 mmHg.
Current temperature 36.8 C.
His uncle sprained a thumb last month.
Free T4 of 1.2 ng/dL in 2014.
Lives in a second-floor apartment.
Enjoys board games.
Uses sunscreen in summer.
Has two cats.
Prefers to be addressed by first name.
His roommate burned a hand on a stove years ago.
Knits as a hobby.
Paints watercolors as a hobby.
Sleeps seven hours a night.
Zinc of 85 mcg/dL in 2015.
Photographs local wildlife.
Drives a car.
During a checkup in 2017, total protein was 7.0 g/dL.",,,,
author2,218,rule_v1/test_L2,rule_v1.test.s1_news2_other.sbp.numeric.long.729,numeric,long,near,"NEWS2 (as used here, partial: only the stated band of each listed item): 3 points for a heart rate of 131/min or more; 3 points for a systolic blood pressure of 220 mmHg or more; 2 points for a temperature of 39.1 C or more; 2 points for current use of supplemental oxygen. Any other value of these items scores 0 here, and the other NEWS2 items are not part of this question. Only current findings count.",The systolic blood pressure criterion contributes 0 points.,The systolic blood pressure criterion contributes 3 points.,s,patient: heart rate = 67; present; current | patient: systolic blood pressure = 215; present; current | patient: temperature = 36.8; present; current,"Male patient of 52 years.
Newly admitted to the medical ward with a chest infection.
Current heart rate 67/min.
Observations now: blood pressure 215/133 mmHg.
Current temperature 36.8 C.
His uncle sprained a thumb last month.
Free T4 of 1.2 ng/dL in 2014.
Lives in a second-floor apartment.
Enjoys board games.
Uses sunscreen in summer.
Has two cats.
Prefers to be addressed by first name.
His roommate burned a hand on a stove years ago.
Knits as a hobby.
Paints watercolors as a hobby.
Sleeps seven hours a night.
Zinc of 85 mcg/dL in 2015.
Photographs local wildlife.
Drives a car.
During a checkup in 2017, total protein was 7.0 g/dL.",,,,
author2,218,rule_v1/test_L2,rule_v1.test.s1_news2_other.sbp.numeric.long.729,numeric,long,pres,"NEWS2 (as used here, partial: only the stated band of each listed item): 3 points for a heart rate of 131/min or more; 3 points for a systolic blood pressure of 220 mmHg or more; 2 points for a temperature of 39.1 C or more; 2 points for current use of supplemental oxygen. Any other value of these items scores 0 here, and the other NEWS2 items are not part of this question. Only current findings count.",The systolic blood pressure criterion contributes 0 points.,The systolic blood pressure criterion contributes 3 points.,s,patient: systolic blood pressure = 133; present; current | patient: temperature = 36.8; present; current | patient: heart rate = 67; present; current,"Man of 52 years.
Newly admitted to the medical ward with a chest infection.
Current systolic blood pressure 133 mmHg.
During a checkup in 2017, total protein was 7.0 g/dL.
His roommate burned a hand on a stove years ago.
Enjoys board games.
Paints watercolors as a hobby.
His uncle sprained a thumb last month.
Drives a car.
Prefers to be addressed by first name.
Photographs local wildlife.
Sleeps seven hours a night.
Lives in a second-floor apartment.
Uses sunscreen in summer.
Zinc of 85 mcg/dL in 2015.
Has two cats.
Temperature now 36.8 C (tympanic).
Knits as a hobby.
Heart rate now 67/min on a pulse check.
Free T4 of 1.2 ng/dL in 2014.",,,,
author2,218,rule_v1/test_L2,rule_v1.test.s1_news2_other.sbp.numeric.long.729,numeric,long,missing,"NEWS2 (as used here, partial: only the stated band of each listed item): 3 points for a heart rate of 131/min or more; 3 points for a systolic blood pressure of 220 mmHg or more; 2 points for a temperature of 39.1 C or more; 2 points for current use of supplemental oxygen. Any other value of these items scores 0 here, and the other NEWS2 items are not part of this question. Only current findings count.",The systolic blood pressure criterion contributes 0 points.,The systolic blood pressure criterion contributes 3 points.,neither,patient: heart rate = 67; present; current | patient: temperature = 36.8; present; current,"Male patient of 52 years.
Newly admitted to the medical ward with a chest infection.
Current heart rate 67/min.
Current temperature 36.8 C.
His uncle sprained a thumb last month.
Free T4 of 1.2 ng/dL in 2014.
Lives in a second-floor apartment.
Enjoys board games.
Uses sunscreen in summer.
Has two cats.
Prefers to be addressed by first name.
His roommate burned a hand on a stove years ago.
Knits as a hobby.
Paints watercolors as a hobby.
Sleeps seven hours a night.
Zinc of 85 mcg/dL in 2015.
Photographs local wildlife.
Drives a car.
During a checkup in 2017, total protein was 7.0 g/dL.",,,,
author2,222,rule_v1/test_L2,rule_v1.test.gs071.c2.subject.long.1413,subject,long,base,"For stroke prevention in atrial fibrillation, prescribe apixaban. If the current temperature is above 38.0 C and the patient has ever had a peptic ulcer (current or past), prescribe warfarin instead.",Prescribe apixaban.,Prescribe warfarin.,s,patient: temperature = 38.5; present; current | patient: peptic ulcer at any time; absent; current,"Female patient of 53 years.
Atrial fibrillation; anticoagulation indicated.
Knits as a hobby.
Her uncle burned a hand on a stove years ago.
Pupils equal and reactive to light.
Her wife lives with psoriasis.
Enjoys board games.
Prefers morning appointments.
Paints watercolors as a hobby.
Prefers to be addressed by first name.
In 2021, lipase was 30 U/L.
Owns a bicycle.
During a checkup in 2018, free T3 was 3.2 pg/mL.
Current temperature 38.5 C.
Lives in a second-floor apartment.
Drives a car.
During a checkup in 2018, total protein was 7.0 g/dL.
Free T4 of 1.2 ng/dL in 2010.
Sees a dentist yearly.
Sleeps seven hours a night.
Photographs local wildlife.
Has two cats.
Appetite good; no indigestion.
Plays the piano.",,,,
author2,222,rule_v1/test_L2,rule_v1.test.gs071.c2.subject.long.1413,subject,long,flip,"For stroke prevention in atrial fibrillation, prescribe apixaban. If the current temperature is above 38.0 C and the patient has ever had a peptic ulcer (current or past), prescribe warfarin instead.",Prescribe apixaban.,Prescribe warfarin.,s',patient: temperature = 38.5; present; current | patient: peptic ulcer at any time; present; past (2014),"Female patient of 53 years.
Atrial fibrillation; anticoagulation indicated.
Knits as a hobby.
Her uncle burned a hand on a stove years ago.
Pupils equal and reactive to light.
Her wife lives with psoriasis.
Enjoys board games.
Prefers morning appointments.
Paints watercolors as a hobby.
Prefers to be addressed by first name.
In 2021, lipase was 30 U/L.
Owns a bicycle.
During a checkup in 2018, free T3 was 3.2 pg/mL.
Current temperature 38.5 C.
Lives in a second-floor apartment.
Drives a car.
During a checkup in 2018, total protein was 7.0 g/dL.
Free T4 of 1.2 ng/dL in 2010.
Sees a dentist yearly.
Sleeps seven hours a night.
Photographs local wildlife.
Has two cats.
Formerly treated for a peptic ulcer; endoscopy in 2014 showed it had gone.
Plays the piano.",,,,
author2,222,rule_v1/test_L2,rule_v1.test.gs071.c2.subject.long.1413,subject,long,near,"For stroke prevention in atrial fibrillation, prescribe apixaban. If the current temperature is above 38.0 C and the patient has ever had a peptic ulcer (current or past), prescribe warfarin instead.",Prescribe apixaban.,Prescribe warfarin.,s,patient: temperature = 38.5; present; current | roommate: peptic ulcer at any time; present; past,"Female patient of 53 years.
Atrial fibrillation; anticoagulation indicated.
Knits as a hobby.
Her uncle burned a hand on a stove years ago.
Pupils equal and reactive to light.
Her wife lives with psoriasis.
Enjoys board games.
Prefers morning appointments.
Paints watercolors as a hobby.
Prefers to be addressed by first name.
In 2021, lipase was 30 U/L.
Owns a bicycle.
During a checkup in 2018, free T3 was 3.2 pg/mL.
Current temperature 38.5 C.
Lives in a second-floor apartment.
Drives a car.
During a checkup in 2018, total protein was 7.0 g/dL.
Free T4 of 1.2 ng/dL in 2010.
Sees a dentist yearly.
Sleeps seven hours a night.
Photographs local wildlife.
Has two cats.
Her roommate recovered from a stomach ulcer years ago.
Plays the piano.",,,,
author2,222,rule_v1/test_L2,rule_v1.test.gs071.c2.subject.long.1413,subject,long,pres,"For stroke prevention in atrial fibrillation, prescribe apixaban. If the current temperature is above 38.0 C and the patient has ever had a peptic ulcer (current or past), prescribe warfarin instead.",Prescribe apixaban.,Prescribe warfarin.,s,patient: peptic ulcer at any time; absent; current | patient: temperature = 38.5; present; current,"Woman of 53 years.
Atrial fibrillation; anticoagulation indicated.
Prefers morning appointments.
Sees a dentist yearly.
Prefers to be addressed by first name.
Her uncle burned a hand on a stove years ago.
Drives a car.
Has two cats.
Sleeps seven hours a night.
During a checkup in 2018, total protein was 7.0 g/dL.
During a checkup in 2018, free T3 was 3.2 pg/mL.
Owns a bicycle.
Appetite good; no indigestion.
Her wife lives with psoriasis.
Enjoys board games.
In 2021, lipase was 30 U/L.
Plays the piano.
Pupils equal and reactive to light.
Photographs local wildlife.
Paints watercolors as a hobby.
Knits as a hobby.
Free T4 of 1.2 ng/dL in 2010.
Temperature now 38.5 C (tympanic).
Lives in a second-floor apartment.",,,,
author2,226,rule_v1/test_hard,rule_v1.test.gs044.c3.negation.long.758,negation,long,base,"For suspected infection on the medical ward, prescribe oral amoxicillin. If at least two of the following apply, prescribe intravenous piperacillin-tazobactam instead: the age of the patient is 65 years or more; the patient has ever had a peptic ulcer (current or past); the patient has ever had a myocardial infarction or peripheral artery disease (current or past).",Prescribe oral amoxicillin.,Prescribe intravenous piperacillin-tazobactam.,s,patient: myocardial infarction or peripheral artery disease; absent; current | patient: age = 66; present; current | patient: peptic ulcer at any time; absent; current,"An adult man.
Suspected chest infection; assessed on the medical ward.
Plays the piano.
Sees a dentist yearly.
Walks without calf pain.
Prefers morning appointments.
Teeth in good repair.
Lives in a second-floor apartment.
His friend has recovered from a dislocated finger.
Uses sunscreen in summer.
Sleeps seven hours a night.
In 2024, lipase was 30 U/L.
Prefers to be addressed by first name.
Has two cats.
Knits as a hobby.
In 2021, folate was 12 ng/mL.
His roommate has a lazy eye.
Currently aged 66 years.
Photographs local wildlife.
Enjoys board games.
Appetite good; no indigestion.
Drives a car.
His roommate lives with psoriasis.
Owns a bicycle.
Free T4 of 1.2 ng/dL in 2005.",,,,
author2,226,rule_v1/test_hard,rule_v1.test.gs044.c3.negation.long.758,negation,long,flip,"For suspected infection on the medical ward, prescribe oral amoxicillin. If at least two of the following apply, prescribe intravenous piperacillin-tazobactam instead: the age of the patient is 65 years or more; the patient has ever had a peptic ulcer (current or past); the patient has ever had a myocardial infarction or peripheral artery disease (current or past).",Prescribe oral amoxicillin.,Prescribe intravenous piperacillin-tazobactam.,s',patient: myocardial infarction or peripheral artery disease; present; past | patient: age = 66; present; current | patient: peptic ulcer at any time; absent; current,"An adult man.
Suspected chest infection; assessed on the medical ward.
Plays the piano.
Sees a dentist yearly.
Heart attack years ago, with full recovery.
Prefers morning appointments.
Teeth in good repair.
Lives in a second-floor apartment.
His friend has recovered from a dislocated finger.
Uses sunscreen in summer.
Sleeps seven hours a night.
In 2024, lipase was 30 U/L.
Prefers to be addressed by first name.
Has two cats.
Knits as a hobby.
In 2021, folate was 12 ng/mL.
His roommate has a lazy eye.
Currently aged 66 years.
Photographs local wildlife.
Enjoys board games.
Appetite good; no indigestion.
Drives a car.
His roommate lives with psoriasis.
Owns a bicycle.
Free T4 of 1.2 ng/dL in 2005.",,,,
author2,226,rule_v1/test_hard,rule_v1.test.gs044.c3.negation.long.758,negation,long,near,"For suspected infection on the medical ward, prescribe oral amoxicillin. If at least two of the following apply, prescribe intravenous piperacillin-tazobactam instead: the age of the patient is 65 years or more; the patient has ever had a peptic ulcer (current or past); the patient has ever had a myocardial infarction or peripheral artery disease (current or past).",Prescribe oral amoxicillin.,Prescribe intravenous piperacillin-tazobactam.,s,patient: myocardial infarction or peripheral artery disease; absent; current | patient: age = 66; present; current | patient: peptic ulcer at any time; absent; current,"An adult man.
Suspected chest infection; assessed on the medical ward.
Plays the piano.
Sees a dentist yearly.
Has never had a heart attack or peripheral artery disease.
Prefers morning appointments.
Teeth in good repair.
Lives in a second-floor apartment.
His friend has recovered from a dislocated finger.
Uses sunscreen in summer.
Sleeps seven hours a night.
In 2024, lipase was 30 U/L.
Prefers to be addressed by first name.
Has two cats.
Knits as a hobby.
In 2021, folate was 12 ng/mL.
His roommate has a lazy eye.
Currently aged 66 years.
Photographs local wildlife.
Enjoys board games.
Appetite good; no indigestion.
Drives a car.
His roommate lives with psoriasis.
Owns a bicycle.
Free T4 of 1.2 ng/dL in 2005.",,,,
author2,226,rule_v1/test_hard,rule_v1.test.gs044.c3.negation.long.758,negation,long,pres,"For suspected infection on the medical ward, prescribe oral amoxicillin. If at least two of the following apply, prescribe intravenous piperacillin-tazobactam instead: the age of the patient is 65 years or more; the patient has ever had a peptic ulcer (current or past); the patient has ever had a myocardial infarction or peripheral artery disease (current or past).",Prescribe oral amoxicillin.,Prescribe intravenous piperacillin-tazobactam.,s,patient: peptic ulcer at any time; absent; current | patient: myocardial infarction or peripheral artery disease; absent; current | patient: age = 66; present; current,"Man, adult.
Suspected chest infection; assessed on the medical ward.
Drives a car.
Owns a bicycle.
Enjoys board games.
His roommate has a lazy eye.
Lives in a second-floor apartment.
Appetite good; no indigestion.
His roommate lives with psoriasis.
His friend has recovered from a dislocated finger.
Sleeps seven hours a night.
Photographs local wildlife.
Prefers to be addressed by first name.
Uses sunscreen in summer.
Walks without calf pain.
Knits as a hobby.
In 2021, folate was 12 ng/mL.
In 2024, lipase was 30 U/L.
Has two cats.
Teeth in good repair.
Free T4 of 1.2 ng/dL in 2005.
Plays the piano.
Prefers morning appointments.
Sees a dentist yearly.
Current age 66 years.",,,,
author2,230,rule_v1/test_hard,rule_v1.test.gs131.c3.subject.long.22,subject,long,base,"For vaginal candidiasis, prescribe oral fluconazole. Score 1 point if the current eGFR is below 45 mL/min/1.73 m2; 3 points if the current heart rate is above 90/min; 2 points if the patient has ever had coronary artery disease (current or past). If the score is 6 or more, prescribe clotrimazole pessaries instead.",Prescribe oral fluconazole.,Prescribe clotrimazole pessaries.,s,patient: heart rate = 100; present; current | patient: coronary artery disease; absent; current | patient: eGFR = 41; present; current,"Woman of 33 years.
Vaginal itching and discharge; candidiasis confirmed on microscopy.
Her friend has a lazy eye.
Lives in a second-floor apartment.
In 2012, folate was 12 ng/mL.
Heart rate now 100/min on a pulse check.
Teeth in good repair.
Plays the piano.
Knits as a hobby.
Cardiac stress test unremarkable last year.
Photographs local wildlife.
Her father wears contact lenses.
Sees a dentist yearly.
Zinc of 85 mcg/dL in 2012.
Enjoys board games.
Her friend has recovered from a dislocated finger.
Sleeps seven hours a night.
Prefers morning appointments.
Her father sprained a thumb last month.
Has two cats.
Pupils equal and reactive to light.
Current eGFR 41 mL/min/1.73 m2.
During a checkup in 2011, total protein was 7.0 g/dL.",,,,
author2,230,rule_v1/test_hard,rule_v1.test.gs131.c3.subject.long.22,subject,long,flip,"For vaginal candidiasis, prescribe oral fluconazole. Score 1 point if the current eGFR is below 45 mL/min/1.73 m2; 3 points if the current heart rate is above 90/min; 2 points if the patient has ever had coronary artery disease (current or past). If the score is 6 or more, prescribe clotrimazole pessaries instead.",Prescribe oral fluconazole.,Prescribe clotrimazole pessaries.,s',patient: heart rate = 100; present; current | patient: coronary artery disease; present; current | patient: eGFR = 41; present; current,"Woman of 33 years.
Vaginal itching and discharge; candidiasis confirmed on microscopy.
Her friend has a lazy eye.
Lives in a second-floor apartment.
In 2012, folate was 12 ng/mL.
Heart rate now 100/min on a pulse check.
Teeth in good repair.
Plays the piano.
Knits as a hobby.
Known coronary artery disease (two-vessel disease on angiography).
Photographs local wildlife.
Her father wears contact lenses.
Sees a dentist yearly.
Zinc of 85 mcg/dL in 2012.
Enjoys board games.
Her friend has recovered from a dislocated finger.
Sleeps seven hours a night.
Prefers morning appointments.
Her father sprained a thumb last month.
Has two cats.
Pupils equal and reactive to light.
Current eGFR 41 mL/min/1.73 m2.
During a checkup in 2011, total protein was 7.0 g/dL.",,,,
author2,230,rule_v1/test_hard,rule_v1.test.gs131.c3.subject.long.22,subject,long,near,"For vaginal candidiasis, prescribe oral fluconazole. Score 1 point if the current eGFR is below 45 mL/min/1.73 m2; 3 points if the current heart rate is above 90/min; 2 points if the patient has ever had coronary artery disease (current or past). If the score is 6 or more, prescribe clotrimazole pessaries instead.",Prescribe oral fluconazole.,Prescribe clotrimazole pessaries.,s,patient: heart rate = 100; present; current | roommate: coronary artery disease; present; current | patient: eGFR = 41; present; current,"Woman of 33 years.
Vaginal itching and discharge; candidiasis confirmed on microscopy.
Her friend has a lazy eye.
Lives in a second-floor apartment.
In 2012, folate was 12 ng/mL.
Heart rate now 100/min on a pulse check.
Teeth in good repair.
Plays the piano.
Knits as a hobby.
Her roommate has known coronary artery disease.
Photographs local wildlife.
Her father wears contact lenses.
Sees a dentist yearly.
Zinc of 85 mcg/dL in 2012.
Enjoys board games.
Her friend has recovered from a dislocated finger.
Sleeps seven hours a night.
Prefers morning appointments.
Her father sprained a thumb last month.
Has two cats.
Pupils equal and reactive to light.
Current eGFR 41 mL/min/1.73 m2.
During a checkup in 2011, total protein was 7.0 g/dL.",,,,
author2,230,rule_v1/test_hard,rule_v1.test.gs131.c3.subject.long.22,subject,long,pres,"For vaginal candidiasis, prescribe oral fluconazole. Score 1 point if the current eGFR is below 45 mL/min/1.73 m2; 3 points if the current heart rate is above 90/min; 2 points if the patient has ever had coronary artery disease (current or past). If the score is 6 or more, prescribe clotrimazole pessaries instead.",Prescribe oral fluconazole.,Prescribe clotrimazole pessaries.,s,patient: coronary artery disease; absent; current | patient: heart rate = 100; present; current | patient: eGFR = 41; present; current,"Female patient of 33 years.
Vaginal itching and discharge; candidiasis confirmed on microscopy.
Cardiac stress test unremarkable last year.
Her friend has recovered from a dislocated finger.
During a checkup in 2011, total protein was 7.0 g/dL.
Current heart rate 100/min.
Photographs local wildlife.
Prefers morning appointments.
Lives in a second-floor apartment.
Her friend has a lazy eye.
Has two cats.
Her father wears contact lenses.
eGFR now 41 mL/min/1.73 m2.
In 2012, folate was 12 ng/mL.
Zinc of 85 mcg/dL in 2012.
Her father sprained a thumb last month.
Sleeps seven hours a night.
Teeth in good repair.
Knits as a hobby.
Sees a dentist yearly.
Plays the piano.
Enjoys board games.
Pupils equal and reactive to light.",,,,
author2,234,rule_v1/test_L3alt,rule_v1.test.t2d_metformin.egfr.boundary.alt.299,boundary,alt,base,"For newly diagnosed type 2 diabetes, start metformin. If the patient's current eGFR is below 45 mL/min/1.73 m2, start sitagliptin instead.",Start metformin.,Start sitagliptin.,s,patient: eGFR = 70; present; current,"Woman of 32 years.
Newly diagnosed type 2 diabetes (HbA1c 7.9%).
Sleeps seven hours a night.
Uses sunscreen in summer.
Current eGFR 70 mL/min/1.73 m2.",,,,
author2,234,rule_v1/test_L3alt,rule_v1.test.t2d_metformin.egfr.boundary.alt.299,boundary,alt,flip,"For newly diagnosed type 2 diabetes, start metformin. If the patient's current eGFR is below 45 mL/min/1.73 m2, start sitagliptin instead.",Start metformin.,Start sitagliptin.,s',patient: eGFR = 36; present; current,"Woman of 32 years.
Newly diagnosed type 2 diabetes (HbA1c 7.9%).
Sleeps seven hours a night.
Uses sunscreen in summer.
Current eGFR 36 mL/min/1.73 m2.",,,,
author2,234,rule_v1/test_L3alt,rule_v1.test.t2d_metformin.egfr.boundary.alt.299,boundary,alt,near,"For newly diagnosed type 2 diabetes, start metformin. If the patient's current eGFR is below 45 mL/min/1.73 m2, start sitagliptin instead.",Start metformin.,Start sitagliptin.,s,patient: eGFR = 45; present; current,"Woman of 32 years.
Newly diagnosed type 2 diabetes (HbA1c 7.9%).
Sleeps seven hours a night.
Uses sunscreen in summer.
Current eGFR 45 mL/min/1.73 m2.",,,,
author2,234,rule_v1/test_L3alt,rule_v1.test.t2d_metformin.egfr.boundary.alt.299,boundary,alt,pres,"For newly diagnosed type 2 diabetes, start metformin. If the patient's current eGFR is below 45 mL/min/1.73 m2, start sitagliptin instead.",Start metformin.,Start sitagliptin.,s,patient: eGFR = 70; present; current,"Female patient of 32 years.
Newly diagnosed type 2 diabetes (HbA1c 7.9%).
eGFR now 70 mL/min/1.73 m2.
Sleeps seven hours a night.
Uses sunscreen in summer.",,,,
author2,238,rule_v1/test_L2,rule_v1.test.gs025.c1.subject.long.432,subject,long,base,"For acute sore throat, prescribe ibuprofen. If the patient has ever had a myocardial infarction or peripheral artery disease (current or past) and the current temperature is above 38.0 C, prescribe penicillin V instead.",Prescribe ibuprofen.,Prescribe penicillin V.,s,patient: myocardial infarction or peripheral artery disease; absent; current | patient: temperature = 38.2; present; current,"Woman of 33 years.
Sore throat for two days.
Prefers morning appointments.
Walks without calf pain.
Current temperature 38.2 C.
Her roommate burned a hand on a stove years ago.
Teeth in good repair.
Pupils equal and reactive to light.
Lives in a second-floor apartment.
In 2020, lipase was 30 U/L.
During a checkup in 2012, total protein was 7.0 g/dL.
Sees a dentist yearly.
Photographs local wildlife.
Her friend lives with psoriasis.
Free T4 of 1.2 ng/dL in 2023.
Her roommate sprained a thumb last month.
Drives a car.
Knits as a hobby.
Her friend has a lazy eye.",,,,
author2,238,rule_v1/test_L2,rule_v1.test.gs025.c1.subject.long.432,subject,long,flip,"For acute sore throat, prescribe ibuprofen. If the patient has ever had a myocardial infarction or peripheral artery disease (current or past) and the current temperature is above 38.0 C, prescribe penicillin V instead.",Prescribe ibuprofen.,Prescribe penicillin V.,s',patient: myocardial infarction or peripheral artery disease; present; current | patient: temperature = 38.2; present; current,"Woman of 33 years.
Sore throat for two days.
Prefers morning appointments.
Has symptomatic peripheral artery disease of both legs.
Current temperature 38.2 C.
Her roommate burned a hand on a stove years ago.
Teeth in good repair.
Pupils equal and reactive to light.
Lives in a second-floor apartment.
In 2020, lipase was 30 U/L.
During a checkup in 2012, total protein was 7.0 g/dL.
Sees a dentist yearly.
Photographs local wildlife.
Her friend lives with psoriasis.
Free T4 of 1.2 ng/dL in 2023.
Her roommate sprained a thumb last month.
Drives a car.
Knits as a hobby.
Her friend has a lazy eye.",,,,
author2,238,rule_v1/test_L2,rule_v1.test.gs025.c1.subject.long.432,subject,long,near,"For acute sore throat, prescribe ibuprofen. If the patient has ever had a myocardial infarction or peripheral artery disease (current or past) and the current temperature is above 38.0 C, prescribe penicillin V instead.",Prescribe ibuprofen.,Prescribe penicillin V.,s,friend: myocardial infarction or peripheral artery disease; present; current | patient: temperature = 38.2; present; current,"Woman of 33 years.
Sore throat for two days.
Prefers morning appointments.
Her friend has peripheral artery disease with leg pain.
Current temperature 38.2 C.
Her roommate burned a hand on a stove years ago.
Teeth in good repair.
Pupils equal and reactive to light.
Lives in a second-floor apartment.
In 2020, lipase was 30 U/L.
During a checkup in 2012, total protein was 7.0 g/dL.
Sees a dentist yearly.
Photographs local wildlife.
Her friend lives with psoriasis.
Free T4 of 1.2 ng/dL in 2023.
Her roommate sprained a thumb last month.
Drives a car.
Knits as a hobby.
Her friend has a lazy eye.",,,,
author2,238,rule_v1/test_L2,rule_v1.test.gs025.c1.subject.long.432,subject,long,pres,"For acute sore throat, prescribe ibuprofen. If the patient has ever had a myocardial infarction or peripheral artery disease (current or past) and the current temperature is above 38.0 C, prescribe penicillin V instead.",Prescribe ibuprofen.,Prescribe penicillin V.,s,patient: temperature = 38.2; present; current | patient: myocardial infarction or peripheral artery disease; absent; current,"Female patient of 33 years.
Sore throat for two days.
In 2020, lipase was 30 U/L.
Free T4 of 1.2 ng/dL in 2023.
Sees a dentist yearly.
Her friend has a lazy eye.
Temperature now 38.2 C (tympanic).
Her friend lives with psoriasis.
Her roommate burned a hand on a stove years ago.
Teeth in good repair.
Her roommate sprained a thumb last month.
Walks without calf pain.
Drives a car.
Photographs local wildlife.
Prefers morning appointments.
Knits as a hobby.
Pupils equal and reactive to light.
During a checkup in 2012, total protein was 7.0 g/dL.
Lives in a second-floor apartment.",,,,
author2,238,rule_v1/test_L2,rule_v1.test.gs025.c1.subject.long.432,subject,long,missing,"For acute sore throat, prescribe ibuprofen. If the patient has ever had a myocardial infarction or peripheral artery disease (current or past) and the current temperature is above 38.0 C, prescribe penicillin V instead.",Prescribe ibuprofen.,Prescribe penicillin V.,neither,patient: myocardial infarction or peripheral artery disease; unknown; current | patient: temperature = 38.2; present; current,"Woman of 33 years.
Sore throat for two days.
Prefers morning appointments.
Myocardial infarction or peripheral artery disease: unknown.
Current temperature 38.2 C.
Her roommate burned a hand on a stove years ago.
Teeth in good repair.
Pupils equal and reactive to light.
Lives in a second-floor apartment.
In 2020, lipase was 30 U/L.
During a checkup in 2012, total protein was 7.0 g/dL.
Sees a dentist yearly.
Photographs local wildlife.
Her friend lives with psoriasis.
Free T4 of 1.2 ng/dL in 2023.
Her roommate sprained a thumb last month.
Drives a car.
Knits as a hobby.
Her friend has a lazy eye.",,,,
author2,242,rule_v1/test_L3alt,rule_v1.test.c1_methotrexate.alt.time.alt.824,time,alt,base,"For newly diagnosed rheumatoid arthritis, prescribe methotrexate. If the current ALT is above 40 U/L, prescribe hydroxychloroquine instead.",Prescribe methotrexate.,Prescribe hydroxychloroquine.,s,patient: ALT = 10; present; past (2005) | patient: ALT = 17; present; current,"Female patient of 44 years.
Newly diagnosed rheumatoid arthritis with swollen, tender wrists and finger joints for three months.
Teeth in good repair.
Sleeps seven hours a night.
Owns a bicycle.
Records from 2005 list ALT at 10 U/L.
Current ALT 17 U/L.",,,,
author2,242,rule_v1/test_L3alt,rule_v1.test.c1_methotrexate.alt.time.alt.824,time,alt,flip,"For newly diagnosed rheumatoid arthritis, prescribe methotrexate. If the current ALT is above 40 U/L, prescribe hydroxychloroquine instead.",Prescribe methotrexate.,Prescribe hydroxychloroquine.,s',patient: ALT = 10; present; past (2005) | patient: ALT = 47; present; current,"Female patient of 44 years.
Newly diagnosed rheumatoid arthritis with swollen, tender wrists and finger joints for three months.
Teeth in good repair.
Sleeps seven hours a night.
Owns a bicycle.
Records from 2005 list ALT at 10 U/L.
Current ALT 47 U/L.",,,,
author2,242,rule_v1/test_L3alt,rule_v1.test.c1_methotrexate.alt.time.alt.824,time,alt,near,"For newly diagnosed rheumatoid arthritis, prescribe methotrexate. If the current ALT is above 40 U/L, prescribe hydroxychloroquine instead.",Prescribe methotrexate.,Prescribe hydroxychloroquine.,s,patient: ALT = 201; present; past (2005) | patient: ALT = 17; present; current,"Female patient of 44 years.
Newly diagnosed rheumatoid arthritis with swollen, tender wrists and finger joints for three months.
Teeth in good repair.
Sleeps seven hours a night.
Owns a bicycle.
Records from 2005 list ALT at 201 U/L.
Current ALT 17 U/L.",,,,
author2,242,rule_v1/test_L3alt,rule_v1.test.c1_methotrexate.alt.time.alt.824,time,alt,pres,"For newly diagnosed rheumatoid arthritis, prescribe methotrexate. If the current ALT is above 40 U/L, prescribe hydroxychloroquine instead.",Prescribe methotrexate.,Prescribe hydroxychloroquine.,s,patient: ALT = 10; present; past (2005) | patient: ALT = 17; present; current,"Woman of 44 years.
Newly diagnosed rheumatoid arthritis with swollen, tender wrists and finger joints for three months.
Owns a bicycle.
Back in 2005, ALT stood at 10 U/L.
ALT now 17 U/L.
Sleeps seven hours a night.
Teeth in good repair.",,,,
author2,246,rule_v1/test_hard,rule_v1.test.gs002.c1.time.long.259,time,long,base,"For uncomplicated cystitis, prescribe trimethoprim-sulfamethoxazole. If the current heart rate is above 90/min or the current serum potassium is above 4.8 mmol/L, prescribe nitrofurantoin instead.",Prescribe trimethoprim-sulfamethoxazole.,Prescribe nitrofurantoin.,s,patient: heart rate = 77; present; current | patient: heart rate = 76; present; past (2016) | patient: serum potassium = 3.9; present; current,"Woman of 67 years.
Dysuria and urinary frequency for two days; urine dipstick positive for nitrites.
Plays the piano.
Prefers morning appointments.
Her roommate burned a hand on a stove years ago.
During a checkup in 2022, free T3 was 3.2 pg/mL.
Lives in a second-floor apartment.
Current heart rate 77/min.
Records from 2016 list heart rate at 76/min.
Sleeps seven hours a night.
Sees a dentist yearly.
Teeth in good repair.
Her roommate has a lazy eye.
Knits as a hobby.
Her sister has recovered from a dislocated finger.
In 2013, folate was 12 ng/mL.
Latest potassium result: 3.9 mmol/L.
During a checkup in 2012, total protein was 7.0 g/dL.
Pupils equal and reactive to light.
Her sister lives with psoriasis.",,,,
author2,246,rule_v1/test_hard,rule_v1.test.gs002.c1.time.long.259,time,long,flip,"For uncomplicated cystitis, prescribe trimethoprim-sulfamethoxazole. If the current heart rate is above 90/min or the current serum potassium is above 4.8 mmol/L, prescribe nitrofurantoin instead.",Prescribe trimethoprim-sulfamethoxazole.,Prescribe nitrofurantoin.,s',patient: heart rate = 103; present; current | patient: heart rate = 76; present; past (2016) | patient: serum potassium = 3.9; present; current,"Woman of 67 years.
Dysuria and urinary frequency for two days; urine dipstick positive for nitrites.
Plays the piano.
Prefers morning appointments.
Her roommate burned a hand on a stove years ago.
During a checkup in 2022, free T3 was 3.2 pg/mL.
Lives in a second-floor apartment.
Current heart rate 103/min.
Records from 2016 list heart rate at 76/min.
Sleeps seven hours a night.
Sees a dentist yearly.
Teeth in good repair.
Her roommate has a lazy eye.
Knits as a hobby.
Her sister has recovered from a dislocated finger.
In 2013, folate was 12 ng/mL.
Latest potassium result: 3.9 mmol/L.
During a checkup in 2012, total protein was 7.0 g/dL.
Pupils equal and reactive to light.
Her sister lives with psoriasis.",,,,
author2,246,rule_v1/test_hard,rule_v1.test.gs002.c1.time.long.259,time,long,near,"For uncomplicated cystitis, prescribe trimethoprim-sulfamethoxazole. If the current heart rate is above 90/min or the current serum potassium is above 4.8 mmol/L, prescribe nitrofurantoin instead.",Prescribe trimethoprim-sulfamethoxazole.,Prescribe nitrofurantoin.,s,patient: heart rate = 77; present; current | patient: heart rate = 98; present; past (2016) | patient: serum potassium = 3.9; present; current,"Woman of 67 years.
Dysuria and urinary frequency for two days; urine dipstick positive for nitrites.
Plays the piano.
Prefers morning appointments.
Her roommate burned a hand on a stove years ago.
During a checkup in 2022, free T3 was 3.2 pg/mL.
Lives in a second-floor apartment.
Current heart rate 77/min.
Records from 2016 list heart rate at 98/min.
Sleeps seven hours a night.
Sees a dentist yearly.
Teeth in good repair.
Her roommate has a lazy eye.
Knits as a hobby.
Her sister has recovered from a dislocated finger.
In 2013, folate was 12 ng/mL.
Latest potassium result: 3.9 mmol/L.
During a checkup in 2012, total protein was 7.0 g/dL.
Pupils equal and reactive to light.
Her sister lives with psoriasis.",,,,
author2,246,rule_v1/test_hard,rule_v1.test.gs002.c1.time.long.259,time,long,pres,"For uncomplicated cystitis, prescribe trimethoprim-sulfamethoxazole. If the current heart rate is above 90/min or the current serum potassium is above 4.8 mmol/L, prescribe nitrofurantoin instead.",Prescribe trimethoprim-sulfamethoxazole.,Prescribe nitrofurantoin.,s,patient: heart rate = 77; present; current | patient: serum potassium = 3.9; present; current | patient: heart rate = 76; present; past (2016),"Female patient of 67 years.
Dysuria and urinary frequency for two days; urine dipstick positive for nitrites.
During a checkup in 2022, free T3 was 3.2 pg/mL.
In 2013, folate was 12 ng/mL.
Prefers morning appointments.
Her sister lives with psoriasis.
Heart rate now 77/min on a pulse check.
Current serum potassium 3.9 mmol/L.
Sleeps seven hours a night.
Pupils equal and reactive to light.
Plays the piano.
During a checkup in 2012, total protein was 7.0 g/dL.
Her roommate has a lazy eye.
Back in 2016, heart rate stood at 76/min.
Teeth in good repair.
Her sister has recovered from a dislocated finger.
Knits as a hobby.
Lives in a second-floor apartment.
Her roommate burned a hand on a stove years ago.
Sees a dentist yearly.",,,,
author2,250,rule_v1/test_L2,rule_v1.test.gs035.c3.negation.long.351,negation,long,base,"For contraception, prescribe a combined oral contraceptive. If at least two of the following apply, prescribe a progestin-only pill instead: the patient currently has heart failure; the age of the patient is 75 years or more; the patient has had cancer at any time (active or in remission).",Prescribe a combined oral contraceptive.,Prescribe a progestin-only pill.,s,patient: cancer at any time; absent; current | patient: age = 78; present; current,"Woman, adult.
Requests contraception.
Teeth in good repair.
Zinc of 85 mcg/dL in 2011.
Free T4 of 1.2 ng/dL in 2011.
Owns a bicycle.
Her friend burned a hand on a stove years ago.
Oncology follow-up: none.
Her wife has recovered from a dislocated finger.
In 2009, folate was 12 ng/mL.
Lives in a second-floor apartment.
Uses sunscreen in summer.
Paints watercolors as a hobby.
Enjoys board games.
Sleeps seven hours a night.
In 2006, lipase was 30 U/L.
Drives a car.
Her friend sprained a thumb last month.
Currently aged 78 years.
Has two cats.
Her friend wears contact lenses.",,,,
author2,250,rule_v1/test_L2,rule_v1.test.gs035.c3.negation.long.351,negation,long,flip,"For contraception, prescribe a combined oral contraceptive. If at least two of the following apply, prescribe a progestin-only pill instead: the patient currently has heart failure; the age of the patient is 75 years or more; the patient has had cancer at any time (active or in remission).",Prescribe a combined oral contraceptive.,Prescribe a progestin-only pill.,s',patient: cancer at any time; present; current | patient: age = 78; present; current,"Woman, adult.
Requests contraception.
Teeth in good repair.
Zinc of 85 mcg/dL in 2011.
Free T4 of 1.2 ng/dL in 2011.
Owns a bicycle.
Her friend burned a hand on a stove years ago.
Has metastatic lung cancer, receiving palliative treatment.
Her wife has recovered from a dislocated finger.
In 2009, folate was 12 ng/mL.
Lives in a second-floor apartment.
Uses sunscreen in summer.
Paints watercolors as a hobby.
Enjoys board games.
Sleeps seven hours a night.
In 2006, lipase was 30 U/L.
Drives a car.
Her friend sprained a thumb last month.
Currently aged 78 years.
Has two cats.
Her friend wears contact lenses.",,,,
author2,250,rule_v1/test_L2,rule_v1.test.gs035.c3.negation.long.351,negation,long,near,"For contraception, prescribe a combined oral contraceptive. If at least two of the following apply, prescribe a progestin-only pill instead: the patient currently has heart failure; the age of the patient is 75 years or more; the patient has had cancer at any time (active or in remission).",Prescribe a combined oral contraceptive.,Prescribe a progestin-only pill.,s,patient: cancer at any time; absent; current | patient: age = 78; present; current,"Woman, adult.
Requests contraception.
Teeth in good repair.
Zinc of 85 mcg/dL in 2011.
Free T4 of 1.2 ng/dL in 2011.
Owns a bicycle.
Her friend burned a hand on a stove years ago.
Free of cancer throughout life.
Her wife has recovered from a dislocated finger.
In 2009, folate was 12 ng/mL.
Lives in a second-floor apartment.
Uses sunscreen in summer.
Paints watercolors as a hobby.
Enjoys board games.
Sleeps seven hours a night.
In 2006, lipase was 30 U/L.
Drives a car.
Her friend sprained a thumb last month.
Currently aged 78 years.
Has two cats.
Her friend wears contact lenses.",,,,
author2,250,rule_v1/test_L2,rule_v1.test.gs035.c3.negation.long.351,negation,long,pres,"For contraception, prescribe a combined oral contraceptive. If at least two of the following apply, prescribe a progestin-only pill instead: the patient currently has heart failure; the age of the patient is 75 years or more; the patient has had cancer at any time (active or in remission).",Prescribe a combined oral contraceptive.,Prescribe a progestin-only pill.,s,patient: age = 78; present; current | patient: cancer at any time; absent; current,"An adult woman.
Requests contraception.
Sleeps seven hours a night.
Her wife has recovered from a dislocated finger.
Current age 78 years.
In 2006, lipase was 30 U/L.
Teeth in good repair.
Her friend sprained a thumb last month.
Free T4 of 1.2 ng/dL in 2011.
Uses sunscreen in summer.
Oncology follow-up: none.
Her friend wears contact lenses.
Enjoys board games.
Drives a car.
In 2009, folate was 12 ng/mL.
Has two cats.
Paints watercolors as a hobby.
Owns a bicycle.
Lives in a second-floor apartment.
Zinc of 85 mcg/dL in 2011.
Her friend burned a hand on a stove years ago.",,,,
author2,250,rule_v1/test_L2,rule_v1.test.gs035.c3.negation.long.351,negation,long,missing,"For contraception, prescribe a combined oral contraceptive. If at least two of the following apply, prescribe a progestin-only pill instead: the patient currently has heart failure; the age of the patient is 75 years or more; the patient has had cancer at any time (active or in remission).",Prescribe a combined oral contraceptive.,Prescribe a progestin-only pill.,neither,patient: cancer at any time; unknown; current | patient: age = 78; present; current,"Woman, adult.
Requests contraception.
Teeth in good repair.
Zinc of 85 mcg/dL in 2011.
Free T4 of 1.2 ng/dL in 2011.
Owns a bicycle.
Her friend burned a hand on a stove years ago.
Cancer at any time: status unclear from the records at hand.
Her wife has recovered from a dislocated finger.
In 2009, folate was 12 ng/mL.
Lives in a second-floor apartment.
Uses sunscreen in summer.
Paints watercolors as a hobby.
Enjoys board games.
Sleeps seven hours a night.
In 2006, lipase was 30 U/L.
Drives a car.
Her friend sprained a thumb last month.
Currently aged 78 years.
Has two cats.
Her friend wears contact lenses.",,,,
author2,254,rule_v1/test_L1,rule_v1.test.c2_t2d_hf.hf.negation.easy.466,negation,easy,base,"For type 2 diabetes above target on metformin, prescribe pioglitazone. If the patient has ever had heart failure (current or past), prescribe empagliflozin instead.",Prescribe pioglitazone.,Prescribe empagliflozin.,s,patient: heart failure; absent; current,"Male patient of 47 years.
Type 2 diabetes above target despite metformin (HbA1c 8.4%).
Pupils equal and reactive to light.
Drives a car.
Uses sunscreen in summer.
Has two cats.
Sleeps flat on one pillow.",,,,
author2,254,rule_v1/test_L1,rule_v1.test.c2_t2d_hf.hf.negation.easy.466,negation,easy,flip,"For type 2 diabetes above target on metformin, prescribe pioglitazone. If the patient has ever had heart failure (current or past), prescribe empagliflozin instead.",Prescribe pioglitazone.,Prescribe empagliflozin.,s',patient: heart failure; present; current,"Male patient of 47 years.
Type 2 diabetes above target despite metformin (HbA1c 8.4%).
Pupils equal and reactive to light.
Drives a car.
Uses sunscreen in summer.
Has two cats.
Has heart failure, treated with diuretics.",,,,
author2,254,rule_v1/test_L1,rule_v1.test.c2_t2d_hf.hf.negation.easy.466,negation,easy,near,"For type 2 diabetes above target on metformin, prescribe pioglitazone. If the patient has ever had heart failure (current or past), prescribe empagliflozin instead.",Prescribe pioglitazone.,Prescribe empagliflozin.,s,patient: heart failure; absent; current,"Male patient of 47 years.
Type 2 diabetes above target despite metformin (HbA1c 8.4%).
Pupils equal and reactive to light.
Drives a car.
Uses sunscreen in summer.
Has two cats.
Has never had heart failure.",,,,
author2,254,rule_v1/test_L1,rule_v1.test.c2_t2d_hf.hf.negation.easy.466,negation,easy,pres,"For type 2 diabetes above target on metformin, prescribe pioglitazone. If the patient has ever had heart failure (current or past), prescribe empagliflozin instead.",Prescribe pioglitazone.,Prescribe empagliflozin.,s,patient: heart failure; absent; current,"Man of 47 years.
Type 2 diabetes above target despite metformin (HbA1c 8.4%).
Pupils equal and reactive to light.
Sleeps flat on one pillow.
Has two cats.
Drives a car.
Uses sunscreen in summer.",,,,
author2,258,rule_v1/test_L0,rule_v1.test.gs135.c2.boundary.long.926,boundary,long,base,"For uncomplicated cystitis, prescribe trimethoprim-sulfamethoxazole. If the patient is allergic to penicillin and the current heart rate is above 90/min, prescribe nitrofurantoin instead.",Prescribe trimethoprim-sulfamethoxazole.,Prescribe nitrofurantoin.,s,patient: penicillin allergy; present; current | patient: heart rate = 80; present; current,"Female patient of 41 years.
Dysuria and urinary frequency for two days; urine dipstick positive for nitrites.
Prefers to be addressed by first name.
Uses sunscreen in summer.
Known penicillin allergy with angioedema.
Has two cats.
Her wife has a lazy eye.
Free T4 of 1.2 ng/dL in 2021.
During a checkup in 2005, total protein was 7.0 g/dL.
Zinc of 85 mcg/dL in 2018.
Enjoys board games.
Pupils equal and reactive to light.
Sees a dentist yearly.
Drives a car.
Heart rate now 80/min on a pulse check.
Her wife sprained a thumb last month.
Lives in a second-floor apartment.
In 2009, lipase was 30 U/L.
Photographs local wildlife.
Owns a bicycle.
Paints watercolors as a hobby.
Prefers morning appointments.
Plays the piano.",,,,
author2,258,rule_v1/test_L0,rule_v1.test.gs135.c2.boundary.long.926,boundary,long,flip,"For uncomplicated cystitis, prescribe trimethoprim-sulfamethoxazole. If the patient is allergic to penicillin and the current heart rate is above 90/min, prescribe nitrofurantoin instead.",Prescribe trimethoprim-sulfamethoxazole.,Prescribe nitrofurantoin.,s',patient: penicillin allergy; present; current | patient: heart rate = 104; present; current,"Female patient of 41 years.
Dysuria and urinary frequency for two days; urine dipstick positive for nitrites.
Prefers to be addressed by first name.
Uses sunscreen in summer.
Known penicillin allergy with angioedema.
Has two cats.
Her wife has a lazy eye.
Free T4 of 1.2 ng/dL in 2021.
During a checkup in 2005, total protein was 7.0 g/dL.
Zinc of 85 mcg/dL in 2018.
Enjoys board games.
Pupils equal and reactive to light.
Sees a dentist yearly.
Drives a car.
Heart rate now 104/min on a pulse check.
Her wife sprained a thumb last month.
Lives in a second-floor apartment.
In 2009, lipase was 30 U/L.
Photographs local wildlife.
Owns a bicycle.
Paints watercolors as a hobby.
Prefers morning appointments.
Plays the piano.",,,,
author2,258,rule_v1/test_L0,rule_v1.test.gs135.c2.boundary.long.926,boundary,long,near,"For uncomplicated cystitis, prescribe trimethoprim-sulfamethoxazole. If the patient is allergic to penicillin and the current heart rate is above 90/min, prescribe nitrofurantoin instead.",Prescribe trimethoprim-sulfamethoxazole.,Prescribe nitrofurantoin.,s,patient: penicillin allergy; present; current | patient: heart rate = 90; present; current,"Female patient of 41 years.
Dysuria and urinary frequency for two days; urine dipstick positive for nitrites.
Prefers to be addressed by first name.
Uses sunscreen in summer.
Known penicillin allergy with angioedema.
Has two cats.
Her wife has a lazy eye.
Free T4 of 1.2 ng/dL in 2021.
During a checkup in 2005, total protein was 7.0 g/dL.
Zinc of 85 mcg/dL in 2018.
Enjoys board games.
Pupils equal and reactive to light.
Sees a dentist yearly.
Drives a car.
Heart rate now 90/min on a pulse check.
Her wife sprained a thumb last month.
Lives in a second-floor apartment.
In 2009, lipase was 30 U/L.
Photographs local wildlife.
Owns a bicycle.
Paints watercolors as a hobby.
Prefers morning appointments.
Plays the piano.",,,,
author2,258,rule_v1/test_L0,rule_v1.test.gs135.c2.boundary.long.926,boundary,long,pres,"For uncomplicated cystitis, prescribe trimethoprim-sulfamethoxazole. If the patient is allergic to penicillin and the current heart rate is above 90/min, prescribe nitrofurantoin instead.",Prescribe trimethoprim-sulfamethoxazole.,Prescribe nitrofurantoin.,s,patient: heart rate = 80; present; current | patient: penicillin allergy; present; current,"Woman of 41 years.
Dysuria and urinary frequency for two days; urine dipstick positive for nitrites.
Prefers to be addressed by first name.
Uses sunscreen in summer.
Prefers morning appointments.
Owns a bicycle.
Free T4 of 1.2 ng/dL in 2021.
Her wife has a lazy eye.
Enjoys board games.
Has two cats.
During a checkup in 2005, total protein was 7.0 g/dL.
Pupils equal and reactive to light.
Current heart rate 80/min.
Drives a car.
Sees a dentist yearly.
Zinc of 85 mcg/dL in 2018.
Her wife sprained a thumb last month.
In 2009, lipase was 30 U/L.
Photographs local wildlife.
Known penicillin allergy with angioedema.
Lives in a second-floor apartment.
Paints watercolors as a hobby.
Plays the piano.",,,,
author2,262,rule_v1/test_L2,rule_v1.test.gs048.c1.numeric.easy.1614,numeric,easy,base,"For heart failure with reduced ejection fraction, prescribe spironolactone. If the current weight is 60 kg or less or the age of the patient is 75 years or more, prescribe dapagliflozin instead.",Prescribe spironolactone.,Prescribe dapagliflozin.,s,patient: weight = 89; present; current | patient: age = 70; present; current,"Man, adult.
Heart failure with reduced ejection fraction (ejection fraction 30%), still symptomatic.
Current weight 89 kg.
Plays the piano.
Lives in a second-floor apartment.
Currently aged 70 years.",,,,
author2,262,rule_v1/test_L2,rule_v1.test.gs048.c1.numeric.easy.1614,numeric,easy,flip,"For heart failure with reduced ejection fraction, prescribe spironolactone. If the current weight is 60 kg or less or the age of the patient is 75 years or more, prescribe dapagliflozin instead.",Prescribe spironolactone.,Prescribe dapagliflozin.,s',patient: weight = 60; present; current | patient: age = 70; present; current,"Man, adult.
Heart failure with reduced ejection fraction (ejection fraction 30%), still symptomatic.
Current weight 60 kg.
Plays the piano.
Lives in a second-floor apartment.
Currently aged 70 years.",,,,
author2,262,rule_v1/test_L2,rule_v1.test.gs048.c1.numeric.easy.1614,numeric,easy,near,"For heart failure with reduced ejection fraction, prescribe spironolactone. If the current weight is 60 kg or less or the age of the patient is 75 years or more, prescribe dapagliflozin instead.",Prescribe spironolactone.,Prescribe dapagliflozin.,s,patient: weight = 61; present; current | patient: age = 70; present; current,"Man, adult.
Heart failure with reduced ejection fraction (ejection fraction 30%), still symptomatic.
Current weight 61 kg.
Plays the piano.
Lives in a second-floor apartment.
Currently aged 70 years.",,,,
author2,262,rule_v1/test_L2,rule_v1.test.gs048.c1.numeric.easy.1614,numeric,easy,pres,"For heart failure with reduced ejection fraction, prescribe spironolactone. If the current weight is 60 kg or less or the age of the patient is 75 years or more, prescribe dapagliflozin instead.",Prescribe spironolactone.,Prescribe dapagliflozin.,s,patient: weight = 89; present; current | patient: age = 70; present; current,"An adult man.
Heart failure with reduced ejection fraction (ejection fraction 30%), still symptomatic.
Latest weight 89 kg.
Lives in a second-floor apartment.
Current age 70 years.
Plays the piano.",,,,
author2,266,rule_v1/test_L3alt,rule_v1.test.vte_platelets.plt.numeric.alt.653,numeric,alt,base,"For inpatient VTE prophylaxis, use enoxaparin. If the current platelet count is below 100 x10^9/L, use intermittent pneumatic compression instead.",Use enoxaparin.,Use intermittent pneumatic compression.,s,patient: platelet count = 173; present; current,"Male patient of 42 years.
Admitted for community-acquired pneumonia; immobile.
Uses sunscreen in summer.
Current platelet count 173 x10^9/L.",,,,
author2,266,rule_v1/test_L3alt,rule_v1.test.vte_platelets.plt.numeric.alt.653,numeric,alt,flip,"For inpatient VTE prophylaxis, use enoxaparin. If the current platelet count is below 100 x10^9/L, use intermittent pneumatic compression instead.",Use enoxaparin.,Use intermittent pneumatic compression.,s',patient: platelet count = 58; present; current,"Male patient of 42 years.
Admitted for community-acquired pneumonia; immobile.
Uses sunscreen in summer.
Current platelet count 58 x10^9/L.",,,,
author2,266,rule_v1/test_L3alt,rule_v1.test.vte_platelets.plt.numeric.alt.653,numeric,alt,near,"For inpatient VTE prophylaxis, use enoxaparin. If the current platelet count is below 100 x10^9/L, use intermittent pneumatic compression instead.",Use enoxaparin.,Use intermittent pneumatic compression.,s,patient: platelet count = 106; present; current,"Male patient of 42 years.
Admitted for community-acquired pneumonia; immobile.
Uses sunscreen in summer.
Current platelet count 106 x10^9/L.",,,,
author2,266,rule_v1/test_L3alt,rule_v1.test.vte_platelets.plt.numeric.alt.653,numeric,alt,pres,"For inpatient VTE prophylaxis, use enoxaparin. If the current platelet count is below 100 x10^9/L, use intermittent pneumatic compression instead.",Use enoxaparin.,Use intermittent pneumatic compression.,s,patient: platelet count = 173; present; current,"Man of 42 years.
Admitted for community-acquired pneumonia; immobile.
Platelet count now 173 x10^9/L.
Uses sunscreen in summer.",,,,
author2,270,rule_v1/test_L2,rule_v1.test.s3_alvarado.wbc.boundary.easy.1760,boundary,easy,base,"Alvarado score (as used here, partial): 2 points for current tenderness in the right lower quadrant (right iliac fossa); 2 points for a current white cell count above 10.0 x10^9/L; 1 point for a current temperature of 37.3 C or more. Other Alvarado items are not part of this question.",The white cell count criterion contributes 0 points.,The white cell count criterion contributes 2 points.,s,patient: temperature = 36.8; present; current | patient: white cell count = 8.0; present; current | patient: right lower quadrant tenderness; absent; current,"Woman of 27 years.
Abdominal pain for one day; assessed in the emergency department.
Current temperature 36.8 C.
Latest WBC is 8.0 x10^9/L.
Abdominal examination unremarkable, without tenderness.
Plays the piano.
Sleeps seven hours a night.
Uses sunscreen in summer.",,,,
author2,270,rule_v1/test_L2,rule_v1.test.s3_alvarado.wbc.boundary.easy.1760,boundary,easy,flip,"Alvarado score (as used here, partial): 2 points for current tenderness in the right lower quadrant (right iliac fossa); 2 points for a current white cell count above 10.0 x10^9/L; 1 point for a current temperature of 37.3 C or more. Other Alvarado items are not part of this question.",The white cell count criterion contributes 0 points.,The white cell count criterion contributes 2 points.,s',patient: temperature = 36.8; present; current | patient: white cell count = 11.7; present; current | patient: right lower quadrant tenderness; absent; current,"Woman of 27 years.
Abdominal pain for one day; assessed in the emergency department.
Current temperature 36.8 C.
Latest WBC is 11.7 x10^9/L.
Abdominal examination unremarkable, without tenderness.
Plays the piano.
Sleeps seven hours a night.
Uses sunscreen in summer.",,,,
author2,270,rule_v1/test_L2,rule_v1.test.s3_alvarado.wbc.boundary.easy.1760,boundary,easy,near,"Alvarado score (as used here, partial): 2 points for current tenderness in the right lower quadrant (right iliac fossa); 2 points for a current white cell count above 10.0 x10^9/L; 1 point for a current temperature of 37.3 C or more. Other Alvarado items are not part of this question.",The white cell count criterion contributes 0 points.,The white cell count criterion contributes 2 points.,s,patient: temperature = 36.8; present; current | patient: white cell count = 10.0; present; current | patient: right lower quadrant tenderness; absent; current,"Woman of 27 years.
Abdominal pain for one day; assessed in the emergency department.
Current temperature 36.8 C.
Latest WBC is 10.0 x10^9/L.
Abdominal examination unremarkable, without tenderness.
Plays the piano.
Sleeps seven hours a night.
Uses sunscreen in summer.",,,,
author2,270,rule_v1/test_L2,rule_v1.test.s3_alvarado.wbc.boundary.easy.1760,boundary,easy,pres,"Alvarado score (as used here, partial): 2 points for current tenderness in the right lower quadrant (right iliac fossa); 2 points for a current white cell count above 10.0 x10^9/L; 1 point for a current temperature of 37.3 C or more. Other Alvarado items are not part of this question.",The white cell count criterion contributes 0 points.,The white cell count criterion contributes 2 points.,s,patient: white cell count = 8.0; present; current | patient: right lower quadrant tenderness; absent; current | patient: temperature = 36.8; present; current,"Female patient of 27 years.
Abdominal pain for one day; assessed in the emergency department.
Sleeps seven hours a night.
Plays the piano.
Current white cell count 8.0 x10^9/L.
Abdominal examination unremarkable, without tenderness.
Temperature now 36.8 C (tympanic).
Uses sunscreen in summer.",,,,
author2,274,rule_v1/test_L2,rule_v1.test.gs194.c2.numeric.easy.866,numeric,easy,base,"For vaginal candidiasis, prescribe oral fluconazole. If the current heart rate is above 90/min or the current weight is 60 kg or less, prescribe clotrimazole pessaries instead.",Prescribe oral fluconazole.,Prescribe clotrimazole pessaries.,s,patient: heart rate = 71; present; current | patient: weight = 94; present; current,"Female patient of 31 years.
Vaginal itching and discharge; candidiasis confirmed on microscopy.
Paints watercolors as a hobby.
Teeth in good repair.
Knits as a hobby.
Current heart rate 71/min.
Latest weight 94 kg.",,,,
author2,274,rule_v1/test_L2,rule_v1.test.gs194.c2.numeric.easy.866,numeric,easy,flip,"For vaginal candidiasis, prescribe oral fluconazole. If the current heart rate is above 90/min or the current weight is 60 kg or less, prescribe clotrimazole pessaries instead.",Prescribe oral fluconazole.,Prescribe clotrimazole pessaries.,s',patient: heart rate = 71; present; current | patient: weight = 56; present; current,"Female patient of 31 years.
Vaginal itching and discharge; candidiasis confirmed on microscopy.
Paints watercolors as a hobby.
Teeth in good repair.
Knits as a hobby.
Current heart rate 71/min.
Latest weight 56 kg.",,,,
author2,274,rule_v1/test_L2,rule_v1.test.gs194.c2.numeric.easy.866,numeric,easy,near,"For vaginal candidiasis, prescribe oral fluconazole. If the current heart rate is above 90/min or the current weight is 60 kg or less, prescribe clotrimazole pessaries instead.",Prescribe oral fluconazole.,Prescribe clotrimazole pessaries.,s,patient: heart rate = 71; present; current | patient: weight = 61; present; current,"Female patient of 31 years.
Vaginal itching and discharge; candidiasis confirmed on microscopy.
Paints watercolors as a hobby.
Teeth in good repair.
Knits as a hobby.
Current heart rate 71/min.
Latest weight 61 kg.",,,,
author2,274,rule_v1/test_L2,rule_v1.test.gs194.c2.numeric.easy.866,numeric,easy,pres,"For vaginal candidiasis, prescribe oral fluconazole. If the current heart rate is above 90/min or the current weight is 60 kg or less, prescribe clotrimazole pessaries instead.",Prescribe oral fluconazole.,Prescribe clotrimazole pessaries.,s,patient: weight = 94; present; current | patient: heart rate = 71; present; current,"Woman of 31 years.
Vaginal itching and discharge; candidiasis confirmed on microscopy.
Knits as a hobby.
Teeth in good repair.
Current weight 94 kg.
Paints watercolors as a hobby.
Heart rate now 71/min on a pulse check.",,,,
author2,274,rule_v1/test_L2,rule_v1.test.gs194.c2.numeric.easy.866,numeric,easy,missing,"For vaginal candidiasis, prescribe oral fluconazole. If the current heart rate is above 90/min or the current weight is 60 kg or less, prescribe clotrimazole pessaries instead.",Prescribe oral fluconazole.,Prescribe clotrimazole pessaries.,neither,patient: heart rate = 71; present; current,"Female patient of 31 years.
Vaginal itching and discharge; candidiasis confirmed on microscopy.
Paints watercolors as a hobby.
Teeth in good repair.
Knits as a hobby.
Current heart rate 71/min.",,,,
author2,278,rule_v1/test_L3alt,rule_v1.test.statin_alt.alt.time.alt.7,time,alt,base,"For primary prevention, start atorvastatin. If the current ALT is above 80 U/L, start ezetimibe instead.",Start atorvastatin.,Start ezetimibe.,s,patient: ALT = 29; present; current | patient: ALT = 27; present; past (2008),"Female patient of 62 years.
Primary prevention; LDL cholesterol 182 mg/dL.
Lives in a second-floor apartment.
Pupils equal and reactive to light.
Current ALT 29 U/L.
Knits as a hobby.
Paints watercolors as a hobby.
Back in 2008, ALT stood at 27 U/L.",,,,
author2,278,rule_v1/test_L3alt,rule_v1.test.statin_alt.alt.time.alt.7,time,alt,flip,"For primary prevention, start atorvastatin. If the current ALT is above 80 U/L, start ezetimibe instead.",Start atorvastatin.,Start ezetimibe.,s',patient: ALT = 101; present; current | patient: ALT = 27; present; past (2008),"Female patient of 62 years.
Primary prevention; LDL cholesterol 182 mg/dL.
Lives in a second-floor apartment.
Pupils equal and reactive to light.
Current ALT 101 U/L.
Knits as a hobby.
Paints watercolors as a hobby.
Back in 2008, ALT stood at 27 U/L.",,,,
author2,278,rule_v1/test_L3alt,rule_v1.test.statin_alt.alt.time.alt.7,time,alt,near,"For primary prevention, start atorvastatin. If the current ALT is above 80 U/L, start ezetimibe instead.",Start atorvastatin.,Start ezetimibe.,s,patient: ALT = 29; present; current | patient: ALT = 223; present; past (2008),"Female patient of 62 years.
Primary prevention; LDL cholesterol 182 mg/dL.
Lives in a second-floor apartment.
Pupils equal and reactive to light.
Current ALT 29 U/L.
Knits as a hobby.
Paints watercolors as a hobby.
Back in 2008, ALT stood at 223 U/L.",,,,
author2,278,rule_v1/test_L3alt,rule_v1.test.statin_alt.alt.time.alt.7,time,alt,pres,"For primary prevention, start atorvastatin. If the current ALT is above 80 U/L, start ezetimibe instead.",Start atorvastatin.,Start ezetimibe.,s,patient: ALT = 27; present; past (2008) | patient: ALT = 29; present; current,"Woman of 62 years.
Primary prevention; LDL cholesterol 182 mg/dL.
Records from 2008 list ALT at 27 U/L.
ALT now 29 U/L.
Lives in a second-floor apartment.
Knits as a hobby.
Paints watercolors as a hobby.
Pupils equal and reactive to light.",,,,
author2,282,rule_v1/test_L3alt,rule_v1.test.s3_charlson.cr.boundary.alt.872,boundary,alt,base,"Charlson Comorbidity Index (as used here, partial): 1 point for heart failure at any time (current or past); 1 point for a myocardial infarction or peripheral artery disease at any time (current or past); 1 point for current asthma; 2 points for a current serum creatinine above 2.0 mg/dL. Age and other Charlson items are not part of this question.",The serum creatinine criterion contributes 0 points.,The serum creatinine criterion contributes 2 points.,s,patient: asthma; absent; current | patient: serum creatinine = 0.8; present; current | patient: heart failure; absent; current,"Man of 70 years.
Inpatient on the medical ward; comorbidity review.
Inhaler use: none.
Current serum creatinine 0.8 mg/dL.
Has two cats.
Sleeps seven hours a night.
Drives a car.
Owns a bicycle.
Sleeps flat on one pillow.",,,,
author2,282,rule_v1/test_L3alt,rule_v1.test.s3_charlson.cr.boundary.alt.872,boundary,alt,flip,"Charlson Comorbidity Index (as used here, partial): 1 point for heart failure at any time (current or past); 1 point for a myocardial infarction or peripheral artery disease at any time (current or past); 1 point for current asthma; 2 points for a current serum creatinine above 2.0 mg/dL. Age and other Charlson items are not part of this question.",The serum creatinine criterion contributes 0 points.,The serum creatinine criterion contributes 2 points.,s',patient: asthma; absent; current | patient: serum creatinine = 2.4; present; current | patient: heart failure; absent; current,"Man of 70 years.
Inpatient on the medical ward; comorbidity review.
Inhaler use: none.
Current serum creatinine 2.4 mg/dL.
Has two cats.
Sleeps seven hours a night.
Drives a car.
Owns a bicycle.
Sleeps flat on one pillow.",,,,
author2,282,rule_v1/test_L3alt,rule_v1.test.s3_charlson.cr.boundary.alt.872,boundary,alt,near,"Charlson Comorbidity Index (as used here, partial): 1 point for heart failure at any time (current or past); 1 point for a myocardial infarction or peripheral artery disease at any time (current or past); 1 point for current asthma; 2 points for a current serum creatinine above 2.0 mg/dL. Age and other Charlson items are not part of this question.",The serum creatinine criterion contributes 0 points.,The serum creatinine criterion contributes 2 points.,s,patient: asthma; absent; current | patient: serum creatinine = 2.0; present; current | patient: heart failure; absent; current,"Man of 70 years.
Inpatient on the medical ward; comorbidity review.
Inhaler use: none.
Current serum creatinine 2.0 mg/dL.
Has two cats.
Sleeps seven hours a night.
Drives a car.
Owns a bicycle.
Sleeps flat on one pillow.",,,,
author2,282,rule_v1/test_L3alt,rule_v1.test.s3_charlson.cr.boundary.alt.872,boundary,alt,pres,"Charlson Comorbidity Index (as used here, partial): 1 point for heart failure at any time (current or past); 1 point for a myocardial infarction or peripheral artery disease at any time (current or past); 1 point for current asthma; 2 points for a current serum creatinine above 2.0 mg/dL. Age and other Charlson items are not part of this question.",The serum creatinine criterion contributes 0 points.,The serum creatinine criterion contributes 2 points.,s,patient: asthma; absent; current | patient: serum creatinine = 0.8; present; current | patient: heart failure; absent; current,"Male patient of 70 years.
Inpatient on the medical ward; comorbidity review.
Has two cats.
Inhaler use: none.
Latest creatinine result: 0.8 mg/dL.
Owns a bicycle.
Sleeps seven hours a night.
Drives a car.
Sleeps flat on one pillow.",,,,
author2,286,rule_v1/test_L2,rule_v1.test.gs138.c1.negation.easy.1612,negation,easy,base,"For stroke prevention in atrial fibrillation, prescribe apixaban. If at least two of the following apply, prescribe warfarin instead: the patient or a first-degree relative (parent, sibling or child) has had a venous thromboembolism at any time; the current weight is 60 kg or less; the patient currently has heart failure.",Prescribe apixaban.,Prescribe warfarin.,s,patient: weight = 80; present; current | patient: current heart failure; present; current | patient: venous thromboembolism (patient or first-degree relative); absent; current,"Male patient of 50 years.
Atrial fibrillation; anticoagulation indicated.
Prefers to be addressed by first name.
Latest weight 80 kg.
Has heart failure, treated with diuretics.
Coagulation tests normal on recent bloodwork.",,,,
author2,286,rule_v1/test_L2,rule_v1.test.gs138.c1.negation.easy.1612,negation,easy,flip,"For stroke prevention in atrial fibrillation, prescribe apixaban. If at least two of the following apply, prescribe warfarin instead: the patient or a first-degree relative (parent, sibling or child) has had a venous thromboembolism at any time; the current weight is 60 kg or less; the patient currently has heart failure.",Prescribe apixaban.,Prescribe warfarin.,s',patient: weight = 80; present; current | patient: current heart failure; present; current | father: venous thromboembolism (patient or first-degree relative); present; past,"Male patient of 50 years.
Atrial fibrillation; anticoagulation indicated.
Prefers to be addressed by first name.
Latest weight 80 kg.
Has heart failure, treated with diuretics.
His father had a DVT years ago.",,,,
author2,286,rule_v1/test_L2,rule_v1.test.gs138.c1.negation.easy.1612,negation,easy,near,"For stroke prevention in atrial fibrillation, prescribe apixaban. If at least two of the following apply, prescribe warfarin instead: the patient or a first-degree relative (parent, sibling or child) has had a venous thromboembolism at any time; the current weight is 60 kg or less; the patient currently has heart failure.",Prescribe apixaban.,Prescribe warfarin.,s,patient: weight = 80; present; current | patient: current heart failure; present; current | patient: venous thromboembolism (patient or first-degree relative); absent; current,"Male patient of 50 years.
Atrial fibrillation; anticoagulation indicated.
Prefers to be addressed by first name.
Latest weight 80 kg.
Has heart failure, treated with diuretics.
Has never had a DVT or pulmonary embolism, nor has any parent, sibling or child.",,,,
author2,286,rule_v1/test_L2,rule_v1.test.gs138.c1.negation.easy.1612,negation,easy,pres,"For stroke prevention in atrial fibrillation, prescribe apixaban. If at least two of the following apply, prescribe warfarin instead: the patient or a first-degree relative (parent, sibling or child) has had a venous thromboembolism at any time; the current weight is 60 kg or less; the patient currently has heart failure.",Prescribe apixaban.,Prescribe warfarin.,s,patient: current heart failure; present; current | patient: venous thromboembolism (patient or first-degree relative); absent; current | patient: weight = 80; present; current,"Man of 50 years.
Atrial fibrillation; anticoagulation indicated.
Has heart failure, treated with diuretics.
Coagulation tests normal on recent bloodwork.
Prefers to be addressed by first name.
Current weight 80 kg.",,,,
author2,290,rule_v1/test_L3alt,rule_v1.test.s1_psi.bun.time.alt.242,time,alt,base,"Pneumonia Severity Index (as used here, partial): 30 points for active cancer; 10 points for current heart failure; 10 points for a stroke or TIA at any time; 30 points for a current arterial pH below 7.35; 20 points for a current blood urea nitrogen of 20 mg/dL or more. Age, sex and other items of the index are not part of this question.",The blood urea nitrogen criterion contributes 0 points.,The blood urea nitrogen criterion contributes 20 points.,s,patient: active cancer; absent; current | patient: blood urea nitrogen = 15; present; current | patient: stroke/TIA; absent; current | patient: arterial pH = 7.4; present; current | patient: blood urea nitrogen = 13; present; past (2018),"Male patient of 59 years.
Community-acquired pneumonia confirmed on chest radiograph; admitted to the medical ward.
Weight steady over the past year.
Sleeps seven hours a night.
Blood urea nitrogen now: 15 mg/dL.
Gait normal; no focal weakness.
Current arterial pH 7.40.
Prefers to be addressed by first name.
Records from 2018 list blood urea nitrogen at 13 mg/dL.",,,,
author2,290,rule_v1/test_L3alt,rule_v1.test.s1_psi.bun.time.alt.242,time,alt,flip,"Pneumonia Severity Index (as used here, partial): 30 points for active cancer; 10 points for current heart failure; 10 points for a stroke or TIA at any time; 30 points for a current arterial pH below 7.35; 20 points for a current blood urea nitrogen of 20 mg/dL or more. Age, sex and other items of the index are not part of this question.",The blood urea nitrogen criterion contributes 0 points.,The blood urea nitrogen criterion contributes 20 points.,s',patient: active cancer; absent; current | patient: blood urea nitrogen = 21; present; current | patient: stroke/TIA; absent; current | patient: arterial pH = 7.4; present; current | patient: blood urea nitrogen = 13; present; past (2018),"Male patient of 59 years.
Community-acquired pneumonia confirmed on chest radiograph; admitted to the medical ward.
Weight steady over the past year.
Sleeps seven hours a night.
Blood urea nitrogen now: 21 mg/dL.
Gait normal; no focal weakness.
Current arterial pH 7.40.
Prefers to be addressed by first name.
Records from 2018 list blood urea nitrogen at 13 mg/dL.",,,,
author2,290,rule_v1/test_L3alt,rule_v1.test.s1_psi.bun.time.alt.242,time,alt,near,"Pneumonia Severity Index (as used here, partial): 30 points for active cancer; 10 points for current heart failure; 10 points for a stroke or TIA at any time; 30 points for a current arterial pH below 7.35; 20 points for a current blood urea nitrogen of 20 mg/dL or more. Age, sex and other items of the index are not part of this question.",The blood urea nitrogen criterion contributes 0 points.,The blood urea nitrogen criterion contributes 20 points.,s,patient: active cancer; absent; current | patient: blood urea nitrogen = 15; present; current | patient: stroke/TIA; absent; current | patient: arterial pH = 7.4; present; current | patient: blood urea nitrogen = 32; present; past (2018),"Male patient of 59 years.
Community-acquired pneumonia confirmed on chest radiograph; admitted to the medical ward.
Weight steady over the past year.
Sleeps seven hours a night.
Blood urea nitrogen now: 15 mg/dL.
Gait normal; no focal weakness.
Current arterial pH 7.40.
Prefers to be addressed by first name.
Records from 2018 list blood urea nitrogen at 32 mg/dL.",,,,
author2,290,rule_v1/test_L3alt,rule_v1.test.s1_psi.bun.time.alt.242,time,alt,pres,"Pneumonia Severity Index (as used here, partial): 30 points for active cancer; 10 points for current heart failure; 10 points for a stroke or TIA at any time; 30 points for a current arterial pH below 7.35; 20 points for a current blood urea nitrogen of 20 mg/dL or more. Age, sex and other items of the index are not part of this question.",The blood urea nitrogen criterion contributes 0 points.,The blood urea nitrogen criterion contributes 20 points.,s,patient: stroke/TIA; absent; current | patient: active cancer; absent; current | patient: blood urea nitrogen = 15; present; current | patient: blood urea nitrogen = 13; present; past (2018) | patient: arterial pH = 7.4; present; current,"Man of 59 years.
Community-acquired pneumonia confirmed on chest radiograph; admitted to the medical ward.
Prefers to be addressed by first name.
Gait normal; no focal weakness.
Weight steady over the past year.
Blood urea nitrogen 15 mg/dL on the current labs.
Sleeps seven hours a night.
Back in 2018, blood urea nitrogen stood at 13 mg/dL.
Latest arterial blood gas shows a pH of 7.40.",,,,
author2,294,rule_v1/test_L3alt,rule_v1.test.rcri.cr.boundary.alt.781,boundary,alt,base,"Revised Cardiac Risk Index (as used here, partial): 1 point each for coronary artery disease at any time; heart failure at any time; a stroke or TIA at any time; a current serum creatinine above 1.5 mg/dL. Other items are not part of this question.",The creatinine criterion contributes 0 points.,The creatinine criterion contributes 1 point.,s,patient: creatinine = 0.7; present; current | patient: stroke/TIA; absent; current | patient: coronary artery disease; absent; current,"Man of 81 years.
Preoperative assessment before elective colectomy.
Current serum creatinine 0.7 mg/dL.
Gait normal; no focal weakness.
Cardiac stress test unremarkable last year.
Sleeps seven hours a night.
Prefers to be addressed by first name.",,,,
author2,294,rule_v1/test_L3alt,rule_v1.test.rcri.cr.boundary.alt.781,boundary,alt,flip,"Revised Cardiac Risk Index (as used here, partial): 1 point each for coronary artery disease at any time; heart failure at any time; a stroke or TIA at any time; a current serum creatinine above 1.5 mg/dL. Other items are not part of this question.",The creatinine criterion contributes 0 points.,The creatinine criterion contributes 1 point.,s',patient: creatinine = 1.7; present; current | patient: stroke/TIA; absent; current | patient: coronary artery disease; absent; current,"Man of 81 years.
Preoperative assessment before elective colectomy.
Current serum creatinine 1.7 mg/dL.
Gait normal; no focal weakness.
Cardiac stress test unremarkable last year.
Sleeps seven hours a night.
Prefers to be addressed by first name.",,,,
author2,294,rule_v1/test_L3alt,rule_v1.test.rcri.cr.boundary.alt.781,boundary,alt,near,"Revised Cardiac Risk Index (as used here, partial): 1 point each for coronary artery disease at any time; heart failure at any time; a stroke or TIA at any time; a current serum creatinine above 1.5 mg/dL. Other items are not part of this question.",The creatinine criterion contributes 0 points.,The creatinine criterion contributes 1 point.,s,patient: creatinine = 1.5; present; current | patient: stroke/TIA; absent; current | patient: coronary artery disease; absent; current,"Man of 81 years.
Preoperative assessment before elective colectomy.
Current serum creatinine 1.5 mg/dL.
Gait normal; no focal weakness.
Cardiac stress test unremarkable last year.
Sleeps seven hours a night.
Prefers to be addressed by first name.",,,,
author2,294,rule_v1/test_L3alt,rule_v1.test.rcri.cr.boundary.alt.781,boundary,alt,pres,"Revised Cardiac Risk Index (as used here, partial): 1 point each for coronary artery disease at any time; heart failure at any time; a stroke or TIA at any time; a current serum creatinine above 1.5 mg/dL. Other items are not part of this question.",The creatinine criterion contributes 0 points.,The creatinine criterion contributes 1 point.,s,patient: coronary artery disease; absent; current | patient: stroke/TIA; absent; current | patient: creatinine = 0.7; present; current,"Male patient of 81 years.
Preoperative assessment before elective colectomy.
Cardiac stress test unremarkable last year.
Gait normal; no focal weakness.
Prefers to be addressed by first name.
Latest creatinine result: 0.7 mg/dL.
Sleeps seven hours a night.",,,,
author2,298,rule_v1/test_L2,rule_v1.test.gs035.c2.numeric.long.543,numeric,long,base,"For contraception, prescribe a combined oral contraceptive. If at least two of the following apply, prescribe a progestin-only pill instead: the patient currently has heart failure; the age of the patient is 75 years or more; the patient has had cancer at any time (active or in remission).",Prescribe a combined oral contraceptive.,Prescribe a progestin-only pill.,s,patient: cancer at any time; present; current | patient: age = 61; present; current,"An adult woman.
Requests contraception.
Prefers morning appointments.
Sees a dentist yearly.
Has two cats.
Drives a car.
Photographs local wildlife.
Uses sunscreen in summer.
In 2007, lipase was 30 U/L.
During a checkup in 2020, free T3 was 3.2 pg/mL.
Prefers to be addressed by first name.
Has melanoma skin cancer and is receiving treatment for it.
Her friend burned a hand on a stove years ago.
Zinc of 85 mcg/dL in 2008.
Owns a bicycle.
Her wife has recovered from a dislocated finger.
Knits as a hobby.
Pupils equal and reactive to light.
Current age 61 years.
Her wife has a lazy eye.
Teeth in good repair.
Sleeps seven hours a night.
Lives in a second-floor apartment.",,,,
author2,298,rule_v1/test_L2,rule_v1.test.gs035.c2.numeric.long.543,numeric,long,flip,"For contraception, prescribe a combined oral contraceptive. If at least two of the following apply, prescribe a progestin-only pill instead: the patient currently has heart failure; the age of the patient is 75 years or more; the patient has had cancer at any time (active or in remission).",Prescribe a combined oral contraceptive.,Prescribe a progestin-only pill.,s',patient: cancer at any time; present; current | patient: age = 87; present; current,"An adult woman.
Requests contraception.
Prefers morning appointments.
Sees a dentist yearly.
Has two cats.
Drives a car.
Photographs local wildlife.
Uses sunscreen in summer.
In 2007, lipase was 30 U/L.
During a checkup in 2020, free T3 was 3.2 pg/mL.
Prefers to be addressed by first name.
Has melanoma skin cancer and is receiving treatment for it.
Her friend burned a hand on a stove years ago.
Zinc of 85 mcg/dL in 2008.
Owns a bicycle.
Her wife has recovered from a dislocated finger.
Knits as a hobby.
Pupils equal and reactive to light.
Current age 87 years.
Her wife has a lazy eye.
Teeth in good repair.
Sleeps seven hours a night.
Lives in a second-floor apartment.",,,,
author2,298,rule_v1/test_L2,rule_v1.test.gs035.c2.numeric.long.543,numeric,long,near,"For contraception, prescribe a combined oral contraceptive. If at least two of the following apply, prescribe a progestin-only pill instead: the patient currently has heart failure; the age of the patient is 75 years or more; the patient has had cancer at any time (active or in remission).",Prescribe a combined oral contraceptive.,Prescribe a progestin-only pill.,s,patient: cancer at any time; present; current | patient: age = 74; present; current,"An adult woman.
Requests contraception.
Prefers morning appointments.
Sees a dentist yearly.
Has two cats.
Drives a car.
Photographs local wildlife.
Uses sunscreen in summer.
In 2007, lipase was 30 U/L.
During a checkup in 2020, free T3 was 3.2 pg/mL.
Prefers to be addressed by first name.
Has melanoma skin cancer and is receiving treatment for it.
Her friend burned a hand on a stove years ago.
Zinc of 85 mcg/dL in 2008.
Owns a bicycle.
Her wife has recovered from a dislocated finger.
Knits as a hobby.
Pupils equal and reactive to light.
Current age 74 years.
Her wife has a lazy eye.
Teeth in good repair.
Sleeps seven hours a night.
Lives in a second-floor apartment.",,,,
author2,298,rule_v1/test_L2,rule_v1.test.gs035.c2.numeric.long.543,numeric,long,pres,"For contraception, prescribe a combined oral contraceptive. If at least two of the following apply, prescribe a progestin-only pill instead: the patient currently has heart failure; the age of the patient is 75 years or more; the patient has had cancer at any time (active or in remission).",Prescribe a combined oral contraceptive.,Prescribe a progestin-only pill.,s,patient: cancer at any time; present; current | patient: age = 61; present; current,"Woman, adult.
Requests contraception.
Zinc of 85 mcg/dL in 2008.
Lives in a second-floor apartment.
Has melanoma skin cancer and is receiving treatment for it.
Sleeps seven hours a night.
Sees a dentist yearly.
Currently aged 61 years.
Prefers morning appointments.
Uses sunscreen in summer.
Has two cats.
Her wife has a lazy eye.
Teeth in good repair.
Her friend burned a hand on a stove years ago.
Photographs local wildlife.
In 2007, lipase was 30 U/L.
Her wife has recovered from a dislocated finger.
Pupils equal and reactive to light.
Prefers to be addressed by first name.
Owns a bicycle.
Drives a car.
During a checkup in 2020, free T3 was 3.2 pg/mL.
Knits as a hobby.",,,,
author2,298,rule_v1/test_L2,rule_v1.test.gs035.c2.numeric.long.543,numeric,long,missing,"For contraception, prescribe a combined oral contraceptive. If at least two of the following apply, prescribe a progestin-only pill instead: the patient currently has heart failure; the age of the patient is 75 years or more; the patient has had cancer at any time (active or in remission).",Prescribe a combined oral contraceptive.,Prescribe a progestin-only pill.,neither,patient: cancer at any time; present; current,"An adult woman.
Requests contraception.
Prefers morning appointments.
Sees a dentist yearly.
Has two cats.
Drives a car.
Photographs local wildlife.
Uses sunscreen in summer.
In 2007, lipase was 30 U/L.
During a checkup in 2020, free T3 was 3.2 pg/mL.
Prefers to be addressed by first name.
Has melanoma skin cancer and is receiving treatment for it.
Her friend burned a hand on a stove years ago.
Zinc of 85 mcg/dL in 2008.
Owns a bicycle.
Her wife has recovered from a dislocated finger.
Knits as a hobby.
Pupils equal and reactive to light.
Her wife has a lazy eye.
Teeth in good repair.
Sleeps seven hours a night.
Lives in a second-floor apartment.",,,,
