author,case,tid,set,case_kind,near_miss_kind,tier,level,conclusion_answer,criterion_answer
author1,G01-C1,rule_v1.test.inv012.c1.time.easy.721,rule_v1/test_L3inv,near,time,easy,L3-inv,s,s
author1,G01-C2,rule_v1.test.inv012.c1.time.easy.721,rule_v1/test_L3inv,pres,time,easy,L3-inv,s,s
author1,G01-C3,rule_v1.test.inv012.c1.time.easy.721,rule_v1/test_L3inv,flip,time,easy,L3-inv,s',s'
author1,G01-C4,rule_v1.test.inv012.c1.time.easy.721,rule_v1/test_L3inv,base,time,easy,L3-inv,s,s
author2,G01-C1,rule_v1.test.gs147.c3.negation.easy.1300,rule_v1/test_L2,pres,negation,easy,L2,s,s
author2,G01-C2,rule_v1.test.gs147.c3.negation.easy.1300,rule_v1/test_L2,flip,negation,easy,L2,s',s'
author2,G01-C3,rule_v1.test.gs147.c3.negation.easy.1300,rule_v1/test_L2,near,negation,easy,L2,s,s
author2,G01-C4,rule_v1.test.gs147.c3.negation.easy.1300,rule_v1/test_L2,base,negation,easy,L2,s,s
author3,G01-C1,rule_v1.test.gs196.c2.time.easy.309,rule_v1/test_L2,near,time,easy,L2,s,s
author3,G01-C2,rule_v1.test.gs196.c2.time.easy.309,rule_v1/test_L2,base,time,easy,L2,s,s
author3,G01-C3,rule_v1.test.gs196.c2.time.easy.309,rule_v1/test_L2,missing,time,easy,L2,neither,neither
author3,G01-C4,rule_v1.test.gs196.c2.time.easy.309,rule_v1/test_L2,flip,time,easy,L2,s',s'
author3,G01-C5,rule_v1.test.gs196.c2.time.easy.309,rule_v1/test_L2,pres,time,easy,L2,s,s
author4,G01-C1,rule_v1.test.gs137.c1.subject.long.128,rule_v1/test_hard,flip,subject,long,L2,s',s'
author4,G01-C2,rule_v1.test.gs137.c1.subject.long.128,rule_v1/test_hard,base,subject,long,L2,s,s
author4,G01-C3,rule_v1.test.gs137.c1.subject.long.128,rule_v1/test_hard,pres,subject,long,L2,s,s
author4,G01-C4,rule_v1.test.gs137.c1.subject.long.128,rule_v1/test_hard,near,subject,long,L2,s,s
author1,G02-C1,rule_v1.test.inv030.c1.boundary.easy.303,rule_v1/test_L3inv,pres,boundary,easy,L3-inv,s,s
author1,G02-C2,rule_v1.test.inv030.c1.boundary.easy.303,rule_v1/test_L3inv,base,boundary,easy,L3-inv,s,s
author1,G02-C3,rule_v1.test.inv030.c1.boundary.easy.303,rule_v1/test_L3inv,flip,boundary,easy,L3-inv,s',s'
author1,G02-C4,rule_v1.test.inv030.c1.boundary.easy.303,rule_v1/test_L3inv,near,boundary,easy,L3-inv,s,s
author2,G02-C1,rule_v1.test.gs080.c1.time.long.248,rule_v1/test_L1,pres,time,long,L1,s,s
author2,G02-C2,rule_v1.test.gs080.c1.time.long.248,rule_v1/test_L1,base,time,long,L1,s,s
author2,G02-C3,rule_v1.test.gs080.c1.time.long.248,rule_v1/test_L1,flip,time,long,L1,s',s'
author2,G02-C4,rule_v1.test.gs080.c1.time.long.248,rule_v1/test_L1,near,time,long,L1,s,s
author3,G02-C1,rule_v1.test.gs209.c3.boundary.long.1886,rule_v1/test_L2,base,boundary,long,L2,s,s
author3,G02-C2,rule_v1.test.gs209.c3.boundary.long.1886,rule_v1/test_L2,flip,boundary,long,L2,s',s'
author3,G02-C3,rule_v1.test.gs209.c3.boundary.long.1886,rule_v1/test_L2,pres,boundary,long,L2,s,s
author3,G02-C4,rule_v1.test.gs209.c3.boundary.long.1886,rule_v1/test_L2,near,boundary,long,L2,s,s
author4,G02-C1,rule_v1.test.gs123.c2.negation.long.268,rule_v1/test_hard,flip,negation,long,L2,s',s'
author4,G02-C2,rule_v1.test.gs123.c2.negation.long.268,rule_v1/test_hard,base,negation,long,L2,s,s
author4,G02-C3,rule_v1.test.gs123.c2.negation.long.268,rule_v1/test_hard,near,negation,long,L2,s,s
author4,G02-C4,rule_v1.test.gs123.c2.negation.long.268,rule_v1/test_hard,pres,negation,long,L2,s,s
author1,G03-C1,rule_v1.test.inv053.c1.boundary.easy.180,rule_v1/test_L3inv,base,boundary,easy,L3-inv,s,s
author1,G03-C2,rule_v1.test.inv053.c1.boundary.easy.180,rule_v1/test_L3inv,pres,boundary,easy,L3-inv,s,s
author1,G03-C3,rule_v1.test.inv053.c1.boundary.easy.180,rule_v1/test_L3inv,near,boundary,easy,L3-inv,s,s
author1,G03-C4,rule_v1.test.inv053.c1.boundary.easy.180,rule_v1/test_L3inv,flip,boundary,easy,L3-inv,s',s'
author2,G03-C1,rule_v1.test.inv058.c1.time.easy.217,rule_v1/test_L3inv,pres,time,easy,L3-inv,s,s
author2,G03-C2,rule_v1.test.inv058.c1.time.easy.217,rule_v1/test_L3inv,flip,time,easy,L3-inv,s',s'
author2,G03-C3,rule_v1.test.inv058.c1.time.easy.217,rule_v1/test_L3inv,base,time,easy,L3-inv,s,s
author2,G03-C4,rule_v1.test.inv058.c1.time.easy.217,rule_v1/test_L3inv,near,time,easy,L3-inv,s,s
author3,G03-C1,rule_v1.test.statin_alt.alt.numeric.alt.136,rule_v1/test_L3alt,near,numeric,alt,L3-alt,s,s
author3,G03-C2,rule_v1.test.statin_alt.alt.numeric.alt.136,rule_v1/test_L3alt,base,numeric,alt,L3-alt,s,s
author3,G03-C3,rule_v1.test.statin_alt.alt.numeric.alt.136,rule_v1/test_L3alt,flip,numeric,alt,L3-alt,s',s'
author3,G03-C4,rule_v1.test.statin_alt.alt.numeric.alt.136,rule_v1/test_L3alt,pres,numeric,alt,L3-alt,s,s
author4,G03-C1,rule_v1.test.inv000.c2.numeric.easy.796,rule_v1/test_L3inv,base,numeric,easy,L3-inv,s,s
author4,G03-C2,rule_v1.test.inv000.c2.numeric.easy.796,rule_v1/test_L3inv,near,numeric,easy,L3-inv,s,s
author4,G03-C3,rule_v1.test.inv000.c2.numeric.easy.796,rule_v1/test_L3inv,flip,numeric,easy,L3-inv,s',s'
author4,G03-C4,rule_v1.test.inv000.c2.numeric.easy.796,rule_v1/test_L3inv,pres,numeric,easy,L3-inv,s,s
author1,G04-C1,rule_v1.test.gs150.c1.boundary.long.614,rule_v1/test_L0,flip,boundary,long,L0,s',s'
author1,G04-C2,rule_v1.test.gs150.c1.boundary.long.614,rule_v1/test_L0,near,boundary,long,L0,s,s
author1,G04-C3,rule_v1.test.gs150.c1.boundary.long.614,rule_v1/test_L0,pres,boundary,long,L0,s,s
author1,G04-C4,rule_v1.test.gs150.c1.boundary.long.614,rule_v1/test_L0,base,boundary,long,L0,s,s
author2,G04-C1,rule_v1.test.gs022.c1.numeric.easy.686,rule_v1/test_L0,base,numeric,easy,L0,s,s
author2,G04-C2,rule_v1.test.gs022.c1.numeric.easy.686,rule_v1/test_L0,pres,numeric,easy,L0,s,s
author2,G04-C3,rule_v1.test.gs022.c1.numeric.easy.686,rule_v1/test_L0,flip,numeric,easy,L0,s',s'
author2,G04-C4,rule_v1.test.gs022.c1.numeric.easy.686,rule_v1/test_L0,near,numeric,easy,L0,s,s
author3,G04-C1,rule_v1.test.gs157.c2.boundary.long.73,rule_v1/test_L2,pres,boundary,long,L2,s,s
author3,G04-C2,rule_v1.test.gs157.c2.boundary.long.73,rule_v1/test_L2,near,boundary,long,L2,s,s
author3,G04-C3,rule_v1.test.gs157.c2.boundary.long.73,rule_v1/test_L2,flip,boundary,long,L2,s',s'
author3,G04-C4,rule_v1.test.gs157.c2.boundary.long.73,rule_v1/test_L2,base,boundary,long,L2,s,s
author3,G04-C5,rule_v1.test.gs157.c2.boundary.long.73,rule_v1/test_L2,missing,boundary,long,L2,neither,neither
author4,G04-C1,rule_v1.test.gs209.c3.numeric.easy.1864,rule_v1/test_L2,flip,numeric,easy,L2,s',s'
author4,G04-C2,rule_v1.test.gs209.c3.numeric.easy.1864,rule_v1/test_L2,base,numeric,easy,L2,s,s
author4,G04-C3,rule_v1.test.gs209.c3.numeric.easy.1864,rule_v1/test_L2,near,numeric,easy,L2,s,s
author4,G04-C4,rule_v1.test.gs209.c3.numeric.easy.1864,rule_v1/test_L2,pres,numeric,easy,L2,s,s
author1,G05-C1,rule_v1.test.gs188.c1.subject.long.396,rule_v1/test_hard,near,subject,long,L2,s,s
author1,G05-C2,rule_v1.test.gs188.c1.subject.long.396,rule_v1/test_hard,base,subject,long,L2,s,s
author1,G05-C3,rule_v1.test.gs188.c1.subject.long.396,rule_v1/test_hard,pres,subject,long,L2,s,s
author1,G05-C4,rule_v1.test.gs188.c1.subject.long.396,rule_v1/test_hard,flip,subject,long,L2,s',s'
author2,G05-C1,rule_v1.test.gs021.c1.boundary.easy.605,rule_v1/test_L2,near,boundary,easy,L2,s,s
author2,G05-C2,rule_v1.test.gs021.c1.boundary.easy.605,rule_v1/test_L2,flip,boundary,easy,L2,s',s'
author2,G05-C3,rule_v1.test.gs021.c1.boundary.easy.605,rule_v1/test_L2,missing,boundary,easy,L2,neither,neither
author2,G05-C4,rule_v1.test.gs021.c1.boundary.easy.605,rule_v1/test_L2,pres,boundary,easy,L2,s,s
author2,G05-C5,rule_v1.test.gs021.c1.boundary.easy.605,rule_v1/test_L2,base,boundary,easy,L2,s,s
author3,G05-C1,rule_v1.test.gs249.c1.negation.easy.1667,rule_v1/test_L2,pres,negation,easy,L2,s,s
author3,G05-C2,rule_v1.test.gs249.c1.negation.easy.1667,rule_v1/test_L2,near,negation,easy,L2,s,s
author3,G05-C3,rule_v1.test.gs249.c1.negation.easy.1667,rule_v1/test_L2,base,negation,easy,L2,s,s
author3,G05-C4,rule_v1.test.gs249.c1.negation.easy.1667,rule_v1/test_L2,flip,negation,easy,L2,s',s'
author4,G05-C1,rule_v1.test.s3_aims65.ams.negation.easy.1763,rule_v1/test_L2,near,negation,easy,L2,s,
author4,G05-C2,rule_v1.test.s3_aims65.ams.negation.easy.1763,rule_v1/test_L2,pres,negation,easy,L2,s,
author4,G05-C3,rule_v1.test.s3_aims65.ams.negation.easy.1763,rule_v1/test_L2,flip,negation,easy,L2,s',
author4,G05-C4,rule_v1.test.s3_aims65.ams.negation.easy.1763,rule_v1/test_L2,base,negation,easy,L2,s,
author1,G06-C1,rule_v1.test.all_gastro.age.numeric.easy.973,rule_v1/test_L0,flip,numeric,easy,L0,s',s'
author1,G06-C2,rule_v1.test.all_gastro.age.numeric.easy.973,rule_v1/test_L0,pres,numeric,easy,L0,s,s
author1,G06-C3,rule_v1.test.all_gastro.age.numeric.easy.973,rule_v1/test_L0,near,numeric,easy,L0,s,s
author1,G06-C4,rule_v1.test.all_gastro.age.numeric.easy.973,rule_v1/test_L0,base,numeric,easy,L0,s,s
author2,G06-C1,rule_v1.test.gs246.c1.boundary.long.82,rule_v1/test_hard,base,boundary,long,L2,s,s
author2,G06-C2,rule_v1.test.gs246.c1.boundary.long.82,rule_v1/test_hard,near,boundary,long,L2,s,s
author2,G06-C3,rule_v1.test.gs246.c1.boundary.long.82,rule_v1/test_hard,pres,boundary,long,L2,s,s
author2,G06-C4,rule_v1.test.gs246.c1.boundary.long.82,rule_v1/test_hard,flip,boundary,long,L2,s',s'
author3,G06-C1,rule_v1.test.gs073.c1.time.easy.129,rule_v1/test_L0,flip,time,easy,L0,s',s'
author3,G06-C2,rule_v1.test.gs073.c1.time.easy.129,rule_v1/test_L0,near,time,easy,L0,s,s
author3,G06-C3,rule_v1.test.gs073.c1.time.easy.129,rule_v1/test_L0,pres,time,easy,L0,s,s
author3,G06-C4,rule_v1.test.gs073.c1.time.easy.129,rule_v1/test_L0,base,time,easy,L0,s,s
author4,G06-C1,rule_v1.test.cut_bleed.bleed.subject.long.789,rule_v1/test_hard,pres,subject,long,L2,s,s
author4,G06-C2,rule_v1.test.cut_bleed.bleed.subject.long.789,rule_v1/test_hard,flip,subject,long,L2,s',s'
author4,G06-C3,rule_v1.test.cut_bleed.bleed.subject.long.789,rule_v1/test_hard,near,subject,long,L2,s,s
author4,G06-C4,rule_v1.test.cut_bleed.bleed.subject.long.789,rule_v1/test_hard,base,subject,long,L2,s,s
author1,G07-C1,rule_v1.test.c1_allopurinol.egfr.numeric.alt.402,rule_v1/test_L3alt,base,numeric,alt,L3-alt,s,s
author1,G07-C2,rule_v1.test.c1_allopurinol.egfr.numeric.alt.402,rule_v1/test_L3alt,flip,numeric,alt,L3-alt,s',s'
author1,G07-C3,rule_v1.test.c1_allopurinol.egfr.numeric.alt.402,rule_v1/test_L3alt,pres,numeric,alt,L3-alt,s,s
author1,G07-C4,rule_v1.test.c1_allopurinol.egfr.numeric.alt.402,rule_v1/test_L3alt,near,numeric,alt,L3-alt,s,s
author2,G07-C1,rule_v1.test.gs025.c2.time.superseded.1607,rule_v1/test_L2,base,time,superseded,L2,s,s
author2,G07-C2,rule_v1.test.gs025.c2.time.superseded.1607,rule_v1/test_L2,near,time,superseded,L2,s,s
author2,G07-C3,rule_v1.test.gs025.c2.time.superseded.1607,rule_v1/test_L2,flip,time,superseded,L2,s',s'
author2,G07-C4,rule_v1.test.gs025.c2.time.superseded.1607,rule_v1/test_L2,pres,time,superseded,L2,s,s
author3,G07-C1,rule_v1.test.gs137.c2.time.long.889,rule_v1/test_L2,near,time,long,L2,s,s
author3,G07-C2,rule_v1.test.gs137.c2.time.long.889,rule_v1/test_L2,base,time,long,L2,s,s
author3,G07-C3,rule_v1.test.gs137.c2.time.long.889,rule_v1/test_L2,missing,time,long,L2,neither,neither
author3,G07-C4,rule_v1.test.gs137.c2.time.long.889,rule_v1/test_L2,pres,time,long,L2,s,s
author3,G07-C5,rule_v1.test.gs137.c2.time.long.889,rule_v1/test_L2,flip,time,long,L2,s',s'
author4,G07-C1,rule_v1.test.gs157.c2.time.superseded.891,rule_v1/test_hard,near,time,superseded,L2,s,s
author4,G07-C2,rule_v1.test.gs157.c2.time.superseded.891,rule_v1/test_hard,base,time,superseded,L2,s,s
author4,G07-C3,rule_v1.test.gs157.c2.time.superseded.891,rule_v1/test_hard,flip,time,superseded,L2,s',s'
author4,G07-C4,rule_v1.test.gs157.c2.time.superseded.891,rule_v1/test_hard,pres,time,superseded,L2,s,s
author1,G08-C1,rule_v1.test.gs120.c3.time.long.226,rule_v1/test_L2,pres,time,long,L2,s,s
author1,G08-C2,rule_v1.test.gs120.c3.time.long.226,rule_v1/test_L2,near,time,long,L2,s,s
author1,G08-C3,rule_v1.test.gs120.c3.time.long.226,rule_v1/test_L2,flip,time,long,L2,s',s'
author1,G08-C4,rule_v1.test.gs120.c3.time.long.226,rule_v1/test_L2,base,time,long,L2,s,s
author1,G08-C5,rule_v1.test.gs120.c3.time.long.226,rule_v1/test_L2,missing,time,long,L2,neither,neither
author2,G08-C1,rule_v1.test.gs075.c2.negation.easy.87,rule_v1/test_L2,near,negation,easy,L2,s,s
author2,G08-C2,rule_v1.test.gs075.c2.negation.easy.87,rule_v1/test_L2,pres,negation,easy,L2,s,s
author2,G08-C3,rule_v1.test.gs075.c2.negation.easy.87,rule_v1/test_L2,base,negation,easy,L2,s,s
author2,G08-C4,rule_v1.test.gs075.c2.negation.easy.87,rule_v1/test_L2,flip,negation,easy,L2,s',s'
author2,G08-C5,rule_v1.test.gs075.c2.negation.easy.87,rule_v1/test_L2,missing,negation,easy,L2,neither,neither
author3,G08-C1,rule_v1.test.gs148.c1.negation.easy.922,rule_v1/test_L2,near,negation,easy,L2,s,s
author3,G08-C2,rule_v1.test.gs148.c1.negation.easy.922,rule_v1/test_L2,missing,negation,easy,L2,neither,neither
author3,G08-C3,rule_v1.test.gs148.c1.negation.easy.922,rule_v1/test_L2,pres,negation,easy,L2,s,s
author3,G08-C4,rule_v1.test.gs148.c1.negation.easy.922,rule_v1/test_L2,base,negation,easy,L2,s,s
author3,G08-C5,rule_v1.test.gs148.c1.negation.easy.922,rule_v1/test_L2,flip,negation,easy,L2,s',s'
author4,G08-C1,rule_v1.test.hf_spironolactone.k.time.alt.1,rule_v1/test_L3alt,near,time,alt,L3-alt,s,s
author4,G08-C2,rule_v1.test.hf_spironolactone.k.time.alt.1,rule_v1/test_L3alt,base,time,alt,L3-alt,s,s
author4,G08-C3,rule_v1.test.hf_spironolactone.k.time.alt.1,rule_v1/test_L3alt,flip,time,alt,L3-alt,s',s'
author4,G08-C4,rule_v1.test.hf_spironolactone.k.time.alt.1,rule_v1/test_L3alt,pres,time,alt,L3-alt,s,s
author1,G09-C1,rule_v1.test.s3_blatchford.bun.boundary.long.730,rule_v1/test_L2,flip,boundary,long,L2,s',
author1,G09-C2,rule_v1.test.s3_blatchford.bun.boundary.long.730,rule_v1/test_L2,base,boundary,long,L2,s,
author1,G09-C3,rule_v1.test.s3_blatchford.bun.boundary.long.730,rule_v1/test_L2,missing,boundary,long,L2,neither,
author1,G09-C4,rule_v1.test.s3_blatchford.bun.boundary.long.730,rule_v1/test_L2,pres,boundary,long,L2,s,
author1,G09-C5,rule_v1.test.s3_blatchford.bun.boundary.long.730,rule_v1/test_L2,near,boundary,long,L2,s,
author2,G09-C1,rule_v1.test.gs118.c1.time.superseded.997,rule_v1/test_hard,base,time,superseded,L2,s,s
author2,G09-C2,rule_v1.test.gs118.c1.time.superseded.997,rule_v1/test_hard,flip,time,superseded,L2,s',s'
author2,G09-C3,rule_v1.test.gs118.c1.time.superseded.997,rule_v1/test_hard,pres,time,superseded,L2,s,s
author2,G09-C4,rule_v1.test.gs118.c1.time.superseded.997,rule_v1/test_hard,near,time,superseded,L2,s,s
author3,G09-C1,rule_v1.test.gs010.c2.subject.easy.1863,rule_v1/test_L2,pres,subject,easy,L2,s,s
author3,G09-C2,rule_v1.test.gs010.c2.subject.easy.1863,rule_v1/test_L2,base,subject,easy,L2,s,s
author3,G09-C3,rule_v1.test.gs010.c2.subject.easy.1863,rule_v1/test_L2,flip,subject,easy,L2,s',s'
author3,G09-C4,rule_v1.test.gs010.c2.subject.easy.1863,rule_v1/test_L2,near,subject,easy,L2,s,s
author4,G09-C1,rule_v1.test.gs118.c3.time.easy.1067,rule_v1/test_L2,flip,time,easy,L2,s',s'
author4,G09-C2,rule_v1.test.gs118.c3.time.easy.1067,rule_v1/test_L2,base,time,easy,L2,s,s
author4,G09-C3,rule_v1.test.gs118.c3.time.easy.1067,rule_v1/test_L2,near,time,easy,L2,s,s
author4,G09-C4,rule_v1.test.gs118.c3.time.easy.1067,rule_v1/test_L2,pres,time,easy,L2,s,s
author1,G10-C1,rule_v1.test.s2_caprini.vte.subject.long.959,rule_v1/test_L0,near,subject,long,L0,s,
author1,G10-C2,rule_v1.test.s2_caprini.vte.subject.long.959,rule_v1/test_L0,base,subject,long,L0,s,
author1,G10-C3,rule_v1.test.s2_caprini.vte.subject.long.959,rule_v1/test_L0,pres,subject,long,L0,s,
author1,G10-C4,rule_v1.test.s2_caprini.vte.subject.long.959,rule_v1/test_L0,flip,subject,long,L0,s',
author2,G10-C1,rule_v1.test.s3_hctci.stroke.negation.easy.839,rule_v1/test_L1,flip,negation,easy,L1,s',
author2,G10-C2,rule_v1.test.s3_hctci.stroke.negation.easy.839,rule_v1/test_L1,pres,negation,easy,L1,s,
author2,G10-C3,rule_v1.test.s3_hctci.stroke.negation.easy.839,rule_v1/test_L1,base,negation,easy,L1,s,
author2,G10-C4,rule_v1.test.s3_hctci.stroke.negation.easy.839,rule_v1/test_L1,near,negation,easy,L1,s,
author3,G10-C1,rule_v1.test.gs113.c1.time.easy.64,rule_v1/test_L2,missing,time,easy,L2,neither,neither
author3,G10-C2,rule_v1.test.gs113.c1.time.easy.64,rule_v1/test_L2,flip,time,easy,L2,s',s'
author3,G10-C3,rule_v1.test.gs113.c1.time.easy.64,rule_v1/test_L2,base,time,easy,L2,s,s
author3,G10-C4,rule_v1.test.gs113.c1.time.easy.64,rule_v1/test_L2,near,time,easy,L2,s,s
author3,G10-C5,rule_v1.test.gs113.c1.time.easy.64,rule_v1/test_L2,pres,time,easy,L2,s,s
author4,G10-C1,rule_v1.test.gs124.c3.boundary.easy.731,rule_v1/test_L2,base,boundary,easy,L2,s,s
author4,G10-C2,rule_v1.test.gs124.c3.boundary.easy.731,rule_v1/test_L2,pres,boundary,easy,L2,s,s
author4,G10-C3,rule_v1.test.gs124.c3.boundary.easy.731,rule_v1/test_L2,missing,boundary,easy,L2,neither,neither
author4,G10-C4,rule_v1.test.gs124.c3.boundary.easy.731,rule_v1/test_L2,flip,boundary,easy,L2,s',s'
author4,G10-C5,rule_v1.test.gs124.c3.boundary.easy.731,rule_v1/test_L2,near,boundary,easy,L2,s,s
author1,G11-C1,rule_v1.test.gs074.c3.boundary.long.505,rule_v1/test_hard,base,boundary,long,L2,s,s
author1,G11-C2,rule_v1.test.gs074.c3.boundary.long.505,rule_v1/test_hard,flip,boundary,long,L2,s',s'
author1,G11-C3,rule_v1.test.gs074.c3.boundary.long.505,rule_v1/test_hard,pres,boundary,long,L2,s,s
author1,G11-C4,rule_v1.test.gs074.c3.boundary.long.505,rule_v1/test_hard,near,boundary,long,L2,s,s
author2,G11-C1,rule_v1.test.qsofa.rr.numeric.easy.1432,rule_v1/test_L2,flip,numeric,easy,L2,s',
author2,G11-C2,rule_v1.test.qsofa.rr.numeric.easy.1432,rule_v1/test_L2,pres,numeric,easy,L2,s,
author2,G11-C3,rule_v1.test.qsofa.rr.numeric.easy.1432,rule_v1/test_L2,base,numeric,easy,L2,s,
author2,G11-C4,rule_v1.test.qsofa.rr.numeric.easy.1432,rule_v1/test_L2,near,numeric,easy,L2,s,
author3,G11-C1,rule_v1.test.gs134.c4.subject.long.929,rule_v1/test_L2,missing,subject,long,L2,neither,neither
author3,G11-C2,rule_v1.test.gs134.c4.subject.long.929,rule_v1/test_L2,near,subject,long,L2,s,s
author3,G11-C3,rule_v1.test.gs134.c4.subject.long.929,rule_v1/test_L2,pres,subject,long,L2,s,s
author3,G11-C4,rule_v1.test.gs134.c4.subject.long.929,rule_v1/test_L2,flip,subject,long,L2,s',s'
author3,G11-C5,rule_v1.test.gs134.c4.subject.long.929,rule_v1/test_L2,base,subject,long,L2,s,s
author4,G11-C1,rule_v1.test.gs245.c3.numeric.easy.1772,rule_v1/test_L2,near,numeric,easy,L2,s,s
author4,G11-C2,rule_v1.test.gs245.c3.numeric.easy.1772,rule_v1/test_L2,flip,numeric,easy,L2,s',s'
author4,G11-C3,rule_v1.test.gs245.c3.numeric.easy.1772,rule_v1/test_L2,pres,numeric,easy,L2,s,s
author4,G11-C4,rule_v1.test.gs245.c3.numeric.easy.1772,rule_v1/test_L2,base,numeric,easy,L2,s,s
author1,G12-C1,rule_v1.test.gs134.c4.negation.easy.1859,rule_v1/test_L2,flip,negation,easy,L2,s',s'
author1,G12-C2,rule_v1.test.gs134.c4.negation.easy.1859,rule_v1/test_L2,pres,negation,easy,L2,s,s
author1,G12-C3,rule_v1.test.gs134.c4.negation.easy.1859,rule_v1/test_L2,near,negation,easy,L2,s,s
author1,G12-C4,rule_v1.test.gs134.c4.negation.easy.1859,rule_v1/test_L2,base,negation,easy,L2,s,s
author2,G12-C1,rule_v1.test.s1_idsa_minor.bun.time.easy.141,rule_v1/test_L1,near,time,easy,L1,s,
author2,G12-C2,rule_v1.test.s1_idsa_minor.bun.time.easy.141,rule_v1/test_L1,pres,time,easy,L1,s,
author2,G12-C3,rule_v1.test.s1_idsa_minor.bun.time.easy.141,rule_v1/test_L1,flip,time,easy,L1,s',
author2,G12-C4,rule_v1.test.s1_idsa_minor.bun.time.easy.141,rule_v1/test_L1,base,time,easy,L1,s,
author3,G12-C1,rule_v1.test.gs188.c2.boundary.long.622,rule_v1/test_L2,base,boundary,long,L2,s,s
author3,G12-C2,rule_v1.test.gs188.c2.boundary.long.622,rule_v1/test_L2,flip,boundary,long,L2,s',s'
author3,G12-C3,rule_v1.test.gs188.c2.boundary.long.622,rule_v1/test_L2,pres,boundary,long,L2,s,s
author3,G12-C4,rule_v1.test.gs188.c2.boundary.long.622,rule_v1/test_L2,missing,boundary,long,L2,neither,neither
author3,G12-C5,rule_v1.test.gs188.c2.boundary.long.622,rule_v1/test_L2,near,boundary,long,L2,s,s
author4,G12-C1,rule_v1.test.gs246.c1.boundary.long.758,rule_v1/test_L2,pres,boundary,long,L2,s,s
author4,G12-C2,rule_v1.test.gs246.c1.boundary.long.758,rule_v1/test_L2,flip,boundary,long,L2,s',s'
author4,G12-C3,rule_v1.test.gs246.c1.boundary.long.758,rule_v1/test_L2,near,boundary,long,L2,s,s
author4,G12-C4,rule_v1.test.gs246.c1.boundary.long.758,rule_v1/test_L2,missing,boundary,long,L2,neither,neither
author4,G12-C5,rule_v1.test.gs246.c1.boundary.long.758,rule_v1/test_L2,base,boundary,long,L2,s,s
author1,G13-C1,rule_v1.test.gs039.c1.subject.long.910,rule_v1/test_L0,flip,subject,long,L0,s',s'
author1,G13-C2,rule_v1.test.gs039.c1.subject.long.910,rule_v1/test_L0,pres,subject,long,L0,s,s
author1,G13-C3,rule_v1.test.gs039.c1.subject.long.910,rule_v1/test_L0,base,subject,long,L0,s,s
author1,G13-C4,rule_v1.test.gs039.c1.subject.long.910,rule_v1/test_L0,near,subject,long,L0,s,s
author2,G13-C1,rule_v1.test.gs094.c1.negation.easy.243,rule_v1/test_L2,flip,negation,easy,L2,s',s'
author2,G13-C2,rule_v1.test.gs094.c1.negation.easy.243,rule_v1/test_L2,base,negation,easy,L2,s,s
author2,G13-C3,rule_v1.test.gs094.c1.negation.easy.243,rule_v1/test_L2,missing,negation,easy,L2,neither,neither
author2,G13-C4,rule_v1.test.gs094.c1.negation.easy.243,rule_v1/test_L2,near,negation,easy,L2,s,s
author2,G13-C5,rule_v1.test.gs094.c1.negation.easy.243,rule_v1/test_L2,pres,negation,easy,L2,s,s
author3,G13-C1,rule_v1.test.s2_orbit.egfr.numeric.alt.144,rule_v1/test_L3alt,pres,numeric,alt,L3-alt,s,
author3,G13-C2,rule_v1.test.s2_orbit.egfr.numeric.alt.144,rule_v1/test_L3alt,near,numeric,alt,L3-alt,s,
author3,G13-C3,rule_v1.test.s2_orbit.egfr.numeric.alt.144,rule_v1/test_L3alt,base,numeric,alt,L3-alt,s,
author3,G13-C4,rule_v1.test.s2_orbit.egfr.numeric.alt.144,rule_v1/test_L3alt,flip,numeric,alt,L3-alt,s',
author4,G13-C1,rule_v1.test.t2d_metformin.egfr.numeric.alt.939,rule_v1/test_L3alt,base,numeric,alt,L3-alt,s,s
author4,G13-C2,rule_v1.test.t2d_metformin.egfr.numeric.alt.939,rule_v1/test_L3alt,pres,numeric,alt,L3-alt,s,s
author4,G13-C3,rule_v1.test.t2d_metformin.egfr.numeric.alt.939,rule_v1/test_L3alt,flip,numeric,alt,L3-alt,s',s'
author4,G13-C4,rule_v1.test.t2d_metformin.egfr.numeric.alt.939,rule_v1/test_L3alt,near,numeric,alt,L3-alt,s,s
author1,G14-C1,rule_v1.test.gs188.c2.time.easy.627,rule_v1/test_L2,missing,time,easy,L2,neither,neither
author1,G14-C2,rule_v1.test.gs188.c2.time.easy.627,rule_v1/test_L2,near,time,easy,L2,s,s
author1,G14-C3,rule_v1.test.gs188.c2.time.easy.627,rule_v1/test_L2,pres,time,easy,L2,s,s
author1,G14-C4,rule_v1.test.gs188.c2.time.easy.627,rule_v1/test_L2,base,time,easy,L2,s,s
author1,G14-C5,rule_v1.test.gs188.c2.time.easy.627,rule_v1/test_L2,flip,time,easy,L2,s',s'
author2,G14-C1,rule_v1.test.gs048.c1.numeric.long.155,rule_v1/test_hard,base,numeric,long,L2,s,s
author2,G14-C2,rule_v1.test.gs048.c1.numeric.long.155,rule_v1/test_hard,flip,numeric,long,L2,s',s'
author2,G14-C3,rule_v1.test.gs048.c1.numeric.long.155,rule_v1/test_hard,near,numeric,long,L2,s,s
author2,G14-C4,rule_v1.test.gs048.c1.numeric.long.155,rule_v1/test_hard,pres,numeric,long,L2,s,s
author3,G14-C1,rule_v1.test.gs118.c4.numeric.easy.1445,rule_v1/test_L2,near,numeric,easy,L2,s,s
author3,G14-C2,rule_v1.test.gs118.c4.numeric.easy.1445,rule_v1/test_L2,pres,numeric,easy,L2,s,s
author3,G14-C3,rule_v1.test.gs118.c4.numeric.easy.1445,rule_v1/test_L2,base,numeric,easy,L2,s,s
author3,G14-C4,rule_v1.test.gs118.c4.numeric.easy.1445,rule_v1/test_L2,flip,numeric,easy,L2,s',s'
author4,G14-C1,rule_v1.test.gs216.c2.negation.easy.1337,rule_v1/test_L2,near,negation,easy,L2,s,s
author4,G14-C2,rule_v1.test.gs216.c2.negation.easy.1337,rule_v1/test_L2,flip,negation,easy,L2,s',s'
author4,G14-C3,rule_v1.test.gs216.c2.negation.easy.1337,rule_v1/test_L2,pres,negation,easy,L2,s,s
author4,G14-C4,rule_v1.test.gs216.c2.negation.easy.1337,rule_v1/test_L2,base,negation,easy,L2,s,s
author1,G15-C1,rule_v1.test.gs047.c1.time.easy.494,rule_v1/test_L2,near,time,easy,L2,s,s
author1,G15-C2,rule_v1.test.gs047.c1.time.easy.494,rule_v1/test_L2,pres,time,easy,L2,s,s
author1,G15-C3,rule_v1.test.gs047.c1.time.easy.494,rule_v1/test_L2,base,time,easy,L2,s,s
author1,G15-C4,rule_v1.test.gs047.c1.time.easy.494,rule_v1/test_L2,missing,time,easy,L2,neither,neither
author1,G15-C5,rule_v1.test.gs047.c1.time.easy.494,rule_v1/test_L2,flip,time,easy,L2,s',s'
author2,G15-C1,rule_v1.test.gs011.c1.subject.long.87,rule_v1/test_hard,pres,subject,long,L2,s,s
author2,G15-C2,rule_v1.test.gs011.c1.subject.long.87,rule_v1/test_hard,near,subject,long,L2,s,s
author2,G15-C3,rule_v1.test.gs011.c1.subject.long.87,rule_v1/test_hard,base,subject,long,L2,s,s
author2,G15-C4,rule_v1.test.gs011.c1.subject.long.87,rule_v1/test_hard,flip,subject,long,L2,s',s'
author3,G15-C1,rule_v1.test.gs044.c1.numeric.easy.734,rule_v1/test_L2,missing,numeric,easy,L2,neither,neither
author3,G15-C2,rule_v1.test.gs044.c1.numeric.easy.734,rule_v1/test_L2,base,numeric,easy,L2,s,s
author3,G15-C3,rule_v1.test.gs044.c1.numeric.easy.734,rule_v1/test_L2,near,numeric,easy,L2,s,s
author3,G15-C4,rule_v1.test.gs044.c1.numeric.easy.734,rule_v1/test_L2,flip,numeric,easy,L2,s',s'
author3,G15-C5,rule_v1.test.gs044.c1.numeric.easy.734,rule_v1/test_L2,pres,numeric,easy,L2,s,s
author4,G15-C1,rule_v1.test.gs001.c1.numeric.long.631,rule_v1/test_hard,near,numeric,long,L2,s,s
author4,G15-C2,rule_v1.test.gs001.c1.numeric.long.631,rule_v1/test_hard,flip,numeric,long,L2,s',s'
author4,G15-C3,rule_v1.test.gs001.c1.numeric.long.631,rule_v1/test_hard,base,numeric,long,L2,s,s
author4,G15-C4,rule_v1.test.gs001.c1.numeric.long.631,rule_v1/test_hard,pres,numeric,long,L2,s,s
author1,G16-C1,rule_v1.test.inv059.c2.numeric.easy.651,rule_v1/test_L3inv,pres,numeric,easy,L3-inv,s,s
author1,G16-C2,rule_v1.test.inv059.c2.numeric.easy.651,rule_v1/test_L3inv,base,numeric,easy,L3-inv,s,s
author1,G16-C3,rule_v1.test.inv059.c2.numeric.easy.651,rule_v1/test_L3inv,near,numeric,easy,L3-inv,s,s
author1,G16-C4,rule_v1.test.inv059.c2.numeric.easy.651,rule_v1/test_L3inv,flip,numeric,easy,L3-inv,s',s'
author2,G16-C1,rule_v1.test.gs211.c1.boundary.easy.792,rule_v1/test_L2,near,boundary,easy,L2,s,s
author2,G16-C2,rule_v1.test.gs211.c1.boundary.easy.792,rule_v1/test_L2,missing,boundary,easy,L2,neither,neither
author2,G16-C3,rule_v1.test.gs211.c1.boundary.easy.792,rule_v1/test_L2,base,boundary,easy,L2,s,s
author2,G16-C4,rule_v1.test.gs211.c1.boundary.easy.792,rule_v1/test_L2,flip,boundary,easy,L2,s',s'
author2,G16-C5,rule_v1.test.gs211.c1.boundary.easy.792,rule_v1/test_L2,pres,boundary,easy,L2,s,s
author3,G16-C1,rule_v1.test.qsofa.mentation.time.easy.1609,rule_v1/test_L2,flip,time,easy,L2,s',
author3,G16-C2,rule_v1.test.qsofa.mentation.time.easy.1609,rule_v1/test_L2,near,time,easy,L2,s,
author3,G16-C3,rule_v1.test.qsofa.mentation.time.easy.1609,rule_v1/test_L2,base,time,easy,L2,s,
author3,G16-C4,rule_v1.test.qsofa.mentation.time.easy.1609,rule_v1/test_L2,pres,time,easy,L2,s,
author4,G16-C1,rule_v1.test.s1_spesi.cancer.negation.long.1209,rule_v1/test_L2,base,negation,long,L2,s,
author4,G16-C2,rule_v1.test.s1_spesi.cancer.negation.long.1209,rule_v1/test_L2,pres,negation,long,L2,s,
author4,G16-C3,rule_v1.test.s1_spesi.cancer.negation.long.1209,rule_v1/test_L2,near,negation,long,L2,s,
author4,G16-C4,rule_v1.test.s1_spesi.cancer.negation.long.1209,rule_v1/test_L2,flip,negation,long,L2,s',
author1,G17-C1,rule_v1.test.inv020.c2.boundary.easy.570,rule_v1/test_L3inv,flip,boundary,easy,L3-inv,s',s'
author1,G17-C2,rule_v1.test.inv020.c2.boundary.easy.570,rule_v1/test_L3inv,near,boundary,easy,L3-inv,s,s
author1,G17-C3,rule_v1.test.inv020.c2.boundary.easy.570,rule_v1/test_L3inv,pres,boundary,easy,L3-inv,s,s
author1,G17-C4,rule_v1.test.inv020.c2.boundary.easy.570,rule_v1/test_L3inv,base,boundary,easy,L3-inv,s,s
author2,G17-C1,rule_v1.test.gs139.c1.time.easy.1320,rule_v1/test_L2,flip,time,easy,L2,s',s'
author2,G17-C2,rule_v1.test.gs139.c1.time.easy.1320,rule_v1/test_L2,near,time,easy,L2,s,s
author2,G17-C3,rule_v1.test.gs139.c1.time.easy.1320,rule_v1/test_L2,base,time,easy,L2,s,s
author2,G17-C4,rule_v1.test.gs139.c1.time.easy.1320,rule_v1/test_L2,pres,time,easy,L2,s,s
author3,G17-C1,rule_v1.test.gs118.c2.subject.easy.142,rule_v1/test_L2,missing,subject,easy,L2,neither,neither
author3,G17-C2,rule_v1.test.gs118.c2.subject.easy.142,rule_v1/test_L2,base,subject,easy,L2,s,s
author3,G17-C3,rule_v1.test.gs118.c2.subject.easy.142,rule_v1/test_L2,flip,subject,easy,L2,s',s'
author3,G17-C4,rule_v1.test.gs118.c2.subject.easy.142,rule_v1/test_L2,near,subject,easy,L2,s,s
author3,G17-C5,rule_v1.test.gs118.c2.subject.easy.142,rule_v1/test_L2,pres,subject,easy,L2,s,s
author4,G17-C1,rule_v1.test.c1_neutropenia.anc.numeric.alt.395,rule_v1/test_L3alt,near,numeric,alt,L3-alt,s,s
author4,G17-C2,rule_v1.test.c1_neutropenia.anc.numeric.alt.395,rule_v1/test_L3alt,base,numeric,alt,L3-alt,s,s
author4,G17-C3,rule_v1.test.c1_neutropenia.anc.numeric.alt.395,rule_v1/test_L3alt,pres,numeric,alt,L3-alt,s,s
author4,G17-C4,rule_v1.test.c1_neutropenia.anc.numeric.alt.395,rule_v1/test_L3alt,flip,numeric,alt,L3-alt,s',s'
author1,G18-C1,rule_v1.test.gs071.c1.time.superseded.697,rule_v1/test_L2,near,time,superseded,L2,s,s
author1,G18-C2,rule_v1.test.gs071.c1.time.superseded.697,rule_v1/test_L2,base,time,superseded,L2,s,s
author1,G18-C3,rule_v1.test.gs071.c1.time.superseded.697,rule_v1/test_L2,pres,time,superseded,L2,s,s
author1,G18-C4,rule_v1.test.gs071.c1.time.superseded.697,rule_v1/test_L2,flip,time,superseded,L2,s',s'
author1,G18-C5,rule_v1.test.gs071.c1.time.superseded.697,rule_v1/test_L2,missing,time,superseded,L2,neither,neither
author2,G18-C1,rule_v1.test.gs124.c2.numeric.long.949,rule_v1/test_hard,pres,numeric,long,L2,s,s
author2,G18-C2,rule_v1.test.gs124.c2.numeric.long.949,rule_v1/test_hard,flip,numeric,long,L2,s',s'
author2,G18-C3,rule_v1.test.gs124.c2.numeric.long.949,rule_v1/test_hard,base,numeric,long,L2,s,s
author2,G18-C4,rule_v1.test.gs124.c2.numeric.long.949,rule_v1/test_hard,near,numeric,long,L2,s,s
author3,G18-C1,rule_v1.test.statin_alt.alt.numeric.alt.103,rule_v1/test_L3alt,base,numeric,alt,L3-alt,s,s
author3,G18-C2,rule_v1.test.statin_alt.alt.numeric.alt.103,rule_v1/test_L3alt,pres,numeric,alt,L3-alt,s,s
author3,G18-C3,rule_v1.test.statin_alt.alt.numeric.alt.103,rule_v1/test_L3alt,near,numeric,alt,L3-alt,s,s
author3,G18-C4,rule_v1.test.statin_alt.alt.numeric.alt.103,rule_v1/test_L3alt,flip,numeric,alt,L3-alt,s',s'
author4,G18-C1,rule_v1.test.gs088.c3.numeric.long.1124,rule_v1/test_L2,base,numeric,long,L2,s,s
author4,G18-C2,rule_v1.test.gs088.c3.numeric.long.1124,rule_v1/test_L2,pres,numeric,long,L2,s,s
author4,G18-C3,rule_v1.test.gs088.c3.numeric.long.1124,rule_v1/test_L2,flip,numeric,long,L2,s',s'
author4,G18-C4,rule_v1.test.gs088.c3.numeric.long.1124,rule_v1/test_L2,near,numeric,long,L2,s,s
author1,G19-C1,rule_v1.test.gs033.c1.time.easy.1770,rule_v1/test_L2,flip,time,easy,L2,s',s'
author1,G19-C2,rule_v1.test.gs033.c1.time.easy.1770,rule_v1/test_L2,pres,time,easy,L2,s,s
author1,G19-C3,rule_v1.test.gs033.c1.time.easy.1770,rule_v1/test_L2,base,time,easy,L2,s,s
author1,G19-C4,rule_v1.test.gs033.c1.time.easy.1770,rule_v1/test_L2,near,time,easy,L2,s,s
author2,G19-C1,rule_v1.test.s3_hctci.ulcer.subject.easy.643,rule_v1/test_L1,pres,subject,easy,L1,s,
author2,G19-C2,rule_v1.test.s3_hctci.ulcer.subject.easy.643,rule_v1/test_L1,base,subject,easy,L1,s,
author2,G19-C3,rule_v1.test.s3_hctci.ulcer.subject.easy.643,rule_v1/test_L1,near,subject,easy,L1,s,
author2,G19-C4,rule_v1.test.s3_hctci.ulcer.subject.easy.643,rule_v1/test_L1,flip,subject,easy,L1,s',
author3,G19-C1,rule_v1.test.gs220.c1.boundary.easy.273,rule_v1/test_L2,flip,boundary,easy,L2,s',s'
author3,G19-C2,rule_v1.test.gs220.c1.boundary.easy.273,rule_v1/test_L2,near,boundary,easy,L2,s,s
author3,G19-C3,rule_v1.test.gs220.c1.boundary.easy.273,rule_v1/test_L2,pres,boundary,easy,L2,s,s
author3,G19-C4,rule_v1.test.gs220.c1.boundary.easy.273,rule_v1/test_L2,missing,boundary,easy,L2,neither,neither
author3,G19-C5,rule_v1.test.gs220.c1.boundary.easy.273,rule_v1/test_L2,base,boundary,easy,L2,s,s
author4,G19-C1,rule_v1.test.c3_glaucoma_asthma.asthma.negation.easy.589,rule_v1/test_L0,base,negation,easy,L0,s,s
author4,G19-C2,rule_v1.test.c3_glaucoma_asthma.asthma.negation.easy.589,rule_v1/test_L0,near,negation,easy,L0,s,s
author4,G19-C3,rule_v1.test.c3_glaucoma_asthma.asthma.negation.easy.589,rule_v1/test_L0,pres,negation,easy,L0,s,s
author4,G19-C4,rule_v1.test.c3_glaucoma_asthma.asthma.negation.easy.589,rule_v1/test_L0,flip,negation,easy,L0,s',s'
author1,G20-C1,rule_v1.test.gs001.c4.time.easy.1215,rule_v1/test_L2,base,time,easy,L2,s,s
author1,G20-C2,rule_v1.test.gs001.c4.time.easy.1215,rule_v1/test_L2,pres,time,easy,L2,s,s
author1,G20-C3,rule_v1.test.gs001.c4.time.easy.1215,rule_v1/test_L2,near,time,easy,L2,s,s
author1,G20-C4,rule_v1.test.gs001.c4.time.easy.1215,rule_v1/test_L2,flip,time,easy,L2,s',s'
author2,G20-C1,rule_v1.test.gs143.c2.numeric.long.190,rule_v1/test_L0,flip,numeric,long,L0,s',s'
author2,G20-C2,rule_v1.test.gs143.c2.numeric.long.190,rule_v1/test_L0,base,numeric,long,L0,s,s
author2,G20-C3,rule_v1.test.gs143.c2.numeric.long.190,rule_v1/test_L0,pres,numeric,long,L0,s,s
author2,G20-C4,rule_v1.test.gs143.c2.numeric.long.190,rule_v1/test_L0,near,numeric,long,L0,s,s
author3,G20-C1,rule_v1.test.gs037.c3.numeric.easy.1155,rule_v1/test_L2,flip,numeric,easy,L2,s',s'
author3,G20-C2,rule_v1.test.gs037.c3.numeric.easy.1155,rule_v1/test_L2,base,numeric,easy,L2,s,s
author3,G20-C3,rule_v1.test.gs037.c3.numeric.easy.1155,rule_v1/test_L2,pres,numeric,easy,L2,s,s
author3,G20-C4,rule_v1.test.gs037.c3.numeric.easy.1155,rule_v1/test_L2,near,numeric,easy,L2,s,s
author4,G20-C1,rule_v1.test.hf_spironolactone.k.boundary.alt.828,rule_v1/test_L3alt,base,boundary,alt,L3-alt,s,s
author4,G20-C2,rule_v1.test.hf_spironolactone.k.boundary.alt.828,rule_v1/test_L3alt,flip,boundary,alt,L3-alt,s',s'
author4,G20-C3,rule_v1.test.hf_spironolactone.k.boundary.alt.828,rule_v1/test_L3alt,pres,boundary,alt,L3-alt,s,s
author4,G20-C4,rule_v1.test.hf_spironolactone.k.boundary.alt.828,rule_v1/test_L3alt,near,boundary,alt,L3-alt,s,s
author1,G21-C1,rule_v1.test.inv039.c3.numeric.easy.227,rule_v1/test_L3inv,flip,numeric,easy,L3-inv,s',s'
author1,G21-C2,rule_v1.test.inv039.c3.numeric.easy.227,rule_v1/test_L3inv,pres,numeric,easy,L3-inv,s,s
author1,G21-C3,rule_v1.test.inv039.c3.numeric.easy.227,rule_v1/test_L3inv,base,numeric,easy,L3-inv,s,s
author1,G21-C4,rule_v1.test.inv039.c3.numeric.easy.227,rule_v1/test_L3inv,near,numeric,easy,L3-inv,s,s
author2,G21-C1,rule_v1.test.gs033.c1.numeric.easy.1182,rule_v1/test_L2,base,numeric,easy,L2,s,s
author2,G21-C2,rule_v1.test.gs033.c1.numeric.easy.1182,rule_v1/test_L2,pres,numeric,easy,L2,s,s
author2,G21-C3,rule_v1.test.gs033.c1.numeric.easy.1182,rule_v1/test_L2,flip,numeric,easy,L2,s',s'
author2,G21-C4,rule_v1.test.gs033.c1.numeric.easy.1182,rule_v1/test_L2,near,numeric,easy,L2,s,s
author3,G21-C1,rule_v1.test.inv032.c1.subject.long.336,rule_v1/test_L3inv,near,subject,long,L3-inv,s,s
author3,G21-C2,rule_v1.test.inv032.c1.subject.long.336,rule_v1/test_L3inv,base,subject,long,L3-inv,s,s
author3,G21-C3,rule_v1.test.inv032.c1.subject.long.336,rule_v1/test_L3inv,flip,subject,long,L3-inv,s',s'
author3,G21-C4,rule_v1.test.inv032.c1.subject.long.336,rule_v1/test_L3inv,pres,subject,long,L3-inv,s,s
author4,G21-C1,rule_v1.test.gs113.c1.numeric.long.630,rule_v1/test_hard,flip,numeric,long,L2,s',s'
author4,G21-C2,rule_v1.test.gs113.c1.numeric.long.630,rule_v1/test_hard,base,numeric,long,L2,s,s
author4,G21-C3,rule_v1.test.gs113.c1.numeric.long.630,rule_v1/test_hard,pres,numeric,long,L2,s,s
author4,G21-C4,rule_v1.test.gs113.c1.numeric.long.630,rule_v1/test_hard,near,numeric,long,L2,s,s
author1,G22-C1,rule_v1.test.gs025.c2.numeric.long.1550,rule_v1/test_L2,flip,numeric,long,L2,s',s'
author1,G22-C2,rule_v1.test.gs025.c2.numeric.long.1550,rule_v1/test_L2,base,numeric,long,L2,s,s
author1,G22-C3,rule_v1.test.gs025.c2.numeric.long.1550,rule_v1/test_L2,near,numeric,long,L2,s,s
author1,G22-C4,rule_v1.test.gs025.c2.numeric.long.1550,rule_v1/test_L2,pres,numeric,long,L2,s,s
author2,G22-C1,rule_v1.test.gs230.c1.subject.easy.1625,rule_v1/test_L2,base,subject,easy,L2,s,s
author2,G22-C2,rule_v1.test.gs230.c1.subject.easy.1625,rule_v1/test_L2,flip,subject,easy,L2,s',s'
author2,G22-C3,rule_v1.test.gs230.c1.subject.easy.1625,rule_v1/test_L2,near,subject,easy,L2,s,s
author2,G22-C4,rule_v1.test.gs230.c1.subject.easy.1625,rule_v1/test_L2,pres,subject,easy,L2,s,s
author3,G22-C1,rule_v1.test.gs071.c2.subject.long.633,rule_v1/test_hard,base,subject,long,L2,s,s
author3,G22-C2,rule_v1.test.gs071.c2.subject.long.633,rule_v1/test_hard,pres,subject,long,L2,s,s
author3,G22-C3,rule_v1.test.gs071.c2.subject.long.633,rule_v1/test_hard,flip,subject,long,L2,s',s'
author3,G22-C4,rule_v1.test.gs071.c2.subject.long.633,rule_v1/test_hard,near,subject,long,L2,s,s
author4,G22-C1,rule_v1.test.gs138.c3.time.long.40,rule_v1/test_L2,pres,time,long,L2,s,s
author4,G22-C2,rule_v1.test.gs138.c3.time.long.40,rule_v1/test_L2,base,time,long,L2,s,s
author4,G22-C3,rule_v1.test.gs138.c3.time.long.40,rule_v1/test_L2,flip,time,long,L2,s',s'
author4,G22-C4,rule_v1.test.gs138.c3.time.long.40,rule_v1/test_L2,missing,time,long,L2,neither,neither
author4,G22-C5,rule_v1.test.gs138.c3.time.long.40,rule_v1/test_L2,near,time,long,L2,s,s
author1,G23-C1,rule_v1.test.gs221.c1.negation.long.559,rule_v1/test_L2,flip,negation,long,L2,s',s'
author1,G23-C2,rule_v1.test.gs221.c1.negation.long.559,rule_v1/test_L2,near,negation,long,L2,s,s
author1,G23-C3,rule_v1.test.gs221.c1.negation.long.559,rule_v1/test_L2,pres,negation,long,L2,s,s
author1,G23-C4,rule_v1.test.gs221.c1.negation.long.559,rule_v1/test_L2,missing,negation,long,L2,neither,neither
author1,G23-C5,rule_v1.test.gs221.c1.negation.long.559,rule_v1/test_L2,base,negation,long,L2,s,s
author2,G23-C1,rule_v1.test.c1_neutropenia.anc.time.alt.197,rule_v1/test_L3alt,near,time,alt,L3-alt,s,s
author2,G23-C2,rule_v1.test.c1_neutropenia.anc.time.alt.197,rule_v1/test_L3alt,base,time,alt,L3-alt,s,s
author2,G23-C3,rule_v1.test.c1_neutropenia.anc.time.alt.197,rule_v1/test_L3alt,flip,time,alt,L3-alt,s',s'
author2,G23-C4,rule_v1.test.c1_neutropenia.anc.time.alt.197,rule_v1/test_L3alt,pres,time,alt,L3-alt,s,s
author3,G23-C1,rule_v1.test.inv037.c1.negation.long.772,rule_v1/test_L3inv,base,negation,long,L3-inv,s,s
author3,G23-C2,rule_v1.test.inv037.c1.negation.long.772,rule_v1/test_L3inv,near,negation,long,L3-inv,s,s
author3,G23-C3,rule_v1.test.inv037.c1.negation.long.772,rule_v1/test_L3inv,pres,negation,long,L3-inv,s,s
author3,G23-C4,rule_v1.test.inv037.c1.negation.long.772,rule_v1/test_L3inv,flip,negation,long,L3-inv,s',s'
author4,G23-C1,rule_v1.test.gs086.c3.subject.easy.1114,rule_v1/test_L2,flip,subject,easy,L2,s',s'
author4,G23-C2,rule_v1.test.gs086.c3.subject.easy.1114,rule_v1/test_L2,near,subject,easy,L2,s,s
author4,G23-C3,rule_v1.test.gs086.c3.subject.easy.1114,rule_v1/test_L2,pres,subject,easy,L2,s,s
author4,G23-C4,rule_v1.test.gs086.c3.subject.easy.1114,rule_v1/test_L2,base,subject,easy,L2,s,s
author1,G24-C1,rule_v1.test.gs157.c1.subject.easy.1000,rule_v1/test_L2,base,subject,easy,L2,s,s
author1,G24-C2,rule_v1.test.gs157.c1.subject.easy.1000,rule_v1/test_L2,flip,subject,easy,L2,s',s'
author1,G24-C3,rule_v1.test.gs157.c1.subject.easy.1000,rule_v1/test_L2,pres,subject,easy,L2,s,s
author1,G24-C4,rule_v1.test.gs157.c1.subject.easy.1000,rule_v1/test_L2,near,subject,easy,L2,s,s
author2,G24-C1,rule_v1.test.gs139.c2.subject.long.925,rule_v1/test_L2,base,subject,long,L2,s,s
author2,G24-C2,rule_v1.test.gs139.c2.subject.long.925,rule_v1/test_L2,missing,subject,long,L2,neither,neither
author2,G24-C3,rule_v1.test.gs139.c2.subject.long.925,rule_v1/test_L2,flip,subject,long,L2,s',s'
author2,G24-C4,rule_v1.test.gs139.c2.subject.long.925,rule_v1/test_L2,near,subject,long,L2,s,s
author2,G24-C5,rule_v1.test.gs139.c2.subject.long.925,rule_v1/test_L2,pres,subject,long,L2,s,s
author3,G24-C1,rule_v1.test.gs071.c1.time.superseded.1234,rule_v1/test_L2,pres,time,superseded,L2,s,s
author3,G24-C2,rule_v1.test.gs071.c1.time.superseded.1234,rule_v1/test_L2,near,time,superseded,L2,s,s
author3,G24-C3,rule_v1.test.gs071.c1.time.superseded.1234,rule_v1/test_L2,flip,time,superseded,L2,s',s'
author3,G24-C4,rule_v1.test.gs071.c1.time.superseded.1234,rule_v1/test_L2,base,time,superseded,L2,s,s
author4,G24-C1,rule_v1.test.gs024.c1.boundary.easy.405,rule_v1/test_L2,base,boundary,easy,L2,s,s
author4,G24-C2,rule_v1.test.gs024.c1.boundary.easy.405,rule_v1/test_L2,missing,boundary,easy,L2,neither,neither
author4,G24-C3,rule_v1.test.gs024.c1.boundary.easy.405,rule_v1/test_L2,flip,boundary,easy,L2,s',s'
author4,G24-C4,rule_v1.test.gs024.c1.boundary.easy.405,rule_v1/test_L2,pres,boundary,easy,L2,s,s
author4,G24-C5,rule_v1.test.gs024.c1.boundary.easy.405,rule_v1/test_L2,near,boundary,easy,L2,s,s
author1,G25-C1,rule_v1.test.gs194.c1.numeric.easy.1636,rule_v1/test_L2,near,numeric,easy,L2,s,s
author1,G25-C2,rule_v1.test.gs194.c1.numeric.easy.1636,rule_v1/test_L2,flip,numeric,easy,L2,s',s'
author1,G25-C3,rule_v1.test.gs194.c1.numeric.easy.1636,rule_v1/test_L2,pres,numeric,easy,L2,s,s
author1,G25-C4,rule_v1.test.gs194.c1.numeric.easy.1636,rule_v1/test_L2,base,numeric,easy,L2,s,s
author2,G25-C1,rule_v1.test.gs223.c3.boundary.long.458,rule_v1/test_L2,missing,boundary,long,L2,neither,neither
author2,G25-C2,rule_v1.test.gs223.c3.boundary.long.458,rule_v1/test_L2,pres,boundary,long,L2,s,s
author2,G25-C3,rule_v1.test.gs223.c3.boundary.long.458,rule_v1/test_L2,flip,boundary,long,L2,s',s'
author2,G25-C4,rule_v1.test.gs223.c3.boundary.long.458,rule_v1/test_L2,base,boundary,long,L2,s,s
author2,G25-C5,rule_v1.test.gs223.c3.boundary.long.458,rule_v1/test_L2,near,boundary,long,L2,s,s
author3,G25-C1,rule_v1.test.gs131.c1.boundary.easy.954,rule_v1/test_L2,flip,boundary,easy,L2,s',s'
author3,G25-C2,rule_v1.test.gs131.c1.boundary.easy.954,rule_v1/test_L2,near,boundary,easy,L2,s,s
author3,G25-C3,rule_v1.test.gs131.c1.boundary.easy.954,rule_v1/test_L2,base,boundary,easy,L2,s,s
author3,G25-C4,rule_v1.test.gs131.c1.boundary.easy.954,rule_v1/test_L2,pres,boundary,easy,L2,s,s
author3,G25-C5,rule_v1.test.gs131.c1.boundary.easy.954,rule_v1/test_L2,missing,boundary,easy,L2,neither,neither
author4,G25-C1,rule_v1.test.gs139.c2.negation.long.1559,rule_v1/test_L2,flip,negation,long,L2,s',s'
author4,G25-C2,rule_v1.test.gs139.c2.negation.long.1559,rule_v1/test_L2,pres,negation,long,L2,s,s
author4,G25-C3,rule_v1.test.gs139.c2.negation.long.1559,rule_v1/test_L2,near,negation,long,L2,s,s
author4,G25-C4,rule_v1.test.gs139.c2.negation.long.1559,rule_v1/test_L2,base,negation,long,L2,s,s
author1,G26-C1,rule_v1.test.gs134.c1.subject.easy.617,rule_v1/test_L2,pres,subject,easy,L2,s,s
author1,G26-C2,rule_v1.test.gs134.c1.subject.easy.617,rule_v1/test_L2,near,subject,easy,L2,s,s
author1,G26-C3,rule_v1.test.gs134.c1.subject.easy.617,rule_v1/test_L2,base,subject,easy,L2,s,s
author1,G26-C4,rule_v1.test.gs134.c1.subject.easy.617,rule_v1/test_L2,flip,subject,easy,L2,s',s'
author1,G26-C5,rule_v1.test.gs134.c1.subject.easy.617,rule_v1/test_L2,missing,subject,easy,L2,neither,neither
author2,G26-C1,rule_v1.test.c3_dronedarone_hf.hf.negation.easy.482,rule_v1/test_L0,flip,negation,easy,L0,s',s'
author2,G26-C2,rule_v1.test.c3_dronedarone_hf.hf.negation.easy.482,rule_v1/test_L0,base,negation,easy,L0,s,s
author2,G26-C3,rule_v1.test.c3_dronedarone_hf.hf.negation.easy.482,rule_v1/test_L0,near,negation,easy,L0,s,s
author2,G26-C4,rule_v1.test.c3_dronedarone_hf.hf.negation.easy.482,rule_v1/test_L0,pres,negation,easy,L0,s,s
author3,G26-C1,rule_v1.test.s3_aims65.inr.numeric.easy.1024,rule_v1/test_L2,flip,numeric,easy,L2,s',
author3,G26-C2,rule_v1.test.s3_aims65.inr.numeric.easy.1024,rule_v1/test_L2,base,numeric,easy,L2,s,
author3,G26-C3,rule_v1.test.s3_aims65.inr.numeric.easy.1024,rule_v1/test_L2,near,numeric,easy,L2,s,
author3,G26-C4,rule_v1.test.s3_aims65.inr.numeric.easy.1024,rule_v1/test_L2,pres,numeric,easy,L2,s,
author4,G26-C1,rule_v1.test.gs036.c2.subject.long.442,rule_v1/test_L1,flip,subject,long,L1,s',s'
author4,G26-C2,rule_v1.test.gs036.c2.subject.long.442,rule_v1/test_L1,base,subject,long,L1,s,s
author4,G26-C3,rule_v1.test.gs036.c2.subject.long.442,rule_v1/test_L1,pres,subject,long,L1,s,s
author4,G26-C4,rule_v1.test.gs036.c2.subject.long.442,rule_v1/test_L1,near,subject,long,L1,s,s
author1,G27-C1,rule_v1.test.s3_aims65.sbp.numeric.easy.332,rule_v1/test_L2,missing,numeric,easy,L2,neither,
author1,G27-C2,rule_v1.test.s3_aims65.sbp.numeric.easy.332,rule_v1/test_L2,flip,numeric,easy,L2,s',
author1,G27-C3,rule_v1.test.s3_aims65.sbp.numeric.easy.332,rule_v1/test_L2,near,numeric,easy,L2,s,
author1,G27-C4,rule_v1.test.s3_aims65.sbp.numeric.easy.332,rule_v1/test_L2,base,numeric,easy,L2,s,
author1,G27-C5,rule_v1.test.s3_aims65.sbp.numeric.easy.332,rule_v1/test_L2,pres,numeric,easy,L2,s,
author2,G27-C1,rule_v1.test.gs137.c1.negation.long.208,rule_v1/test_hard,base,negation,long,L2,s,s
author2,G27-C2,rule_v1.test.gs137.c1.negation.long.208,rule_v1/test_hard,near,negation,long,L2,s,s
author2,G27-C3,rule_v1.test.gs137.c1.negation.long.208,rule_v1/test_hard,pres,negation,long,L2,s,s
author2,G27-C4,rule_v1.test.gs137.c1.negation.long.208,rule_v1/test_hard,flip,negation,long,L2,s',s'
author3,G27-C1,rule_v1.test.s2_chads2.diabetes.subject.easy.367,rule_v1/test_L1,pres,subject,easy,L1,s,
author3,G27-C2,rule_v1.test.s2_chads2.diabetes.subject.easy.367,rule_v1/test_L1,flip,subject,easy,L1,s',
author3,G27-C3,rule_v1.test.s2_chads2.diabetes.subject.easy.367,rule_v1/test_L1,base,subject,easy,L1,s,
author3,G27-C4,rule_v1.test.s2_chads2.diabetes.subject.easy.367,rule_v1/test_L1,near,subject,easy,L1,s,
author4,G27-C1,rule_v1.test.gs246.c2.negation.easy.949,rule_v1/test_L2,near,negation,easy,L2,s,s
author4,G27-C2,rule_v1.test.gs246.c2.negation.easy.949,rule_v1/test_L2,base,negation,easy,L2,s,s
author4,G27-C3,rule_v1.test.gs246.c2.negation.easy.949,rule_v1/test_L2,pres,negation,easy,L2,s,s
author4,G27-C4,rule_v1.test.gs246.c2.negation.easy.949,rule_v1/test_L2,flip,negation,easy,L2,s',s'
author4,G27-C5,rule_v1.test.gs246.c2.negation.easy.949,rule_v1/test_L2,missing,negation,easy,L2,neither,neither
author1,G28-C1,rule_v1.test.s1_meds.ams.subject.long.1436,rule_v1/test_L2,flip,subject,long,L2,s',
author1,G28-C2,rule_v1.test.s1_meds.ams.subject.long.1436,rule_v1/test_L2,base,subject,long,L2,s,
author1,G28-C3,rule_v1.test.s1_meds.ams.subject.long.1436,rule_v1/test_L2,near,subject,long,L2,s,
author1,G28-C4,rule_v1.test.s1_meds.ams.subject.long.1436,rule_v1/test_L2,pres,subject,long,L2,s,
author2,G28-C1,rule_v1.test.cut_bleed.egfr.numeric.long.1595,rule_v1/test_L2,pres,numeric,long,L2,s,s
author2,G28-C2,rule_v1.test.cut_bleed.egfr.numeric.long.1595,rule_v1/test_L2,near,numeric,long,L2,s,s
author2,G28-C3,rule_v1.test.cut_bleed.egfr.numeric.long.1595,rule_v1/test_L2,flip,numeric,long,L2,s',s'
author2,G28-C4,rule_v1.test.cut_bleed.egfr.numeric.long.1595,rule_v1/test_L2,base,numeric,long,L2,s,s
author3,G28-C1,rule_v1.test.gs086.c1.numeric.long.367,rule_v1/test_L2,base,numeric,long,L2,s,s
author3,G28-C2,rule_v1.test.gs086.c1.numeric.long.367,rule_v1/test_L2,pres,numeric,long,L2,s,s
author3,G28-C3,rule_v1.test.gs086.c1.numeric.long.367,rule_v1/test_L2,near,numeric,long,L2,s,s
author3,G28-C4,rule_v1.test.gs086.c1.numeric.long.367,rule_v1/test_L2,flip,numeric,long,L2,s',s'
author3,G28-C5,rule_v1.test.gs086.c1.numeric.long.367,rule_v1/test_L2,missing,numeric,long,L2,neither,neither
author4,G28-C1,rule_v1.test.s2_geneva.hemoptysis.subject.long.1580,rule_v1/test_L2,base,subject,long,L2,s,
author4,G28-C2,rule_v1.test.s2_geneva.hemoptysis.subject.long.1580,rule_v1/test_L2,near,subject,long,L2,s,
author4,G28-C3,rule_v1.test.s2_geneva.hemoptysis.subject.long.1580,rule_v1/test_L2,flip,subject,long,L2,s',
author4,G28-C4,rule_v1.test.s2_geneva.hemoptysis.subject.long.1580,rule_v1/test_L2,pres,subject,long,L2,s,
author1,G29-C1,rule_v1.test.gs079.c3.negation.easy.1365,rule_v1/test_L2,base,negation,easy,L2,s,s
author1,G29-C2,rule_v1.test.gs079.c3.negation.easy.1365,rule_v1/test_L2,near,negation,easy,L2,s,s
author1,G29-C3,rule_v1.test.gs079.c3.negation.easy.1365,rule_v1/test_L2,flip,negation,easy,L2,s',s'
author1,G29-C4,rule_v1.test.gs079.c3.negation.easy.1365,rule_v1/test_L2,pres,negation,easy,L2,s,s
author2,G29-C1,rule_v1.test.inv018.c1.numeric.long.908,rule_v1/test_L3inv,flip,numeric,long,L3-inv,s',s'
author2,G29-C2,rule_v1.test.inv018.c1.numeric.long.908,rule_v1/test_L3inv,pres,numeric,long,L3-inv,s,s
author2,G29-C3,rule_v1.test.inv018.c1.numeric.long.908,rule_v1/test_L3inv,near,numeric,long,L3-inv,s,s
author2,G29-C4,rule_v1.test.inv018.c1.numeric.long.908,rule_v1/test_L3inv,base,numeric,long,L3-inv,s,s
author3,G29-C1,rule_v1.test.gs179.c2.boundary.long.491,rule_v1/test_L2,base,boundary,long,L2,s,s
author3,G29-C2,rule_v1.test.gs179.c2.boundary.long.491,rule_v1/test_L2,pres,boundary,long,L2,s,s
author3,G29-C3,rule_v1.test.gs179.c2.boundary.long.491,rule_v1/test_L2,near,boundary,long,L2,s,s
author3,G29-C4,rule_v1.test.gs179.c2.boundary.long.491,rule_v1/test_L2,missing,boundary,long,L2,neither,neither
author3,G29-C5,rule_v1.test.gs179.c2.boundary.long.491,rule_v1/test_L2,flip,boundary,long,L2,s',s'
author4,G29-C1,rule_v1.test.gs078.c1.boundary.easy.988,rule_v1/test_L2,pres,boundary,easy,L2,s,s
author4,G29-C2,rule_v1.test.gs078.c1.boundary.easy.988,rule_v1/test_L2,base,boundary,easy,L2,s,s
author4,G29-C3,rule_v1.test.gs078.c1.boundary.easy.988,rule_v1/test_L2,near,boundary,easy,L2,s,s
author4,G29-C4,rule_v1.test.gs078.c1.boundary.easy.988,rule_v1/test_L2,missing,boundary,easy,L2,neither,neither
author4,G29-C5,rule_v1.test.gs078.c1.boundary.easy.988,rule_v1/test_L2,flip,boundary,easy,L2,s',s'
author1,G30-C1,rule_v1.test.gs083.c1.numeric.easy.1998,rule_v1/test_L2,base,numeric,easy,L2,s,s
author1,G30-C2,rule_v1.test.gs083.c1.numeric.easy.1998,rule_v1/test_L2,flip,numeric,easy,L2,s',s'
author1,G30-C3,rule_v1.test.gs083.c1.numeric.easy.1998,rule_v1/test_L2,near,numeric,easy,L2,s,s
author1,G30-C4,rule_v1.test.gs083.c1.numeric.easy.1998,rule_v1/test_L2,pres,numeric,easy,L2,s,s
author2,G30-C1,rule_v1.test.two_throat.temp.time.easy.494,rule_v1/test_L1,base,time,easy,L1,s,s
author2,G30-C2,rule_v1.test.two_throat.temp.time.easy.494,rule_v1/test_L1,flip,time,easy,L1,s',s'
author2,G30-C3,rule_v1.test.two_throat.temp.time.easy.494,rule_v1/test_L1,near,time,easy,L1,s,s
author2,G30-C4,rule_v1.test.two_throat.temp.time.easy.494,rule_v1/test_L1,pres,time,easy,L1,s,s
author3,G30-C1,rule_v1.test.gs188.c2.boundary.easy.1918,rule_v1/test_L2,flip,boundary,easy,L2,s',s'
author3,G30-C2,rule_v1.test.gs188.c2.boundary.easy.1918,rule_v1/test_L2,near,boundary,easy,L2,s,s
author3,G30-C3,rule_v1.test.gs188.c2.boundary.easy.1918,rule_v1/test_L2,base,boundary,easy,L2,s,s
author3,G30-C4,rule_v1.test.gs188.c2.boundary.easy.1918,rule_v1/test_L2,pres,boundary,easy,L2,s,s
author4,G30-C1,rule_v1.test.inv017.c3.negation.easy.593,rule_v1/test_L3inv,flip,negation,easy,L3-inv,s',s'
author4,G30-C2,rule_v1.test.inv017.c3.negation.easy.593,rule_v1/test_L3inv,base,negation,easy,L3-inv,s,s
author4,G30-C3,rule_v1.test.inv017.c3.negation.easy.593,rule_v1/test_L3inv,near,negation,easy,L3-inv,s,s
author4,G30-C4,rule_v1.test.inv017.c3.negation.easy.593,rule_v1/test_L3inv,pres,negation,easy,L3-inv,s,s
author1,G31-C1,rule_v1.test.gs220.c2.negation.long.754,rule_v1/test_L2,flip,negation,long,L2,s',s'
author1,G31-C2,rule_v1.test.gs220.c2.negation.long.754,rule_v1/test_L2,pres,negation,long,L2,s,s
author1,G31-C3,rule_v1.test.gs220.c2.negation.long.754,rule_v1/test_L2,near,negation,long,L2,s,s
author1,G31-C4,rule_v1.test.gs220.c2.negation.long.754,rule_v1/test_L2,base,negation,long,L2,s,s
author1,G31-C5,rule_v1.test.gs220.c2.negation.long.754,rule_v1/test_L2,missing,negation,long,L2,neither,neither
author2,G31-C1,rule_v1.test.gs209.c2.negation.long.1389,rule_v1/test_L2,flip,negation,long,L2,s',s'
author2,G31-C2,rule_v1.test.gs209.c2.negation.long.1389,rule_v1/test_L2,base,negation,long,L2,s,s
author2,G31-C3,rule_v1.test.gs209.c2.negation.long.1389,rule_v1/test_L2,near,negation,long,L2,s,s
author2,G31-C4,rule_v1.test.gs209.c2.negation.long.1389,rule_v1/test_L2,pres,negation,long,L2,s,s
author3,G31-C1,rule_v1.test.gs038.c2.time.easy.508,rule_v1/test_L2,near,time,easy,L2,s,s
author3,G31-C2,rule_v1.test.gs038.c2.time.easy.508,rule_v1/test_L2,pres,time,easy,L2,s,s
author3,G31-C3,rule_v1.test.gs038.c2.time.easy.508,rule_v1/test_L2,flip,time,easy,L2,s',s'
author3,G31-C4,rule_v1.test.gs038.c2.time.easy.508,rule_v1/test_L2,base,time,easy,L2,s,s
author3,G31-C5,rule_v1.test.gs038.c2.time.easy.508,rule_v1/test_L2,missing,time,easy,L2,neither,neither
author4,G31-C1,rule_v1.test.c2_sprain_warfarin.warfarin.time.long.898,rule_v1/test_L0,pres,time,long,L0,s,s
author4,G31-C2,rule_v1.test.c2_sprain_warfarin.warfarin.time.long.898,rule_v1/test_L0,flip,time,long,L0,s',s'
author4,G31-C3,rule_v1.test.c2_sprain_warfarin.warfarin.time.long.898,rule_v1/test_L0,base,time,long,L0,s,s
author4,G31-C4,rule_v1.test.c2_sprain_warfarin.warfarin.time.long.898,rule_v1/test_L0,near,time,long,L0,s,s
author1,G32-C1,rule_v1.test.gs066.c2.subject.long.56,rule_v1/test_L2,base,subject,long,L2,s,s
author1,G32-C2,rule_v1.test.gs066.c2.subject.long.56,rule_v1/test_L2,near,subject,long,L2,s,s
author1,G32-C3,rule_v1.test.gs066.c2.subject.long.56,rule_v1/test_L2,pres,subject,long,L2,s,s
author1,G32-C4,rule_v1.test.gs066.c2.subject.long.56,rule_v1/test_L2,missing,subject,long,L2,neither,neither
author1,G32-C5,rule_v1.test.gs066.c2.subject.long.56,rule_v1/test_L2,flip,subject,long,L2,s',s'
author2,G32-C1,rule_v1.test.gs197.c1.negation.long.390,rule_v1/test_L2,near,negation,long,L2,s,s
author2,G32-C2,rule_v1.test.gs197.c1.negation.long.390,rule_v1/test_L2,flip,negation,long,L2,s',s'
author2,G32-C3,rule_v1.test.gs197.c1.negation.long.390,rule_v1/test_L2,pres,negation,long,L2,s,s
author2,G32-C4,rule_v1.test.gs197.c1.negation.long.390,rule_v1/test_L2,base,negation,long,L2,s,s
author2,G32-C5,rule_v1.test.gs197.c1.negation.long.390,rule_v1/test_L2,missing,negation,long,L2,neither,neither
author3,G32-C1,rule_v1.test.s1_bap65.ams.negation.long.421,rule_v1/test_hard,near,negation,long,L2,s,
author3,G32-C2,rule_v1.test.s1_bap65.ams.negation.long.421,rule_v1/test_hard,pres,negation,long,L2,s,
author3,G32-C3,rule_v1.test.s1_bap65.ams.negation.long.421,rule_v1/test_hard,base,negation,long,L2,s,
author3,G32-C4,rule_v1.test.s1_bap65.ams.negation.long.421,rule_v1/test_hard,flip,negation,long,L2,s',
author4,G32-C1,rule_v1.test.two_pneumonia.rr.numeric.easy.711,rule_v1/test_L1,pres,numeric,easy,L1,s,s
author4,G32-C2,rule_v1.test.two_pneumonia.rr.numeric.easy.711,rule_v1/test_L1,flip,numeric,easy,L1,s',s'
author4,G32-C3,rule_v1.test.two_pneumonia.rr.numeric.easy.711,rule_v1/test_L1,base,numeric,easy,L1,s,s
author4,G32-C4,rule_v1.test.two_pneumonia.rr.numeric.easy.711,rule_v1/test_L1,near,numeric,easy,L1,s,s
author1,G33-C1,rule_v1.test.inv008.c1.negation.long.109,rule_v1/test_L3inv,base,negation,long,L3-inv,s,s
author1,G33-C2,rule_v1.test.inv008.c1.negation.long.109,rule_v1/test_L3inv,near,negation,long,L3-inv,s,s
author1,G33-C3,rule_v1.test.inv008.c1.negation.long.109,rule_v1/test_L3inv,flip,negation,long,L3-inv,s',s'
author1,G33-C4,rule_v1.test.inv008.c1.negation.long.109,rule_v1/test_L3inv,pres,negation,long,L3-inv,s,s
author2,G33-C1,rule_v1.test.gs140.c3.boundary.long.770,rule_v1/test_hard,base,boundary,long,L2,s,s
author2,G33-C2,rule_v1.test.gs140.c3.boundary.long.770,rule_v1/test_hard,flip,boundary,long,L2,s',s'
author2,G33-C3,rule_v1.test.gs140.c3.boundary.long.770,rule_v1/test_hard,near,boundary,long,L2,s,s
author2,G33-C4,rule_v1.test.gs140.c3.boundary.long.770,rule_v1/test_hard,pres,boundary,long,L2,s,s
author3,G33-C1,rule_v1.test.gs172.c1.numeric.long.169,rule_v1/test_L0,base,numeric,long,L0,s,s
author3,G33-C2,rule_v1.test.gs172.c1.numeric.long.169,rule_v1/test_L0,flip,numeric,long,L0,s',s'
author3,G33-C3,rule_v1.test.gs172.c1.numeric.long.169,rule_v1/test_L0,pres,numeric,long,L0,s,s
author3,G33-C4,rule_v1.test.gs172.c1.numeric.long.169,rule_v1/test_L0,near,numeric,long,L0,s,s
author4,G33-C1,rule_v1.test.gs078.c2.time.long.1433,rule_v1/test_L2,base,time,long,L2,s,s
author4,G33-C2,rule_v1.test.gs078.c2.time.long.1433,rule_v1/test_L2,pres,time,long,L2,s,s
author4,G33-C3,rule_v1.test.gs078.c2.time.long.1433,rule_v1/test_L2,near,time,long,L2,s,s
author4,G33-C4,rule_v1.test.gs078.c2.time.long.1433,rule_v1/test_L2,flip,time,long,L2,s',s'
author1,G34-C1,rule_v1.test.s1_psi.bun.time.alt.225,rule_v1/test_L3alt,base,time,alt,L3-alt,s,
author1,G34-C2,rule_v1.test.s1_psi.bun.time.alt.225,rule_v1/test_L3alt,flip,time,alt,L3-alt,s',
author1,G34-C3,rule_v1.test.s1_psi.bun.time.alt.225,rule_v1/test_L3alt,pres,time,alt,L3-alt,s,
author1,G34-C4,rule_v1.test.s1_psi.bun.time.alt.225,rule_v1/test_L3alt,near,time,alt,L3-alt,s,
author2,G34-C1,rule_v1.test.gs123.c3.boundary.easy.666,rule_v1/test_L2,pres,boundary,easy,L2,s,s
author2,G34-C2,rule_v1.test.gs123.c3.boundary.easy.666,rule_v1/test_L2,flip,boundary,easy,L2,s',s'
author2,G34-C3,rule_v1.test.gs123.c3.boundary.easy.666,rule_v1/test_L2,base,boundary,easy,L2,s,s
author2,G34-C4,rule_v1.test.gs123.c3.boundary.easy.666,rule_v1/test_L2,near,boundary,easy,L2,s,s
author2,G34-C5,rule_v1.test.gs123.c3.boundary.easy.666,rule_v1/test_L2,missing,boundary,easy,L2,neither,neither
author3,G34-C1,rule_v1.test.gs122.c1.numeric.long.130,rule_v1/test_L2,near,numeric,long,L2,s,s
author3,G34-C2,rule_v1.test.gs122.c1.numeric.long.130,rule_v1/test_L2,base,numeric,long,L2,s,s
author3,G34-C3,rule_v1.test.gs122.c1.numeric.long.130,rule_v1/test_L2,missing,numeric,long,L2,neither,neither
author3,G34-C4,rule_v1.test.gs122.c1.numeric.long.130,rule_v1/test_L2,flip,numeric,long,L2,s',s'
author3,G34-C5,rule_v1.test.gs122.c1.numeric.long.130,rule_v1/test_L2,pres,numeric,long,L2,s,s
author4,G34-C1,rule_v1.test.inv049.c2.numeric.long.578,rule_v1/test_L3inv,base,numeric,long,L3-inv,s,s
author4,G34-C2,rule_v1.test.inv049.c2.numeric.long.578,rule_v1/test_L3inv,near,numeric,long,L3-inv,s,s
author4,G34-C3,rule_v1.test.inv049.c2.numeric.long.578,rule_v1/test_L3inv,pres,numeric,long,L3-inv,s,s
author4,G34-C4,rule_v1.test.inv049.c2.numeric.long.578,rule_v1/test_L3inv,flip,numeric,long,L3-inv,s',s'
author1,G35-C1,rule_v1.test.gs219.c2.boundary.long.691,rule_v1/test_L2,base,boundary,long,L2,s,s
author1,G35-C2,rule_v1.test.gs219.c2.boundary.long.691,rule_v1/test_L2,pres,boundary,long,L2,s,s
author1,G35-C3,rule_v1.test.gs219.c2.boundary.long.691,rule_v1/test_L2,near,boundary,long,L2,s,s
author1,G35-C4,rule_v1.test.gs219.c2.boundary.long.691,rule_v1/test_L2,missing,boundary,long,L2,neither,neither
author1,G35-C5,rule_v1.test.gs219.c2.boundary.long.691,rule_v1/test_L2,flip,boundary,long,L2,s',s'
author2,G35-C1,rule_v1.test.gs010.c3.time.superseded.892,rule_v1/test_L2,near,time,superseded,L2,s,s
author2,G35-C2,rule_v1.test.gs010.c3.time.superseded.892,rule_v1/test_L2,pres,time,superseded,L2,s,s
author2,G35-C3,rule_v1.test.gs010.c3.time.superseded.892,rule_v1/test_L2,missing,time,superseded,L2,neither,neither
author2,G35-C4,rule_v1.test.gs010.c3.time.superseded.892,rule_v1/test_L2,base,time,superseded,L2,s,s
author2,G35-C5,rule_v1.test.gs010.c3.time.superseded.892,rule_v1/test_L2,flip,time,superseded,L2,s',s'
author3,G35-C1,rule_v1.test.gs120.c3.time.superseded.816,rule_v1/test_hard,flip,time,superseded,L2,s',s'
author3,G35-C2,rule_v1.test.gs120.c3.time.superseded.816,rule_v1/test_hard,near,time,superseded,L2,s,s
author3,G35-C3,rule_v1.test.gs120.c3.time.superseded.816,rule_v1/test_hard,pres,time,superseded,L2,s,s
author3,G35-C4,rule_v1.test.gs120.c3.time.superseded.816,rule_v1/test_hard,base,time,superseded,L2,s,s
author4,G35-C1,rule_v1.test.s3_blatchford.bun.boundary.long.599,rule_v1/test_L2,near,boundary,long,L2,s,
author4,G35-C2,rule_v1.test.s3_blatchford.bun.boundary.long.599,rule_v1/test_L2,base,boundary,long,L2,s,
author4,G35-C3,rule_v1.test.s3_blatchford.bun.boundary.long.599,rule_v1/test_L2,pres,boundary,long,L2,s,
author4,G35-C4,rule_v1.test.s3_blatchford.bun.boundary.long.599,rule_v1/test_L2,flip,boundary,long,L2,s',
author4,G35-C5,rule_v1.test.s3_blatchford.bun.boundary.long.599,rule_v1/test_L2,missing,boundary,long,L2,neither,
author1,G36-C1,rule_v1.test.gs087.c3.boundary.easy.474,rule_v1/test_L2,flip,boundary,easy,L2,s',s'
author1,G36-C2,rule_v1.test.gs087.c3.boundary.easy.474,rule_v1/test_L2,near,boundary,easy,L2,s,s
author1,G36-C3,rule_v1.test.gs087.c3.boundary.easy.474,rule_v1/test_L2,missing,boundary,easy,L2,neither,neither
author1,G36-C4,rule_v1.test.gs087.c3.boundary.easy.474,rule_v1/test_L2,pres,boundary,easy,L2,s,s
author1,G36-C5,rule_v1.test.gs087.c3.boundary.easy.474,rule_v1/test_L2,base,boundary,easy,L2,s,s
author2,G36-C1,rule_v1.test.gs188.c2.time.long.840,rule_v1/test_hard,base,time,long,L2,s,s
author2,G36-C2,rule_v1.test.gs188.c2.time.long.840,rule_v1/test_hard,near,time,long,L2,s,s
author2,G36-C3,rule_v1.test.gs188.c2.time.long.840,rule_v1/test_hard,pres,time,long,L2,s,s
author2,G36-C4,rule_v1.test.gs188.c2.time.long.840,rule_v1/test_hard,flip,time,long,L2,s',s'
author3,G36-C1,rule_v1.test.s1_spesi.cancer.subject.easy.977,rule_v1/test_L2,base,subject,easy,L2,s,
author3,G36-C2,rule_v1.test.s1_spesi.cancer.subject.easy.977,rule_v1/test_L2,missing,subject,easy,L2,neither,
author3,G36-C3,rule_v1.test.s1_spesi.cancer.subject.easy.977,rule_v1/test_L2,pres,subject,easy,L2,s,
author3,G36-C4,rule_v1.test.s1_spesi.cancer.subject.easy.977,rule_v1/test_L2,flip,subject,easy,L2,s',
author3,G36-C5,rule_v1.test.s1_spesi.cancer.subject.easy.977,rule_v1/test_L2,near,subject,easy,L2,s,
author4,G36-C1,rule_v1.test.inv013.c2.time.easy.774,rule_v1/test_L3inv,near,time,easy,L3-inv,s,s
author4,G36-C2,rule_v1.test.inv013.c2.time.easy.774,rule_v1/test_L3inv,base,time,easy,L3-inv,s,s
author4,G36-C3,rule_v1.test.inv013.c2.time.easy.774,rule_v1/test_L3inv,flip,time,easy,L3-inv,s',s'
author4,G36-C4,rule_v1.test.inv013.c2.time.easy.774,rule_v1/test_L3inv,pres,time,easy,L3-inv,s,s
author1,G37-C1,rule_v1.test.gs079.c2.subject.long.967,rule_v1/test_hard,pres,subject,long,L2,s,s
author1,G37-C2,rule_v1.test.gs079.c2.subject.long.967,rule_v1/test_hard,flip,subject,long,L2,s',s'
author1,G37-C3,rule_v1.test.gs079.c2.subject.long.967,rule_v1/test_hard,base,subject,long,L2,s,s
author1,G37-C4,rule_v1.test.gs079.c2.subject.long.967,rule_v1/test_hard,near,subject,long,L2,s,s
author2,G37-C1,rule_v1.test.s1_spesi.hr.numeric.long.645,rule_v1/test_hard,near,numeric,long,L2,s,
author2,G37-C2,rule_v1.test.s1_spesi.hr.numeric.long.645,rule_v1/test_hard,base,numeric,long,L2,s,
author2,G37-C3,rule_v1.test.s1_spesi.hr.numeric.long.645,rule_v1/test_hard,flip,numeric,long,L2,s',
author2,G37-C4,rule_v1.test.s1_spesi.hr.numeric.long.645,rule_v1/test_hard,pres,numeric,long,L2,s,
author3,G37-C1,rule_v1.test.gs118.c2.subject.long.855,rule_v1/test_hard,base,subject,long,L2,s,s
author3,G37-C2,rule_v1.test.gs118.c2.subject.long.855,rule_v1/test_hard,flip,subject,long,L2,s',s'
author3,G37-C3,rule_v1.test.gs118.c2.subject.long.855,rule_v1/test_hard,near,subject,long,L2,s,s
author3,G37-C4,rule_v1.test.gs118.c2.subject.long.855,rule_v1/test_hard,pres,subject,long,L2,s,s
author4,G37-C1,rule_v1.test.cut_vte.vte.negation.long.1602,rule_v1/test_L2,base,negation,long,L2,s,s
author4,G37-C2,rule_v1.test.cut_vte.vte.negation.long.1602,rule_v1/test_L2,pres,negation,long,L2,s,s
author4,G37-C3,rule_v1.test.cut_vte.vte.negation.long.1602,rule_v1/test_L2,flip,negation,long,L2,s',s'
author4,G37-C4,rule_v1.test.cut_vte.vte.negation.long.1602,rule_v1/test_L2,near,negation,long,L2,s,s
author1,G38-C1,rule_v1.test.gs067.c2.negation.easy.604,rule_v1/test_L2,near,negation,easy,L2,s,s
author1,G38-C2,rule_v1.test.gs067.c2.negation.easy.604,rule_v1/test_L2,pres,negation,easy,L2,s,s
author1,G38-C3,rule_v1.test.gs067.c2.negation.easy.604,rule_v1/test_L2,base,negation,easy,L2,s,s
author1,G38-C4,rule_v1.test.gs067.c2.negation.easy.604,rule_v1/test_L2,flip,negation,easy,L2,s',s'
author1,G38-C5,rule_v1.test.gs067.c2.negation.easy.604,rule_v1/test_L2,missing,negation,easy,L2,neither,neither
author2,G38-C1,rule_v1.test.news2_red.rr.numeric.easy.1313,rule_v1/test_L2,base,numeric,easy,L2,s,
author2,G38-C2,rule_v1.test.news2_red.rr.numeric.easy.1313,rule_v1/test_L2,flip,numeric,easy,L2,s',
author2,G38-C3,rule_v1.test.news2_red.rr.numeric.easy.1313,rule_v1/test_L2,pres,numeric,easy,L2,s,
author2,G38-C4,rule_v1.test.news2_red.rr.numeric.easy.1313,rule_v1/test_L2,near,numeric,easy,L2,s,
author3,G38-C1,rule_v1.test.s1_meds.ams.negation.long.449,rule_v1/test_hard,near,negation,long,L2,s,
author3,G38-C2,rule_v1.test.s1_meds.ams.negation.long.449,rule_v1/test_hard,pres,negation,long,L2,s,
author3,G38-C3,rule_v1.test.s1_meds.ams.negation.long.449,rule_v1/test_hard,flip,negation,long,L2,s',
author3,G38-C4,rule_v1.test.s1_meds.ams.negation.long.449,rule_v1/test_hard,base,negation,long,L2,s,
author4,G38-C1,rule_v1.test.c1_transfusion.hgb.time.alt.692,rule_v1/test_L3alt,near,time,alt,L3-alt,s,s
author4,G38-C2,rule_v1.test.c1_transfusion.hgb.time.alt.692,rule_v1/test_L3alt,base,time,alt,L3-alt,s,s
author4,G38-C3,rule_v1.test.c1_transfusion.hgb.time.alt.692,rule_v1/test_L3alt,flip,time,alt,L3-alt,s',s'
author4,G38-C4,rule_v1.test.c1_transfusion.hgb.time.alt.692,rule_v1/test_L3alt,pres,time,alt,L3-alt,s,s
author1,G39-C1,rule_v1.test.s1_meds.plt.boundary.easy.1554,rule_v1/test_L2,near,boundary,easy,L2,s,
author1,G39-C2,rule_v1.test.s1_meds.plt.boundary.easy.1554,rule_v1/test_L2,pres,boundary,easy,L2,s,
author1,G39-C3,rule_v1.test.s1_meds.plt.boundary.easy.1554,rule_v1/test_L2,flip,boundary,easy,L2,s',
author1,G39-C4,rule_v1.test.s1_meds.plt.boundary.easy.1554,rule_v1/test_L2,base,boundary,easy,L2,s,
author2,G39-C1,rule_v1.test.gs224.c1.subject.easy.1033,rule_v1/test_L2,flip,subject,easy,L2,s',s'
author2,G39-C2,rule_v1.test.gs224.c1.subject.easy.1033,rule_v1/test_L2,near,subject,easy,L2,s,s
author2,G39-C3,rule_v1.test.gs224.c1.subject.easy.1033,rule_v1/test_L2,pres,subject,easy,L2,s,s
author2,G39-C4,rule_v1.test.gs224.c1.subject.easy.1033,rule_v1/test_L2,base,subject,easy,L2,s,s
author3,G39-C1,rule_v1.test.gs230.c3.numeric.long.1163,rule_v1/test_L2,near,numeric,long,L2,s,s
author3,G39-C2,rule_v1.test.gs230.c3.numeric.long.1163,rule_v1/test_L2,pres,numeric,long,L2,s,s
author3,G39-C3,rule_v1.test.gs230.c3.numeric.long.1163,rule_v1/test_L2,base,numeric,long,L2,s,s
author3,G39-C4,rule_v1.test.gs230.c3.numeric.long.1163,rule_v1/test_L2,flip,numeric,long,L2,s',s'
author4,G39-C1,rule_v1.test.gs124.c3.boundary.long.705,rule_v1/test_hard,pres,boundary,long,L2,s,s
author4,G39-C2,rule_v1.test.gs124.c3.boundary.long.705,rule_v1/test_hard,base,boundary,long,L2,s,s
author4,G39-C3,rule_v1.test.gs124.c3.boundary.long.705,rule_v1/test_hard,near,boundary,long,L2,s,s
author4,G39-C4,rule_v1.test.gs124.c3.boundary.long.705,rule_v1/test_hard,flip,boundary,long,L2,s',s'
author1,G40-C1,rule_v1.test.inv045.c1.boundary.easy.100,rule_v1/test_L3inv,pres,boundary,easy,L3-inv,s,s
author1,G40-C2,rule_v1.test.inv045.c1.boundary.easy.100,rule_v1/test_L3inv,near,boundary,easy,L3-inv,s,s
author1,G40-C3,rule_v1.test.inv045.c1.boundary.easy.100,rule_v1/test_L3inv,flip,boundary,easy,L3-inv,s',s'
author1,G40-C4,rule_v1.test.inv045.c1.boundary.easy.100,rule_v1/test_L3inv,base,boundary,easy,L3-inv,s,s
author2,G40-C1,rule_v1.test.gs052.c2.boundary.easy.1349,rule_v1/test_L2,near,boundary,easy,L2,s,s
author2,G40-C2,rule_v1.test.gs052.c2.boundary.easy.1349,rule_v1/test_L2,flip,boundary,easy,L2,s',s'
author2,G40-C3,rule_v1.test.gs052.c2.boundary.easy.1349,rule_v1/test_L2,pres,boundary,easy,L2,s,s
author2,G40-C4,rule_v1.test.gs052.c2.boundary.easy.1349,rule_v1/test_L2,base,boundary,easy,L2,s,s
author3,G40-C1,rule_v1.test.gs194.c1.boundary.long.360,rule_v1/test_L2,pres,boundary,long,L2,s,s
author3,G40-C2,rule_v1.test.gs194.c1.boundary.long.360,rule_v1/test_L2,near,boundary,long,L2,s,s
author3,G40-C3,rule_v1.test.gs194.c1.boundary.long.360,rule_v1/test_L2,flip,boundary,long,L2,s',s'
author3,G40-C4,rule_v1.test.gs194.c1.boundary.long.360,rule_v1/test_L2,missing,boundary,long,L2,neither,neither
author3,G40-C5,rule_v1.test.gs194.c1.boundary.long.360,rule_v1/test_L2,base,boundary,long,L2,s,s
author4,G40-C1,rule_v1.test.s3_aims65.inr.boundary.long.51,rule_v1/test_hard,near,boundary,long,L2,s,
author4,G40-C2,rule_v1.test.s3_aims65.inr.boundary.long.51,rule_v1/test_hard,base,boundary,long,L2,s,
author4,G40-C3,rule_v1.test.s3_aims65.inr.boundary.long.51,rule_v1/test_hard,flip,boundary,long,L2,s',
author4,G40-C4,rule_v1.test.s3_aims65.inr.boundary.long.51,rule_v1/test_hard,pres,boundary,long,L2,s,
author1,G41-C1,rule_v1.test.gs079.c2.negation.long.738,rule_v1/test_hard,base,negation,long,L2,s,s
author1,G41-C2,rule_v1.test.gs079.c2.negation.long.738,rule_v1/test_hard,flip,negation,long,L2,s',s'
author1,G41-C3,rule_v1.test.gs079.c2.negation.long.738,rule_v1/test_hard,pres,negation,long,L2,s,s
author1,G41-C4,rule_v1.test.gs079.c2.negation.long.738,rule_v1/test_hard,near,negation,long,L2,s,s
author2,G41-C1,rule_v1.test.gs118.c3.time.easy.1228,rule_v1/test_L2,base,time,easy,L2,s,s
author2,G41-C2,rule_v1.test.gs118.c3.time.easy.1228,rule_v1/test_L2,pres,time,easy,L2,s,s
author2,G41-C3,rule_v1.test.gs118.c3.time.easy.1228,rule_v1/test_L2,flip,time,easy,L2,s',s'
author2,G41-C4,rule_v1.test.gs118.c3.time.easy.1228,rule_v1/test_L2,near,time,easy,L2,s,s
author3,G41-C1,rule_v1.test.gs136.c2.negation.easy.165,rule_v1/test_L1,near,negation,easy,L1,s,s
author3,G41-C2,rule_v1.test.gs136.c2.negation.easy.165,rule_v1/test_L1,flip,negation,easy,L1,s',s'
author3,G41-C3,rule_v1.test.gs136.c2.negation.easy.165,rule_v1/test_L1,base,negation,easy,L1,s,s
author3,G41-C4,rule_v1.test.gs136.c2.negation.easy.165,rule_v1/test_L1,pres,negation,easy,L1,s,s
author4,G41-C1,rule_v1.test.gs087.c3.time.superseded.109,rule_v1/test_hard,pres,time,superseded,L2,s,s
author4,G41-C2,rule_v1.test.gs087.c3.time.superseded.109,rule_v1/test_hard,base,time,superseded,L2,s,s
author4,G41-C3,rule_v1.test.gs087.c3.time.superseded.109,rule_v1/test_hard,near,time,superseded,L2,s,s
author4,G41-C4,rule_v1.test.gs087.c3.time.superseded.109,rule_v1/test_hard,flip,time,superseded,L2,s',s'
author1,G42-C1,rule_v1.test.s2_geneva.cancer.subject.long.763,rule_v1/test_hard,pres,subject,long,L2,s,
author1,G42-C2,rule_v1.test.s2_geneva.cancer.subject.long.763,rule_v1/test_hard,base,subject,long,L2,s,
author1,G42-C3,rule_v1.test.s2_geneva.cancer.subject.long.763,rule_v1/test_hard,near,subject,long,L2,s,
author1,G42-C4,rule_v1.test.s2_geneva.cancer.subject.long.763,rule_v1/test_hard,flip,subject,long,L2,s',
author2,G42-C1,rule_v1.test.gs219.c2.numeric.long.287,rule_v1/test_L2,flip,numeric,long,L2,s',s'
author2,G42-C2,rule_v1.test.gs219.c2.numeric.long.287,rule_v1/test_L2,base,numeric,long,L2,s,s
author2,G42-C3,rule_v1.test.gs219.c2.numeric.long.287,rule_v1/test_L2,missing,numeric,long,L2,neither,neither
author2,G42-C4,rule_v1.test.gs219.c2.numeric.long.287,rule_v1/test_L2,near,numeric,long,L2,s,s
author2,G42-C5,rule_v1.test.gs219.c2.numeric.long.287,rule_v1/test_L2,pres,numeric,long,L2,s,s
author3,G42-C1,rule_v1.test.gs213.c1.negation.easy.679,rule_v1/test_L1,flip,negation,easy,L1,s',s'
author3,G42-C2,rule_v1.test.gs213.c1.negation.easy.679,rule_v1/test_L1,pres,negation,easy,L1,s,s
author3,G42-C3,rule_v1.test.gs213.c1.negation.easy.679,rule_v1/test_L1,base,negation,easy,L1,s,s
author3,G42-C4,rule_v1.test.gs213.c1.negation.easy.679,rule_v1/test_L1,near,negation,easy,L1,s,s
author4,G42-C1,rule_v1.test.gs086.c1.boundary.long.934,rule_v1/test_hard,flip,boundary,long,L2,s',s'
author4,G42-C2,rule_v1.test.gs086.c1.boundary.long.934,rule_v1/test_hard,base,boundary,long,L2,s,s
author4,G42-C3,rule_v1.test.gs086.c1.boundary.long.934,rule_v1/test_hard,pres,boundary,long,L2,s,s
author4,G42-C4,rule_v1.test.gs086.c1.boundary.long.934,rule_v1/test_hard,near,boundary,long,L2,s,s
author1,G43-C1,rule_v1.test.s2_atria_bleed.egfr.time.alt.160,rule_v1/test_L3alt,flip,time,alt,L3-alt,s',
author1,G43-C2,rule_v1.test.s2_atria_bleed.egfr.time.alt.160,rule_v1/test_L3alt,near,time,alt,L3-alt,s,
author1,G43-C3,rule_v1.test.s2_atria_bleed.egfr.time.alt.160,rule_v1/test_L3alt,base,time,alt,L3-alt,s,
author1,G43-C4,rule_v1.test.s2_atria_bleed.egfr.time.alt.160,rule_v1/test_L3alt,pres,time,alt,L3-alt,s,
author2,G43-C1,rule_v1.test.gs124.c1.negation.easy.278,rule_v1/test_L2,missing,negation,easy,L2,neither,neither
author2,G43-C2,rule_v1.test.gs124.c1.negation.easy.278,rule_v1/test_L2,near,negation,easy,L2,s,s
author2,G43-C3,rule_v1.test.gs124.c1.negation.easy.278,rule_v1/test_L2,pres,negation,easy,L2,s,s
author2,G43-C4,rule_v1.test.gs124.c1.negation.easy.278,rule_v1/test_L2,flip,negation,easy,L2,s',s'
author2,G43-C5,rule_v1.test.gs124.c1.negation.easy.278,rule_v1/test_L2,base,negation,easy,L2,s,s
author3,G43-C1,rule_v1.test.gs025.c1.subject.easy.238,rule_v1/test_L2,pres,subject,easy,L2,s,s
author3,G43-C2,rule_v1.test.gs025.c1.subject.easy.238,rule_v1/test_L2,near,subject,easy,L2,s,s
author3,G43-C3,rule_v1.test.gs025.c1.subject.easy.238,rule_v1/test_L2,base,subject,easy,L2,s,s
author3,G43-C4,rule_v1.test.gs025.c1.subject.easy.238,rule_v1/test_L2,flip,subject,easy,L2,s',s'
author3,G43-C5,rule_v1.test.gs025.c1.subject.easy.238,rule_v1/test_L2,missing,subject,easy,L2,neither,neither
author4,G43-C1,rule_v1.test.gs024.c3.numeric.long.795,rule_v1/test_hard,pres,numeric,long,L2,s,s
author4,G43-C2,rule_v1.test.gs024.c3.numeric.long.795,rule_v1/test_hard,flip,numeric,long,L2,s',s'
author4,G43-C3,rule_v1.test.gs024.c3.numeric.long.795,rule_v1/test_hard,base,numeric,long,L2,s,s
author4,G43-C4,rule_v1.test.gs024.c3.numeric.long.795,rule_v1/test_hard,near,numeric,long,L2,s,s
author1,G44-C1,rule_v1.test.gs225.c2.boundary.long.422,rule_v1/test_L1,base,boundary,long,L1,s,s
author1,G44-C2,rule_v1.test.gs225.c2.boundary.long.422,rule_v1/test_L1,flip,boundary,long,L1,s',s'
author1,G44-C3,rule_v1.test.gs225.c2.boundary.long.422,rule_v1/test_L1,near,boundary,long,L1,s,s
author1,G44-C4,rule_v1.test.gs225.c2.boundary.long.422,rule_v1/test_L1,pres,boundary,long,L1,s,s
author2,G44-C1,rule_v1.test.gs056.c4.boundary.easy.725,rule_v1/test_L2,base,boundary,easy,L2,s,s
author2,G44-C2,rule_v1.test.gs056.c4.boundary.easy.725,rule_v1/test_L2,flip,boundary,easy,L2,s',s'
author2,G44-C3,rule_v1.test.gs056.c4.boundary.easy.725,rule_v1/test_L2,pres,boundary,easy,L2,s,s
author2,G44-C4,rule_v1.test.gs056.c4.boundary.easy.725,rule_v1/test_L2,near,boundary,easy,L2,s,s
author2,G44-C5,rule_v1.test.gs056.c4.boundary.easy.725,rule_v1/test_L2,missing,boundary,easy,L2,neither,neither
author3,G44-C1,rule_v1.test.gs155.c2.boundary.easy.375,rule_v1/test_L2,missing,boundary,easy,L2,neither,neither
author3,G44-C2,rule_v1.test.gs155.c2.boundary.easy.375,rule_v1/test_L2,base,boundary,easy,L2,s,s
author3,G44-C3,rule_v1.test.gs155.c2.boundary.easy.375,rule_v1/test_L2,flip,boundary,easy,L2,s',s'
author3,G44-C4,rule_v1.test.gs155.c2.boundary.easy.375,rule_v1/test_L2,near,boundary,easy,L2,s,s
author3,G44-C5,rule_v1.test.gs155.c2.boundary.easy.375,rule_v1/test_L2,pres,boundary,easy,L2,s,s
author4,G44-C1,rule_v1.test.wells_dvt.cancer.negation.long.944,rule_v1/test_L0,base,negation,long,L0,s,
author4,G44-C2,rule_v1.test.wells_dvt.cancer.negation.long.944,rule_v1/test_L0,flip,negation,long,L0,s',
author4,G44-C3,rule_v1.test.wells_dvt.cancer.negation.long.944,rule_v1/test_L0,near,negation,long,L0,s,
author4,G44-C4,rule_v1.test.wells_dvt.cancer.negation.long.944,rule_v1/test_L0,pres,negation,long,L0,s,
author1,G45-C1,rule_v1.test.gs155.c2.time.superseded.783,rule_v1/test_hard,near,time,superseded,L2,s,s
author1,G45-C2,rule_v1.test.gs155.c2.time.superseded.783,rule_v1/test_hard,base,time,superseded,L2,s,s
author1,G45-C3,rule_v1.test.gs155.c2.time.superseded.783,rule_v1/test_hard,pres,time,superseded,L2,s,s
author1,G45-C4,rule_v1.test.gs155.c2.time.superseded.783,rule_v1/test_hard,flip,time,superseded,L2,s',s'
author2,G45-C1,rule_v1.test.gs163.c2.time.easy.548,rule_v1/test_L0,flip,time,easy,L0,s',s'
author2,G45-C2,rule_v1.test.gs163.c2.time.easy.548,rule_v1/test_L0,pres,time,easy,L0,s,s
author2,G45-C3,rule_v1.test.gs163.c2.time.easy.548,rule_v1/test_L0,near,time,easy,L0,s,s
author2,G45-C4,rule_v1.test.gs163.c2.time.easy.548,rule_v1/test_L0,base,time,easy,L0,s,s
author3,G45-C1,rule_v1.test.centor.temp.boundary.easy.1303,rule_v1/test_L2,near,boundary,easy,L2,s,
author3,G45-C2,rule_v1.test.centor.temp.boundary.easy.1303,rule_v1/test_L2,flip,boundary,easy,L2,s',
author3,G45-C3,rule_v1.test.centor.temp.boundary.easy.1303,rule_v1/test_L2,pres,boundary,easy,L2,s,
author3,G45-C4,rule_v1.test.centor.temp.boundary.easy.1303,rule_v1/test_L2,base,boundary,easy,L2,s,
author4,G45-C1,rule_v1.test.inv026.c2.time.easy.432,rule_v1/test_L3inv,base,time,easy,L3-inv,s,s
author4,G45-C2,rule_v1.test.inv026.c2.time.easy.432,rule_v1/test_L3inv,near,time,easy,L3-inv,s,s
author4,G45-C3,rule_v1.test.inv026.c2.time.easy.432,rule_v1/test_L3inv,pres,time,easy,L3-inv,s,s
author4,G45-C4,rule_v1.test.inv026.c2.time.easy.432,rule_v1/test_L3inv,flip,time,easy,L3-inv,s',s'
author1,G46-C1,rule_v1.test.gs088.c1.subject.long.707,rule_v1/test_L2,flip,subject,long,L2,s',s'
author1,G46-C2,rule_v1.test.gs088.c1.subject.long.707,rule_v1/test_L2,base,subject,long,L2,s,s
author1,G46-C3,rule_v1.test.gs088.c1.subject.long.707,rule_v1/test_L2,near,subject,long,L2,s,s
author1,G46-C4,rule_v1.test.gs088.c1.subject.long.707,rule_v1/test_L2,pres,subject,long,L2,s,s
author1,G46-C5,rule_v1.test.gs088.c1.subject.long.707,rule_v1/test_L2,missing,subject,long,L2,neither,neither
author2,G46-C1,rule_v1.test.centor.temp.boundary.easy.540,rule_v1/test_L2,missing,boundary,easy,L2,neither,
author2,G46-C2,rule_v1.test.centor.temp.boundary.easy.540,rule_v1/test_L2,base,boundary,easy,L2,s,
author2,G46-C3,rule_v1.test.centor.temp.boundary.easy.540,rule_v1/test_L2,pres,boundary,easy,L2,s,
author2,G46-C4,rule_v1.test.centor.temp.boundary.easy.540,rule_v1/test_L2,near,boundary,easy,L2,s,
author2,G46-C5,rule_v1.test.centor.temp.boundary.easy.540,rule_v1/test_L2,flip,boundary,easy,L2,s',
author3,G46-C1,rule_v1.test.gs010.c3.time.superseded.302,rule_v1/test_hard,near,time,superseded,L2,s,s
author3,G46-C2,rule_v1.test.gs010.c3.time.superseded.302,rule_v1/test_hard,flip,time,superseded,L2,s',s'
author3,G46-C3,rule_v1.test.gs010.c3.time.superseded.302,rule_v1/test_hard,base,time,superseded,L2,s,s
author3,G46-C4,rule_v1.test.gs010.c3.time.superseded.302,rule_v1/test_hard,pres,time,superseded,L2,s,s
author4,G46-C1,rule_v1.test.s1_spesi.sbp.boundary.long.146,rule_v1/test_hard,base,boundary,long,L2,s,
author4,G46-C2,rule_v1.test.s1_spesi.sbp.boundary.long.146,rule_v1/test_hard,flip,boundary,long,L2,s',
author4,G46-C3,rule_v1.test.s1_spesi.sbp.boundary.long.146,rule_v1/test_hard,near,boundary,long,L2,s,
author4,G46-C4,rule_v1.test.s1_spesi.sbp.boundary.long.146,rule_v1/test_hard,pres,boundary,long,L2,s,
author1,G47-C1,rule_v1.test.gs147.c4.negation.easy.100,rule_v1/test_L2,missing,negation,easy,L2,neither,neither
author1,G47-C2,rule_v1.test.gs147.c4.negation.easy.100,rule_v1/test_L2,flip,negation,easy,L2,s',s'
author1,G47-C3,rule_v1.test.gs147.c4.negation.easy.100,rule_v1/test_L2,near,negation,easy,L2,s,s
author1,G47-C4,rule_v1.test.gs147.c4.negation.easy.100,rule_v1/test_L2,pres,negation,easy,L2,s,s
author1,G47-C5,rule_v1.test.gs147.c4.negation.easy.100,rule_v1/test_L2,base,negation,easy,L2,s,s
author2,G47-C1,rule_v1.test.any_gout.egfr.boundary.easy.872,rule_v1/test_L0,base,boundary,easy,L0,s,s
author2,G47-C2,rule_v1.test.any_gout.egfr.boundary.easy.872,rule_v1/test_L0,pres,boundary,easy,L0,s,s
author2,G47-C3,rule_v1.test.any_gout.egfr.boundary.easy.872,rule_v1/test_L0,near,boundary,easy,L0,s,s
author2,G47-C4,rule_v1.test.any_gout.egfr.boundary.easy.872,rule_v1/test_L0,flip,boundary,easy,L0,s',s'
author3,G47-C1,rule_v1.test.inv052.c3.time.easy.864,rule_v1/test_L3inv,base,time,easy,L3-inv,s,s
author3,G47-C2,rule_v1.test.inv052.c3.time.easy.864,rule_v1/test_L3inv,near,time,easy,L3-inv,s,s
author3,G47-C3,rule_v1.test.inv052.c3.time.easy.864,rule_v1/test_L3inv,pres,time,easy,L3-inv,s,s
author3,G47-C4,rule_v1.test.inv052.c3.time.easy.864,rule_v1/test_L3inv,flip,time,easy,L3-inv,s',s'
author4,G47-C1,rule_v1.test.rcri.cr.numeric.alt.72,rule_v1/test_L3alt,pres,numeric,alt,L3-alt,s,
author4,G47-C2,rule_v1.test.rcri.cr.numeric.alt.72,rule_v1/test_L3alt,flip,numeric,alt,L3-alt,s',
author4,G47-C3,rule_v1.test.rcri.cr.numeric.alt.72,rule_v1/test_L3alt,base,numeric,alt,L3-alt,s,
author4,G47-C4,rule_v1.test.rcri.cr.numeric.alt.72,rule_v1/test_L3alt,near,numeric,alt,L3-alt,s,
author1,G48-C1,rule_v1.test.ckd_nsaid.egfr.boundary.alt.740,rule_v1/test_L3alt,pres,boundary,alt,L3-alt,s,s
author1,G48-C2,rule_v1.test.ckd_nsaid.egfr.boundary.alt.740,rule_v1/test_L3alt,base,boundary,alt,L3-alt,s,s
author1,G48-C3,rule_v1.test.ckd_nsaid.egfr.boundary.alt.740,rule_v1/test_L3alt,flip,boundary,alt,L3-alt,s',s'
author1,G48-C4,rule_v1.test.ckd_nsaid.egfr.boundary.alt.740,rule_v1/test_L3alt,near,boundary,alt,L3-alt,s,s
author2,G48-C1,rule_v1.test.gs209.c2.subject.easy.1090,rule_v1/test_L2,near,subject,easy,L2,s,s
author2,G48-C2,rule_v1.test.gs209.c2.subject.easy.1090,rule_v1/test_L2,flip,subject,easy,L2,s',s'
author2,G48-C3,rule_v1.test.gs209.c2.subject.easy.1090,rule_v1/test_L2,pres,subject,easy,L2,s,s
author2,G48-C4,rule_v1.test.gs209.c2.subject.easy.1090,rule_v1/test_L2,base,subject,easy,L2,s,s
author3,G48-C1,rule_v1.test.s3_rockall.hf.subject.easy.1295,rule_v1/test_L2,pres,subject,easy,L2,s,
author3,G48-C2,rule_v1.test.s3_rockall.hf.subject.easy.1295,rule_v1/test_L2,flip,subject,easy,L2,s',
author3,G48-C3,rule_v1.test.s3_rockall.hf.subject.easy.1295,rule_v1/test_L2,base,subject,easy,L2,s,
author3,G48-C4,rule_v1.test.s3_rockall.hf.subject.easy.1295,rule_v1/test_L2,near,subject,easy,L2,s,
author4,G48-C1,rule_v1.test.inv014.c2.numeric.long.744,rule_v1/test_L3inv,flip,numeric,long,L3-inv,s',s'
author4,G48-C2,rule_v1.test.inv014.c2.numeric.long.744,rule_v1/test_L3inv,near,numeric,long,L3-inv,s,s
author4,G48-C3,rule_v1.test.inv014.c2.numeric.long.744,rule_v1/test_L3inv,base,numeric,long,L3-inv,s,s
author4,G48-C4,rule_v1.test.inv014.c2.numeric.long.744,rule_v1/test_L3inv,pres,numeric,long,L3-inv,s,s
author1,G49-C1,rule_v1.test.s2_wells_pe.hr.numeric.long.833,rule_v1/test_hard,base,numeric,long,L2,s,
author1,G49-C2,rule_v1.test.s2_wells_pe.hr.numeric.long.833,rule_v1/test_hard,near,numeric,long,L2,s,
author1,G49-C3,rule_v1.test.s2_wells_pe.hr.numeric.long.833,rule_v1/test_hard,pres,numeric,long,L2,s,
author1,G49-C4,rule_v1.test.s2_wells_pe.hr.numeric.long.833,rule_v1/test_hard,flip,numeric,long,L2,s',
author2,G49-C1,rule_v1.test.gs061.c2.time.delabelled.533,rule_v1/test_L0,flip,time,delabelled,L0,s',s'
author2,G49-C2,rule_v1.test.gs061.c2.time.delabelled.533,rule_v1/test_L0,base,time,delabelled,L0,s,s
author2,G49-C3,rule_v1.test.gs061.c2.time.delabelled.533,rule_v1/test_L0,pres,time,delabelled,L0,s,s
author2,G49-C4,rule_v1.test.gs061.c2.time.delabelled.533,rule_v1/test_L0,near,time,delabelled,L0,s,s
author3,G49-C1,rule_v1.test.hf_spironolactone.k.numeric.alt.633,rule_v1/test_L3alt,pres,numeric,alt,L3-alt,s,s
author3,G49-C2,rule_v1.test.hf_spironolactone.k.numeric.alt.633,rule_v1/test_L3alt,flip,numeric,alt,L3-alt,s',s'
author3,G49-C3,rule_v1.test.hf_spironolactone.k.numeric.alt.633,rule_v1/test_L3alt,near,numeric,alt,L3-alt,s,s
author3,G49-C4,rule_v1.test.hf_spironolactone.k.numeric.alt.633,rule_v1/test_L3alt,base,numeric,alt,L3-alt,s,s
author4,G49-C1,rule_v1.test.gs139.c2.subject.easy.1231,rule_v1/test_L2,near,subject,easy,L2,s,s
author4,G49-C2,rule_v1.test.gs139.c2.subject.easy.1231,rule_v1/test_L2,pres,subject,easy,L2,s,s
author4,G49-C3,rule_v1.test.gs139.c2.subject.easy.1231,rule_v1/test_L2,flip,subject,easy,L2,s',s'
author4,G49-C4,rule_v1.test.gs139.c2.subject.easy.1231,rule_v1/test_L2,base,subject,easy,L2,s,s
author1,G50-C1,rule_v1.test.inv042.c1.subject.easy.512,rule_v1/test_L3inv,base,subject,easy,L3-inv,s,s
author1,G50-C2,rule_v1.test.inv042.c1.subject.easy.512,rule_v1/test_L3inv,pres,subject,easy,L3-inv,s,s
author1,G50-C3,rule_v1.test.inv042.c1.subject.easy.512,rule_v1/test_L3inv,near,subject,easy,L3-inv,s,s
author1,G50-C4,rule_v1.test.inv042.c1.subject.easy.512,rule_v1/test_L3inv,flip,subject,easy,L3-inv,s',s'
author2,G50-C1,rule_v1.test.gs048.c1.time.easy.32,rule_v1/test_L2,missing,time,easy,L2,neither,neither
author2,G50-C2,rule_v1.test.gs048.c1.time.easy.32,rule_v1/test_L2,pres,time,easy,L2,s,s
author2,G50-C3,rule_v1.test.gs048.c1.time.easy.32,rule_v1/test_L2,near,time,easy,L2,s,s
author2,G50-C4,rule_v1.test.gs048.c1.time.easy.32,rule_v1/test_L2,base,time,easy,L2,s,s
author2,G50-C5,rule_v1.test.gs048.c1.time.easy.32,rule_v1/test_L2,flip,time,easy,L2,s',s'
author3,G50-C1,rule_v1.test.gs124.c3.numeric.easy.1136,rule_v1/test_L2,pres,numeric,easy,L2,s,s
author3,G50-C2,rule_v1.test.gs124.c3.numeric.easy.1136,rule_v1/test_L2,near,numeric,easy,L2,s,s
author3,G50-C3,rule_v1.test.gs124.c3.numeric.easy.1136,rule_v1/test_L2,base,numeric,easy,L2,s,s
author3,G50-C4,rule_v1.test.gs124.c3.numeric.easy.1136,rule_v1/test_L2,flip,numeric,easy,L2,s',s'
author4,G50-C1,rule_v1.test.gs209.c2.negation.long.956,rule_v1/test_hard,near,negation,long,L2,s,s
author4,G50-C2,rule_v1.test.gs209.c2.negation.long.956,rule_v1/test_hard,flip,negation,long,L2,s',s'
author4,G50-C3,rule_v1.test.gs209.c2.negation.long.956,rule_v1/test_hard,base,negation,long,L2,s,s
author4,G50-C4,rule_v1.test.gs209.c2.negation.long.956,rule_v1/test_hard,pres,negation,long,L2,s,s
author1,G51-C1,rule_v1.test.gs038.c2.numeric.long.948,rule_v1/test_hard,base,numeric,long,L2,s,s
author1,G51-C2,rule_v1.test.gs038.c2.numeric.long.948,rule_v1/test_hard,flip,numeric,long,L2,s',s'
author1,G51-C3,rule_v1.test.gs038.c2.numeric.long.948,rule_v1/test_hard,pres,numeric,long,L2,s,s
author1,G51-C4,rule_v1.test.gs038.c2.numeric.long.948,rule_v1/test_hard,near,numeric,long,L2,s,s
author2,G51-C1,rule_v1.test.gs197.c2.time.long.207,rule_v1/test_L2,base,time,long,L2,s,s
author2,G51-C2,rule_v1.test.gs197.c2.time.long.207,rule_v1/test_L2,flip,time,long,L2,s',s'
author2,G51-C3,rule_v1.test.gs197.c2.time.long.207,rule_v1/test_L2,missing,time,long,L2,neither,neither
author2,G51-C4,rule_v1.test.gs197.c2.time.long.207,rule_v1/test_L2,near,time,long,L2,s,s
author2,G51-C5,rule_v1.test.gs197.c2.time.long.207,rule_v1/test_L2,pres,time,long,L2,s,s
author3,G51-C1,rule_v1.test.gs136.c1.numeric.easy.429,rule_v1/test_L1,base,numeric,easy,L1,s,s
author3,G51-C2,rule_v1.test.gs136.c1.numeric.easy.429,rule_v1/test_L1,near,numeric,easy,L1,s,s
author3,G51-C3,rule_v1.test.gs136.c1.numeric.easy.429,rule_v1/test_L1,flip,numeric,easy,L1,s',s'
author3,G51-C4,rule_v1.test.gs136.c1.numeric.easy.429,rule_v1/test_L1,pres,numeric,easy,L1,s,s
author4,G51-C1,rule_v1.test.s3_hctci.alt.numeric.easy.412,rule_v1/test_L1,flip,numeric,easy,L1,s',
author4,G51-C2,rule_v1.test.s3_hctci.alt.numeric.easy.412,rule_v1/test_L1,base,numeric,easy,L1,s,
author4,G51-C3,rule_v1.test.s3_hctci.alt.numeric.easy.412,rule_v1/test_L1,pres,numeric,easy,L1,s,
author4,G51-C4,rule_v1.test.s3_hctci.alt.numeric.easy.412,rule_v1/test_L1,near,numeric,easy,L1,s,
author1,G52-C1,rule_v1.test.inv003.c2.subject.long.182,rule_v1/test_L3inv,base,subject,long,L3-inv,s,s
author1,G52-C2,rule_v1.test.inv003.c2.subject.long.182,rule_v1/test_L3inv,near,subject,long,L3-inv,s,s
author1,G52-C3,rule_v1.test.inv003.c2.subject.long.182,rule_v1/test_L3inv,pres,subject,long,L3-inv,s,s
author1,G52-C4,rule_v1.test.inv003.c2.subject.long.182,rule_v1/test_L3inv,flip,subject,long,L3-inv,s',s'
author2,G52-C1,rule_v1.test.gs047.c1.boundary.long.34,rule_v1/test_hard,base,boundary,long,L2,s,s
author2,G52-C2,rule_v1.test.gs047.c1.boundary.long.34,rule_v1/test_hard,near,boundary,long,L2,s,s
author2,G52-C3,rule_v1.test.gs047.c1.boundary.long.34,rule_v1/test_hard,pres,boundary,long,L2,s,s
author2,G52-C4,rule_v1.test.gs047.c1.boundary.long.34,rule_v1/test_hard,flip,boundary,long,L2,s',s'
author3,G52-C1,rule_v1.test.rcri.cr.boundary.alt.490,rule_v1/test_L3alt,flip,boundary,alt,L3-alt,s',
author3,G52-C2,rule_v1.test.rcri.cr.boundary.alt.490,rule_v1/test_L3alt,near,boundary,alt,L3-alt,s,
author3,G52-C3,rule_v1.test.rcri.cr.boundary.alt.490,rule_v1/test_L3alt,pres,boundary,alt,L3-alt,s,
author3,G52-C4,rule_v1.test.rcri.cr.boundary.alt.490,rule_v1/test_L3alt,base,boundary,alt,L3-alt,s,
author4,G52-C1,rule_v1.test.s3_jhfrat.age.numeric.long.1601,rule_v1/test_L2,near,numeric,long,L2,s,
author4,G52-C2,rule_v1.test.s3_jhfrat.age.numeric.long.1601,rule_v1/test_L2,base,numeric,long,L2,s,
author4,G52-C3,rule_v1.test.s3_jhfrat.age.numeric.long.1601,rule_v1/test_L2,flip,numeric,long,L2,s',
author4,G52-C4,rule_v1.test.s3_jhfrat.age.numeric.long.1601,rule_v1/test_L2,pres,numeric,long,L2,s,
author1,G53-C1,rule_v1.test.gs124.c1.negation.easy.1911,rule_v1/test_L2,pres,negation,easy,L2,s,s
author1,G53-C2,rule_v1.test.gs124.c1.negation.easy.1911,rule_v1/test_L2,flip,negation,easy,L2,s',s'
author1,G53-C3,rule_v1.test.gs124.c1.negation.easy.1911,rule_v1/test_L2,near,negation,easy,L2,s,s
author1,G53-C4,rule_v1.test.gs124.c1.negation.easy.1911,rule_v1/test_L2,base,negation,easy,L2,s,s
author2,G53-C1,rule_v1.test.gs047.c1.time.easy.1779,rule_v1/test_L2,base,time,easy,L2,s,s
author2,G53-C2,rule_v1.test.gs047.c1.time.easy.1779,rule_v1/test_L2,flip,time,easy,L2,s',s'
author2,G53-C3,rule_v1.test.gs047.c1.time.easy.1779,rule_v1/test_L2,pres,time,easy,L2,s,s
author2,G53-C4,rule_v1.test.gs047.c1.time.easy.1779,rule_v1/test_L2,near,time,easy,L2,s,s
author3,G53-C1,rule_v1.test.s2_geneva.age.numeric.easy.1858,rule_v1/test_L2,base,numeric,easy,L2,s,
author3,G53-C2,rule_v1.test.s2_geneva.age.numeric.easy.1858,rule_v1/test_L2,pres,numeric,easy,L2,s,
author3,G53-C3,rule_v1.test.s2_geneva.age.numeric.easy.1858,rule_v1/test_L2,flip,numeric,easy,L2,s',
author3,G53-C4,rule_v1.test.s2_geneva.age.numeric.easy.1858,rule_v1/test_L2,near,numeric,easy,L2,s,
author4,G53-C1,rule_v1.test.inv022.c4.subject.long.206,rule_v1/test_L3inv,flip,subject,long,L3-inv,s',s'
author4,G53-C2,rule_v1.test.inv022.c4.subject.long.206,rule_v1/test_L3inv,base,subject,long,L3-inv,s,s
author4,G53-C3,rule_v1.test.inv022.c4.subject.long.206,rule_v1/test_L3inv,near,subject,long,L3-inv,s,s
author4,G53-C4,rule_v1.test.inv022.c4.subject.long.206,rule_v1/test_L3inv,pres,subject,long,L3-inv,s,s
author1,G54-C1,rule_v1.test.gs035.c1.time.easy.1899,rule_v1/test_L2,flip,time,easy,L2,s',s'
author1,G54-C2,rule_v1.test.gs035.c1.time.easy.1899,rule_v1/test_L2,pres,time,easy,L2,s,s
author1,G54-C3,rule_v1.test.gs035.c1.time.easy.1899,rule_v1/test_L2,near,time,easy,L2,s,s
author1,G54-C4,rule_v1.test.gs035.c1.time.easy.1899,rule_v1/test_L2,base,time,easy,L2,s,s
author2,G54-C1,rule_v1.test.two_pneumonia.sbp.time.superseded.507,rule_v1/test_L1,near,time,superseded,L1,s,s
author2,G54-C2,rule_v1.test.two_pneumonia.sbp.time.superseded.507,rule_v1/test_L1,pres,time,superseded,L1,s,s
author2,G54-C3,rule_v1.test.two_pneumonia.sbp.time.superseded.507,rule_v1/test_L1,base,time,superseded,L1,s,s
author2,G54-C4,rule_v1.test.two_pneumonia.sbp.time.superseded.507,rule_v1/test_L1,flip,time,superseded,L1,s',s'
author3,G54-C1,rule_v1.test.gs032.c1.boundary.long.830,rule_v1/test_L1,near,boundary,long,L1,s,s
author3,G54-C2,rule_v1.test.gs032.c1.boundary.long.830,rule_v1/test_L1,base,boundary,long,L1,s,s
author3,G54-C3,rule_v1.test.gs032.c1.boundary.long.830,rule_v1/test_L1,pres,boundary,long,L1,s,s
author3,G54-C4,rule_v1.test.gs032.c1.boundary.long.830,rule_v1/test_L1,flip,boundary,long,L1,s',s'
author4,G54-C1,rule_v1.test.gs224.c2.time.easy.742,rule_v1/test_L2,missing,time,easy,L2,neither,neither
author4,G54-C2,rule_v1.test.gs224.c2.time.easy.742,rule_v1/test_L2,base,time,easy,L2,s,s
author4,G54-C3,rule_v1.test.gs224.c2.time.easy.742,rule_v1/test_L2,flip,time,easy,L2,s',s'
author4,G54-C4,rule_v1.test.gs224.c2.time.easy.742,rule_v1/test_L2,near,time,easy,L2,s,s
author4,G54-C5,rule_v1.test.gs224.c2.time.easy.742,rule_v1/test_L2,pres,time,easy,L2,s,s
author1,G55-C1,rule_v1.test.gs021.c1.boundary.easy.1207,rule_v1/test_L2,near,boundary,easy,L2,s,s
author1,G55-C2,rule_v1.test.gs021.c1.boundary.easy.1207,rule_v1/test_L2,pres,boundary,easy,L2,s,s
author1,G55-C3,rule_v1.test.gs021.c1.boundary.easy.1207,rule_v1/test_L2,flip,boundary,easy,L2,s',s'
author1,G55-C4,rule_v1.test.gs021.c1.boundary.easy.1207,rule_v1/test_L2,base,boundary,easy,L2,s,s
author2,G55-C1,rule_v1.test.s1_news2_other.sbp.numeric.long.729,rule_v1/test_L2,pres,numeric,long,L2,s,
author2,G55-C2,rule_v1.test.s1_news2_other.sbp.numeric.long.729,rule_v1/test_L2,near,numeric,long,L2,s,
author2,G55-C3,rule_v1.test.s1_news2_other.sbp.numeric.long.729,rule_v1/test_L2,base,numeric,long,L2,s,
author2,G55-C4,rule_v1.test.s1_news2_other.sbp.numeric.long.729,rule_v1/test_L2,flip,numeric,long,L2,s',
author2,G55-C5,rule_v1.test.s1_news2_other.sbp.numeric.long.729,rule_v1/test_L2,missing,numeric,long,L2,neither,
author3,G55-C1,rule_v1.test.gs024.c3.numeric.long.1134,rule_v1/test_L2,base,numeric,long,L2,s,s
author3,G55-C2,rule_v1.test.gs024.c3.numeric.long.1134,rule_v1/test_L2,near,numeric,long,L2,s,s
author3,G55-C3,rule_v1.test.gs024.c3.numeric.long.1134,rule_v1/test_L2,pres,numeric,long,L2,s,s
author3,G55-C4,rule_v1.test.gs024.c3.numeric.long.1134,rule_v1/test_L2,flip,numeric,long,L2,s',s'
author4,G55-C1,rule_v1.test.gs190.c1.time.easy.27,rule_v1/test_L2,missing,time,easy,L2,neither,neither
author4,G55-C2,rule_v1.test.gs190.c1.time.easy.27,rule_v1/test_L2,near,time,easy,L2,s,s
author4,G55-C3,rule_v1.test.gs190.c1.time.easy.27,rule_v1/test_L2,pres,time,easy,L2,s,s
author4,G55-C4,rule_v1.test.gs190.c1.time.easy.27,rule_v1/test_L2,base,time,easy,L2,s,s
author4,G55-C5,rule_v1.test.gs190.c1.time.easy.27,rule_v1/test_L2,flip,time,easy,L2,s',s'
author1,G56-C1,rule_v1.test.gs066.c1.subject.easy.1271,rule_v1/test_L2,near,subject,easy,L2,s,s
author1,G56-C2,rule_v1.test.gs066.c1.subject.easy.1271,rule_v1/test_L2,base,subject,easy,L2,s,s
author1,G56-C3,rule_v1.test.gs066.c1.subject.easy.1271,rule_v1/test_L2,pres,subject,easy,L2,s,s
author1,G56-C4,rule_v1.test.gs066.c1.subject.easy.1271,rule_v1/test_L2,flip,subject,easy,L2,s',s'
author2,G56-C1,rule_v1.test.gs071.c2.subject.long.1413,rule_v1/test_L2,base,subject,long,L2,s,s
author2,G56-C2,rule_v1.test.gs071.c2.subject.long.1413,rule_v1/test_L2,flip,subject,long,L2,s',s'
author2,G56-C3,rule_v1.test.gs071.c2.subject.long.1413,rule_v1/test_L2,near,subject,long,L2,s,s
author2,G56-C4,rule_v1.test.gs071.c2.subject.long.1413,rule_v1/test_L2,pres,subject,long,L2,s,s
author3,G56-C1,rule_v1.test.s3_rockall.hf.negation.long.89,rule_v1/test_hard,flip,negation,long,L2,s',
author3,G56-C2,rule_v1.test.s3_rockall.hf.negation.long.89,rule_v1/test_hard,pres,negation,long,L2,s,
author3,G56-C3,rule_v1.test.s3_rockall.hf.negation.long.89,rule_v1/test_hard,near,negation,long,L2,s,
author3,G56-C4,rule_v1.test.s3_rockall.hf.negation.long.89,rule_v1/test_hard,base,negation,long,L2,s,
author4,G56-C1,rule_v1.test.rcri.cr.boundary.alt.74,rule_v1/test_L3alt,base,boundary,alt,L3-alt,s,
author4,G56-C2,rule_v1.test.rcri.cr.boundary.alt.74,rule_v1/test_L3alt,pres,boundary,alt,L3-alt,s,
author4,G56-C3,rule_v1.test.rcri.cr.boundary.alt.74,rule_v1/test_L3alt,flip,boundary,alt,L3-alt,s',
author4,G56-C4,rule_v1.test.rcri.cr.boundary.alt.74,rule_v1/test_L3alt,near,boundary,alt,L3-alt,s,
author1,G57-C1,rule_v1.test.inv021.c1.negation.easy.61,rule_v1/test_L3inv,near,negation,easy,L3-inv,s,s
author1,G57-C2,rule_v1.test.inv021.c1.negation.easy.61,rule_v1/test_L3inv,base,negation,easy,L3-inv,s,s
author1,G57-C3,rule_v1.test.inv021.c1.negation.easy.61,rule_v1/test_L3inv,flip,negation,easy,L3-inv,s',s'
author1,G57-C4,rule_v1.test.inv021.c1.negation.easy.61,rule_v1/test_L3inv,pres,negation,easy,L3-inv,s,s
author2,G57-C1,rule_v1.test.gs044.c3.negation.long.758,rule_v1/test_hard,base,negation,long,L2,s,s
author2,G57-C2,rule_v1.test.gs044.c3.negation.long.758,rule_v1/test_hard,flip,negation,long,L2,s',s'
author2,G57-C3,rule_v1.test.gs044.c3.negation.long.758,rule_v1/test_hard,near,negation,long,L2,s,s
author2,G57-C4,rule_v1.test.gs044.c3.negation.long.758,rule_v1/test_hard,pres,negation,long,L2,s,s
author3,G57-C1,rule_v1.test.cut_vte.cancer.time.easy.689,rule_v1/test_L2,flip,time,easy,L2,s',s'
author3,G57-C2,rule_v1.test.cut_vte.cancer.time.easy.689,rule_v1/test_L2,base,time,easy,L2,s,s
author3,G57-C3,rule_v1.test.cut_vte.cancer.time.easy.689,rule_v1/test_L2,near,time,easy,L2,s,s
author3,G57-C4,rule_v1.test.cut_vte.cancer.time.easy.689,rule_v1/test_L2,missing,time,easy,L2,neither,neither
author3,G57-C5,rule_v1.test.cut_vte.cancer.time.easy.689,rule_v1/test_L2,pres,time,easy,L2,s,s
author4,G57-C1,rule_v1.test.gs077.c1.subject.easy.260,rule_v1/test_L1,base,subject,easy,L1,s,s
author4,G57-C2,rule_v1.test.gs077.c1.subject.easy.260,rule_v1/test_L1,near,subject,easy,L1,s,s
author4,G57-C3,rule_v1.test.gs077.c1.subject.easy.260,rule_v1/test_L1,flip,subject,easy,L1,s',s'
author4,G57-C4,rule_v1.test.gs077.c1.subject.easy.260,rule_v1/test_L1,pres,subject,easy,L1,s,s
author1,G58-C1,rule_v1.test.gs054.c2.subject.easy.1935,rule_v1/test_L2,base,subject,easy,L2,s,s
author1,G58-C2,rule_v1.test.gs054.c2.subject.easy.1935,rule_v1/test_L2,pres,subject,easy,L2,s,s
author1,G58-C3,rule_v1.test.gs054.c2.subject.easy.1935,rule_v1/test_L2,near,subject,easy,L2,s,s
author1,G58-C4,rule_v1.test.gs054.c2.subject.easy.1935,rule_v1/test_L2,flip,subject,easy,L2,s',s'
author2,G58-C1,rule_v1.test.gs131.c3.subject.long.22,rule_v1/test_hard,base,subject,long,L2,s,s
author2,G58-C2,rule_v1.test.gs131.c3.subject.long.22,rule_v1/test_hard,flip,subject,long,L2,s',s'
author2,G58-C3,rule_v1.test.gs131.c3.subject.long.22,rule_v1/test_hard,near,subject,long,L2,s,s
author2,G58-C4,rule_v1.test.gs131.c3.subject.long.22,rule_v1/test_hard,pres,subject,long,L2,s,s
author3,G58-C1,rule_v1.test.s2_wells_pe.hemoptysis.subject.easy.738,rule_v1/test_L2,pres,subject,easy,L2,s,
author3,G58-C2,rule_v1.test.s2_wells_pe.hemoptysis.subject.easy.738,rule_v1/test_L2,missing,subject,easy,L2,neither,
author3,G58-C3,rule_v1.test.s2_wells_pe.hemoptysis.subject.easy.738,rule_v1/test_L2,flip,subject,easy,L2,s',
author3,G58-C4,rule_v1.test.s2_wells_pe.hemoptysis.subject.easy.738,rule_v1/test_L2,base,subject,easy,L2,s,
author3,G58-C5,rule_v1.test.s2_wells_pe.hemoptysis.subject.easy.738,rule_v1/test_L2,near,subject,easy,L2,s,
author4,G58-C1,rule_v1.test.statin_alt.alt.time.alt.582,rule_v1/test_L3alt,base,time,alt,L3-alt,s,s
author4,G58-C2,rule_v1.test.statin_alt.alt.time.alt.582,rule_v1/test_L3alt,flip,time,alt,L3-alt,s',s'
author4,G58-C3,rule_v1.test.statin_alt.alt.time.alt.582,rule_v1/test_L3alt,pres,time,alt,L3-alt,s,s
author4,G58-C4,rule_v1.test.statin_alt.alt.time.alt.582,rule_v1/test_L3alt,near,time,alt,L3-alt,s,s
author1,G59-C1,rule_v1.test.gs246.c1.boundary.long.752,rule_v1/test_hard,near,boundary,long,L2,s,s
author1,G59-C2,rule_v1.test.gs246.c1.boundary.long.752,rule_v1/test_hard,flip,boundary,long,L2,s',s'
author1,G59-C3,rule_v1.test.gs246.c1.boundary.long.752,rule_v1/test_hard,pres,boundary,long,L2,s,s
author1,G59-C4,rule_v1.test.gs246.c1.boundary.long.752,rule_v1/test_hard,base,boundary,long,L2,s,s
author2,G59-C1,rule_v1.test.t2d_metformin.egfr.boundary.alt.299,rule_v1/test_L3alt,base,boundary,alt,L3-alt,s,s
author2,G59-C2,rule_v1.test.t2d_metformin.egfr.boundary.alt.299,rule_v1/test_L3alt,pres,boundary,alt,L3-alt,s,s
author2,G59-C3,rule_v1.test.t2d_metformin.egfr.boundary.alt.299,rule_v1/test_L3alt,flip,boundary,alt,L3-alt,s',s'
author2,G59-C4,rule_v1.test.t2d_metformin.egfr.boundary.alt.299,rule_v1/test_L3alt,near,boundary,alt,L3-alt,s,s
author3,G59-C1,rule_v1.test.gs021.c2.boundary.easy.225,rule_v1/test_L2,missing,boundary,easy,L2,neither,neither
author3,G59-C2,rule_v1.test.gs021.c2.boundary.easy.225,rule_v1/test_L2,base,boundary,easy,L2,s,s
author3,G59-C3,rule_v1.test.gs021.c2.boundary.easy.225,rule_v1/test_L2,pres,boundary,easy,L2,s,s
author3,G59-C4,rule_v1.test.gs021.c2.boundary.easy.225,rule_v1/test_L2,flip,boundary,easy,L2,s',s'
author3,G59-C5,rule_v1.test.gs021.c2.boundary.easy.225,rule_v1/test_L2,near,boundary,easy,L2,s,s
author4,G59-C1,rule_v1.test.s2_atria_bleed.egfr.boundary.alt.987,rule_v1/test_L3alt,base,boundary,alt,L3-alt,s,
author4,G59-C2,rule_v1.test.s2_atria_bleed.egfr.boundary.alt.987,rule_v1/test_L3alt,pres,boundary,alt,L3-alt,s,
author4,G59-C3,rule_v1.test.s2_atria_bleed.egfr.boundary.alt.987,rule_v1/test_L3alt,near,boundary,alt,L3-alt,s,
author4,G59-C4,rule_v1.test.s2_atria_bleed.egfr.boundary.alt.987,rule_v1/test_L3alt,flip,boundary,alt,L3-alt,s',
author1,G60-C1,rule_v1.test.gs075.c2.subject.long.170,rule_v1/test_L2,flip,subject,long,L2,s',s'
author1,G60-C2,rule_v1.test.gs075.c2.subject.long.170,rule_v1/test_L2,near,subject,long,L2,s,s
author1,G60-C3,rule_v1.test.gs075.c2.subject.long.170,rule_v1/test_L2,pres,subject,long,L2,s,s
author1,G60-C4,rule_v1.test.gs075.c2.subject.long.170,rule_v1/test_L2,base,subject,long,L2,s,s
author1,G60-C5,rule_v1.test.gs075.c2.subject.long.170,rule_v1/test_L2,missing,subject,long,L2,neither,neither
author2,G60-C1,rule_v1.test.gs025.c1.subject.long.432,rule_v1/test_L2,near,subject,long,L2,s,s
author2,G60-C2,rule_v1.test.gs025.c1.subject.long.432,rule_v1/test_L2,missing,subject,long,L2,neither,neither
author2,G60-C3,rule_v1.test.gs025.c1.subject.long.432,rule_v1/test_L2,base,subject,long,L2,s,s
author2,G60-C4,rule_v1.test.gs025.c1.subject.long.432,rule_v1/test_L2,flip,subject,long,L2,s',s'
author2,G60-C5,rule_v1.test.gs025.c1.subject.long.432,rule_v1/test_L2,pres,subject,long,L2,s,s
author3,G60-C1,rule_v1.test.inv027.c1.subject.easy.246,rule_v1/test_L3inv,pres,subject,easy,L3-inv,s,s
author3,G60-C2,rule_v1.test.inv027.c1.subject.easy.246,rule_v1/test_L3inv,near,subject,easy,L3-inv,s,s
author3,G60-C3,rule_v1.test.inv027.c1.subject.easy.246,rule_v1/test_L3inv,base,subject,easy,L3-inv,s,s
author3,G60-C4,rule_v1.test.inv027.c1.subject.easy.246,rule_v1/test_L3inv,flip,subject,easy,L3-inv,s',s'
author4,G60-C1,rule_v1.test.inv054.c3.negation.easy.587,rule_v1/test_L3inv,pres,negation,easy,L3-inv,s,s
author4,G60-C2,rule_v1.test.inv054.c3.negation.easy.587,rule_v1/test_L3inv,near,negation,easy,L3-inv,s,s
author4,G60-C3,rule_v1.test.inv054.c3.negation.easy.587,rule_v1/test_L3inv,flip,negation,easy,L3-inv,s',s'
author4,G60-C4,rule_v1.test.inv054.c3.negation.easy.587,rule_v1/test_L3inv,base,negation,easy,L3-inv,s,s
author1,G61-C1,rule_v1.test.gs179.c2.time.easy.563,rule_v1/test_L2,missing,time,easy,L2,neither,neither
author1,G61-C2,rule_v1.test.gs179.c2.time.easy.563,rule_v1/test_L2,flip,time,easy,L2,s',s'
author1,G61-C3,rule_v1.test.gs179.c2.time.easy.563,rule_v1/test_L2,pres,time,easy,L2,s,s
author1,G61-C4,rule_v1.test.gs179.c2.time.easy.563,rule_v1/test_L2,near,time,easy,L2,s,s
author1,G61-C5,rule_v1.test.gs179.c2.time.easy.563,rule_v1/test_L2,base,time,easy,L2,s,s
author2,G61-C1,rule_v1.test.c1_methotrexate.alt.time.alt.824,rule_v1/test_L3alt,near,time,alt,L3-alt,s,s
author2,G61-C2,rule_v1.test.c1_methotrexate.alt.time.alt.824,rule_v1/test_L3alt,flip,time,alt,L3-alt,s',s'
author2,G61-C3,rule_v1.test.c1_methotrexate.alt.time.alt.824,rule_v1/test_L3alt,base,time,alt,L3-alt,s,s
author2,G61-C4,rule_v1.test.c1_methotrexate.alt.time.alt.824,rule_v1/test_L3alt,pres,time,alt,L3-alt,s,s
author3,G61-C1,rule_v1.test.gs056.c2.negation.easy.1332,rule_v1/test_L2,base,negation,easy,L2,s,s
author3,G61-C2,rule_v1.test.gs056.c2.negation.easy.1332,rule_v1/test_L2,near,negation,easy,L2,s,s
author3,G61-C3,rule_v1.test.gs056.c2.negation.easy.1332,rule_v1/test_L2,flip,negation,easy,L2,s',s'
author3,G61-C4,rule_v1.test.gs056.c2.negation.easy.1332,rule_v1/test_L2,pres,negation,easy,L2,s,s
author4,G61-C1,rule_v1.test.inv043.c1.boundary.easy.111,rule_v1/test_L3inv,flip,boundary,easy,L3-inv,s',s'
author4,G61-C2,rule_v1.test.inv043.c1.boundary.easy.111,rule_v1/test_L3inv,base,boundary,easy,L3-inv,s,s
author4,G61-C3,rule_v1.test.inv043.c1.boundary.easy.111,rule_v1/test_L3inv,pres,boundary,easy,L3-inv,s,s
author4,G61-C4,rule_v1.test.inv043.c1.boundary.easy.111,rule_v1/test_L3inv,near,boundary,easy,L3-inv,s,s
author1,G62-C1,rule_v1.test.gs136.c1.boundary.easy.88,rule_v1/test_L1,pres,boundary,easy,L1,s,s
author1,G62-C2,rule_v1.test.gs136.c1.boundary.easy.88,rule_v1/test_L1,flip,boundary,easy,L1,s',s'
author1,G62-C3,rule_v1.test.gs136.c1.boundary.easy.88,rule_v1/test_L1,base,boundary,easy,L1,s,s
author1,G62-C4,rule_v1.test.gs136.c1.boundary.easy.88,rule_v1/test_L1,near,boundary,easy,L1,s,s
author2,G62-C1,rule_v1.test.gs002.c1.time.long.259,rule_v1/test_hard,flip,time,long,L2,s',s'
author2,G62-C2,rule_v1.test.gs002.c1.time.long.259,rule_v1/test_hard,base,time,long,L2,s,s
author2,G62-C3,rule_v1.test.gs002.c1.time.long.259,rule_v1/test_hard,near,time,long,L2,s,s
author2,G62-C4,rule_v1.test.gs002.c1.time.long.259,rule_v1/test_hard,pres,time,long,L2,s,s
author3,G62-C1,rule_v1.test.qsofa.mentation.subject.long.447,rule_v1/test_hard,near,subject,long,L2,s,
author3,G62-C2,rule_v1.test.qsofa.mentation.subject.long.447,rule_v1/test_hard,flip,subject,long,L2,s',
author3,G62-C3,rule_v1.test.qsofa.mentation.subject.long.447,rule_v1/test_hard,pres,subject,long,L2,s,
author3,G62-C4,rule_v1.test.qsofa.mentation.subject.long.447,rule_v1/test_hard,base,subject,long,L2,s,
author4,G62-C1,rule_v1.test.gs155.c2.numeric.long.983,rule_v1/test_hard,base,numeric,long,L2,s,s
author4,G62-C2,rule_v1.test.gs155.c2.numeric.long.983,rule_v1/test_hard,near,numeric,long,L2,s,s
author4,G62-C3,rule_v1.test.gs155.c2.numeric.long.983,rule_v1/test_hard,pres,numeric,long,L2,s,s
author4,G62-C4,rule_v1.test.gs155.c2.numeric.long.983,rule_v1/test_hard,flip,numeric,long,L2,s',s'
author1,G63-C1,rule_v1.test.gs044.c2.negation.easy.1540,rule_v1/test_L2,near,negation,easy,L2,s,s
author1,G63-C2,rule_v1.test.gs044.c2.negation.easy.1540,rule_v1/test_L2,flip,negation,easy,L2,s',s'
author1,G63-C3,rule_v1.test.gs044.c2.negation.easy.1540,rule_v1/test_L2,base,negation,easy,L2,s,s
author1,G63-C4,rule_v1.test.gs044.c2.negation.easy.1540,rule_v1/test_L2,pres,negation,easy,L2,s,s
author2,G63-C1,rule_v1.test.gs035.c3.negation.long.351,rule_v1/test_L2,flip,negation,long,L2,s',s'
author2,G63-C2,rule_v1.test.gs035.c3.negation.long.351,rule_v1/test_L2,near,negation,long,L2,s,s
author2,G63-C3,rule_v1.test.gs035.c3.negation.long.351,rule_v1/test_L2,base,negation,long,L2,s,s
author2,G63-C4,rule_v1.test.gs035.c3.negation.long.351,rule_v1/test_L2,missing,negation,long,L2,neither,neither
author2,G63-C5,rule_v1.test.gs035.c3.negation.long.351,rule_v1/test_L2,pres,negation,long,L2,s,s
author3,G63-C1,rule_v1.test.inv039.c1.subject.easy.337,rule_v1/test_L3inv,near,subject,easy,L3-inv,s,s
author3,G63-C2,rule_v1.test.inv039.c1.subject.easy.337,rule_v1/test_L3inv,flip,subject,easy,L3-inv,s',s'
author3,G63-C3,rule_v1.test.inv039.c1.subject.easy.337,rule_v1/test_L3inv,pres,subject,easy,L3-inv,s,s
author3,G63-C4,rule_v1.test.inv039.c1.subject.easy.337,rule_v1/test_L3inv,base,subject,easy,L3-inv,s,s
author4,G63-C1,rule_v1.test.hf_spironolactone.k.time.alt.65,rule_v1/test_L3alt,pres,time,alt,L3-alt,s,s
author4,G63-C2,rule_v1.test.hf_spironolactone.k.time.alt.65,rule_v1/test_L3alt,near,time,alt,L3-alt,s,s
author4,G63-C3,rule_v1.test.hf_spironolactone.k.time.alt.65,rule_v1/test_L3alt,flip,time,alt,L3-alt,s',s'
author4,G63-C4,rule_v1.test.hf_spironolactone.k.time.alt.65,rule_v1/test_L3alt,base,time,alt,L3-alt,s,s
author1,G64-C1,rule_v1.test.gs087.c2.subject.long.860,rule_v1/test_L2,near,subject,long,L2,s,s
author1,G64-C2,rule_v1.test.gs087.c2.subject.long.860,rule_v1/test_L2,pres,subject,long,L2,s,s
author1,G64-C3,rule_v1.test.gs087.c2.subject.long.860,rule_v1/test_L2,base,subject,long,L2,s,s
author1,G64-C4,rule_v1.test.gs087.c2.subject.long.860,rule_v1/test_L2,flip,subject,long,L2,s',s'
author1,G64-C5,rule_v1.test.gs087.c2.subject.long.860,rule_v1/test_L2,missing,subject,long,L2,neither,neither
author2,G64-C1,rule_v1.test.c2_t2d_hf.hf.negation.easy.466,rule_v1/test_L1,base,negation,easy,L1,s,s
author2,G64-C2,rule_v1.test.c2_t2d_hf.hf.negation.easy.466,rule_v1/test_L1,flip,negation,easy,L1,s',s'
author2,G64-C3,rule_v1.test.c2_t2d_hf.hf.negation.easy.466,rule_v1/test_L1,near,negation,easy,L1,s,s
author2,G64-C4,rule_v1.test.c2_t2d_hf.hf.negation.easy.466,rule_v1/test_L1,pres,negation,easy,L1,s,s
author3,G64-C1,rule_v1.test.s3_childpugh.ascites.negation.easy.1791,rule_v1/test_L2,pres,negation,easy,L2,s,
author3,G64-C2,rule_v1.test.s3_childpugh.ascites.negation.easy.1791,rule_v1/test_L2,flip,negation,easy,L2,s',
author3,G64-C3,rule_v1.test.s3_childpugh.ascites.negation.easy.1791,rule_v1/test_L2,base,negation,easy,L2,s,
author3,G64-C4,rule_v1.test.s3_childpugh.ascites.negation.easy.1791,rule_v1/test_L2,near,negation,easy,L2,s,
author4,G64-C1,rule_v1.test.gs139.c2.subject.long.188,rule_v1/test_L2,missing,subject,long,L2,neither,neither
author4,G64-C2,rule_v1.test.gs139.c2.subject.long.188,rule_v1/test_L2,base,subject,long,L2,s,s
author4,G64-C3,rule_v1.test.gs139.c2.subject.long.188,rule_v1/test_L2,near,subject,long,L2,s,s
author4,G64-C4,rule_v1.test.gs139.c2.subject.long.188,rule_v1/test_L2,pres,subject,long,L2,s,s
author4,G64-C5,rule_v1.test.gs139.c2.subject.long.188,rule_v1/test_L2,flip,subject,long,L2,s',s'
author1,G65-C1,rule_v1.test.gs117.c2.boundary.long.329,rule_v1/test_L0,flip,boundary,long,L0,s',s'
author1,G65-C2,rule_v1.test.gs117.c2.boundary.long.329,rule_v1/test_L0,near,boundary,long,L0,s,s
author1,G65-C3,rule_v1.test.gs117.c2.boundary.long.329,rule_v1/test_L0,base,boundary,long,L0,s,s
author1,G65-C4,rule_v1.test.gs117.c2.boundary.long.329,rule_v1/test_L0,pres,boundary,long,L0,s,s
author2,G65-C1,rule_v1.test.gs135.c2.boundary.long.926,rule_v1/test_L0,near,boundary,long,L0,s,s
author2,G65-C2,rule_v1.test.gs135.c2.boundary.long.926,rule_v1/test_L0,base,boundary,long,L0,s,s
author2,G65-C3,rule_v1.test.gs135.c2.boundary.long.926,rule_v1/test_L0,pres,boundary,long,L0,s,s
author2,G65-C4,rule_v1.test.gs135.c2.boundary.long.926,rule_v1/test_L0,flip,boundary,long,L0,s',s'
author3,G65-C1,rule_v1.test.s3_childpugh.enceph.negation.easy.382,rule_v1/test_L2,pres,negation,easy,L2,s,
author3,G65-C2,rule_v1.test.s3_childpugh.enceph.negation.easy.382,rule_v1/test_L2,missing,negation,easy,L2,neither,
author3,G65-C3,rule_v1.test.s3_childpugh.enceph.negation.easy.382,rule_v1/test_L2,near,negation,easy,L2,s,
author3,G65-C4,rule_v1.test.s3_childpugh.enceph.negation.easy.382,rule_v1/test_L2,base,negation,easy,L2,s,
author3,G65-C5,rule_v1.test.s3_childpugh.enceph.negation.easy.382,rule_v1/test_L2,flip,negation,easy,L2,s',
author4,G65-C1,rule_v1.test.gs002.c1.numeric.easy.1400,rule_v1/test_L2,pres,numeric,easy,L2,s,s
author4,G65-C2,rule_v1.test.gs002.c1.numeric.easy.1400,rule_v1/test_L2,base,numeric,easy,L2,s,s
author4,G65-C3,rule_v1.test.gs002.c1.numeric.easy.1400,rule_v1/test_L2,flip,numeric,easy,L2,s',s'
author4,G65-C4,rule_v1.test.gs002.c1.numeric.easy.1400,rule_v1/test_L2,near,numeric,easy,L2,s,s
author1,G66-C1,rule_v1.test.gs048.c2.numeric.long.814,rule_v1/test_hard,near,numeric,long,L2,s,s
author1,G66-C2,rule_v1.test.gs048.c2.numeric.long.814,rule_v1/test_hard,pres,numeric,long,L2,s,s
author1,G66-C3,rule_v1.test.gs048.c2.numeric.long.814,rule_v1/test_hard,flip,numeric,long,L2,s',s'
author1,G66-C4,rule_v1.test.gs048.c2.numeric.long.814,rule_v1/test_hard,base,numeric,long,L2,s,s
author2,G66-C1,rule_v1.test.gs048.c1.numeric.easy.1614,rule_v1/test_L2,pres,numeric,easy,L2,s,s
author2,G66-C2,rule_v1.test.gs048.c1.numeric.easy.1614,rule_v1/test_L2,base,numeric,easy,L2,s,s
author2,G66-C3,rule_v1.test.gs048.c1.numeric.easy.1614,rule_v1/test_L2,near,numeric,easy,L2,s,s
author2,G66-C4,rule_v1.test.gs048.c1.numeric.easy.1614,rule_v1/test_L2,flip,numeric,easy,L2,s',s'
author3,G66-C1,rule_v1.test.gs130.c1.subject.long.500,rule_v1/test_L0,near,subject,long,L0,s,s
author3,G66-C2,rule_v1.test.gs130.c1.subject.long.500,rule_v1/test_L0,base,subject,long,L0,s,s
author3,G66-C3,rule_v1.test.gs130.c1.subject.long.500,rule_v1/test_L0,pres,subject,long,L0,s,s
author3,G66-C4,rule_v1.test.gs130.c1.subject.long.500,rule_v1/test_L0,flip,subject,long,L0,s',s'
author4,G66-C1,rule_v1.test.gs014.c2.negation.long.481,rule_v1/test_L0,pres,negation,long,L0,s,s
author4,G66-C2,rule_v1.test.gs014.c2.negation.long.481,rule_v1/test_L0,base,negation,long,L0,s,s
author4,G66-C3,rule_v1.test.gs014.c2.negation.long.481,rule_v1/test_L0,flip,negation,long,L0,s',s'
author4,G66-C4,rule_v1.test.gs014.c2.negation.long.481,rule_v1/test_L0,near,negation,long,L0,s,s
author1,G67-C1,rule_v1.test.gs136.c1.numeric.long.386,rule_v1/test_L1,flip,numeric,long,L1,s',s'
author1,G67-C2,rule_v1.test.gs136.c1.numeric.long.386,rule_v1/test_L1,pres,numeric,long,L1,s,s
author1,G67-C3,rule_v1.test.gs136.c1.numeric.long.386,rule_v1/test_L1,near,numeric,long,L1,s,s
author1,G67-C4,rule_v1.test.gs136.c1.numeric.long.386,rule_v1/test_L1,base,numeric,long,L1,s,s
author2,G67-C1,rule_v1.test.vte_platelets.plt.numeric.alt.653,rule_v1/test_L3alt,near,numeric,alt,L3-alt,s,s
author2,G67-C2,rule_v1.test.vte_platelets.plt.numeric.alt.653,rule_v1/test_L3alt,base,numeric,alt,L3-alt,s,s
author2,G67-C3,rule_v1.test.vte_platelets.plt.numeric.alt.653,rule_v1/test_L3alt,flip,numeric,alt,L3-alt,s',s'
author2,G67-C4,rule_v1.test.vte_platelets.plt.numeric.alt.653,rule_v1/test_L3alt,pres,numeric,alt,L3-alt,s,s
author3,G67-C1,rule_v1.test.gs086.c2.negation.long.439,rule_v1/test_hard,base,negation,long,L2,s,s
author3,G67-C2,rule_v1.test.gs086.c2.negation.long.439,rule_v1/test_hard,near,negation,long,L2,s,s
author3,G67-C3,rule_v1.test.gs086.c2.negation.long.439,rule_v1/test_hard,pres,negation,long,L2,s,s
author3,G67-C4,rule_v1.test.gs086.c2.negation.long.439,rule_v1/test_hard,flip,negation,long,L2,s',s'
author4,G67-C1,rule_v1.test.inv005.c1.boundary.long.49,rule_v1/test_L3inv,base,boundary,long,L3-inv,s,s
author4,G67-C2,rule_v1.test.inv005.c1.boundary.long.49,rule_v1/test_L3inv,near,boundary,long,L3-inv,s,s
author4,G67-C3,rule_v1.test.inv005.c1.boundary.long.49,rule_v1/test_L3inv,flip,boundary,long,L3-inv,s',s'
author4,G67-C4,rule_v1.test.inv005.c1.boundary.long.49,rule_v1/test_L3inv,pres,boundary,long,L3-inv,s,s
author1,G68-C1,rule_v1.test.gs246.c3.negation.easy.235,rule_v1/test_L2,missing,negation,easy,L2,neither,neither
author1,G68-C2,rule_v1.test.gs246.c3.negation.easy.235,rule_v1/test_L2,flip,negation,easy,L2,s',s'
author1,G68-C3,rule_v1.test.gs246.c3.negation.easy.235,rule_v1/test_L2,near,negation,easy,L2,s,s
author1,G68-C4,rule_v1.test.gs246.c3.negation.easy.235,rule_v1/test_L2,pres,negation,easy,L2,s,s
author1,G68-C5,rule_v1.test.gs246.c3.negation.easy.235,rule_v1/test_L2,base,negation,easy,L2,s,s
author2,G68-C1,rule_v1.test.s3_alvarado.wbc.boundary.easy.1760,rule_v1/test_L2,base,boundary,easy,L2,s,
author2,G68-C2,rule_v1.test.s3_alvarado.wbc.boundary.easy.1760,rule_v1/test_L2,flip,boundary,easy,L2,s',
author2,G68-C3,rule_v1.test.s3_alvarado.wbc.boundary.easy.1760,rule_v1/test_L2,pres,boundary,easy,L2,s,
author2,G68-C4,rule_v1.test.s3_alvarado.wbc.boundary.easy.1760,rule_v1/test_L2,near,boundary,easy,L2,s,
author3,G68-C1,rule_v1.test.c1_methimazole.alt.numeric.alt.441,rule_v1/test_L3alt,near,numeric,alt,L3-alt,s,s
author3,G68-C2,rule_v1.test.c1_methimazole.alt.numeric.alt.441,rule_v1/test_L3alt,base,numeric,alt,L3-alt,s,s
author3,G68-C3,rule_v1.test.c1_methimazole.alt.numeric.alt.441,rule_v1/test_L3alt,flip,numeric,alt,L3-alt,s',s'
author3,G68-C4,rule_v1.test.c1_methimazole.alt.numeric.alt.441,rule_v1/test_L3alt,pres,numeric,alt,L3-alt,s,s
author4,G68-C1,rule_v1.test.gs220.c1.time.easy.1659,rule_v1/test_L2,near,time,easy,L2,s,s
author4,G68-C2,rule_v1.test.gs220.c1.time.easy.1659,rule_v1/test_L2,flip,time,easy,L2,s',s'
author4,G68-C3,rule_v1.test.gs220.c1.time.easy.1659,rule_v1/test_L2,pres,time,easy,L2,s,s
author4,G68-C4,rule_v1.test.gs220.c1.time.easy.1659,rule_v1/test_L2,base,time,easy,L2,s,s
author1,G69-C1,rule_v1.test.s1_bap65.ams.time.long.442,rule_v1/test_hard,pres,time,long,L2,s,
author1,G69-C2,rule_v1.test.s1_bap65.ams.time.long.442,rule_v1/test_hard,near,time,long,L2,s,
author1,G69-C3,rule_v1.test.s1_bap65.ams.time.long.442,rule_v1/test_hard,base,time,long,L2,s,
author1,G69-C4,rule_v1.test.s1_bap65.ams.time.long.442,rule_v1/test_hard,flip,time,long,L2,s',
author2,G69-C1,rule_v1.test.gs194.c2.numeric.easy.866,rule_v1/test_L2,near,numeric,easy,L2,s,s
author2,G69-C2,rule_v1.test.gs194.c2.numeric.easy.866,rule_v1/test_L2,missing,numeric,easy,L2,neither,neither
author2,G69-C3,rule_v1.test.gs194.c2.numeric.easy.866,rule_v1/test_L2,base,numeric,easy,L2,s,s
author2,G69-C4,rule_v1.test.gs194.c2.numeric.easy.866,rule_v1/test_L2,flip,numeric,easy,L2,s',s'
author2,G69-C5,rule_v1.test.gs194.c2.numeric.easy.866,rule_v1/test_L2,pres,numeric,easy,L2,s,s
author3,G69-C1,rule_v1.test.gs002.c2.boundary.long.854,rule_v1/test_L2,pres,boundary,long,L2,s,s
author3,G69-C2,rule_v1.test.gs002.c2.boundary.long.854,rule_v1/test_L2,base,boundary,long,L2,s,s
author3,G69-C3,rule_v1.test.gs002.c2.boundary.long.854,rule_v1/test_L2,flip,boundary,long,L2,s',s'
author3,G69-C4,rule_v1.test.gs002.c2.boundary.long.854,rule_v1/test_L2,missing,boundary,long,L2,neither,neither
author3,G69-C5,rule_v1.test.gs002.c2.boundary.long.854,rule_v1/test_L2,near,boundary,long,L2,s,s
author4,G69-C1,rule_v1.test.gs225.c2.boundary.long.251,rule_v1/test_L1,pres,boundary,long,L1,s,s
author4,G69-C2,rule_v1.test.gs225.c2.boundary.long.251,rule_v1/test_L1,near,boundary,long,L1,s,s
author4,G69-C3,rule_v1.test.gs225.c2.boundary.long.251,rule_v1/test_L1,flip,boundary,long,L1,s',s'
author4,G69-C4,rule_v1.test.gs225.c2.boundary.long.251,rule_v1/test_L1,base,boundary,long,L1,s,s
author1,G70-C1,rule_v1.test.qsofa.sbp.numeric.easy.257,rule_v1/test_L2,missing,numeric,easy,L2,neither,
author1,G70-C2,rule_v1.test.qsofa.sbp.numeric.easy.257,rule_v1/test_L2,flip,numeric,easy,L2,s',
author1,G70-C3,rule_v1.test.qsofa.sbp.numeric.easy.257,rule_v1/test_L2,base,numeric,easy,L2,s,
author1,G70-C4,rule_v1.test.qsofa.sbp.numeric.easy.257,rule_v1/test_L2,pres,numeric,easy,L2,s,
author1,G70-C5,rule_v1.test.qsofa.sbp.numeric.easy.257,rule_v1/test_L2,near,numeric,easy,L2,s,
author2,G70-C1,rule_v1.test.statin_alt.alt.time.alt.7,rule_v1/test_L3alt,near,time,alt,L3-alt,s,s
author2,G70-C2,rule_v1.test.statin_alt.alt.time.alt.7,rule_v1/test_L3alt,base,time,alt,L3-alt,s,s
author2,G70-C3,rule_v1.test.statin_alt.alt.time.alt.7,rule_v1/test_L3alt,pres,time,alt,L3-alt,s,s
author2,G70-C4,rule_v1.test.statin_alt.alt.time.alt.7,rule_v1/test_L3alt,flip,time,alt,L3-alt,s',s'
author3,G70-C1,rule_v1.test.gs088.c2.subject.easy.1669,rule_v1/test_L2,near,subject,easy,L2,s,s
author3,G70-C2,rule_v1.test.gs088.c2.subject.easy.1669,rule_v1/test_L2,flip,subject,easy,L2,s',s'
author3,G70-C3,rule_v1.test.gs088.c2.subject.easy.1669,rule_v1/test_L2,pres,subject,easy,L2,s,s
author3,G70-C4,rule_v1.test.gs088.c2.subject.easy.1669,rule_v1/test_L2,base,subject,easy,L2,s,s
author4,G70-C1,rule_v1.test.gs024.c3.numeric.easy.1162,rule_v1/test_L2,near,numeric,easy,L2,s,s
author4,G70-C2,rule_v1.test.gs024.c3.numeric.easy.1162,rule_v1/test_L2,pres,numeric,easy,L2,s,s
author4,G70-C3,rule_v1.test.gs024.c3.numeric.easy.1162,rule_v1/test_L2,flip,numeric,easy,L2,s',s'
author4,G70-C4,rule_v1.test.gs024.c3.numeric.easy.1162,rule_v1/test_L2,base,numeric,easy,L2,s,s
author1,G71-C1,rule_v1.test.hf_spironolactone.k.boundary.alt.487,rule_v1/test_L3alt,base,boundary,alt,L3-alt,s,s
author1,G71-C2,rule_v1.test.hf_spironolactone.k.boundary.alt.487,rule_v1/test_L3alt,near,boundary,alt,L3-alt,s,s
author1,G71-C3,rule_v1.test.hf_spironolactone.k.boundary.alt.487,rule_v1/test_L3alt,flip,boundary,alt,L3-alt,s',s'
author1,G71-C4,rule_v1.test.hf_spironolactone.k.boundary.alt.487,rule_v1/test_L3alt,pres,boundary,alt,L3-alt,s,s
author2,G71-C1,rule_v1.test.s3_charlson.cr.boundary.alt.872,rule_v1/test_L3alt,base,boundary,alt,L3-alt,s,
author2,G71-C2,rule_v1.test.s3_charlson.cr.boundary.alt.872,rule_v1/test_L3alt,near,boundary,alt,L3-alt,s,
author2,G71-C3,rule_v1.test.s3_charlson.cr.boundary.alt.872,rule_v1/test_L3alt,pres,boundary,alt,L3-alt,s,
author2,G71-C4,rule_v1.test.s3_charlson.cr.boundary.alt.872,rule_v1/test_L3alt,flip,boundary,alt,L3-alt,s',
author3,G71-C1,rule_v1.test.gs131.c3.subject.easy.1913,rule_v1/test_L2,base,subject,easy,L2,s,s
author3,G71-C2,rule_v1.test.gs131.c3.subject.easy.1913,rule_v1/test_L2,near,subject,easy,L2,s,s
author3,G71-C3,rule_v1.test.gs131.c3.subject.easy.1913,rule_v1/test_L2,pres,subject,easy,L2,s,s
author3,G71-C4,rule_v1.test.gs131.c3.subject.easy.1913,rule_v1/test_L2,flip,subject,easy,L2,s',s'
author4,G71-C1,rule_v1.test.gs096.c1.subject.easy.772,rule_v1/test_L2,base,subject,easy,L2,s,s
author4,G71-C2,rule_v1.test.gs096.c1.subject.easy.772,rule_v1/test_L2,near,subject,easy,L2,s,s
author4,G71-C3,rule_v1.test.gs096.c1.subject.easy.772,rule_v1/test_L2,pres,subject,easy,L2,s,s
author4,G71-C4,rule_v1.test.gs096.c1.subject.easy.772,rule_v1/test_L2,flip,subject,easy,L2,s',s'
author4,G71-C5,rule_v1.test.gs096.c1.subject.easy.772,rule_v1/test_L2,missing,subject,easy,L2,neither,neither
author1,G72-C1,rule_v1.test.cut_vte.vte.subject.easy.1305,rule_v1/test_L2,flip,subject,easy,L2,s',s'
author1,G72-C2,rule_v1.test.cut_vte.vte.subject.easy.1305,rule_v1/test_L2,base,subject,easy,L2,s,s
author1,G72-C3,rule_v1.test.cut_vte.vte.subject.easy.1305,rule_v1/test_L2,near,subject,easy,L2,s,s
author1,G72-C4,rule_v1.test.cut_vte.vte.subject.easy.1305,rule_v1/test_L2,pres,subject,easy,L2,s,s
author2,G72-C1,rule_v1.test.gs138.c1.negation.easy.1612,rule_v1/test_L2,base,negation,easy,L2,s,s
author2,G72-C2,rule_v1.test.gs138.c1.negation.easy.1612,rule_v1/test_L2,pres,negation,easy,L2,s,s
author2,G72-C3,rule_v1.test.gs138.c1.negation.easy.1612,rule_v1/test_L2,near,negation,easy,L2,s,s
author2,G72-C4,rule_v1.test.gs138.c1.negation.easy.1612,rule_v1/test_L2,flip,negation,easy,L2,s',s'
author3,G72-C1,rule_v1.test.ckd_nsaid.egfr.boundary.alt.625,rule_v1/test_L3alt,base,boundary,alt,L3-alt,s,s
author3,G72-C2,rule_v1.test.ckd_nsaid.egfr.boundary.alt.625,rule_v1/test_L3alt,pres,boundary,alt,L3-alt,s,s
author3,G72-C3,rule_v1.test.ckd_nsaid.egfr.boundary.alt.625,rule_v1/test_L3alt,near,boundary,alt,L3-alt,s,s
author3,G72-C4,rule_v1.test.ckd_nsaid.egfr.boundary.alt.625,rule_v1/test_L3alt,flip,boundary,alt,L3-alt,s',s'
author4,G72-C1,rule_v1.test.gs245.c2.negation.easy.1392,rule_v1/test_L2,pres,negation,easy,L2,s,s
author4,G72-C2,rule_v1.test.gs245.c2.negation.easy.1392,rule_v1/test_L2,flip,negation,easy,L2,s',s'
author4,G72-C3,rule_v1.test.gs245.c2.negation.easy.1392,rule_v1/test_L2,base,negation,easy,L2,s,s
author4,G72-C4,rule_v1.test.gs245.c2.negation.easy.1392,rule_v1/test_L2,near,negation,easy,L2,s,s
author1,G73-C1,rule_v1.test.gs123.c3.boundary.long.337,rule_v1/test_hard,near,boundary,long,L2,s,s
author1,G73-C2,rule_v1.test.gs123.c3.boundary.long.337,rule_v1/test_hard,base,boundary,long,L2,s,s
author1,G73-C3,rule_v1.test.gs123.c3.boundary.long.337,rule_v1/test_hard,pres,boundary,long,L2,s,s
author1,G73-C4,rule_v1.test.gs123.c3.boundary.long.337,rule_v1/test_hard,flip,boundary,long,L2,s',s'
author2,G73-C1,rule_v1.test.s1_psi.bun.time.alt.242,rule_v1/test_L3alt,pres,time,alt,L3-alt,s,
author2,G73-C2,rule_v1.test.s1_psi.bun.time.alt.242,rule_v1/test_L3alt,base,time,alt,L3-alt,s,
author2,G73-C3,rule_v1.test.s1_psi.bun.time.alt.242,rule_v1/test_L3alt,near,time,alt,L3-alt,s,
author2,G73-C4,rule_v1.test.s1_psi.bun.time.alt.242,rule_v1/test_L3alt,flip,time,alt,L3-alt,s',
author3,G73-C1,rule_v1.test.gs038.c2.time.long.465,rule_v1/test_L2,flip,time,long,L2,s',s'
author3,G73-C2,rule_v1.test.gs038.c2.time.long.465,rule_v1/test_L2,missing,time,long,L2,neither,neither
author3,G73-C3,rule_v1.test.gs038.c2.time.long.465,rule_v1/test_L2,near,time,long,L2,s,s
author3,G73-C4,rule_v1.test.gs038.c2.time.long.465,rule_v1/test_L2,base,time,long,L2,s,s
author3,G73-C5,rule_v1.test.gs038.c2.time.long.465,rule_v1/test_L2,pres,time,long,L2,s,s
author4,G73-C1,rule_v1.test.gs223.c3.time.superseded.1640,rule_v1/test_L2,base,time,superseded,L2,s,s
author4,G73-C2,rule_v1.test.gs223.c3.time.superseded.1640,rule_v1/test_L2,flip,time,superseded,L2,s',s'
author4,G73-C3,rule_v1.test.gs223.c3.time.superseded.1640,rule_v1/test_L2,near,time,superseded,L2,s,s
author4,G73-C4,rule_v1.test.gs223.c3.time.superseded.1640,rule_v1/test_L2,pres,time,superseded,L2,s,s
author1,G74-C1,rule_v1.test.gs046.c1.subject.long.248,rule_v1/test_L0,pres,subject,long,L0,s,s
author1,G74-C2,rule_v1.test.gs046.c1.subject.long.248,rule_v1/test_L0,base,subject,long,L0,s,s
author1,G74-C3,rule_v1.test.gs046.c1.subject.long.248,rule_v1/test_L0,near,subject,long,L0,s,s
author1,G74-C4,rule_v1.test.gs046.c1.subject.long.248,rule_v1/test_L0,flip,subject,long,L0,s',s'
author2,G74-C1,rule_v1.test.rcri.cr.boundary.alt.781,rule_v1/test_L3alt,base,boundary,alt,L3-alt,s,
author2,G74-C2,rule_v1.test.rcri.cr.boundary.alt.781,rule_v1/test_L3alt,flip,boundary,alt,L3-alt,s',
author2,G74-C3,rule_v1.test.rcri.cr.boundary.alt.781,rule_v1/test_L3alt,pres,boundary,alt,L3-alt,s,
author2,G74-C4,rule_v1.test.rcri.cr.boundary.alt.781,rule_v1/test_L3alt,near,boundary,alt,L3-alt,s,
author3,G74-C1,rule_v1.test.inv046.c3.time.easy.784,rule_v1/test_L3inv,pres,time,easy,L3-inv,s,s
author3,G74-C2,rule_v1.test.inv046.c3.time.easy.784,rule_v1/test_L3inv,flip,time,easy,L3-inv,s',s'
author3,G74-C3,rule_v1.test.inv046.c3.time.easy.784,rule_v1/test_L3inv,near,time,easy,L3-inv,s,s
author3,G74-C4,rule_v1.test.inv046.c3.time.easy.784,rule_v1/test_L3inv,base,time,easy,L3-inv,s,s
author4,G74-C1,rule_v1.test.inv027.c1.negation.easy.795,rule_v1/test_L3inv,base,negation,easy,L3-inv,s,s
author4,G74-C2,rule_v1.test.inv027.c1.negation.easy.795,rule_v1/test_L3inv,pres,negation,easy,L3-inv,s,s
author4,G74-C3,rule_v1.test.inv027.c1.negation.easy.795,rule_v1/test_L3inv,flip,negation,easy,L3-inv,s',s'
author4,G74-C4,rule_v1.test.inv027.c1.negation.easy.795,rule_v1/test_L3inv,near,negation,easy,L3-inv,s,s
author1,G75-C1,rule_v1.test.gs038.c1.negation.long.667,rule_v1/test_hard,near,negation,long,L2,s,s
author1,G75-C2,rule_v1.test.gs038.c1.negation.long.667,rule_v1/test_hard,base,negation,long,L2,s,s
author1,G75-C3,rule_v1.test.gs038.c1.negation.long.667,rule_v1/test_hard,flip,negation,long,L2,s',s'
author1,G75-C4,rule_v1.test.gs038.c1.negation.long.667,rule_v1/test_hard,pres,negation,long,L2,s,s
author2,G75-C1,rule_v1.test.gs035.c2.numeric.long.543,rule_v1/test_L2,flip,numeric,long,L2,s',s'
author2,G75-C2,rule_v1.test.gs035.c2.numeric.long.543,rule_v1/test_L2,missing,numeric,long,L2,neither,neither
author2,G75-C3,rule_v1.test.gs035.c2.numeric.long.543,rule_v1/test_L2,base,numeric,long,L2,s,s
author2,G75-C4,rule_v1.test.gs035.c2.numeric.long.543,rule_v1/test_L2,pres,numeric,long,L2,s,s
author2,G75-C5,rule_v1.test.gs035.c2.numeric.long.543,rule_v1/test_L2,near,numeric,long,L2,s,s
author3,G75-C1,rule_v1.test.gs219.c2.time.superseded.199,rule_v1/test_hard,near,time,superseded,L2,s,s
author3,G75-C2,rule_v1.test.gs219.c2.time.superseded.199,rule_v1/test_hard,flip,time,superseded,L2,s',s'
author3,G75-C3,rule_v1.test.gs219.c2.time.superseded.199,rule_v1/test_hard,base,time,superseded,L2,s,s
author3,G75-C4,rule_v1.test.gs219.c2.time.superseded.199,rule_v1/test_hard,pres,time,superseded,L2,s,s
author4,G75-C1,rule_v1.test.s1_adrop.confusion.negation.easy.1988,rule_v1/test_L2,near,negation,easy,L2,s,
author4,G75-C2,rule_v1.test.s1_adrop.confusion.negation.easy.1988,rule_v1/test_L2,flip,negation,easy,L2,s',
author4,G75-C3,rule_v1.test.s1_adrop.confusion.negation.easy.1988,rule_v1/test_L2,base,negation,easy,L2,s,
author4,G75-C4,rule_v1.test.s1_adrop.confusion.negation.easy.1988,rule_v1/test_L2,pres,negation,easy,L2,s,
