sheet_id,part,run_id,tid,score,item,edit_type,nm_kind,stratum,failed_conditions,d_base,d_flip,d_near,claim_s,claim_s_prime,values,rule_text,case_text_base,edit_flip,edit_near,category,subcategory_or_note,coder,second_coder_category,agreed
M001,1,C-S2-mcv-verdict-triplets-s0,mcv_test_00651_00_v_temperature,SIRS Criteria,Temperature,value,numeric,stated,flip,22.022,8.079,17.607,"Under the SIRS Criteria, the item 'Temperature' scores 0 points for this patient.","Under the SIRS Criteria, the item 'Temperature' scores 1 point for this patient.","{""base"": 36.5, ""flip"": 35.7, ""near"": 36.2}","The rules for SIRS Criteria are listed below:

1. Temperature >38°C (100.4°F) or <36°C (96.8°F): No = 0 points, Yes = +1 point
2. Heart rate >90: No = 0 points, Yes = +1 point
3. Respiratory rate >20 or PaCO₂ <32 mm Hg: No = 0 points, Yes = +1 point
4. White blood cell count (WBC) >12,000/mm³, <4,000/mm³: No = 0 points, Yes = +1 point

The total number of criteria met is taken by summing the score for each criteria.","A 58-year-old woman was admitted to the emergency department owing to generalized weakness, chilling sensation and myalgia since the previous 10 days. She had a medical history of uncontrolled diabetes mellitus and hypertension. She took a prescription for diabetes mellitus, but did not take well. She had no history of trauma or surgery. Her vital signs were as follows: blood pressure, 90/40 mmHg; pulse rate, 100/min; respiratory rate, 20/min; and body temperature, 36.5°C. Laboratory data showed that a white blood cell count 24,290/mm3 with 93% neutrophils, hemoglobin 11.7 g/dL, platelet count 57,000/mm3 and C-reactive protein 33.2 mg/dL. Liver function enzymes showed aspartate aminotransferase 22 U/L, alanine aminotransferase 17 U/L, alkaline phosphatase 1,303 U/L, gamma glutamyl transferase 135 U/L, and total bilirubin 1.11 mg/dL. The HbA1c level was 11.9%, and serum glucose level was 665 mg/dL. Urinalysis showed many bacteria. Blood and urine cultures were obtained prior to initiation of empirical antibiotics. The chest radiograph showed a prominent heart size but no apparent lung parenchymal lesion. The chest and abdominal computed tomography (CT) scan revealed intraosseous gas in the sternum and left clavicle and intra-muscular gas in the left pectoralis major muscle as well as soft tissue emphysema involving the left shoulder and both chest walls (). Additionaly, intraosseous gases were noted in the right iliac bone and sacroiliac joint (). Right pyelonephritis with abscess at the right lower kidney was observed as well ().
Empirical antibiotic therapy with intravenous meropenem (1 g q8h, iv) and teicoplanin (800 mg q24h for 3 days and then 400 mg q24h, iv) was initiated and urgent surgical drainage was performed. At the time of surgical decompression, the pus from sternum, left clavicle and pelvic bone had a foul odor. The pus revealed extended-spectrum ß-lactamase non-producing E. coli, and both blood and urine culture grew E. coli with same antimicrobial susceptibility. Antibiotics were changed to piperacillin/tazobactam (4.0/0.5 g q8h, iv).
A follow-up CT conducted 4 weeks after admission showed marked regression of intraosseous gas in the sternum, left clavicle and adjacent extensive soft tissue emphysema in the left side of neck, left axilla, and both anterior chest walls. However, slightly increased size of abscess pocket involving the right iliacus muscle and osteomyelitis involving the right iliac bone were still noted. Therefore, catheter drainage of right iliac area was maintained for 8 weeks, and pus drainage at the right iliacus muscle was performed again and antibiotic therapy was continued. Follow-up CT scan after 8 weeks revealed emphysematous osteomyelitis of the sternum, left clavicle and right iliac bone with adjacent cellulitis almost resolved ().
After 13 weeks of intravenous antibiotic therapy, the patient showed clinical improvement and was discharged.","- Her vital signs were as follows: blood pressure, 90/40 mmHg; pulse rate, 100/min; respiratory rate, 20/min; and body temperature, 36.5°C.
+ Her vital signs were as follows: blood pressure, 90/40 mmHg; pulse rate, 100/min; respiratory rate, 20/min; and body temperature, 35.7°C.","- Her vital signs were as follows: blood pressure, 90/40 mmHg; pulse rate, 100/min; respiratory rate, 20/min; and body temperature, 36.5°C.
+ Her vital signs were as follows: blood pressure, 90/40 mmHg; pulse rate, 100/min; respiratory rate, 20/min; and body temperature, 36.2°C.",,,,,
M002,2,C-S2-mcv-verdict-triplets-s1,mcv_test_00552_03_v_diastolic_blood_pressure,CURB-65 Score for Pneumonia Severity,Systolic BP or Diastolic BP,value,numeric,stated,flip,30.644,17.893,30.427,"Under the CURB-65 Score for Pneumonia Severity, the item 'Systolic BP or Diastolic BP' scores 0 points for this patient.","Under the CURB-65 Score for Pneumonia Severity, the item 'Systolic BP or Diastolic BP' scores 1 point for this patient.","{""base"": 78.0, ""flip"": 57.0, ""near"": 69.0}","The CURB-65 Score criteria are listed below:

1. Confusion: No = 0 points, Yes = +1 point
2. BUN >19 mg/dL (>7 mmol/L urea): No = 0 points, Yes = +1 point
3. Respiratory Rate ≥30: No = 0 points, Yes = +1 point
4. Systolic BP <90 mmHg or Diastolic BP ≤60 mmHg: No = 0 points, Yes = +1 point
5. Age ≥65: No = 0 points, Yes = +1 point

The total CURB-65 score is calculated by summing the points for each criterion.","A 52-year-old man is brought to the emergency department with dry cough, shortness of breath, and low-grade fever that began 6 days ago. He also reports that he has had 3 episodes of watery diarrhea per day for the last 2 days. He appears slightly pale. His temperature is 38.0°C (100.4°F), pulse is 65/min, respirations are 15/min, and blood pressure is 140/78 mm Hg. Diffuse crackles are heard over bibasilar lung fields. Laboratory studies show:
Hemoglobin 13.8 g/dL
Leukocyte count 16,000/mm3
Platelet count 150,000/mm3
Serum
Na+ 131 mEq/L
Cl- 102 mEq/L
K+ 4.7 mEq/L
HCO3- 26 mEq/L
Urea nitrogen 18 mg/dL
Creatinine 1.2 mg/dL
An x-ray of the chest shows patchy infiltrates in both lungs.","- His temperature is 38.0°C (100.4°F), pulse is 65/min, respirations are 15/min, and blood pressure is 140/78 mm Hg.
+ His temperature is 38.0°C (100.4°F), pulse is 65/min, respirations are 15/min, and blood pressure is 140/57 mm Hg.","- His temperature is 38.0°C (100.4°F), pulse is 65/min, respirations are 15/min, and blood pressure is 140/78 mm Hg.
+ His temperature is 38.0°C (100.4°F), pulse is 65/min, respirations are 15/min, and blood pressure is 140/69 mm Hg.",,,,,
M003,3,C-S2-mcv-verdict-triplets-s2,mcv_test_00559_03_v_diastolic_blood_pressure,CURB-65 Score for Pneumonia Severity,Systolic BP or Diastolic BP,value,numeric,stated,flip,20.956,19.144,18.714,"Under the CURB-65 Score for Pneumonia Severity, the item 'Systolic BP or Diastolic BP' scores 0 points for this patient.","Under the CURB-65 Score for Pneumonia Severity, the item 'Systolic BP or Diastolic BP' scores 1 point for this patient.","{""base"": 70.0, ""flip"": 57.0, ""near"": 65.0}","The CURB-65 Score criteria are listed below:

1. Confusion: No = 0 points, Yes = +1 point
2. BUN >19 mg/dL (>7 mmol/L urea): No = 0 points, Yes = +1 point
3. Respiratory Rate ≥30: No = 0 points, Yes = +1 point
4. Systolic BP <90 mmHg or Diastolic BP ≤60 mmHg: No = 0 points, Yes = +1 point
5. Age ≥65: No = 0 points, Yes = +1 point

The total CURB-65 score is calculated by summing the points for each criterion.","A 43-year-old man presented with a 2-day history of dyspnea and chest pain after shouting in a quarrel with his wife. He had presented to a local clinic with fever, cough, sputum, and odynophagia 3 days previously, and was treated for acute pharyngitis. Before the onset of symptoms, he was in good health and had no significant past medical history except for 50 pack-years smoking history. Vital signs on admission were blood pressure 120/70 mm Hg, heart rate 100/min, respiration rate 28/min, and body temperature 38.7℃. On physical examination, there was swelling and tenderness in the left cervical area. Crackles were noted in both cervical areas. Coarse breath sounds were noted in both lung fields, and crackles were noted in the left lower lung field.
Leukocyte count was 13000/mm3 (85.2% neutrophils, 9.4% lymphocytes, 4.7% monocytes, 0.2% eosinophils), hemoglobin 13.0 g/dL, and platelet count 229000/mm3. The results of arterial blood gas analysis in room air were pH 7.491, PaCO2 25.2 mm Hg, PaO2 62.4 mm Hg, HCO3- 21.8 mmol/L, and SaO2 94.2%. Liver function tests were normal. Serum total protein was 6.5 g/dL, albumin 3.5 g/dL, blood urea nitrogen 20.0 mg/dL, creatinine 1.2 mg/dL, sodium 135 mmol/L, potassium 4.2 mmol/L, creatine phosphokinase 431 IU/L, lactate dehydrogenase 658 IU/L, and high sensitivity C-reactive protein 30.7 mg/dL. Urinalysis was normal.
An initial chest radiography showed linear air trapping parallel to the border of the trachea, bilateral pleural effusion that was more severe on the left side, and consolidations in both lower lungs (). A chest computed tomography (CT) scan revealed air collection around the airway and mediastinum, infiltration around the mediastinum, and bilateral pleural effusions ().
Laryngoscopy was performed by an otolaryngologist, and a small pharyngeal perforation in the right side of the vallecula was seen. A cervical CT scan also showed lacerations in the same area (). Analysis of the pleural fluid on the left side was consistent with parapneumonic effusions (pH 8.0, red blood cell count 3840/mm3, white blood cell count 2880/mm3, neutrophils 95%, total protein 4.6 g/dL, albumin 2.5 g/dL, lactate dehydrogenase 27198 IU/L, glucose 27 mg/dL). Intravenous moxifloxacin was started. In addition, chest tubes were inserted on both sides and supplemental oxygen was administered. Laryngoscopy was repeated 2 days later, and the previously-noted small pharyngeal perforation was not seen. Blood and pleural fluid cultures were negative, but fever and leukocytosis persisted. Antibiotics were broadened to piperacillin-tazobactam and amikacin. Fifteen days after admission, a follow-up chest radiography showed resolution of air trapping around the mediastinum and regression of parapneumonic effusions. The patient's symptoms and laboratory results continuously improved, and the patient was discharged 29 days after admission.","- Vital signs on admission were blood pressure 120/70 mm Hg, heart rate 100/min, respiration rate 28/min, and body temperature 38.7℃.
+ Vital signs on admission were blood pressure 120/57 mm Hg, heart rate 100/min, respiration rate 28/min, and body temperature 38.7℃.","- Vital signs on admission were blood pressure 120/70 mm Hg, heart rate 100/min, respiration rate 28/min, and body temperature 38.7℃.
+ Vital signs on admission were blood pressure 120/65 mm Hg, heart rate 100/min, respiration rate 28/min, and body temperature 38.7℃.",,,,,
M004,4,C-S2-mcv-verdict-triplets-s3,mcv_test_00643_03_v_white_blood_cell_count,SIRS Criteria,White blood cell count (WBC),value,numeric,stated,"base, near",-7.113,-10.973,-7.253,"Under the SIRS Criteria, the item 'White blood cell count (WBC)' scores 0 points for this patient.","Under the SIRS Criteria, the item 'White blood cell count (WBC)' scores 1 point for this patient.","{""base"": 6370.0, ""flip"": 3799.0, ""near"": 5185.0}","The rules for SIRS Criteria are listed below:

1. Temperature >38°C (100.4°F) or <36°C (96.8°F): No = 0 points, Yes = +1 point
2. Heart rate >90: No = 0 points, Yes = +1 point
3. Respiratory rate >20 or PaCO₂ <32 mm Hg: No = 0 points, Yes = +1 point
4. White blood cell count (WBC) >12,000/mm³, <4,000/mm³: No = 0 points, Yes = +1 point

The total number of criteria met is taken by summing the score for each criteria.","A 67-year-old woman presented to the hospital complaining of fever, shortness of breath and dry cough during the previous month. She had been treated for presumed bronchitis with wide-spectrum antibiotics without response and her complaints had gradually worsened. Her past medical history was significant for bilateral hilar lymphadenopathy, which was incidentally diagnosed on a routine chest radiograph 8 years previously, a finding that was confirmed, together with right paratracheal node enlargement, by a chest computed tomography (CT) scan. She had then undergone a non-diagnostic bronchoscopy and was advised to repeat the chest CT scan after 6 months, advice she ignored. She had never smoked and she had not taken any medication in the past. She had no environmental or occupational history of beryllium or other metal exposure. She had never traveled outside Greece. She had never had a tuberculin test.
On physical examination, the patient appeared to be in good condition, mildly dyspneic with 22 breaths per minute, a temperature of 39.4°C, blood pressure of 110/70 mmHg and a heart rate of 100 beats per minute. Apart from mild bilateral inspiratory fine crackles in the lower lung fields, no other physical abnormalities were observed. There was no skin involvement. Laboratory investigations showed normocytic normochromic anemia (hemoglobin 11.8 g/dl), white blood count 6370/mm3 (neutrophils 67%), erythrocyte sedimentation rate 95 mm and C-reactive protein 90 mg/l (normal value <3 mg/l). Serum electrolyte levels and renal function indices were normal. A mild decrease in albumin levels was observed on serum protein electrophoresis. Serum concentrations of angiotensin-converting enzyme (ACE) were normal, as was a 24-hour urinary calcium excretion analysis. Arterial gas testing (while the patient was breathing in room air) indicated PaO2 70 mmHg, PaCO2 31 mmHg, pH 7.47 and bicarbonate 22.2 mmol/l. The tuberculin skin test was positive (20 mm). A chest X-ray on admission disclosed bilateral hilar lymphadenopathy together with bilateral interstitial lung densities in the lower lung fields (Figure ). A chest CT scan that was performed 3 days after her admission disclosed bilateral interstitial opacities in the middle and lower lung lobes and mediastinal lymphadenopathy, which was unaltered compared with that observed 8 years ago (Figure ).
An ophthalmologic evaluation was normal. The patient underwent bronchoscopy, which revealed slight mucosal edema in the bronchial tree. All endobronchial biopsies disclosed non-specific inflammation. Transbronchial biopsies were not performed because of the patient's intolerance. The bronchoalveolar lavage (BAL) cell differential count was total cell count 37 × 104/ml, neutrophils 2.8%, lymphocytes 61.2%, macrophages 34.5% and eosinophils 1.3%. The CD4 to CD8 ratio was 2.25 while the number of CD4 and CD8 cells was within normal levels. Multiple blood and urine cultures as well as bronchial washing cultures were negative for bacteria and fungi. Results from sputum, gastric fluid and BAL Ziehl-Neelsen staining were negative. Serology studies for human immunodeficiency virus (HIV), Brucella species, Legionella species, Coxiella burnetti, Chlamydia species, Mycoplasma species, Leismania species and Toxoplasma species were negative. A venereal disease research laboratory test was also negative. Antinuclear antibodies were 1/80 positive while anti-double-stranded DNA antibodies, anti-RO, anti-LA, antineutrophil cytoplasmic antibodies and antimitochondrial antibodies were all negative. The patient underwent mediastinoscopy, and histological examination from the biopsy of a right paratracheal lymph node showed a non-caseating granuloma formation compatible with sarcoidosis. Routine tissue bacterial, fungal and acid bacilli cultures were negative.
The patient received broad-spectrum antibiotic treatment without any response, while her dyspnea progressively increased and she was supported with oxygen therapy. A chest X-ray disclosed extended interstitial lung densities in both lungs as well as consolidation in the left lower lung field (Figure ). As she was clinically and radiologically deteriorating, treatment with the standard anti-TB drug regimen (isoniazid 300 mg daily, rifampin 600 mg daily, pyrazinamide 2 g daily and ethambutol 1 g daily) was started in addition to prednisolone 1 mg/kg daily. The patient's symptoms moderately improved but her fever continued to spike. During the second week of anti-TB therapy, initial BAL cultures turned out to be positive for M. tuberculosis and glucocorticoids were stopped. During the fourth week of treatment the fever declined and the patient became apyrexial 1 week later. After 2 months of therapy, pyrazinamide and ethambutol were stopped and a 7-month continuation regimen with isoniazide and rifampin was administered. During a 9 month period of follow-up, the patient continued to have the same chronic mediastinal lymphadenopathy with no parenchymal involvement and normal pulmonary function tests.","- Laboratory investigations showed normocytic normochromic anemia (hemoglobin 11.8 g/dl), white blood count 6370/mm3 (neutrophils 67%), erythrocyte sedimentation rate 95 mm and C-reactive protein 90 mg/l (normal value <3 mg/l).
+ Laboratory investigations showed normocytic normochromic anemia (hemoglobin 11.8 g/dl), white blood count 3799/mm3 (neutrophils 67%), erythrocyte sedimentation rate 95 mm and C-reactive protein 90 mg/l (normal value <3 mg/l).","- Laboratory investigations showed normocytic normochromic anemia (hemoglobin 11.8 g/dl), white blood count 6370/mm3 (neutrophils 67%), erythrocyte sedimentation rate 95 mm and C-reactive protein 90 mg/l (normal value <3 mg/l).
+ Laboratory investigations showed normocytic normochromic anemia (hemoglobin 11.8 g/dl), white blood count 5185/mm3 (neutrophils 67%), erythrocyte sedimentation rate 95 mm and C-reactive protein 90 mg/l (normal value <3 mg/l).",,,,,
M005,1,C-S2-mcv-verdict-triplets-s4,mcv_test_00628_02_v_o_saturation_percentage,PERC Rule for Pulmonary Embolism,O₂ saturation on room air,value,numeric,stated,flip,8.431,2.265,8.019,"Under the PERC Rule for Pulmonary Embolism, the item 'O₂ saturation on room air' scores 0 points for this patient.","Under the PERC Rule for Pulmonary Embolism, the item 'O₂ saturation on room air' scores 1 point for this patient.","{""base"": 98.0, ""flip"": 93.0, ""near"": 96.0}","The PERC Rule critiera are listed below:

1. Age ≥50: No = 0 points, Yes = +1 point
2. Heart Rate (HR) ≥100: No = 0 points, Yes = +1 point
3. O₂ saturation on room air <95%: No = 0 points, Yes = +1 point
4. Unilateral leg swelling: No = 0 points, Yes = +1 point
5. Hemoptysis: No = 0 points, Yes = +1 point
6. Recent surgery or trauma (within 4 weeks, requiring treatment with general anesthesia): No = 0 points, Yes = +1 point
7. Prior pulmonary embolism (PE) or deep vein thrombosis (DVT): No = 0 points, Yes = +1 point
8. Hormone use (oral contraceptives, hormone replacement, or estrogenic hormone use in males or females): No = 0 points, Yes = +1 point

The total number of criteria met is taken by summing the points for each criterion.","A 41-year-old female with a past medical history of hypertension, type 2 diabetes mellitus, and previous non-ST-elevation myocardial infarction with normal coronary arteries (MINOCA) three years prior presented with symptoms of sharp chest pain, dry cough, and shortness of breath, which had started two days prior to the presentation. Her vital signs were remarkable for a blood pressure of 122/91 mmHg, heart rate of 180 beats per minute with an irregular rate, a temperature of 36.4 °C, respiratory rate of 24 breaths per minute, and an oxygen saturation of 98% on 5 L nasal cannula. On examination, the patient appeared to be in mild distress. No jugular venous distention was appreciated. Her chest auscultation revealed bilateral crackles.
A nasopharyngeal swab polymerase chain reaction (PCR) was positive for COVID-19 and blood cultures showed no growth. Chest X-ray revealed patchy bilateral peripheral lung infiltrates (Figure ), and CT angiography of the chest showed no pulmonary embolism but revealed bilateral patchy ground-glass lung infiltrates consistent with COVID-19 pneumonia (Figure ). EKG showed a new atrial flutter with a rapid ventricular response (Figure ). Transthoracic echocardiogram revealed a new low left ventricular (LV) ejection fraction of 35-40%, with LV hypertrophy, as well as a granular appearance of LV myocardium suspicious for infiltrative cardiomyopathy (Figure ). Echocardiogram obtained one year prior had shown LV ejection fraction of 50-55% with LV hypertrophy.
The patient was started on intravenous (IV) diltiazem drip, but her heart rate was difficult to control; hence she was started on IV amiodarone and eventually converted to sinus rhythm. She was started on IV heparin for anticoagulation. Her respiratory status deteriorated, and she was subsequently intubated and mechanically ventilated. The COVID-19 pneumonia was treated with a combination of steroids, antibiotics, remdesivir, and convalescence plasma. She improved clinically and was discharged home on oral amiodarone, metoprolol succinate, and warfarin.
CMR obtained about two months from the date of admission showed extensive myocarditis with a typical pattern of sub-epicardial and mid-wall delayed enhancement (Figure ). There was no edema to indicate the acuteness of the disease. LV systolic function was normal with an ejection fraction of 60-65%. These findings confirmed that the patient had suffered from an acute illness at the time of her initial presentation, causing acute symptoms, a drop in LV ejection fraction, and the development of new arrhythmia, which had all resolved by the time of CMR acquisition.","- Her vital signs were remarkable for a blood pressure of 122/91 mmHg, heart rate of 180 beats per minute with an irregular rate, a temperature of 36.4 °C, respiratory rate of 24 breaths per minute, and an oxygen saturation of 98% on 5 L nasal cannula.
+ Her vital signs were remarkable for a blood pressure of 122/91 mmHg, heart rate of 180 beats per minute with an irregular rate, a temperature of 36.4 °C, respiratory rate of 24 breaths per minute, and an oxygen saturation of 93% on 5 L nasal cannula.","- Her vital signs were remarkable for a blood pressure of 122/91 mmHg, heart rate of 180 beats per minute with an irregular rate, a temperature of 36.4 °C, respiratory rate of 24 breaths per minute, and an oxygen saturation of 98% on 5 L nasal cannula.
+ Her vital signs were remarkable for a blood pressure of 122/91 mmHg, heart rate of 180 beats per minute with an irregular rate, a temperature of 36.4 °C, respiratory rate of 24 breaths per minute, and an oxygen saturation of 96% on 5 L nasal cannula.",,,,,
M006,2,C-S2-mcv-verdict-triplets-s0,mcv_test_00216_00_v_bilirubin,Child-Pugh Score for Cirrhosis Mortality,Bilirubin (Total),value,numeric,stated,flip,23.695,3.245,23.088,"Under the Child-Pugh Score for Cirrhosis Mortality, the item 'Bilirubin (Total)' scores 1 point for this patient.","Under the Child-Pugh Score for Cirrhosis Mortality, the item 'Bilirubin (Total)' scores 2 points for this patient.","{""base"": 0.5, ""flip"": 2.1, ""near"": 1.2}","The criteria for the Child-Pugh Score are listed below:

1. Bilirubin (Total): <2 mg/dL (<34.2 μmol/L) = +1 point, 2-3 mg/dL (34.2-51.3 μmol/L) = +2 points, >3 mg/dL (>51.3 μmol/L) = +3 points
2. Albumin: >3.5 g/dL (>35 g/L) = +1 point, 2.8-3.5 g/dL (28-35 g/L) = +2 points, <2.8 g/dL (<28 g/L) = +3 points
3. INR: <1.7 = +1 point, 1.7-2.3 = +2 points, >2.3 = +3 points
4. Ascites: Absent = +1 point, Slight = +2 points, Moderate = +3 points
5. Encephalopathy: No Encephalopathy = +1 point, Grade 1-2 = +2 points, Grade 3-4 = +3 points
(Grade 0: normal consciousness, personality, neurological examination, electroencephalogram
Grade 1: restless, sleep disturbed, irritable/agitated, tremor, impaired handwriting, 5 cps waves
Grade 2: lethargic, time-disoriented, inappropriate, asterixis, ataxia, slow triphasic waves
Grade 3: somnolent, stuporous, place-disoriented, hyperactive reflexes, rigidity, slower waves
Grade 4: unrousable coma, no personality/behavior, decerebrate, slow 2-3 cps delta activity)

The Child-Pugh Score is calculated by summing the points for each criterion.","A 67-year-old male with a past medical history of untreated hepatitis C and hypertension was admitted after experiencing nausea, lightheadedness and a syncopal episode resulting in trauma to his head. En route to the hospital, the patient had one episode of hematemesis, followed by two additional episodes in the emergency department. Vital signs were as follows: heart rate 100 beats per minute, respiratory rate 16 breaths per minute, blood pressure 131/71 mmHg and temperature 94.3°F. The patient was oriented to person, place and time. His abdomen was soft, non-distended and non-tender to palpation. Pertinent laboratory tests included hemoglobin 9.5 g/dl, hematocrit 29.5%, platelets 197 K/µL, blood urea nitrogen (BUN) 22 mg/dl, creatinine 0.8 U/L, aspartate aminotransferase (AST) 112 U/L, alanine aminotransferase (ALT) 76 U/L, total bilirubin 0.5 mg/dl, alkaline phosphatase 18 U/L, albumin 3.2 g/dl, lactic acid 3.1 mmol/L, prothrombin time 11.8 seconds and international normalized ratio (INR) 1.0. Octreotide infusion, ceftriaxone and a proton-pump inhibitor were promptly started, along with transfusion of three units of blood due to persistent bleeding.
Urgent endoscopy was performed, where a significant amount of red blood was seen in the gastric fundus with an area of active bleeding near the gastroesophageal junction. No esophageal varices were seen. Attempts to control the hemorrhage endoscopically were unsuccessful due to large amount of active bleeding obscuring visibility. CT scan of the abdomen showed a 6-cm mass in the right lobe of a cirrhotic liver (suspected to be hepatocellular carcinoma [HCC]) and one large gastric varix with a gastrorenal shunt (Figure ). Importantly, there was no evidence of portal vein or splenic vein thrombosis.
Initially, left-sided TIPS was attempted, but multiple attempts to pass from left portal vein to left hepatic vein were unsuccessful due to challenging anatomy. The patient required multiple blood products. Eventually, the patient underwent BRTO. His left renal vein was accessed via the right internal jugular vein, the balloon was inflated and a sclerosing agent was injected into the bleeding varix. This was followed by coiling of the same varix, resulting in occlusion of the portosystemic shunt (Figure ). The patient had no further episodes of bleeding and was discharged a few days later. He was ultimately diagnosed with HCC (Figure ).","- Pertinent laboratory tests included hemoglobin 9.5 g/dl, hematocrit 29.5%, platelets 197 K/µL, blood urea nitrogen (BUN) 22 mg/dl, creatinine 0.8 U/L, aspartate aminotransferase (AST) 112 U/L, alanine aminotransferase (ALT) 76 U/L, total bilirubin 0.5 mg/dl, alkaline phosphatase 18 U/L, albumin 3.2 g/dl, lactic acid 3.1 mmol/L, prothrombin time 11.8 seconds and international normalized ratio (INR) 1.0.
+ Pertinent laboratory tests included hemoglobin 9.5 g/dl, hematocrit 29.5%, platelets 197 K/µL, blood urea nitrogen (BUN) 22 mg/dl, creatinine 0.8 U/L, aspartate aminotransferase (AST) 112 U/L, alanine aminotransferase (ALT) 76 U/L, total bilirubin 2.1 mg/dl, alkaline phosphatase 18 U/L, albumin 3.2 g/dl, lactic acid 3.1 mmol/L, prothrombin time 11.8 seconds and international normalized ratio (INR) 1.0.","- Pertinent laboratory tests included hemoglobin 9.5 g/dl, hematocrit 29.5%, platelets 197 K/µL, blood urea nitrogen (BUN) 22 mg/dl, creatinine 0.8 U/L, aspartate aminotransferase (AST) 112 U/L, alanine aminotransferase (ALT) 76 U/L, total bilirubin 0.5 mg/dl, alkaline phosphatase 18 U/L, albumin 3.2 g/dl, lactic acid 3.1 mmol/L, prothrombin time 11.8 seconds and international normalized ratio (INR) 1.0.
+ Pertinent laboratory tests included hemoglobin 9.5 g/dl, hematocrit 29.5%, platelets 197 K/µL, blood urea nitrogen (BUN) 22 mg/dl, creatinine 0.8 U/L, aspartate aminotransferase (AST) 112 U/L, alanine aminotransferase (ALT) 76 U/L, total bilirubin 1.2 mg/dl, alkaline phosphatase 18 U/L, albumin 3.2 g/dl, lactic acid 3.1 mmol/L, prothrombin time 11.8 seconds and international normalized ratio (INR) 1.0.",,,,,
M007,3,C-S2-mcv-verdict-triplets-s1,mcv_test_00659_00_v_temperature,SIRS Criteria,Temperature,value,numeric,stated,near,16.802,-27.211,-1.916,"Under the SIRS Criteria, the item 'Temperature' scores 0 points for this patient.","Under the SIRS Criteria, the item 'Temperature' scores 1 point for this patient.","{""base"": 97.9, ""flip"": 101.7, ""near"": 99.2}","The rules for SIRS Criteria are listed below:

1. Temperature >38°C (100.4°F) or <36°C (96.8°F): No = 0 points, Yes = +1 point
2. Heart rate >90: No = 0 points, Yes = +1 point
3. Respiratory rate >20 or PaCO₂ <32 mm Hg: No = 0 points, Yes = +1 point
4. White blood cell count (WBC) >12,000/mm³, <4,000/mm³: No = 0 points, Yes = +1 point

The total number of criteria met is taken by summing the score for each criteria.","A 57-year-old lady was brought to the ED by family with complaints of severe generalized body weakness, confusion, difficulty walking, achiness in legs, numbness in extremities, dizziness, nausea, vomiting, abdominal pain, constipation and occasional palpitations. Patient had total parathyroidectomy and partial thyroidectomy three weeks ago for primary hyperparathyroidism caused by parathyroid adenomas. Serum calcium level at the referring facility was 21 mg/dL. EKG showed prolonged QTc of 476 ms and nonspecific ST-T wave changes, she denied chest pain and troponin levels were <0.015. At the time of admission in our facility, her vital signs were temperature 97.9 F, heart rate 87 bpm, respiratory rate 16/min and blood pressure 163/67 mmHg. She was alert and oriented, had normal reflexes through symmetrically decreased muscle strength in all four extremities with mild generalized abdominal tenderness. Rest of the physical exam was unremarkable. Patient’s initial laboratory values showed white blood cell (WBC) count of 15.5 k/mm3, hemoglobin (Hb) of 15.6 gm/dL, platelet count of 370 k/mm3, creatinine of 1.9 mg/dL (baseline was 0.8), BUN of 45 mg/dL, eGFR of 27 mL/min (baseline eGFR >60 mL/min), bicarbonate of 33 mEq/L, chloride of 94 mEq/L, potassium of 2.5 mEq/L, sodium of 135 mEq/L, total calcium of 23 mg/dL with ionized calcium of 12.03 mg/dL, phosphate of 1.3 mg/dL and PTH of 0. Her 25 hydroxyvitamin D level was 61 ng/mL (normal 30-100 ng/mL) and 1-25 hydroxyvitamin D3 level was 31 pg/ml (normal 18-72 pg/mL) (Table ).
When asked about medication history, patient reported 3 g calcium carbonate intake daily, calcitriol 0.5 mcg twice daily, cholecalciferol (vitamin D3) 10,000 units once daily, chlorthalidone 25 mg once daily and irbesartan 300 mg once daily. Her diet included a glass of milk after each meal. As explained earlier, a diagnosis of CATS was made, and treatment was started. It was obvious from history that hypercalcemia was due to excessive calcium intake so calcium, vitamin D supplements and chlorthalidone were stopped. Irbesartan contributing to AKI was also stopped. Aggressive hydration was instituted with intravenous (IV) normal saline 150-200 mL/hour with 4L given in the first 24 hours. Furosemide 40 mg twice daily was also started. Patient didn’t require calcitonin. Due to the anticipated serious risk of late hypocalcemia owing to parathyroidectomy, bisphosphonates were not considered. Patient improved clinically and her symptoms resolved, she was discharged on hospital day 5, with total calcium level reduced to 10.3 mg/dL and ionized calcium to 5.77 mg/dL. Her creatinine levels were close to baseline at 1.4 mg/dL on the day of discharge.","- At the time of admission in our facility, her vital signs were temperature 97.9 F, heart rate 87 bpm, respiratory rate 16/min and blood pressure 163/67 mmHg.
+ At the time of admission in our facility, her vital signs were temperature 101.7 F, heart rate 87 bpm, respiratory rate 16/min and blood pressure 163/67 mmHg.","- At the time of admission in our facility, her vital signs were temperature 97.9 F, heart rate 87 bpm, respiratory rate 16/min and blood pressure 163/67 mmHg.
+ At the time of admission in our facility, her vital signs were temperature 99.2 F, heart rate 87 bpm, respiratory rate 16/min and blood pressure 163/67 mmHg.",,,,,
M008,4,C-S2-mcv-verdict-triplets-s2,mcv_test_00130_02_v_heart_rate_or_pulse,Wells' Criteria for Pulmonary Embolism,Heart rate,value,numeric,stated,"base, near",-12.741,-19.921,-13.427,"Under the Wells' Criteria for Pulmonary Embolism, the item 'Heart rate' scores 0 points for this patient.","Under the Wells' Criteria for Pulmonary Embolism, the item 'Heart rate' scores 1.5 points for this patient.","{""base"": 96.0, ""flip"": 103.0, ""near"": 98.0}","The criteria for the Wells' Criteria for Pulmonary Embolism score are listed below:

1. Clinical signs and symptoms of DVT: No = 0 points, Yes = +3 points
2. PE is #1 diagnosis OR equally likely: No = 0 points, Yes = +3 points
3. Heart rate > 100: No = 0 points, Yes = +1.5 points
4. Immobilization at least 3 days OR surgery in the previous 4 weeks: No = 0 points, Yes = +1.5 points
5. Previous, objectively diagnosed PE or DVT: No = 0 points, Yes = +1.5 points
6. Hemoptysis: No = 0 points, Yes = +1 point
7. Malignancy with treatment within 6 months or palliative: No = 0 points, Yes = +1 point

The total score is calculated by summing the points for each criterion.","A 34-year-old male patient was admitted with complaints of cough and fever for 2 weeks. He had history of similar complaints in the past in the form of frequent episodes of cough with expectoration for which he was hospitalized and treated with intravenous (IV) antibiotics. He had no history of dyspnea, chest pain or pedal edema. General physical examination was unremarkable except for grade I clubbing. Clinical examination revealed blood pressure of 118/84 mm Hg in right upper limb in supine position with pulse rate of 96/min, regular, normal volume with a normal character with no radio-radial or radio-femoral delay and all peripheral pulses equally palpable. The jugular venous pressure was raised 2 cm above the angle of Louis with a prominent c-v pattern. The apical impulse was in the fifth intercostals space medial to the midclavicular line. The S1 was normal, and S2 was narrowly split with loud P2 component. There was pan-systolic murmur along the left lower sternal border radiating all over the precordium. On systemic examination, respiratory system showed barrel-shaped chest with anteroposterior and transverse diameter ratio of 1, widely spaced ribs and increased resonance to percussion, and breath sounds decreased in intensity symmetrically with prolonged expiration. Rest of the examination was normal. On investigations, total leukocytes were 14,200/mm3, polymorphs 72%, lymphocytes 22%, monocytes 4%, eosinophils 2%, hemoglobin 15.1 g%, platelets 211,000/mm3, ESR 14 mm first h and fasting blood sugar was 98 mg%. Blood culture was negative for any growth. Sputum culture showed streptococcus pneumonia sensitive to amoxicillin, and patient was treated accordingly. On chest radiography, there were bronchiectatic changes. Electrocardiogram showed normal sinus rhythm with heart rate of 102 and right axis deviation. In lead II, III and aVF, P-wave was tall and peaked with maximum P-wave amplitude > 7 mm and larger than QRS complex in lead II (). P-wave axis was +82°. This was referred as Himalayan P-waves suggestive of right atrial enlargement. Precordial leads showed slow R-wave progression with right ventricular strain pattern (). The 2D transthoracic echocardiography revealed enlarged right atrium and right ventricle with severe tricuspid regurgitation, pulmonary arterial hypertension and preserved ejection fraction. So these findings were consistent with sequelae of COPD. The findings of bronchiectasis were confirmed on HRCT chest as evident by cystic bronchiectasis with bronchial wall thickening and mucous plugging (). The bronchial dilation was also seen, lack of bronchial tapering and visibility of airways within 1 cm of the pleural surface, i.e., abutting the mediastinal pleural surface ().","- Clinical examination revealed blood pressure of 118/84 mm Hg in right upper limb in supine position with pulse rate of 96/min, regular, normal volume with a normal character with no radio-radial or radio-femoral delay and all peripheral pulses equally palpable.
+ Clinical examination revealed blood pressure of 118/84 mm Hg in right upper limb in supine position with pulse rate of 103/min, regular, normal volume with a normal character with no radio-radial or radio-femoral delay and all peripheral pulses equally palpable.","- Clinical examination revealed blood pressure of 118/84 mm Hg in right upper limb in supine position with pulse rate of 96/min, regular, normal volume with a normal character with no radio-radial or radio-femoral delay and all peripheral pulses equally palpable.
+ Clinical examination revealed blood pressure of 118/84 mm Hg in right upper limb in supine position with pulse rate of 98/min, regular, normal volume with a normal character with no radio-radial or radio-femoral delay and all peripheral pulses equally palpable.",,,,,
M009,1,C-S2-mcv-verdict-triplets-s3,mcv_test_00411_03_v_heart_rate_or_pulse,Glasgow-Blatchford Bleeding Score (GBS),Pulse,value,numeric,stated,"base, near",-6.452,-10.743,-5.665,"Under the Glasgow-Blatchford Bleeding Score (GBS), the item 'Pulse' scores 0 points for this patient.","Under the Glasgow-Blatchford Bleeding Score (GBS), the item 'Pulse' scores 1 point for this patient.","{""base"": 90, ""flip"": 104, ""near"": 95}","The criteria for the Glasgow-Blatchford Score are listed below:

1. BUN (mg/dL): <18.2 = 0 points, 18.2-22.3 = +2 points, 22.4-28 = +3 points, 28-70 = +4 points, >70 = +6 points
2. Hemoglobin (g/dL) for men: >=13 = 0 points, <=12-13 = +1 point, <=10-12 = +3 points, <10 = +6 points
3. Hemoglobin (g/dL) for women: >=12 = 0 points, <=10-12 = +1 point, <10 = +6 points
4. Systolic blood pressure (mm Hg): ≥110 = 0 points, 100-109 = +1 point, 90-99 = +2 points, <90 = +3 points
5. Pulse ≥100 (per minute): No = 0 points, Yes = +1 point
6. Melena present: No = 0 points, Yes = +1 point
7. Recent syncope: No = 0 points, Yes = +2 points
8. Hepatic disease history: No = 0 points, Yes = +2 points
9. Cardiac failure present: No = 0 points, Yes = +2 points

The total Glasgow-Blatchford Score is calculated by summing the points for each criterion.","A 78-year-old man presented to our emergency department (ED) with a complaint of melena for 2 days. He had a medical history of cerebral infarction, which had been treated with 100 mg/day aspirin, hypertension, and duodenal ulcer. He stopped taking aspirin on the day before arrival at our ED. His blood pressure was 77/53 mmHg, with a heart rate of 90 b.p.m. and a respiratory rate of 18 breaths/min. The Glasgow Coma Scale score was E4V4M6, and his body temperature was 36.7°C on arrival. Physical examination showed significant facial and conjunctival pallor. Laboratory findings revealed anemia (Hb, 6.4 g/dL) and high blood urea nitrogen to creatinine ratio (62 mg/dL and 1.25 mg/dL, respectively). Given his symptoms of anemia and melena, upper gastrointestinal bleeding was suspected as the cause of hemorrhagic shock.
Transfusion with 2 units of red blood cells was initiated in the ED. An esophagogastroduodenoscopy (EGD) revealed a gastric ulcer with a visible vessel. The heat probe coagulation method was undertaken immediately to treat the visible vessel in the base of the gastric ulcer (Fig. ).
On day 6 and day 8 following his admission, the patient suffered massive hematemesis. He underwent a repeat EGD accordingly, the result of which was unremarkable. On day 11 after admission, he had recurrent massive hematemesis along with passing of black stools. He had no nasopharyngeal symptoms. His circulatory status was again compromised with blood pressure of 74/56 mmHg and heart rate of 124 b.p.m. Hb decreased from 8.9 to 7.6 g/dL, but no coagulopathy developed. He was intubated, and 6 units of red blood cells and 8 units of fresh frozen plasma were given. Esophagogastroduodenoscopy did not reveal any obvious source of bleeding in the upper gastrointestinal tract. However, fresh blood was incidentally noticed to be dripping from the pharynx into the esophagus and stomach. Posterior nasal bleeding was strongly suspected, and we carried out posterior nasal packing on both sides with Foley catheters. Transnasal endoscopy revealed nasal polyps with bleeding in the right superior nasal meatus. Endoscopic sinus surgery for cauterizing the bleeding sites was carried out (Fig. ). He developed a hemorrhage again and underwent endoscopic sinus surgery for radical treatment to the nasal polyps on day 16. The pathological diagnosis was “nasal polyp,” characterized by an infiltration of inflammatory cells including neutrophilic leukocytes, lymphocytes, and plasma cells, and epithelial metaplasia. It is important to note that, throughout his hospitalization, he did not have coagulopathy or thrombocytopenia.
The patient had an uneventful postoperative course during the rest of his hospital stay and was discharged on day 26.","- His blood pressure was 77/53 mmHg, with a heart rate of 90 b.p.m.
+ His blood pressure was 77/53 mmHg, with a heart rate of 104 b.p.m.","- His blood pressure was 77/53 mmHg, with a heart rate of 90 b.p.m.
+ His blood pressure was 77/53 mmHg, with a heart rate of 95 b.p.m.",,,,,
M010,2,C-S2-mcv-verdict-triplets-s4,mcv_test_00214_00_v_bilirubin,Child-Pugh Score for Cirrhosis Mortality,Bilirubin (Total),value,numeric,stated,flip,21.924,2.103,21.129,"Under the Child-Pugh Score for Cirrhosis Mortality, the item 'Bilirubin (Total)' scores 1 point for this patient.","Under the Child-Pugh Score for Cirrhosis Mortality, the item 'Bilirubin (Total)' scores 2 points for this patient.","{""base"": 1.6, ""flip"": 2.1, ""near"": 1.8}","The criteria for the Child-Pugh Score are listed below:

1. Bilirubin (Total): <2 mg/dL (<34.2 μmol/L) = +1 point, 2-3 mg/dL (34.2-51.3 μmol/L) = +2 points, >3 mg/dL (>51.3 μmol/L) = +3 points
2. Albumin: >3.5 g/dL (>35 g/L) = +1 point, 2.8-3.5 g/dL (28-35 g/L) = +2 points, <2.8 g/dL (<28 g/L) = +3 points
3. INR: <1.7 = +1 point, 1.7-2.3 = +2 points, >2.3 = +3 points
4. Ascites: Absent = +1 point, Slight = +2 points, Moderate = +3 points
5. Encephalopathy: No Encephalopathy = +1 point, Grade 1-2 = +2 points, Grade 3-4 = +3 points
(Grade 0: normal consciousness, personality, neurological examination, electroencephalogram
Grade 1: restless, sleep disturbed, irritable/agitated, tremor, impaired handwriting, 5 cps waves
Grade 2: lethargic, time-disoriented, inappropriate, asterixis, ataxia, slow triphasic waves
Grade 3: somnolent, stuporous, place-disoriented, hyperactive reflexes, rigidity, slower waves
Grade 4: unrousable coma, no personality/behavior, decerebrate, slow 2-3 cps delta activity)

The Child-Pugh Score is calculated by summing the points for each criterion.","A 42-year-old male patient presented with complaints of distension of abdomen, decreased urine output and edema of feet. He had a history of melena, paracentesis and upper GI endoscopy with banding of grade 3 varices. He had also history of type 2 diabetes mellitus. He was not alcoholic and his autoimmune antibody profile was negative. Twenty-four-hour urinary copper and serum ceruloplasmin were normal. Kayser Fleischer’s ring was not found on slit lamp examination. His lab findings on presentation included a total billirubin of 1.6 mg/dL (direct 1.0 mg/dL, indirect 0.6 mg/dL), alanine aminotransferase of 55 U/L, aspartate aminotransferase of 35 U/L, alkaline phosphatase of 120 U/L, international normalized ratio (INR) of 1.49, serum albumin of 2.8 g/dL, and a serum creatinine of 1.62 mg/dL. Once diagnosed having decompensated cryptogenic cirrhosis of liver, he was placed on liver transplant waiting list. He was on diuretic on presentation. He was initially managed with plasma expander and omission of diuretics. Creatinine rose above 2 mg/dL. His urinalysis showed no evidence of microscopic proteinuria or microalbuminuria. All other possible causes of renal failure were ruled out. He was thus diagnosed with HRS type 1. The patient did not respond to combination therapy with albumin and terlipressin and his serum creatinine increased to 5 mg/dL. He was placed on hemodialysis. The patient was kept on hemodialysis for 10 weeks when he received a liver from a cadaver donor. Donor was a 50-year-old brain-dead woman who died of MVA. At that time, considering patient’s renal dysfunction, CLKT was carried out. The patient was maintained on continuous renal replacement therapy during perioperative period. The inferior epigastric artery was preserved to avoid wound-related complications. Postoperatively, the patient did not require any kinds of renal support. After two years of follow-up, the patient was maintained well on tacrolimus, mycophenolate mofetil and steroid.","- His lab findings on presentation included a total billirubin of 1.6 mg/dL (direct 1.0 mg/dL, indirect 0.6 mg/dL), alanine aminotransferase of 55 U/L, aspartate aminotransferase of 35 U/L, alkaline phosphatase of 120 U/L, international normalized ratio (INR) of 1.49, serum albumin of 2.8 g/dL, and a serum creatinine of 1.62 mg/dL.
+ His lab findings on presentation included a total billirubin of 2.1 mg/dL (direct 1.0 mg/dL, indirect 0.6 mg/dL), alanine aminotransferase of 55 U/L, aspartate aminotransferase of 35 U/L, alkaline phosphatase of 120 U/L, international normalized ratio (INR) of 1.49, serum albumin of 2.8 g/dL, and a serum creatinine of 1.62 mg/dL.","- His lab findings on presentation included a total billirubin of 1.6 mg/dL (direct 1.0 mg/dL, indirect 0.6 mg/dL), alanine aminotransferase of 55 U/L, aspartate aminotransferase of 35 U/L, alkaline phosphatase of 120 U/L, international normalized ratio (INR) of 1.49, serum albumin of 2.8 g/dL, and a serum creatinine of 1.62 mg/dL.
+ His lab findings on presentation included a total billirubin of 1.8 mg/dL (direct 1.0 mg/dL, indirect 0.6 mg/dL), alanine aminotransferase of 55 U/L, aspartate aminotransferase of 35 U/L, alkaline phosphatase of 120 U/L, international normalized ratio (INR) of 1.49, serum albumin of 2.8 g/dL, and a serum creatinine of 1.62 mg/dL.",,,,,
M011,3,C-S2-mcv-verdict-triplets-s0,mcv_test_00541_03_v_diastolic_blood_pressure,CURB-65 Score for Pneumonia Severity,Systolic BP or Diastolic BP,value,numeric,stated,flip,27.371,19.762,25.415,"Under the CURB-65 Score for Pneumonia Severity, the item 'Systolic BP or Diastolic BP' scores 0 points for this patient.","Under the CURB-65 Score for Pneumonia Severity, the item 'Systolic BP or Diastolic BP' scores 1 point for this patient.","{""base"": 72.0, ""flip"": 57.0, ""near"": 66.0}","The CURB-65 Score criteria are listed below:

1. Confusion: No = 0 points, Yes = +1 point
2. BUN >19 mg/dL (>7 mmol/L urea): No = 0 points, Yes = +1 point
3. Respiratory Rate ≥30: No = 0 points, Yes = +1 point
4. Systolic BP <90 mmHg or Diastolic BP ≤60 mmHg: No = 0 points, Yes = +1 point
5. Age ≥65: No = 0 points, Yes = +1 point

The total CURB-65 score is calculated by summing the points for each criterion.","A 38-year-old female presents to the emergency department for cough. She reports that two days ago she developed a nonproductive cough with moderate shortness of breath. On review of systems, the patient also endorses chills and sweats as well as several episodes of diarrhea over the past three days. Her husband also reports that the patient seemed confused this morning when he spoke to her before he left for work. The patient’s past medical history is significant for diabetes mellitus type II for which she takes metformin and glipizide. She drinks 8-10 beers per week and has a 15 pack-year smoking history. She works as a sales manager at a local retail company. Her temperature is 102.6°F (39.2°C), blood pressure is 126/72 mmHg, pulse is 82/min, and respirations are 18/min. On physical exam, she is alert and oriented to person and place only. She has crackles bilaterally extending up to the mid-lung fields. Her abdomen is soft and non-distended without rebound or guarding. Laboratory testing is performed and reveals the following:

Serum:
Na+: 129 mEq/L
K+: 3.6 mEq/L
Cl-: 99 mEq/L
HCO3-: 17 mEq/L
Urea nitrogen: 16 mg/dL
Creatinine: 1.1 mg/dL

Leukocyte count: 16,300/mm^3
Hemoglobin: 13.2 g/dL
Mean corpuscular volume: 87 µm^3
Platelet count: 348,000/mm^3

A chest radiograph is performed and can be seen in Figure A.","- Her temperature is 102.6°F (39.2°C), blood pressure is 126/72 mmHg, pulse is 82/min, and respirations are 18/min.
+ Her temperature is 102.6°F (39.2°C), blood pressure is 126/57 mmHg, pulse is 82/min, and respirations are 18/min.","- Her temperature is 102.6°F (39.2°C), blood pressure is 126/72 mmHg, pulse is 82/min, and respirations are 18/min.
+ Her temperature is 102.6°F (39.2°C), blood pressure is 126/66 mmHg, pulse is 82/min, and respirations are 18/min.",,,,,
M012,4,C-S2-mcv-verdict-triplets-s1,mcv_test_00411_03_v_heart_rate_or_pulse,Glasgow-Blatchford Bleeding Score (GBS),Pulse,value,numeric,stated,"base, near",-8.541,-11.999,-7.569,"Under the Glasgow-Blatchford Bleeding Score (GBS), the item 'Pulse' scores 0 points for this patient.","Under the Glasgow-Blatchford Bleeding Score (GBS), the item 'Pulse' scores 1 point for this patient.","{""base"": 90, ""flip"": 104, ""near"": 95}","The criteria for the Glasgow-Blatchford Score are listed below:

1. BUN (mg/dL): <18.2 = 0 points, 18.2-22.3 = +2 points, 22.4-28 = +3 points, 28-70 = +4 points, >70 = +6 points
2. Hemoglobin (g/dL) for men: >=13 = 0 points, <=12-13 = +1 point, <=10-12 = +3 points, <10 = +6 points
3. Hemoglobin (g/dL) for women: >=12 = 0 points, <=10-12 = +1 point, <10 = +6 points
4. Systolic blood pressure (mm Hg): ≥110 = 0 points, 100-109 = +1 point, 90-99 = +2 points, <90 = +3 points
5. Pulse ≥100 (per minute): No = 0 points, Yes = +1 point
6. Melena present: No = 0 points, Yes = +1 point
7. Recent syncope: No = 0 points, Yes = +2 points
8. Hepatic disease history: No = 0 points, Yes = +2 points
9. Cardiac failure present: No = 0 points, Yes = +2 points

The total Glasgow-Blatchford Score is calculated by summing the points for each criterion.","A 78-year-old man presented to our emergency department (ED) with a complaint of melena for 2 days. He had a medical history of cerebral infarction, which had been treated with 100 mg/day aspirin, hypertension, and duodenal ulcer. He stopped taking aspirin on the day before arrival at our ED. His blood pressure was 77/53 mmHg, with a heart rate of 90 b.p.m. and a respiratory rate of 18 breaths/min. The Glasgow Coma Scale score was E4V4M6, and his body temperature was 36.7°C on arrival. Physical examination showed significant facial and conjunctival pallor. Laboratory findings revealed anemia (Hb, 6.4 g/dL) and high blood urea nitrogen to creatinine ratio (62 mg/dL and 1.25 mg/dL, respectively). Given his symptoms of anemia and melena, upper gastrointestinal bleeding was suspected as the cause of hemorrhagic shock.
Transfusion with 2 units of red blood cells was initiated in the ED. An esophagogastroduodenoscopy (EGD) revealed a gastric ulcer with a visible vessel. The heat probe coagulation method was undertaken immediately to treat the visible vessel in the base of the gastric ulcer (Fig. ).
On day 6 and day 8 following his admission, the patient suffered massive hematemesis. He underwent a repeat EGD accordingly, the result of which was unremarkable. On day 11 after admission, he had recurrent massive hematemesis along with passing of black stools. He had no nasopharyngeal symptoms. His circulatory status was again compromised with blood pressure of 74/56 mmHg and heart rate of 124 b.p.m. Hb decreased from 8.9 to 7.6 g/dL, but no coagulopathy developed. He was intubated, and 6 units of red blood cells and 8 units of fresh frozen plasma were given. Esophagogastroduodenoscopy did not reveal any obvious source of bleeding in the upper gastrointestinal tract. However, fresh blood was incidentally noticed to be dripping from the pharynx into the esophagus and stomach. Posterior nasal bleeding was strongly suspected, and we carried out posterior nasal packing on both sides with Foley catheters. Transnasal endoscopy revealed nasal polyps with bleeding in the right superior nasal meatus. Endoscopic sinus surgery for cauterizing the bleeding sites was carried out (Fig. ). He developed a hemorrhage again and underwent endoscopic sinus surgery for radical treatment to the nasal polyps on day 16. The pathological diagnosis was “nasal polyp,” characterized by an infiltration of inflammatory cells including neutrophilic leukocytes, lymphocytes, and plasma cells, and epithelial metaplasia. It is important to note that, throughout his hospitalization, he did not have coagulopathy or thrombocytopenia.
The patient had an uneventful postoperative course during the rest of his hospital stay and was discharged on day 26.","- His blood pressure was 77/53 mmHg, with a heart rate of 90 b.p.m.
+ His blood pressure was 77/53 mmHg, with a heart rate of 104 b.p.m.","- His blood pressure was 77/53 mmHg, with a heart rate of 90 b.p.m.
+ His blood pressure was 77/53 mmHg, with a heart rate of 95 b.p.m.",,,,,
M013,1,C-S2-mcv-verdict-triplets-s2,mcv_test_00411_03_v_heart_rate_or_pulse,Glasgow-Blatchford Bleeding Score (GBS),Pulse,value,numeric,stated,"base, near",-4.624,-8.351,-3.625,"Under the Glasgow-Blatchford Bleeding Score (GBS), the item 'Pulse' scores 0 points for this patient.","Under the Glasgow-Blatchford Bleeding Score (GBS), the item 'Pulse' scores 1 point for this patient.","{""base"": 90, ""flip"": 104, ""near"": 95}","The criteria for the Glasgow-Blatchford Score are listed below:

1. BUN (mg/dL): <18.2 = 0 points, 18.2-22.3 = +2 points, 22.4-28 = +3 points, 28-70 = +4 points, >70 = +6 points
2. Hemoglobin (g/dL) for men: >=13 = 0 points, <=12-13 = +1 point, <=10-12 = +3 points, <10 = +6 points
3. Hemoglobin (g/dL) for women: >=12 = 0 points, <=10-12 = +1 point, <10 = +6 points
4. Systolic blood pressure (mm Hg): ≥110 = 0 points, 100-109 = +1 point, 90-99 = +2 points, <90 = +3 points
5. Pulse ≥100 (per minute): No = 0 points, Yes = +1 point
6. Melena present: No = 0 points, Yes = +1 point
7. Recent syncope: No = 0 points, Yes = +2 points
8. Hepatic disease history: No = 0 points, Yes = +2 points
9. Cardiac failure present: No = 0 points, Yes = +2 points

The total Glasgow-Blatchford Score is calculated by summing the points for each criterion.","A 78-year-old man presented to our emergency department (ED) with a complaint of melena for 2 days. He had a medical history of cerebral infarction, which had been treated with 100 mg/day aspirin, hypertension, and duodenal ulcer. He stopped taking aspirin on the day before arrival at our ED. His blood pressure was 77/53 mmHg, with a heart rate of 90 b.p.m. and a respiratory rate of 18 breaths/min. The Glasgow Coma Scale score was E4V4M6, and his body temperature was 36.7°C on arrival. Physical examination showed significant facial and conjunctival pallor. Laboratory findings revealed anemia (Hb, 6.4 g/dL) and high blood urea nitrogen to creatinine ratio (62 mg/dL and 1.25 mg/dL, respectively). Given his symptoms of anemia and melena, upper gastrointestinal bleeding was suspected as the cause of hemorrhagic shock.
Transfusion with 2 units of red blood cells was initiated in the ED. An esophagogastroduodenoscopy (EGD) revealed a gastric ulcer with a visible vessel. The heat probe coagulation method was undertaken immediately to treat the visible vessel in the base of the gastric ulcer (Fig. ).
On day 6 and day 8 following his admission, the patient suffered massive hematemesis. He underwent a repeat EGD accordingly, the result of which was unremarkable. On day 11 after admission, he had recurrent massive hematemesis along with passing of black stools. He had no nasopharyngeal symptoms. His circulatory status was again compromised with blood pressure of 74/56 mmHg and heart rate of 124 b.p.m. Hb decreased from 8.9 to 7.6 g/dL, but no coagulopathy developed. He was intubated, and 6 units of red blood cells and 8 units of fresh frozen plasma were given. Esophagogastroduodenoscopy did not reveal any obvious source of bleeding in the upper gastrointestinal tract. However, fresh blood was incidentally noticed to be dripping from the pharynx into the esophagus and stomach. Posterior nasal bleeding was strongly suspected, and we carried out posterior nasal packing on both sides with Foley catheters. Transnasal endoscopy revealed nasal polyps with bleeding in the right superior nasal meatus. Endoscopic sinus surgery for cauterizing the bleeding sites was carried out (Fig. ). He developed a hemorrhage again and underwent endoscopic sinus surgery for radical treatment to the nasal polyps on day 16. The pathological diagnosis was “nasal polyp,” characterized by an infiltration of inflammatory cells including neutrophilic leukocytes, lymphocytes, and plasma cells, and epithelial metaplasia. It is important to note that, throughout his hospitalization, he did not have coagulopathy or thrombocytopenia.
The patient had an uneventful postoperative course during the rest of his hospital stay and was discharged on day 26.","- His blood pressure was 77/53 mmHg, with a heart rate of 90 b.p.m.
+ His blood pressure was 77/53 mmHg, with a heart rate of 104 b.p.m.","- His blood pressure was 77/53 mmHg, with a heart rate of 90 b.p.m.
+ His blood pressure was 77/53 mmHg, with a heart rate of 95 b.p.m.",,,,,
M014,2,C-S2-mcv-verdict-triplets-s3,mcv_test_00130_02_v_heart_rate_or_pulse,Wells' Criteria for Pulmonary Embolism,Heart rate,value,numeric,stated,"base, near",-16.916,-21.78,-18.262,"Under the Wells' Criteria for Pulmonary Embolism, the item 'Heart rate' scores 0 points for this patient.","Under the Wells' Criteria for Pulmonary Embolism, the item 'Heart rate' scores 1.5 points for this patient.","{""base"": 96.0, ""flip"": 103.0, ""near"": 98.0}","The criteria for the Wells' Criteria for Pulmonary Embolism score are listed below:

1. Clinical signs and symptoms of DVT: No = 0 points, Yes = +3 points
2. PE is #1 diagnosis OR equally likely: No = 0 points, Yes = +3 points
3. Heart rate > 100: No = 0 points, Yes = +1.5 points
4. Immobilization at least 3 days OR surgery in the previous 4 weeks: No = 0 points, Yes = +1.5 points
5. Previous, objectively diagnosed PE or DVT: No = 0 points, Yes = +1.5 points
6. Hemoptysis: No = 0 points, Yes = +1 point
7. Malignancy with treatment within 6 months or palliative: No = 0 points, Yes = +1 point

The total score is calculated by summing the points for each criterion.","A 34-year-old male patient was admitted with complaints of cough and fever for 2 weeks. He had history of similar complaints in the past in the form of frequent episodes of cough with expectoration for which he was hospitalized and treated with intravenous (IV) antibiotics. He had no history of dyspnea, chest pain or pedal edema. General physical examination was unremarkable except for grade I clubbing. Clinical examination revealed blood pressure of 118/84 mm Hg in right upper limb in supine position with pulse rate of 96/min, regular, normal volume with a normal character with no radio-radial or radio-femoral delay and all peripheral pulses equally palpable. The jugular venous pressure was raised 2 cm above the angle of Louis with a prominent c-v pattern. The apical impulse was in the fifth intercostals space medial to the midclavicular line. The S1 was normal, and S2 was narrowly split with loud P2 component. There was pan-systolic murmur along the left lower sternal border radiating all over the precordium. On systemic examination, respiratory system showed barrel-shaped chest with anteroposterior and transverse diameter ratio of 1, widely spaced ribs and increased resonance to percussion, and breath sounds decreased in intensity symmetrically with prolonged expiration. Rest of the examination was normal. On investigations, total leukocytes were 14,200/mm3, polymorphs 72%, lymphocytes 22%, monocytes 4%, eosinophils 2%, hemoglobin 15.1 g%, platelets 211,000/mm3, ESR 14 mm first h and fasting blood sugar was 98 mg%. Blood culture was negative for any growth. Sputum culture showed streptococcus pneumonia sensitive to amoxicillin, and patient was treated accordingly. On chest radiography, there were bronchiectatic changes. Electrocardiogram showed normal sinus rhythm with heart rate of 102 and right axis deviation. In lead II, III and aVF, P-wave was tall and peaked with maximum P-wave amplitude > 7 mm and larger than QRS complex in lead II (). P-wave axis was +82°. This was referred as Himalayan P-waves suggestive of right atrial enlargement. Precordial leads showed slow R-wave progression with right ventricular strain pattern (). The 2D transthoracic echocardiography revealed enlarged right atrium and right ventricle with severe tricuspid regurgitation, pulmonary arterial hypertension and preserved ejection fraction. So these findings were consistent with sequelae of COPD. The findings of bronchiectasis were confirmed on HRCT chest as evident by cystic bronchiectasis with bronchial wall thickening and mucous plugging (). The bronchial dilation was also seen, lack of bronchial tapering and visibility of airways within 1 cm of the pleural surface, i.e., abutting the mediastinal pleural surface ().","- Clinical examination revealed blood pressure of 118/84 mm Hg in right upper limb in supine position with pulse rate of 96/min, regular, normal volume with a normal character with no radio-radial or radio-femoral delay and all peripheral pulses equally palpable.
+ Clinical examination revealed blood pressure of 118/84 mm Hg in right upper limb in supine position with pulse rate of 103/min, regular, normal volume with a normal character with no radio-radial or radio-femoral delay and all peripheral pulses equally palpable.","- Clinical examination revealed blood pressure of 118/84 mm Hg in right upper limb in supine position with pulse rate of 96/min, regular, normal volume with a normal character with no radio-radial or radio-femoral delay and all peripheral pulses equally palpable.
+ Clinical examination revealed blood pressure of 118/84 mm Hg in right upper limb in supine position with pulse rate of 98/min, regular, normal volume with a normal character with no radio-radial or radio-femoral delay and all peripheral pulses equally palpable.",,,,,
M015,3,C-S2-mcv-verdict-triplets-s4,mcv_test_00211_02_v_international_normalized_ratio,Child-Pugh Score for Cirrhosis Mortality,INR,value,numeric,stated,flip,25.663,8.398,25.174,"Under the Child-Pugh Score for Cirrhosis Mortality, the item 'INR' scores 1 point for this patient.","Under the Child-Pugh Score for Cirrhosis Mortality, the item 'INR' scores 2 points for this patient.","{""base"": 1.1, ""flip"": 1.8, ""near"": 1.4}","The criteria for the Child-Pugh Score are listed below:

1. Bilirubin (Total): <2 mg/dL (<34.2 μmol/L) = +1 point, 2-3 mg/dL (34.2-51.3 μmol/L) = +2 points, >3 mg/dL (>51.3 μmol/L) = +3 points
2. Albumin: >3.5 g/dL (>35 g/L) = +1 point, 2.8-3.5 g/dL (28-35 g/L) = +2 points, <2.8 g/dL (<28 g/L) = +3 points
3. INR: <1.7 = +1 point, 1.7-2.3 = +2 points, >2.3 = +3 points
4. Ascites: Absent = +1 point, Slight = +2 points, Moderate = +3 points
5. Encephalopathy: No Encephalopathy = +1 point, Grade 1-2 = +2 points, Grade 3-4 = +3 points
(Grade 0: normal consciousness, personality, neurological examination, electroencephalogram
Grade 1: restless, sleep disturbed, irritable/agitated, tremor, impaired handwriting, 5 cps waves
Grade 2: lethargic, time-disoriented, inappropriate, asterixis, ataxia, slow triphasic waves
Grade 3: somnolent, stuporous, place-disoriented, hyperactive reflexes, rigidity, slower waves
Grade 4: unrousable coma, no personality/behavior, decerebrate, slow 2-3 cps delta activity)

The Child-Pugh Score is calculated by summing the points for each criterion.","A 62-year-old man with alcoholic cirrhosis visited outpatient clinic for unexplained weight loss. He had a good performance status (grade 0). Laboratory tests showed serum albumin level of 5.3 g/dL, bilirubin level of 1.3 mg/dL, and prothrombin time international normalized ratio of 1.1. Neither ascites nor hepatic encephalopathy was found. Serologic markers for hepatitis B and C were negative. Serum α-fetoprotein level was 311.7 ng/mL, and PIVKA-II level was over 2,000 mAU/mL. Other laboratory findings including tumor markers and thyroid function tests were within normal limits. About a 5 cm sized ovoid enhancing mass in arterial phase involving the caudate lobe with underlying cirrhotic configuration of the liver was shown on the dynamic computed tomography (CT) and magnetic resonance imaging (MRI) (, respectively). There was no vascular invasion and no intraabdominal lymphadenopathy. On positron emission tomography-CT, maximum standardized uptake value for the mass was 6.3 without evidence of distant metastasis. Overall, early stage of HCC was assigned according to the Barcelona-Clinic-Liver-Cancer (BCLC) HCC staging system.
Surgical resection was recommended for the treatment of the HCC, however, he refused the surgical treatment. TACE using DEB was performed after obtaining written informed consent for the procedure. During the first TACE session, hepatic angiogram revealed a definite hypervascular mass supplied by a small branch of the left hepatic artery without apparent arteriovenous shunt (). After positioning the microcatheter tip at the left hepatic artery close to the tumor-feeding branch, a mixture of DEB (DC Bead®, 1 vial of 300~500 µm diameter, Biocompatibles, UK) loaded with doxorubicin (50 mg) and contrast agent was infused until the flow through the tumor-feeding artery was slowed down. After the infusion, angiogram showed occluded tumor-feeding branch and no tumor staining ().
He had no serious adverse event after embolization except mild abdominal pain that was controlled with oral analgesic (tramadol 50 mg per os tid). One-month post-embolization CT () and six-month post-embolization MRI () showed complete necrosis without viable portions. Follow-up α-fetoprotein level was 3.89 ng/mL, and PIVKA-II level was 21 mAU/mL. This patient remains in good health without cancer recurrence 6 months after the procedure.","- Laboratory tests showed serum albumin level of 5.3 g/dL, bilirubin level of 1.3 mg/dL, and prothrombin time international normalized ratio of 1.1.
+ Laboratory tests showed serum albumin level of 5.3 g/dL, bilirubin level of 1.3 mg/dL, and prothrombin time international normalized ratio of 1.8.","- Laboratory tests showed serum albumin level of 5.3 g/dL, bilirubin level of 1.3 mg/dL, and prothrombin time international normalized ratio of 1.1.
+ Laboratory tests showed serum albumin level of 5.3 g/dL, bilirubin level of 1.3 mg/dL, and prothrombin time international normalized ratio of 1.4.",,,,,
M016,4,C-S2-mcv-verdict-triplets-s0,mcv_test_00647_01_v_heart_rate_or_pulse,SIRS Criteria,Heart rate,value,numeric,stated,flip,20.125,11.085,20.176,"Under the SIRS Criteria, the item 'Heart rate' scores 1 point for this patient.","Under the SIRS Criteria, the item 'Heart rate' scores 0 points for this patient.","{""base"": 125.0, ""flip"": 86.0, ""near"": 108.0}","The rules for SIRS Criteria are listed below:

1. Temperature >38°C (100.4°F) or <36°C (96.8°F): No = 0 points, Yes = +1 point
2. Heart rate >90: No = 0 points, Yes = +1 point
3. Respiratory rate >20 or PaCO₂ <32 mm Hg: No = 0 points, Yes = +1 point
4. White blood cell count (WBC) >12,000/mm³, <4,000/mm³: No = 0 points, Yes = +1 point

The total number of criteria met is taken by summing the score for each criteria.","Twenty-year-old male presented with an influenza-like illness (LI) with fever, cough, wheezing, shortness of breath, and myalgias. His symptoms began 3 days prior to hospitalization, and he visited an Urgent Care Center and was started on amoxicillin. On admission, his temperature was 38 °C (101.8 °F), pulse was 125/min, and respiratory rate was 22/min. Physical exam was unremarkable except for wheezing and conjunctival suffusion. His white blood cell (WBC) count was 5.7 K/mm3 (81% PMNs, 8% lymphocytes, 11% monocytes) and platelet count was 158 K/µL (n > 160 K/mm3). Serum transaminases and alkaline phosphatase were normal. His C-reactive protein (CRP) was 110 mg/L (n < 3 mg/L) and procalcitonin (PCT) was 0.12 mg/mL (n < 0.5 mg/mL). CXR showed a right middle lobe infiltrate thought to represent a bacterial CAP, and the patient was empirically started on ceftriaxone. Respiratory viral PCR (Film Array) was positive for adenovirus. Moxifloxacin was started on hospital day (HD) #3. He was transferred to the medical intensive care unit (ICU), and his temperature was 102.6 °F, pulse was 116/min, respiratory rate was 30/min, and oxygen saturation was 92% on oxygen at 4 L/min. Repeat CXR showed worsening pneumonia, involving right middle and lower lobes. Multiple sputum and blood cultures—obtained prior to antibiotic therapy—were negative. Empiric antibiotics were changed to meropenem, vancomycin, and levofloxacin for presumed bacterial co-infection.
On HD #4, fevers continued, and he was intubated. WBC count remained normal at 6.2 K/mm3. His erythrocyte sedimentation rate (ESR) was 35 mm/h, CRP was 92 mg/L, and his PCT was 0.08 mg/mL (n < 0.5 mg/mL). Cold agglutinin titer was negative. Legionella sp. antibody and urine antigen were negative. Sputum and nasopharyngeal viral cultures were both positive for adenovirus. Repeat respiratory PCR remained positive for adenovirus, and his adenovirus titer was elevated at 1:128 (n ≤ 1:8). A dose of cidofovir was given. Since the fevers were clearly due to adenoviral pneumonia, multiple empiric antibiotics had no effect on his fevers. Accordingly, the infectious disease consultant repeatedly recommended discontinuing antibiotics for “presumed bacterial coinfection”. However, meropenem, levofloxacin, and vancomycin were continued for “possible bacterial co-infection” because the patient remained febrile ().
He was extubated on HD #8, but his 102 °F fevers continued. Repeat PCT was again unremarkable at 0.17 mg/mL (<0.5 mg/mL). CXR showed much improved right lung infiltrates, and by HD #12 he became afebrile and his CXR infiltrates had resolved. The eventual resolution of his severe adenoviral CAP should not be ascribed to a single dose of cidofovir.","- On admission, his temperature was 38 °C (101.8 °F), pulse was 125/min, and respiratory rate was 22/min.
+ On admission, his temperature was 38 °C (101.8 °F), pulse was 86/min, and respiratory rate was 22/min.","- On admission, his temperature was 38 °C (101.8 °F), pulse was 125/min, and respiratory rate was 22/min.
+ On admission, his temperature was 38 °C (101.8 °F), pulse was 108/min, and respiratory rate was 22/min.",,,,,
M017,1,C-S2-mcv-verdict-triplets-s1,mcv_test_00409_03_v_heart_rate_or_pulse,Glasgow-Blatchford Bleeding Score (GBS),Pulse,value,numeric,stated,"base, near",-22.541,-19.996,-16.882,"Under the Glasgow-Blatchford Bleeding Score (GBS), the item 'Pulse' scores 0 points for this patient.","Under the Glasgow-Blatchford Bleeding Score (GBS), the item 'Pulse' scores 1 point for this patient.","{""base"": 92, ""flip"": 103, ""near"": 96}","The criteria for the Glasgow-Blatchford Score are listed below:

1. BUN (mg/dL): <18.2 = 0 points, 18.2-22.3 = +2 points, 22.4-28 = +3 points, 28-70 = +4 points, >70 = +6 points
2. Hemoglobin (g/dL) for men: >=13 = 0 points, <=12-13 = +1 point, <=10-12 = +3 points, <10 = +6 points
3. Hemoglobin (g/dL) for women: >=12 = 0 points, <=10-12 = +1 point, <10 = +6 points
4. Systolic blood pressure (mm Hg): ≥110 = 0 points, 100-109 = +1 point, 90-99 = +2 points, <90 = +3 points
5. Pulse ≥100 (per minute): No = 0 points, Yes = +1 point
6. Melena present: No = 0 points, Yes = +1 point
7. Recent syncope: No = 0 points, Yes = +2 points
8. Hepatic disease history: No = 0 points, Yes = +2 points
9. Cardiac failure present: No = 0 points, Yes = +2 points

The total Glasgow-Blatchford Score is calculated by summing the points for each criterion.","A 58-year-old woman comes to the emergency department because of a 2-day history of worsening upper abdominal pain. She reports nausea and vomiting, and is unable to tolerate oral intake. She appears uncomfortable. Her temperature is 38.1°C (100.6°F), pulse is 92/min, respirations are 18/min, and blood pressure is 132/85 mm Hg. Examination shows yellowish discoloration of her sclera. Her abdomen is tender in the right upper quadrant. There is no abdominal distention or organomegaly. Laboratory studies show:
Hemoglobin 13 g/dL
Leukocyte count 16,000/mm3
Serum
Urea nitrogen
25 mg/dL
Creatinine 2 mg/dL
Alkaline phosphatase 432 U/L
Alanine aminotransferase 196 U/L
Aspartate transaminase 207 U/L
Bilirubin
Total 3.8 mg/dL
Direct 2.7 mg/dL
Lipase 82 U/L (N = 14–280)
Ultrasound of the right upper quadrant shows dilated intrahepatic and extrahepatic bile ducts and multiple hyperechoic spheres within the gallbladder. The pancreas is not well visualized. Intravenous fluid resuscitation and antibiotic therapy with ceftriaxone and metronidazole is begun. Twelve hours later, the patient appears acutely ill and is not oriented to time. Her temperature is 39.1°C (102.4°F), pulse is 105/min, respirations are 22/min, and blood pressure is 112/82 mm Hg.","- Her temperature is 38.1°C (100.6°F), pulse is 92/min, respirations are 18/min, and blood pressure is 132/85 mm Hg.
+ Her temperature is 38.1°C (100.6°F), pulse is 103/min, respirations are 18/min, and blood pressure is 132/85 mm Hg.","- Her temperature is 38.1°C (100.6°F), pulse is 92/min, respirations are 18/min, and blood pressure is 132/85 mm Hg.
+ Her temperature is 38.1°C (100.6°F), pulse is 96/min, respirations are 18/min, and blood pressure is 132/85 mm Hg.",,,,,
M018,2,C-S2-mcv-verdict-triplets-s2,mcv_test_00202_00_v_bilirubin,Child-Pugh Score for Cirrhosis Mortality,Bilirubin (Total),value,numeric,stated,"base, near",-1.514,-1.718,-0.949,"Under the Child-Pugh Score for Cirrhosis Mortality, the item 'Bilirubin (Total)' scores 3 points for this patient.","Under the Child-Pugh Score for Cirrhosis Mortality, the item 'Bilirubin (Total)' scores 2 points for this patient.","{""base"": 4.3, ""flip"": 2.8, ""near"": 3.7}","The criteria for the Child-Pugh Score are listed below:

1. Bilirubin (Total): <2 mg/dL (<34.2 μmol/L) = +1 point, 2-3 mg/dL (34.2-51.3 μmol/L) = +2 points, >3 mg/dL (>51.3 μmol/L) = +3 points
2. Albumin: >3.5 g/dL (>35 g/L) = +1 point, 2.8-3.5 g/dL (28-35 g/L) = +2 points, <2.8 g/dL (<28 g/L) = +3 points
3. INR: <1.7 = +1 point, 1.7-2.3 = +2 points, >2.3 = +3 points
4. Ascites: Absent = +1 point, Slight = +2 points, Moderate = +3 points
5. Encephalopathy: No Encephalopathy = +1 point, Grade 1-2 = +2 points, Grade 3-4 = +3 points
(Grade 0: normal consciousness, personality, neurological examination, electroencephalogram
Grade 1: restless, sleep disturbed, irritable/agitated, tremor, impaired handwriting, 5 cps waves
Grade 2: lethargic, time-disoriented, inappropriate, asterixis, ataxia, slow triphasic waves
Grade 3: somnolent, stuporous, place-disoriented, hyperactive reflexes, rigidity, slower waves
Grade 4: unrousable coma, no personality/behavior, decerebrate, slow 2-3 cps delta activity)

The Child-Pugh Score is calculated by summing the points for each criterion.","A 70-year-old Mongolian man was referred to our hospital suffering from high-grade fever and chills. He had a past medical history of esophageal varices rupture 20 years before. Since then, he had visited our hospital for alcoholic liver cirrhosis and diabetes mellitus. He received a treatment for ascites caused by liver cirrhosis. Urinary diuresis was not effective because of low Na level and dehydration. As liver function was relatively suppressed, he underwent Denver shunt implantation 9 months before presentation. After the operation of Denver shunt implantation, ascites rapidly disappeared. Diabetes mellitus was controlled well (HbA1c 6.3%) by a oral hypoglycemic agent (glimepiride 3 mg/day).
This time, he developed high-grade fever with chills and without gastrointestinal symptoms. His body temperature was 38.5°C, but he was hemodynamically stable with normal mental status. Initial laboratory results were as follows: white blood cell count 7,700/μl, hemoglobin 12.9 g/dl, platelets 5.6 × 104/μl PT-INR 1.43, CRP 5.0 mg/dl, aspartate aminotransferase (AST) 349 IU/l, alanine aminotransferase (ALT) 353 IU/l, alkaline phosphatase (ALP) 522 IU/l, gamma-glutamyl transferase (GGT) 104 IU/l, total bilirubin (T-bil) 4.3 mg/dl and albumin 4.1 g/dl. Abdominal ultrasonography (US) showed multiple small low-echoic lesions in the right lobe of the liver (fig. ). These findings were further confirmed by abdominal enhanced computed tomography (CT) that showed peripheral enhancement with central hypodense multiple small lesions in the right lobe of the liver with no ascites (fig. ). After admission to our hospital, he underwent echocardiography, chest CT, esophagogastroduodenoscopy and colonoscopy, however, no other sources of infection could be detected. Blood culture was negative and anti-amebic antibody was also negative. He was treated for pyogenic liver abscesses with sulbactam/cefoperazone for 2 weeks and subsequently changed to levofloxacin for 2 months. The liver abscesses disappeared after the antibiotic treatment and liver function normalized to original levels (AST 44 IU/l, ALT 37 IU/l, ALP 336 IU/l, GGT 85 IU/l and T-bil 0.9 mg/dl). However, 3 months later, he suffered from high-grade fever with chills and no other symptoms. Laboratory results were as follows: white blood cell count 7,400/μl, platelets 4.6 × 104/μl, CRP 9.2 mg/dl, AST 933 IU/l, ALT 1,202 IU/l, ALP 870 IU/l, GGT 93 IU/l and T-bil 4.0 mg/dl. Abdominal enhanced CT showed multiple small lesions in both lobes of the liver (fig. 2). Blood culture was negative. Sulbactam/cefoperazone had no effects. Meropenem was administered for 2 weeks, followed by levofloxacin for 2 months, and liver function rapidly normalized to original levels (AST 43 IU/l, ALT 30 IU/l, ALP 435 IU/l, GGT 87 IU/l and T-bil 1.8 mg/dl). After the levofloxacin treatment, the disappearance of liver abscess was confirmed (fig. ). We started selective intestinal decontamination by administering kanamycin (2 g/day) to prevent the occurrence of abdominal infection. Since then, he has had no recurrence of liver abscess for over a year.","- Initial laboratory results were as follows: white blood cell count 7,700/μl, hemoglobin 12.9 g/dl, platelets 5.6 × 104/μl PT-INR 1.43, CRP 5.0 mg/dl, aspartate aminotransferase (AST) 349 IU/l, alanine aminotransferase (ALT) 353 IU/l, alkaline phosphatase (ALP) 522 IU/l, gamma-glutamyl transferase (GGT) 104 IU/l, total bilirubin (T-bil) 4.3 mg/dl and albumin 4.1 g/dl.
+ Initial laboratory results were as follows: white blood cell count 7,700/μl, hemoglobin 12.9 g/dl, platelets 5.6 × 104/μl PT-INR 1.43, CRP 5.0 mg/dl, aspartate aminotransferase (AST) 349 IU/l, alanine aminotransferase (ALT) 353 IU/l, alkaline phosphatase (ALP) 522 IU/l, gamma-glutamyl transferase (GGT) 104 IU/l, total bilirubin (T-bil) 2.8 mg/dl and albumin 4.1 g/dl.","- Initial laboratory results were as follows: white blood cell count 7,700/μl, hemoglobin 12.9 g/dl, platelets 5.6 × 104/μl PT-INR 1.43, CRP 5.0 mg/dl, aspartate aminotransferase (AST) 349 IU/l, alanine aminotransferase (ALT) 353 IU/l, alkaline phosphatase (ALP) 522 IU/l, gamma-glutamyl transferase (GGT) 104 IU/l, total bilirubin (T-bil) 4.3 mg/dl and albumin 4.1 g/dl.
+ Initial laboratory results were as follows: white blood cell count 7,700/μl, hemoglobin 12.9 g/dl, platelets 5.6 × 104/μl PT-INR 1.43, CRP 5.0 mg/dl, aspartate aminotransferase (AST) 349 IU/l, alanine aminotransferase (ALT) 353 IU/l, alkaline phosphatase (ALP) 522 IU/l, gamma-glutamyl transferase (GGT) 104 IU/l, total bilirubin (T-bil) 3.7 mg/dl and albumin 4.1 g/dl.",,,,,
M019,3,C-S2-mcv-verdict-triplets-s3,mcv_test_00653_00_v_temperature,SIRS Criteria,Temperature,value,numeric,stated,flip,22.258,4.218,22.317,"Under the SIRS Criteria, the item 'Temperature' scores 1 point for this patient.","Under the SIRS Criteria, the item 'Temperature' scores 0 points for this patient.","{""base"": 102.6, ""flip"": 99.4, ""near"": 101.5}","The rules for SIRS Criteria are listed below:

1. Temperature >38°C (100.4°F) or <36°C (96.8°F): No = 0 points, Yes = +1 point
2. Heart rate >90: No = 0 points, Yes = +1 point
3. Respiratory rate >20 or PaCO₂ <32 mm Hg: No = 0 points, Yes = +1 point
4. White blood cell count (WBC) >12,000/mm³, <4,000/mm³: No = 0 points, Yes = +1 point

The total number of criteria met is taken by summing the score for each criteria.","A 78-year-old African-American female presented to the hospital with complaints of worsening right elbow pain and swelling for six months. She described the pain as a dull ache that worsened with movement and, over time, was unable to fully move the arm. She denied any history of trauma or any other joint involvement. She had a past medical history of stage IIIC ovarian Mullerian tumor with peritoneal carcinomatosis, requiring abdominal hysterectomy with bilateral salpingo-oophorectomy and neoadjuvant chemotherapy with paclitaxel and carboplatin, which was completed two years ago. She was born in the United States and was a retired accountant. She denied any travel outside the country or exposure to TB cases in the United States. Her medications included meloxicam and alendronate.
On initial presentation, her vitals were significant for a temperature of 102.6 F, a respiratory rate of 22 breaths/minute, a pulse rate of 87/minute, and blood pressure of 124/66 mm Hg. The physical examination was remarkable for right elbow erythema, swelling, effusion, and tenderness to palpation. Her range of motion was restricted to only five degrees of flexion and extension at the right elbow joint. The laboratory evaluation revealed leukocytosis of 12.3 x 103/µL, a uric acid level of 7.1 mg/dL, a C-reactive protein of 115 mg/L, and an erythrocyte sedimentation rate of 104 mm/h. An X-ray and computed tomography (CT) of the elbow joint demonstrated bony erosive changes, joint space narrowing, and large effusion in the elbow joint. Magnetic resonance imaging (MRI) of the elbow joint revealed large joint effusion, synovitis, and osteomyelitis of the surrounding bones (Figure ). Blood cultures were drawn and the patient was started on intravenous vancomycin and piperacillin-tazobactam for presumptive pyogenic septic arthritis. She underwent incision and drainage of the right elbow after an unsuccessful attempt at arthrocentesis. Preliminary blood and surgical cultures were negative for bacterial growth. She was discharged home with empiric intravenous antibiotic therapy for six weeks, home wound care, and occupational therapy.
The patient’s symptoms initially improved but about three weeks later, she returned to the hospital with worsening right elbow pain and swelling. Acid-fast bacillus (AFB) cultures sent at the time of initial incision and drainage became positive for acid-fast bacilli (Figure ), and her antibiotics were switched to azithromycin, meropenem, and doxycycline to cover for atypical mycobacteria. A deoxyribonucleic acid (DNA) probe of the acid-fast bacilli was positive for Mycobacterium tuberculosis (MTB), and the patient was started on four-drug anti-tuberculosis therapy, including rifampin, ethambutol, isoniazid, and pyrazinamide with pyridoxine. Final culture results confirmed the presence of the Mycobacterium tuberculosis complex and susceptibilities revealed a non-resistant MTB strain. She was then evaluated for disseminated disease with a CT chest, abdomen, and pelvis. Her CT chest results were remarkable for multiple left, upper lobe nodules and left lower lobe air-space consolidation (Figure ). The patient denied ever having any symptoms of cough, shortness of breath, hemoptysis, and weight loss. She did report having night sweats and chronic fatigue. Bronchoscopy was performed and bronchoalveolar lavage fluid cultures were positive for MTB. She was diagnosed with active TB of the lungs and the elbow joint, possibly as a reactivation of latent TB. The HIV test was negative. The patient was discharged home on the four-drug anti-tuberculous regimen for 12 months under the supervision of the health department. At a four-month follow-up visit, the patient showed significant improvement in her symptoms.","- On initial presentation, her vitals were significant for a temperature of 102.6 F, a respiratory rate of 22 breaths/minute, a pulse rate of 87/minute, and blood pressure of 124/66 mm Hg.
+ On initial presentation, her vitals were significant for a temperature of 99.4 F, a respiratory rate of 22 breaths/minute, a pulse rate of 87/minute, and blood pressure of 124/66 mm Hg.","- On initial presentation, her vitals were significant for a temperature of 102.6 F, a respiratory rate of 22 breaths/minute, a pulse rate of 87/minute, and blood pressure of 124/66 mm Hg.
+ On initial presentation, her vitals were significant for a temperature of 101.5 F, a respiratory rate of 22 breaths/minute, a pulse rate of 87/minute, and blood pressure of 124/66 mm Hg.",,,,,
M020,4,C-S2-mcv-verdict-triplets-s4,mcv_test_00651_00_v_temperature,SIRS Criteria,Temperature,value,numeric,stated,"flip, near",15.502,23.275,-11.533,"Under the SIRS Criteria, the item 'Temperature' scores 0 points for this patient.","Under the SIRS Criteria, the item 'Temperature' scores 1 point for this patient.","{""base"": 36.5, ""flip"": 35.7, ""near"": 36.2}","The rules for SIRS Criteria are listed below:

1. Temperature >38°C (100.4°F) or <36°C (96.8°F): No = 0 points, Yes = +1 point
2. Heart rate >90: No = 0 points, Yes = +1 point
3. Respiratory rate >20 or PaCO₂ <32 mm Hg: No = 0 points, Yes = +1 point
4. White blood cell count (WBC) >12,000/mm³, <4,000/mm³: No = 0 points, Yes = +1 point

The total number of criteria met is taken by summing the score for each criteria.","A 58-year-old woman was admitted to the emergency department owing to generalized weakness, chilling sensation and myalgia since the previous 10 days. She had a medical history of uncontrolled diabetes mellitus and hypertension. She took a prescription for diabetes mellitus, but did not take well. She had no history of trauma or surgery. Her vital signs were as follows: blood pressure, 90/40 mmHg; pulse rate, 100/min; respiratory rate, 20/min; and body temperature, 36.5°C. Laboratory data showed that a white blood cell count 24,290/mm3 with 93% neutrophils, hemoglobin 11.7 g/dL, platelet count 57,000/mm3 and C-reactive protein 33.2 mg/dL. Liver function enzymes showed aspartate aminotransferase 22 U/L, alanine aminotransferase 17 U/L, alkaline phosphatase 1,303 U/L, gamma glutamyl transferase 135 U/L, and total bilirubin 1.11 mg/dL. The HbA1c level was 11.9%, and serum glucose level was 665 mg/dL. Urinalysis showed many bacteria. Blood and urine cultures were obtained prior to initiation of empirical antibiotics. The chest radiograph showed a prominent heart size but no apparent lung parenchymal lesion. The chest and abdominal computed tomography (CT) scan revealed intraosseous gas in the sternum and left clavicle and intra-muscular gas in the left pectoralis major muscle as well as soft tissue emphysema involving the left shoulder and both chest walls (). Additionaly, intraosseous gases were noted in the right iliac bone and sacroiliac joint (). Right pyelonephritis with abscess at the right lower kidney was observed as well ().
Empirical antibiotic therapy with intravenous meropenem (1 g q8h, iv) and teicoplanin (800 mg q24h for 3 days and then 400 mg q24h, iv) was initiated and urgent surgical drainage was performed. At the time of surgical decompression, the pus from sternum, left clavicle and pelvic bone had a foul odor. The pus revealed extended-spectrum ß-lactamase non-producing E. coli, and both blood and urine culture grew E. coli with same antimicrobial susceptibility. Antibiotics were changed to piperacillin/tazobactam (4.0/0.5 g q8h, iv).
A follow-up CT conducted 4 weeks after admission showed marked regression of intraosseous gas in the sternum, left clavicle and adjacent extensive soft tissue emphysema in the left side of neck, left axilla, and both anterior chest walls. However, slightly increased size of abscess pocket involving the right iliacus muscle and osteomyelitis involving the right iliac bone were still noted. Therefore, catheter drainage of right iliac area was maintained for 8 weeks, and pus drainage at the right iliacus muscle was performed again and antibiotic therapy was continued. Follow-up CT scan after 8 weeks revealed emphysematous osteomyelitis of the sternum, left clavicle and right iliac bone with adjacent cellulitis almost resolved ().
After 13 weeks of intravenous antibiotic therapy, the patient showed clinical improvement and was discharged.","- Her vital signs were as follows: blood pressure, 90/40 mmHg; pulse rate, 100/min; respiratory rate, 20/min; and body temperature, 36.5°C.
+ Her vital signs were as follows: blood pressure, 90/40 mmHg; pulse rate, 100/min; respiratory rate, 20/min; and body temperature, 35.7°C.","- Her vital signs were as follows: blood pressure, 90/40 mmHg; pulse rate, 100/min; respiratory rate, 20/min; and body temperature, 36.5°C.
+ Her vital signs were as follows: blood pressure, 90/40 mmHg; pulse rate, 100/min; respiratory rate, 20/min; and body temperature, 36.2°C.",,,,,
M021,1,C-S2-mcv-verdict-triplets-s0,mcv_test_00420_00_v_blood_urea_nitrogen_bun,Glasgow-Blatchford Bleeding Score (GBS),BUN,value,numeric,stated,flip,3.099,3.383,3.185,"Under the Glasgow-Blatchford Bleeding Score (GBS), the item 'BUN' scores 4 points for this patient.","Under the Glasgow-Blatchford Bleeding Score (GBS), the item 'BUN' scores 3 points for this patient.","{""base"": 34, ""flip"": 26, ""near"": 31}","The criteria for the Glasgow-Blatchford Score are listed below:

1. BUN (mg/dL): <18.2 = 0 points, 18.2-22.3 = +2 points, 22.4-28 = +3 points, 28-70 = +4 points, >70 = +6 points
2. Hemoglobin (g/dL) for men: >=13 = 0 points, <=12-13 = +1 point, <=10-12 = +3 points, <10 = +6 points
3. Hemoglobin (g/dL) for women: >=12 = 0 points, <=10-12 = +1 point, <10 = +6 points
4. Systolic blood pressure (mm Hg): ≥110 = 0 points, 100-109 = +1 point, 90-99 = +2 points, <90 = +3 points
5. Pulse ≥100 (per minute): No = 0 points, Yes = +1 point
6. Melena present: No = 0 points, Yes = +1 point
7. Recent syncope: No = 0 points, Yes = +2 points
8. Hepatic disease history: No = 0 points, Yes = +2 points
9. Cardiac failure present: No = 0 points, Yes = +2 points

The total Glasgow-Blatchford Score is calculated by summing the points for each criterion.","A 91-year-old male with hypertension, coronary artery disease, and a longstanding history of CD, noncompliant with a gluten-free diet, presented to the ED for evaluation of intermittent upper abdominal pain and unintentional weight loss of 10 pounds over a period of two months. His vital signs were initially normal, however, after an episode of hematemesis followed by hematochezia, he became hypotensive to 80/60 mmHg and tachycardic to 100 beats/min. Physical examination was notable for pale conjunctiva and tenderness to palpation in the upper abdomen. Laboratory evaluation revealed a white blood cell count of 13.2 x 103/uL (reference (R): 4.5-11.0 x 103/uL), hemoglobin of 5.9 g/dL (R: 12-17 g/dL), blood urea nitrogen of 34 mg/dL (R: 5-25 mg/dL), and creatinine of 0.8 mg/dL (R: 0.6-1.8 mg/dL). CT of the abdomen and pelvis demonstrated a 6.8 cm dilated proximal jejunum (Figure ).
The patient was resuscitated with four units of packed red blood cells and two liters of normal saline. Intravenous pantoprazole was administered. Surgery was consulted and a nasogastric tube was placed for gastric decompression. Small bowel enteroscopy discovered two nonbleeding superficial clean-based ulcers in the duodenum and an ulcerated jejunal mass, which appeared to be the source of bleeding. Biopsies from the mass showed an invasive, poorly differentiated adenocarcinoma. Subsequently, exploratory laparotomy revealed additional masses in the ileum and transverse colon suspicious for malignancy; thus, partial small bowel and partial colonic resection with end colostomy and Hartmann’s pouch were performed. The mass in the jejunum measured 1.7 cm x 1 cm x 0.2 cm. Pathologic evaluation revealed invasive, poorly differentiated carcinoma with gland formation only in the lesion resected from jejunum (Figure ). Cytokeratin was immunoreactive (Figure ). CK7, CK20, TTF-1, LCA, CD56, synaptophysin, and chromogranin stains were negative. Regional resected lymph nodes and other resected lesions were devoid from cancer. The American Joint Committee of Cancer (AJCC) stage was pT2N0. The patient’s post-operative course was uncomplicated, and he was discharged with outpatient oncology follow up. On follow up visit four weeks after surgery, the patient was recovering well and without any complaints. He was offered chemotherapy, but declined any treatment.","- Laboratory evaluation revealed a white blood cell count of 13.2 x 103/uL (reference (R): 4.5-11.0 x 103/uL), hemoglobin of 5.9 g/dL (R: 12-17 g/dL), blood urea nitrogen of 34 mg/dL (R: 5-25 mg/dL), and creatinine of 0.8 mg/dL (R: 0.6-1.8 mg/dL).
+ Laboratory evaluation revealed a white blood cell count of 13.2 x 103/uL (reference (R): 4.5-11.0 x 103/uL), hemoglobin of 5.9 g/dL (R: 12-17 g/dL), blood urea nitrogen of 26 mg/dL (R: 5-25 mg/dL), and creatinine of 0.8 mg/dL (R: 0.6-1.8 mg/dL).","- Laboratory evaluation revealed a white blood cell count of 13.2 x 103/uL (reference (R): 4.5-11.0 x 103/uL), hemoglobin of 5.9 g/dL (R: 12-17 g/dL), blood urea nitrogen of 34 mg/dL (R: 5-25 mg/dL), and creatinine of 0.8 mg/dL (R: 0.6-1.8 mg/dL).
+ Laboratory evaluation revealed a white blood cell count of 13.2 x 103/uL (reference (R): 4.5-11.0 x 103/uL), hemoglobin of 5.9 g/dL (R: 12-17 g/dL), blood urea nitrogen of 31 mg/dL (R: 5-25 mg/dL), and creatinine of 0.8 mg/dL (R: 0.6-1.8 mg/dL).",,,,,
M022,2,C-S2-mcv-verdict-triplets-s1,mcv_test_00553_03_v_diastolic_blood_pressure,CURB-65 Score for Pneumonia Severity,Systolic BP or Diastolic BP,value,numeric,stated,"base, near",-12.072,-1.318,-1.705,"Under the CURB-65 Score for Pneumonia Severity, the item 'Systolic BP or Diastolic BP' scores 1 point for this patient.","Under the CURB-65 Score for Pneumonia Severity, the item 'Systolic BP or Diastolic BP' scores 0 points for this patient.","{""base"": 57.0, ""flip"": 62.0, ""near"": 59.0}","The CURB-65 Score criteria are listed below:

1. Confusion: No = 0 points, Yes = +1 point
2. BUN >19 mg/dL (>7 mmol/L urea): No = 0 points, Yes = +1 point
3. Respiratory Rate ≥30: No = 0 points, Yes = +1 point
4. Systolic BP <90 mmHg or Diastolic BP ≤60 mmHg: No = 0 points, Yes = +1 point
5. Age ≥65: No = 0 points, Yes = +1 point

The total CURB-65 score is calculated by summing the points for each criterion.","A 78-year-old man presented to the emergency department with dyspnea and fever for 6 hours. He was not currently employed and had no history of cigarette smoking or alcohol ingestion. He had no underlying disease. Besides, he had no hospital admission, antimicrobial use history and healthcare institution visiting record in 1 year. On admission, he appeared acutely ill. His blood pressure was 104/57 mmHg, respiratory rate 20 breaths per minute, pulse rate 110 beats per minute, and body temperature 38.2°C. A regular heart rhythm was observed. There were coarse breath sounds with crackles in the right lung field.
The laboratory results were as follows: white blood cell count 3,900/mm3 (72.5% neutrophils, 20.4% lymphocytes, 4.7% monocytes, 2.82% eosinophils), hemoglobin 12.2 g/dL, platelet count 197,000/mm3, C-reactive protein 1.24 mg/dL, blood urea nitrogen 28.2 mg/dL, creatinine 1.24 mg/dL, aspartate aminotransferase 16 UI/L, alanine aminotransferase 10 IU/L, total bilirubin 0.9 mg/dL, total protein 6.0 g/dL, and albumin 3.5 g/dL. The arterial blood gas analysis breathing room air was pH 7.44, pCO2 24.1 mmHg, pO2 59.0 mmHg, HCO3– 17 mmol/L, and O2 saturation 87%. A plain chest radiograph showed patchy consolidations in the right middle and lower lobes (). Chest computed tomography (CT) showed lobar pneumonia in the right middle and lower lobes (). He was diagnosed with CAP. Intravenous piperacillin/tazobactam and ciprofloxacin were administered empirically.
Five hours after admission, his respiratory distress worsened, and he was treated with oxygen at 6 L/min via mask. On the second day after admission, intravenous teicoplanin was administered because of a persistent fever. On the third day, A. baumannii was identified in cultures of both sputum and in two of three pairs of blood samples taken on admission. A. baumannii was identified using Matrix-assisted laser desorption/ionization time-of-flight mass spectrometry (MALDI-TOF MS, Bruker Daltonics GmbH, Bremen, Germany) on a Microflex spectrometer (Bruker Daltonics GmbH, Germany). Antimicrobial susceptibilities were determined using VITEK-2 system (bioMerieux, Marcy I'Etoile, France). The bacterial isolate was resistant to multiple drugs, except colistin, tigecycline, minocycline, amikacin, and gentamicin (). Therefore, the antibiotics were changed to intravenous colistin and oral minocycline.
On the 6th day after admission, his vital signs stabilized and the fever subsided. Follow-up chest radiography and CT showed improved consolidation. No A. baumannii grew in the follow-up blood cultures. On the 26th day after admission, because of colistin-induced nephropathy, the antibiotics were switched to tigecycline. On the 48th day after admission, the chest radiograph and chest CT showed that the pneumonia had improved ( and ). The patient was discharged on day 56 and followed as an outpatient with no significant complications.","- His blood pressure was 104/57 mmHg, respiratory rate 20 breaths per minute, pulse rate 110 beats per minute, and body temperature 38.2°C.
+ His blood pressure was 104/62 mmHg, respiratory rate 20 breaths per minute, pulse rate 110 beats per minute, and body temperature 38.2°C.","- His blood pressure was 104/57 mmHg, respiratory rate 20 breaths per minute, pulse rate 110 beats per minute, and body temperature 38.2°C.
+ His blood pressure was 104/59 mmHg, respiratory rate 20 breaths per minute, pulse rate 110 beats per minute, and body temperature 38.2°C.",,,,,
M023,3,C-S2-mcv-verdict-triplets-s2,mcv_test_00643_03_v_white_blood_cell_count,SIRS Criteria,White blood cell count (WBC),value,numeric,stated,flip,18.705,20.779,14.691,"Under the SIRS Criteria, the item 'White blood cell count (WBC)' scores 0 points for this patient.","Under the SIRS Criteria, the item 'White blood cell count (WBC)' scores 1 point for this patient.","{""base"": 6370.0, ""flip"": 3799.0, ""near"": 5185.0}","The rules for SIRS Criteria are listed below:

1. Temperature >38°C (100.4°F) or <36°C (96.8°F): No = 0 points, Yes = +1 point
2. Heart rate >90: No = 0 points, Yes = +1 point
3. Respiratory rate >20 or PaCO₂ <32 mm Hg: No = 0 points, Yes = +1 point
4. White blood cell count (WBC) >12,000/mm³, <4,000/mm³: No = 0 points, Yes = +1 point

The total number of criteria met is taken by summing the score for each criteria.","A 67-year-old woman presented to the hospital complaining of fever, shortness of breath and dry cough during the previous month. She had been treated for presumed bronchitis with wide-spectrum antibiotics without response and her complaints had gradually worsened. Her past medical history was significant for bilateral hilar lymphadenopathy, which was incidentally diagnosed on a routine chest radiograph 8 years previously, a finding that was confirmed, together with right paratracheal node enlargement, by a chest computed tomography (CT) scan. She had then undergone a non-diagnostic bronchoscopy and was advised to repeat the chest CT scan after 6 months, advice she ignored. She had never smoked and she had not taken any medication in the past. She had no environmental or occupational history of beryllium or other metal exposure. She had never traveled outside Greece. She had never had a tuberculin test.
On physical examination, the patient appeared to be in good condition, mildly dyspneic with 22 breaths per minute, a temperature of 39.4°C, blood pressure of 110/70 mmHg and a heart rate of 100 beats per minute. Apart from mild bilateral inspiratory fine crackles in the lower lung fields, no other physical abnormalities were observed. There was no skin involvement. Laboratory investigations showed normocytic normochromic anemia (hemoglobin 11.8 g/dl), white blood count 6370/mm3 (neutrophils 67%), erythrocyte sedimentation rate 95 mm and C-reactive protein 90 mg/l (normal value <3 mg/l). Serum electrolyte levels and renal function indices were normal. A mild decrease in albumin levels was observed on serum protein electrophoresis. Serum concentrations of angiotensin-converting enzyme (ACE) were normal, as was a 24-hour urinary calcium excretion analysis. Arterial gas testing (while the patient was breathing in room air) indicated PaO2 70 mmHg, PaCO2 31 mmHg, pH 7.47 and bicarbonate 22.2 mmol/l. The tuberculin skin test was positive (20 mm). A chest X-ray on admission disclosed bilateral hilar lymphadenopathy together with bilateral interstitial lung densities in the lower lung fields (Figure ). A chest CT scan that was performed 3 days after her admission disclosed bilateral interstitial opacities in the middle and lower lung lobes and mediastinal lymphadenopathy, which was unaltered compared with that observed 8 years ago (Figure ).
An ophthalmologic evaluation was normal. The patient underwent bronchoscopy, which revealed slight mucosal edema in the bronchial tree. All endobronchial biopsies disclosed non-specific inflammation. Transbronchial biopsies were not performed because of the patient's intolerance. The bronchoalveolar lavage (BAL) cell differential count was total cell count 37 × 104/ml, neutrophils 2.8%, lymphocytes 61.2%, macrophages 34.5% and eosinophils 1.3%. The CD4 to CD8 ratio was 2.25 while the number of CD4 and CD8 cells was within normal levels. Multiple blood and urine cultures as well as bronchial washing cultures were negative for bacteria and fungi. Results from sputum, gastric fluid and BAL Ziehl-Neelsen staining were negative. Serology studies for human immunodeficiency virus (HIV), Brucella species, Legionella species, Coxiella burnetti, Chlamydia species, Mycoplasma species, Leismania species and Toxoplasma species were negative. A venereal disease research laboratory test was also negative. Antinuclear antibodies were 1/80 positive while anti-double-stranded DNA antibodies, anti-RO, anti-LA, antineutrophil cytoplasmic antibodies and antimitochondrial antibodies were all negative. The patient underwent mediastinoscopy, and histological examination from the biopsy of a right paratracheal lymph node showed a non-caseating granuloma formation compatible with sarcoidosis. Routine tissue bacterial, fungal and acid bacilli cultures were negative.
The patient received broad-spectrum antibiotic treatment without any response, while her dyspnea progressively increased and she was supported with oxygen therapy. A chest X-ray disclosed extended interstitial lung densities in both lungs as well as consolidation in the left lower lung field (Figure ). As she was clinically and radiologically deteriorating, treatment with the standard anti-TB drug regimen (isoniazid 300 mg daily, rifampin 600 mg daily, pyrazinamide 2 g daily and ethambutol 1 g daily) was started in addition to prednisolone 1 mg/kg daily. The patient's symptoms moderately improved but her fever continued to spike. During the second week of anti-TB therapy, initial BAL cultures turned out to be positive for M. tuberculosis and glucocorticoids were stopped. During the fourth week of treatment the fever declined and the patient became apyrexial 1 week later. After 2 months of therapy, pyrazinamide and ethambutol were stopped and a 7-month continuation regimen with isoniazide and rifampin was administered. During a 9 month period of follow-up, the patient continued to have the same chronic mediastinal lymphadenopathy with no parenchymal involvement and normal pulmonary function tests.","- Laboratory investigations showed normocytic normochromic anemia (hemoglobin 11.8 g/dl), white blood count 6370/mm3 (neutrophils 67%), erythrocyte sedimentation rate 95 mm and C-reactive protein 90 mg/l (normal value <3 mg/l).
+ Laboratory investigations showed normocytic normochromic anemia (hemoglobin 11.8 g/dl), white blood count 3799/mm3 (neutrophils 67%), erythrocyte sedimentation rate 95 mm and C-reactive protein 90 mg/l (normal value <3 mg/l).","- Laboratory investigations showed normocytic normochromic anemia (hemoglobin 11.8 g/dl), white blood count 6370/mm3 (neutrophils 67%), erythrocyte sedimentation rate 95 mm and C-reactive protein 90 mg/l (normal value <3 mg/l).
+ Laboratory investigations showed normocytic normochromic anemia (hemoglobin 11.8 g/dl), white blood count 5185/mm3 (neutrophils 67%), erythrocyte sedimentation rate 95 mm and C-reactive protein 90 mg/l (normal value <3 mg/l).",,,,,
M024,4,C-S2-mcv-verdict-triplets-s3,mcv_test_00541_03_v_diastolic_blood_pressure,CURB-65 Score for Pneumonia Severity,Systolic BP or Diastolic BP,value,numeric,stated,flip,24.708,17.623,22.556,"Under the CURB-65 Score for Pneumonia Severity, the item 'Systolic BP or Diastolic BP' scores 0 points for this patient.","Under the CURB-65 Score for Pneumonia Severity, the item 'Systolic BP or Diastolic BP' scores 1 point for this patient.","{""base"": 72.0, ""flip"": 57.0, ""near"": 66.0}","The CURB-65 Score criteria are listed below:

1. Confusion: No = 0 points, Yes = +1 point
2. BUN >19 mg/dL (>7 mmol/L urea): No = 0 points, Yes = +1 point
3. Respiratory Rate ≥30: No = 0 points, Yes = +1 point
4. Systolic BP <90 mmHg or Diastolic BP ≤60 mmHg: No = 0 points, Yes = +1 point
5. Age ≥65: No = 0 points, Yes = +1 point

The total CURB-65 score is calculated by summing the points for each criterion.","A 38-year-old female presents to the emergency department for cough. She reports that two days ago she developed a nonproductive cough with moderate shortness of breath. On review of systems, the patient also endorses chills and sweats as well as several episodes of diarrhea over the past three days. Her husband also reports that the patient seemed confused this morning when he spoke to her before he left for work. The patient’s past medical history is significant for diabetes mellitus type II for which she takes metformin and glipizide. She drinks 8-10 beers per week and has a 15 pack-year smoking history. She works as a sales manager at a local retail company. Her temperature is 102.6°F (39.2°C), blood pressure is 126/72 mmHg, pulse is 82/min, and respirations are 18/min. On physical exam, she is alert and oriented to person and place only. She has crackles bilaterally extending up to the mid-lung fields. Her abdomen is soft and non-distended without rebound or guarding. Laboratory testing is performed and reveals the following:

Serum:
Na+: 129 mEq/L
K+: 3.6 mEq/L
Cl-: 99 mEq/L
HCO3-: 17 mEq/L
Urea nitrogen: 16 mg/dL
Creatinine: 1.1 mg/dL

Leukocyte count: 16,300/mm^3
Hemoglobin: 13.2 g/dL
Mean corpuscular volume: 87 µm^3
Platelet count: 348,000/mm^3

A chest radiograph is performed and can be seen in Figure A.","- Her temperature is 102.6°F (39.2°C), blood pressure is 126/72 mmHg, pulse is 82/min, and respirations are 18/min.
+ Her temperature is 102.6°F (39.2°C), blood pressure is 126/57 mmHg, pulse is 82/min, and respirations are 18/min.","- Her temperature is 102.6°F (39.2°C), blood pressure is 126/72 mmHg, pulse is 82/min, and respirations are 18/min.
+ Her temperature is 102.6°F (39.2°C), blood pressure is 126/66 mmHg, pulse is 82/min, and respirations are 18/min.",,,,,
M025,1,C-S2-mcv-verdict-triplets-s4,mcv_test_00404_01_v_hemoglobin,Glasgow-Blatchford Bleeding Score (GBS),Hemoglobin,value,numeric,stated,"base, near",-0.043,-10.896,-0.914,"Under the Glasgow-Blatchford Bleeding Score (GBS), the item 'Hemoglobin' scores 1 point for this patient.","Under the Glasgow-Blatchford Bleeding Score (GBS), the item 'Hemoglobin' scores 6 points for this patient.","{""base"": 10.4, ""flip"": 9.7, ""near"": 10.2}","The criteria for the Glasgow-Blatchford Score are listed below:

1. BUN (mg/dL): <18.2 = 0 points, 18.2-22.3 = +2 points, 22.4-28 = +3 points, 28-70 = +4 points, >70 = +6 points
2. Hemoglobin (g/dL) for men: >=13 = 0 points, <=12-13 = +1 point, <=10-12 = +3 points, <10 = +6 points
3. Hemoglobin (g/dL) for women: >=12 = 0 points, <=10-12 = +1 point, <10 = +6 points
4. Systolic blood pressure (mm Hg): ≥110 = 0 points, 100-109 = +1 point, 90-99 = +2 points, <90 = +3 points
5. Pulse ≥100 (per minute): No = 0 points, Yes = +1 point
6. Melena present: No = 0 points, Yes = +1 point
7. Recent syncope: No = 0 points, Yes = +2 points
8. Hepatic disease history: No = 0 points, Yes = +2 points
9. Cardiac failure present: No = 0 points, Yes = +2 points

The total Glasgow-Blatchford Score is calculated by summing the points for each criterion.","A 22-year-old white woman comes to the physician because of a 6-month history of lower abdominal pain. She has also had multiple episodes of loose stools with blood during this period. She has had painful bowel movements for 1 month. Over the past year, she has had a 10-kg (22-lb) weight loss. She was treated for streptococcal pharyngitis last week. Her maternal grandfather died of colon cancer at the age of 52 years. She does not smoke. She drinks three to five beers on social occasions. She is 162 cm (5 ft 4 in) tall and weighs 52 kg (115-lb); BMI is 19.7 kg/m2. Her temperature is 37°C (98.6°F), pulse is 60/min, respirations are 13/min, and blood pressure is 110/70 mm Hg. Cardiopulmonary examination shows no abnormalities. The abdomen is soft and there is tenderness to palpation of the left lower quadrant. There is no guarding or rigidity. Rectal examination shows no masses. Laboratory studies show:
Hemoglobin 10.4 g/dL
Leukocyte count 10,800/mm3
Platelet count 450,000/mm3
Serum
Na+ 138 mEq/L
Cl- 103 mEq/L
K+ 4.9 mEq/L
HCO3- 22 mEq/L
Urea nitrogen 18 mg/dL
Creatinine 0.6 mg/dL
Antinuclear antibodies negative
Perinuclear antineutrophil cytoplasmic antibodies positive
Anti-Saccharomyces cerevisiae antibodies negative
A colonoscopy is scheduled for the next day.","- Hemoglobin 10.4 g/dL
+ Hemoglobin 9.7 g/dL","- Hemoglobin 10.4 g/dL
+ Hemoglobin 10.2 g/dL",,,,,
M026,2,C-S2-mcv-verdict-triplets-s0,mcv_test_00641_01_v_heart_rate_or_pulse,SIRS Criteria,Heart rate,value,numeric,stated,flip,14.268,10.236,15.08,"Under the SIRS Criteria, the item 'Heart rate' scores 1 point for this patient.","Under the SIRS Criteria, the item 'Heart rate' scores 0 points for this patient.","{""base"": 130.0, ""flip"": 86.0, ""near"": 110.0}","The rules for SIRS Criteria are listed below:

1. Temperature >38°C (100.4°F) or <36°C (96.8°F): No = 0 points, Yes = +1 point
2. Heart rate >90: No = 0 points, Yes = +1 point
3. Respiratory rate >20 or PaCO₂ <32 mm Hg: No = 0 points, Yes = +1 point
4. White blood cell count (WBC) >12,000/mm³, <4,000/mm³: No = 0 points, Yes = +1 point

The total number of criteria met is taken by summing the score for each criteria.","A 56-year-old woman was referred to our center, with a complaint of abdominal pain and constipation, for a week. From the time of onset, the pain was categorized to be severe, not colic and was localized to the epigastric region only. The patient was alert and ill, while she has had nausea and anorexia, but was not been accompanied by vomiting. Her vital signs were as follows: BP: 85/50, PR: 130, T: 37.2, and RR: 18. Her head, neck, and chest (heart and lung) were normal, and abdomen was fatty and without scarlet and reduced intestinal sounds. She had generalized tenderness with maximum pain intensity in epigastric regions, where her organs were normal. Her medical and corresponding drug history was as follows: antiphospholipid antibody syndrome, DVT, a history of two abortions, and type II diabetes.
Her drug history included: prednisolone tablets, 5 mg: once a day; methotrexate: three pounds a week; hydroxychloroquine tablet: 3 days a week; and warfarin tablets: daily half a pill and insulin.
For further examination, her cardiac activity was monitored, and serum therapy was given to the patient. She was also provided a nasogastric tube, Foley catheter for urinary drainage along with hydrocortisone and antibiotics.
After about 60 minutes, her vitals were as follows: BP: 100/60 and PR: 120.
The result of the preliminary tests showed WBC: 4200, Hb: 7.7, PLT: 80 000, and INR: 4.7 and other tests: normal. Ultrasound from the patient's bedside showed free fluid in the abdomen. Following these tests, the therapeutic intervention was continued as follows: serum, wo packed cell (PC) units, and fresh frozen plasma (FFP) units. Meanwhile, the patient was prepared for laparotomy where, during the surgery, her sugar levels kept under control, control, stress-dose cortisol was provided, and she received 5 units of PC and 4 units of FFP.
During the laparotomy, about 3 L of blood and clot were removed from the abdomen. Following this, a cystic lesion was observed in the vicinity of the large stomach flexion that bled due to the invasion of the gastroepyloid vessels (Figure ). After controlling the bleeding, the lesion was fully resected, and samples were examined for pathology (Figure ).
Postoperatively, complete control of the bleeding was achieved with sustained vital signs. However, given the state of preoperative hemorrhagic shock, the patient was kept in ICU until satisfactory recovery was achieved. She also received 5 units of PC and 4 units of FFP, and the vital signs were maintained stable.
Despite there was no recurrence of hemorrhage, she presented pancytopenia perhaps due to the underlying disease (antiphospholipid antibody syndrome). She was hyper-coagulopathic, due to thrombocytopenia and hemorrhagic shock (cause of referral); therefore, anticoagulant administration was not possible.
After 24 hours and ensuring the stability of vital signs and the absence of Ileus, the patient oral feed was resumed. The postoperative examination for pancytopenia was as follows: WBC: 1500 (PMN: 60%), Hb: 11, PLT: 50 000, INR: 1.7, and K: 3.2. Granulocyte colony-stimulating factor (GCSF) therapy was prescribed to the patients after which, her platelets and WBCs showed improvement. The patient's general condition improved, she tolerated the diet, and the bleeding was controlled. Her hemoglobin level did not drop, and therefore, she was transferred to the general ward.
The continuation of treatment was as follows: hydroxychloroquine, prednisolone: half a tablet twice a day, methotrexate was discontinued for 2 weeks, and folic acid and GCSF for 3 days.
Laboratory results showed: platelet <100 000, potassium <3.5, and INR: 1.6. She was administered anticoagulant prophylaxis.
Nine days after the operation, the patient suffered from shortness of breath and tachypnea and a feeling of pressure in the chest. According to the history of the disease, the first diagnosis was a pulmonary embolism, for which anticoagulant therapy was immediately initiated and the patient was transferred to ICU. Her laboratory findings revealed: a decrease in platelets 20 000 and an increase in INR > 3 while ECG was normal. Anticoagulant therapy was restarted. Nonetheless, she went under respiratory distress and despite intubation, she expired.","- Her vital signs were as follows: BP: 85/50, PR: 130, T: 37.2, and RR: 18.
+ Her vital signs were as follows: BP: 85/50, PR: 86, T: 37.2, and RR: 18.","- Her vital signs were as follows: BP: 85/50, PR: 130, T: 37.2, and RR: 18.
+ Her vital signs were as follows: BP: 85/50, PR: 110, T: 37.2, and RR: 18.",,,,,
M027,3,C-S2-mcv-verdict-triplets-s1,mcv_test_00211_02_v_international_normalized_ratio,Child-Pugh Score for Cirrhosis Mortality,INR,value,numeric,stated,flip,28.762,4.544,28.504,"Under the Child-Pugh Score for Cirrhosis Mortality, the item 'INR' scores 1 point for this patient.","Under the Child-Pugh Score for Cirrhosis Mortality, the item 'INR' scores 2 points for this patient.","{""base"": 1.1, ""flip"": 1.8, ""near"": 1.4}","The criteria for the Child-Pugh Score are listed below:

1. Bilirubin (Total): <2 mg/dL (<34.2 μmol/L) = +1 point, 2-3 mg/dL (34.2-51.3 μmol/L) = +2 points, >3 mg/dL (>51.3 μmol/L) = +3 points
2. Albumin: >3.5 g/dL (>35 g/L) = +1 point, 2.8-3.5 g/dL (28-35 g/L) = +2 points, <2.8 g/dL (<28 g/L) = +3 points
3. INR: <1.7 = +1 point, 1.7-2.3 = +2 points, >2.3 = +3 points
4. Ascites: Absent = +1 point, Slight = +2 points, Moderate = +3 points
5. Encephalopathy: No Encephalopathy = +1 point, Grade 1-2 = +2 points, Grade 3-4 = +3 points
(Grade 0: normal consciousness, personality, neurological examination, electroencephalogram
Grade 1: restless, sleep disturbed, irritable/agitated, tremor, impaired handwriting, 5 cps waves
Grade 2: lethargic, time-disoriented, inappropriate, asterixis, ataxia, slow triphasic waves
Grade 3: somnolent, stuporous, place-disoriented, hyperactive reflexes, rigidity, slower waves
Grade 4: unrousable coma, no personality/behavior, decerebrate, slow 2-3 cps delta activity)

The Child-Pugh Score is calculated by summing the points for each criterion.","A 62-year-old man with alcoholic cirrhosis visited outpatient clinic for unexplained weight loss. He had a good performance status (grade 0). Laboratory tests showed serum albumin level of 5.3 g/dL, bilirubin level of 1.3 mg/dL, and prothrombin time international normalized ratio of 1.1. Neither ascites nor hepatic encephalopathy was found. Serologic markers for hepatitis B and C were negative. Serum α-fetoprotein level was 311.7 ng/mL, and PIVKA-II level was over 2,000 mAU/mL. Other laboratory findings including tumor markers and thyroid function tests were within normal limits. About a 5 cm sized ovoid enhancing mass in arterial phase involving the caudate lobe with underlying cirrhotic configuration of the liver was shown on the dynamic computed tomography (CT) and magnetic resonance imaging (MRI) (, respectively). There was no vascular invasion and no intraabdominal lymphadenopathy. On positron emission tomography-CT, maximum standardized uptake value for the mass was 6.3 without evidence of distant metastasis. Overall, early stage of HCC was assigned according to the Barcelona-Clinic-Liver-Cancer (BCLC) HCC staging system.
Surgical resection was recommended for the treatment of the HCC, however, he refused the surgical treatment. TACE using DEB was performed after obtaining written informed consent for the procedure. During the first TACE session, hepatic angiogram revealed a definite hypervascular mass supplied by a small branch of the left hepatic artery without apparent arteriovenous shunt (). After positioning the microcatheter tip at the left hepatic artery close to the tumor-feeding branch, a mixture of DEB (DC Bead®, 1 vial of 300~500 µm diameter, Biocompatibles, UK) loaded with doxorubicin (50 mg) and contrast agent was infused until the flow through the tumor-feeding artery was slowed down. After the infusion, angiogram showed occluded tumor-feeding branch and no tumor staining ().
He had no serious adverse event after embolization except mild abdominal pain that was controlled with oral analgesic (tramadol 50 mg per os tid). One-month post-embolization CT () and six-month post-embolization MRI () showed complete necrosis without viable portions. Follow-up α-fetoprotein level was 3.89 ng/mL, and PIVKA-II level was 21 mAU/mL. This patient remains in good health without cancer recurrence 6 months after the procedure.","- Laboratory tests showed serum albumin level of 5.3 g/dL, bilirubin level of 1.3 mg/dL, and prothrombin time international normalized ratio of 1.1.
+ Laboratory tests showed serum albumin level of 5.3 g/dL, bilirubin level of 1.3 mg/dL, and prothrombin time international normalized ratio of 1.8.","- Laboratory tests showed serum albumin level of 5.3 g/dL, bilirubin level of 1.3 mg/dL, and prothrombin time international normalized ratio of 1.1.
+ Laboratory tests showed serum albumin level of 5.3 g/dL, bilirubin level of 1.3 mg/dL, and prothrombin time international normalized ratio of 1.4.",,,,,
M028,4,C-S2-mcv-verdict-triplets-s2,mcv_test_00641_01_v_heart_rate_or_pulse,SIRS Criteria,Heart rate,value,numeric,stated,flip,6.021,5.793,8.252,"Under the SIRS Criteria, the item 'Heart rate' scores 1 point for this patient.","Under the SIRS Criteria, the item 'Heart rate' scores 0 points for this patient.","{""base"": 130.0, ""flip"": 86.0, ""near"": 110.0}","The rules for SIRS Criteria are listed below:

1. Temperature >38°C (100.4°F) or <36°C (96.8°F): No = 0 points, Yes = +1 point
2. Heart rate >90: No = 0 points, Yes = +1 point
3. Respiratory rate >20 or PaCO₂ <32 mm Hg: No = 0 points, Yes = +1 point
4. White blood cell count (WBC) >12,000/mm³, <4,000/mm³: No = 0 points, Yes = +1 point

The total number of criteria met is taken by summing the score for each criteria.","A 56-year-old woman was referred to our center, with a complaint of abdominal pain and constipation, for a week. From the time of onset, the pain was categorized to be severe, not colic and was localized to the epigastric region only. The patient was alert and ill, while she has had nausea and anorexia, but was not been accompanied by vomiting. Her vital signs were as follows: BP: 85/50, PR: 130, T: 37.2, and RR: 18. Her head, neck, and chest (heart and lung) were normal, and abdomen was fatty and without scarlet and reduced intestinal sounds. She had generalized tenderness with maximum pain intensity in epigastric regions, where her organs were normal. Her medical and corresponding drug history was as follows: antiphospholipid antibody syndrome, DVT, a history of two abortions, and type II diabetes.
Her drug history included: prednisolone tablets, 5 mg: once a day; methotrexate: three pounds a week; hydroxychloroquine tablet: 3 days a week; and warfarin tablets: daily half a pill and insulin.
For further examination, her cardiac activity was monitored, and serum therapy was given to the patient. She was also provided a nasogastric tube, Foley catheter for urinary drainage along with hydrocortisone and antibiotics.
After about 60 minutes, her vitals were as follows: BP: 100/60 and PR: 120.
The result of the preliminary tests showed WBC: 4200, Hb: 7.7, PLT: 80 000, and INR: 4.7 and other tests: normal. Ultrasound from the patient's bedside showed free fluid in the abdomen. Following these tests, the therapeutic intervention was continued as follows: serum, wo packed cell (PC) units, and fresh frozen plasma (FFP) units. Meanwhile, the patient was prepared for laparotomy where, during the surgery, her sugar levels kept under control, control, stress-dose cortisol was provided, and she received 5 units of PC and 4 units of FFP.
During the laparotomy, about 3 L of blood and clot were removed from the abdomen. Following this, a cystic lesion was observed in the vicinity of the large stomach flexion that bled due to the invasion of the gastroepyloid vessels (Figure ). After controlling the bleeding, the lesion was fully resected, and samples were examined for pathology (Figure ).
Postoperatively, complete control of the bleeding was achieved with sustained vital signs. However, given the state of preoperative hemorrhagic shock, the patient was kept in ICU until satisfactory recovery was achieved. She also received 5 units of PC and 4 units of FFP, and the vital signs were maintained stable.
Despite there was no recurrence of hemorrhage, she presented pancytopenia perhaps due to the underlying disease (antiphospholipid antibody syndrome). She was hyper-coagulopathic, due to thrombocytopenia and hemorrhagic shock (cause of referral); therefore, anticoagulant administration was not possible.
After 24 hours and ensuring the stability of vital signs and the absence of Ileus, the patient oral feed was resumed. The postoperative examination for pancytopenia was as follows: WBC: 1500 (PMN: 60%), Hb: 11, PLT: 50 000, INR: 1.7, and K: 3.2. Granulocyte colony-stimulating factor (GCSF) therapy was prescribed to the patients after which, her platelets and WBCs showed improvement. The patient's general condition improved, she tolerated the diet, and the bleeding was controlled. Her hemoglobin level did not drop, and therefore, she was transferred to the general ward.
The continuation of treatment was as follows: hydroxychloroquine, prednisolone: half a tablet twice a day, methotrexate was discontinued for 2 weeks, and folic acid and GCSF for 3 days.
Laboratory results showed: platelet <100 000, potassium <3.5, and INR: 1.6. She was administered anticoagulant prophylaxis.
Nine days after the operation, the patient suffered from shortness of breath and tachypnea and a feeling of pressure in the chest. According to the history of the disease, the first diagnosis was a pulmonary embolism, for which anticoagulant therapy was immediately initiated and the patient was transferred to ICU. Her laboratory findings revealed: a decrease in platelets 20 000 and an increase in INR > 3 while ECG was normal. Anticoagulant therapy was restarted. Nonetheless, she went under respiratory distress and despite intubation, she expired.","- Her vital signs were as follows: BP: 85/50, PR: 130, T: 37.2, and RR: 18.
+ Her vital signs were as follows: BP: 85/50, PR: 86, T: 37.2, and RR: 18.","- Her vital signs were as follows: BP: 85/50, PR: 130, T: 37.2, and RR: 18.
+ Her vital signs were as follows: BP: 85/50, PR: 110, T: 37.2, and RR: 18.",,,,,
M029,1,C-S2-mcv-verdict-triplets-s3,mcv_test_00409_03_v_heart_rate_or_pulse,Glasgow-Blatchford Bleeding Score (GBS),Pulse,value,numeric,stated,"base, near",-10.515,-13.093,-9.588,"Under the Glasgow-Blatchford Bleeding Score (GBS), the item 'Pulse' scores 0 points for this patient.","Under the Glasgow-Blatchford Bleeding Score (GBS), the item 'Pulse' scores 1 point for this patient.","{""base"": 92, ""flip"": 103, ""near"": 96}","The criteria for the Glasgow-Blatchford Score are listed below:

1. BUN (mg/dL): <18.2 = 0 points, 18.2-22.3 = +2 points, 22.4-28 = +3 points, 28-70 = +4 points, >70 = +6 points
2. Hemoglobin (g/dL) for men: >=13 = 0 points, <=12-13 = +1 point, <=10-12 = +3 points, <10 = +6 points
3. Hemoglobin (g/dL) for women: >=12 = 0 points, <=10-12 = +1 point, <10 = +6 points
4. Systolic blood pressure (mm Hg): ≥110 = 0 points, 100-109 = +1 point, 90-99 = +2 points, <90 = +3 points
5. Pulse ≥100 (per minute): No = 0 points, Yes = +1 point
6. Melena present: No = 0 points, Yes = +1 point
7. Recent syncope: No = 0 points, Yes = +2 points
8. Hepatic disease history: No = 0 points, Yes = +2 points
9. Cardiac failure present: No = 0 points, Yes = +2 points

The total Glasgow-Blatchford Score is calculated by summing the points for each criterion.","A 58-year-old woman comes to the emergency department because of a 2-day history of worsening upper abdominal pain. She reports nausea and vomiting, and is unable to tolerate oral intake. She appears uncomfortable. Her temperature is 38.1°C (100.6°F), pulse is 92/min, respirations are 18/min, and blood pressure is 132/85 mm Hg. Examination shows yellowish discoloration of her sclera. Her abdomen is tender in the right upper quadrant. There is no abdominal distention or organomegaly. Laboratory studies show:
Hemoglobin 13 g/dL
Leukocyte count 16,000/mm3
Serum
Urea nitrogen
25 mg/dL
Creatinine 2 mg/dL
Alkaline phosphatase 432 U/L
Alanine aminotransferase 196 U/L
Aspartate transaminase 207 U/L
Bilirubin
Total 3.8 mg/dL
Direct 2.7 mg/dL
Lipase 82 U/L (N = 14–280)
Ultrasound of the right upper quadrant shows dilated intrahepatic and extrahepatic bile ducts and multiple hyperechoic spheres within the gallbladder. The pancreas is not well visualized. Intravenous fluid resuscitation and antibiotic therapy with ceftriaxone and metronidazole is begun. Twelve hours later, the patient appears acutely ill and is not oriented to time. Her temperature is 39.1°C (102.4°F), pulse is 105/min, respirations are 22/min, and blood pressure is 112/82 mm Hg.","- Her temperature is 38.1°C (100.6°F), pulse is 92/min, respirations are 18/min, and blood pressure is 132/85 mm Hg.
+ Her temperature is 38.1°C (100.6°F), pulse is 103/min, respirations are 18/min, and blood pressure is 132/85 mm Hg.","- Her temperature is 38.1°C (100.6°F), pulse is 92/min, respirations are 18/min, and blood pressure is 132/85 mm Hg.
+ Her temperature is 38.1°C (100.6°F), pulse is 96/min, respirations are 18/min, and blood pressure is 132/85 mm Hg.",,,,,
M030,2,C-S2-mcv-verdict-triplets-s4,mcv_test_00641_01_v_heart_rate_or_pulse,SIRS Criteria,Heart rate,value,numeric,stated,flip,0.952,7.46,9.767,"Under the SIRS Criteria, the item 'Heart rate' scores 1 point for this patient.","Under the SIRS Criteria, the item 'Heart rate' scores 0 points for this patient.","{""base"": 130.0, ""flip"": 86.0, ""near"": 110.0}","The rules for SIRS Criteria are listed below:

1. Temperature >38°C (100.4°F) or <36°C (96.8°F): No = 0 points, Yes = +1 point
2. Heart rate >90: No = 0 points, Yes = +1 point
3. Respiratory rate >20 or PaCO₂ <32 mm Hg: No = 0 points, Yes = +1 point
4. White blood cell count (WBC) >12,000/mm³, <4,000/mm³: No = 0 points, Yes = +1 point

The total number of criteria met is taken by summing the score for each criteria.","A 56-year-old woman was referred to our center, with a complaint of abdominal pain and constipation, for a week. From the time of onset, the pain was categorized to be severe, not colic and was localized to the epigastric region only. The patient was alert and ill, while she has had nausea and anorexia, but was not been accompanied by vomiting. Her vital signs were as follows: BP: 85/50, PR: 130, T: 37.2, and RR: 18. Her head, neck, and chest (heart and lung) were normal, and abdomen was fatty and without scarlet and reduced intestinal sounds. She had generalized tenderness with maximum pain intensity in epigastric regions, where her organs were normal. Her medical and corresponding drug history was as follows: antiphospholipid antibody syndrome, DVT, a history of two abortions, and type II diabetes.
Her drug history included: prednisolone tablets, 5 mg: once a day; methotrexate: three pounds a week; hydroxychloroquine tablet: 3 days a week; and warfarin tablets: daily half a pill and insulin.
For further examination, her cardiac activity was monitored, and serum therapy was given to the patient. She was also provided a nasogastric tube, Foley catheter for urinary drainage along with hydrocortisone and antibiotics.
After about 60 minutes, her vitals were as follows: BP: 100/60 and PR: 120.
The result of the preliminary tests showed WBC: 4200, Hb: 7.7, PLT: 80 000, and INR: 4.7 and other tests: normal. Ultrasound from the patient's bedside showed free fluid in the abdomen. Following these tests, the therapeutic intervention was continued as follows: serum, wo packed cell (PC) units, and fresh frozen plasma (FFP) units. Meanwhile, the patient was prepared for laparotomy where, during the surgery, her sugar levels kept under control, control, stress-dose cortisol was provided, and she received 5 units of PC and 4 units of FFP.
During the laparotomy, about 3 L of blood and clot were removed from the abdomen. Following this, a cystic lesion was observed in the vicinity of the large stomach flexion that bled due to the invasion of the gastroepyloid vessels (Figure ). After controlling the bleeding, the lesion was fully resected, and samples were examined for pathology (Figure ).
Postoperatively, complete control of the bleeding was achieved with sustained vital signs. However, given the state of preoperative hemorrhagic shock, the patient was kept in ICU until satisfactory recovery was achieved. She also received 5 units of PC and 4 units of FFP, and the vital signs were maintained stable.
Despite there was no recurrence of hemorrhage, she presented pancytopenia perhaps due to the underlying disease (antiphospholipid antibody syndrome). She was hyper-coagulopathic, due to thrombocytopenia and hemorrhagic shock (cause of referral); therefore, anticoagulant administration was not possible.
After 24 hours and ensuring the stability of vital signs and the absence of Ileus, the patient oral feed was resumed. The postoperative examination for pancytopenia was as follows: WBC: 1500 (PMN: 60%), Hb: 11, PLT: 50 000, INR: 1.7, and K: 3.2. Granulocyte colony-stimulating factor (GCSF) therapy was prescribed to the patients after which, her platelets and WBCs showed improvement. The patient's general condition improved, she tolerated the diet, and the bleeding was controlled. Her hemoglobin level did not drop, and therefore, she was transferred to the general ward.
The continuation of treatment was as follows: hydroxychloroquine, prednisolone: half a tablet twice a day, methotrexate was discontinued for 2 weeks, and folic acid and GCSF for 3 days.
Laboratory results showed: platelet <100 000, potassium <3.5, and INR: 1.6. She was administered anticoagulant prophylaxis.
Nine days after the operation, the patient suffered from shortness of breath and tachypnea and a feeling of pressure in the chest. According to the history of the disease, the first diagnosis was a pulmonary embolism, for which anticoagulant therapy was immediately initiated and the patient was transferred to ICU. Her laboratory findings revealed: a decrease in platelets 20 000 and an increase in INR > 3 while ECG was normal. Anticoagulant therapy was restarted. Nonetheless, she went under respiratory distress and despite intubation, she expired.","- Her vital signs were as follows: BP: 85/50, PR: 130, T: 37.2, and RR: 18.
+ Her vital signs were as follows: BP: 85/50, PR: 86, T: 37.2, and RR: 18.","- Her vital signs were as follows: BP: 85/50, PR: 130, T: 37.2, and RR: 18.
+ Her vital signs were as follows: BP: 85/50, PR: 110, T: 37.2, and RR: 18.",,,,,
M031,3,C-S2-mcv-verdict-triplets-s0,mcv_test_00659_00_v_temperature,SIRS Criteria,Temperature,value,numeric,stated,near,7.199,-19.583,-11.409,"Under the SIRS Criteria, the item 'Temperature' scores 0 points for this patient.","Under the SIRS Criteria, the item 'Temperature' scores 1 point for this patient.","{""base"": 97.9, ""flip"": 101.7, ""near"": 99.2}","The rules for SIRS Criteria are listed below:

1. Temperature >38°C (100.4°F) or <36°C (96.8°F): No = 0 points, Yes = +1 point
2. Heart rate >90: No = 0 points, Yes = +1 point
3. Respiratory rate >20 or PaCO₂ <32 mm Hg: No = 0 points, Yes = +1 point
4. White blood cell count (WBC) >12,000/mm³, <4,000/mm³: No = 0 points, Yes = +1 point

The total number of criteria met is taken by summing the score for each criteria.","A 57-year-old lady was brought to the ED by family with complaints of severe generalized body weakness, confusion, difficulty walking, achiness in legs, numbness in extremities, dizziness, nausea, vomiting, abdominal pain, constipation and occasional palpitations. Patient had total parathyroidectomy and partial thyroidectomy three weeks ago for primary hyperparathyroidism caused by parathyroid adenomas. Serum calcium level at the referring facility was 21 mg/dL. EKG showed prolonged QTc of 476 ms and nonspecific ST-T wave changes, she denied chest pain and troponin levels were <0.015. At the time of admission in our facility, her vital signs were temperature 97.9 F, heart rate 87 bpm, respiratory rate 16/min and blood pressure 163/67 mmHg. She was alert and oriented, had normal reflexes through symmetrically decreased muscle strength in all four extremities with mild generalized abdominal tenderness. Rest of the physical exam was unremarkable. Patient’s initial laboratory values showed white blood cell (WBC) count of 15.5 k/mm3, hemoglobin (Hb) of 15.6 gm/dL, platelet count of 370 k/mm3, creatinine of 1.9 mg/dL (baseline was 0.8), BUN of 45 mg/dL, eGFR of 27 mL/min (baseline eGFR >60 mL/min), bicarbonate of 33 mEq/L, chloride of 94 mEq/L, potassium of 2.5 mEq/L, sodium of 135 mEq/L, total calcium of 23 mg/dL with ionized calcium of 12.03 mg/dL, phosphate of 1.3 mg/dL and PTH of 0. Her 25 hydroxyvitamin D level was 61 ng/mL (normal 30-100 ng/mL) and 1-25 hydroxyvitamin D3 level was 31 pg/ml (normal 18-72 pg/mL) (Table ).
When asked about medication history, patient reported 3 g calcium carbonate intake daily, calcitriol 0.5 mcg twice daily, cholecalciferol (vitamin D3) 10,000 units once daily, chlorthalidone 25 mg once daily and irbesartan 300 mg once daily. Her diet included a glass of milk after each meal. As explained earlier, a diagnosis of CATS was made, and treatment was started. It was obvious from history that hypercalcemia was due to excessive calcium intake so calcium, vitamin D supplements and chlorthalidone were stopped. Irbesartan contributing to AKI was also stopped. Aggressive hydration was instituted with intravenous (IV) normal saline 150-200 mL/hour with 4L given in the first 24 hours. Furosemide 40 mg twice daily was also started. Patient didn’t require calcitonin. Due to the anticipated serious risk of late hypocalcemia owing to parathyroidectomy, bisphosphonates were not considered. Patient improved clinically and her symptoms resolved, she was discharged on hospital day 5, with total calcium level reduced to 10.3 mg/dL and ionized calcium to 5.77 mg/dL. Her creatinine levels were close to baseline at 1.4 mg/dL on the day of discharge.","- At the time of admission in our facility, her vital signs were temperature 97.9 F, heart rate 87 bpm, respiratory rate 16/min and blood pressure 163/67 mmHg.
+ At the time of admission in our facility, her vital signs were temperature 101.7 F, heart rate 87 bpm, respiratory rate 16/min and blood pressure 163/67 mmHg.","- At the time of admission in our facility, her vital signs were temperature 97.9 F, heart rate 87 bpm, respiratory rate 16/min and blood pressure 163/67 mmHg.
+ At the time of admission in our facility, her vital signs were temperature 99.2 F, heart rate 87 bpm, respiratory rate 16/min and blood pressure 163/67 mmHg.",,,,,
M032,4,C-S2-mcv-verdict-triplets-s1,mcv_test_00420_00_v_blood_urea_nitrogen_bun,Glasgow-Blatchford Bleeding Score (GBS),BUN,value,numeric,stated,flip,6.163,2.215,6.387,"Under the Glasgow-Blatchford Bleeding Score (GBS), the item 'BUN' scores 4 points for this patient.","Under the Glasgow-Blatchford Bleeding Score (GBS), the item 'BUN' scores 3 points for this patient.","{""base"": 34, ""flip"": 26, ""near"": 31}","The criteria for the Glasgow-Blatchford Score are listed below:

1. BUN (mg/dL): <18.2 = 0 points, 18.2-22.3 = +2 points, 22.4-28 = +3 points, 28-70 = +4 points, >70 = +6 points
2. Hemoglobin (g/dL) for men: >=13 = 0 points, <=12-13 = +1 point, <=10-12 = +3 points, <10 = +6 points
3. Hemoglobin (g/dL) for women: >=12 = 0 points, <=10-12 = +1 point, <10 = +6 points
4. Systolic blood pressure (mm Hg): ≥110 = 0 points, 100-109 = +1 point, 90-99 = +2 points, <90 = +3 points
5. Pulse ≥100 (per minute): No = 0 points, Yes = +1 point
6. Melena present: No = 0 points, Yes = +1 point
7. Recent syncope: No = 0 points, Yes = +2 points
8. Hepatic disease history: No = 0 points, Yes = +2 points
9. Cardiac failure present: No = 0 points, Yes = +2 points

The total Glasgow-Blatchford Score is calculated by summing the points for each criterion.","A 91-year-old male with hypertension, coronary artery disease, and a longstanding history of CD, noncompliant with a gluten-free diet, presented to the ED for evaluation of intermittent upper abdominal pain and unintentional weight loss of 10 pounds over a period of two months. His vital signs were initially normal, however, after an episode of hematemesis followed by hematochezia, he became hypotensive to 80/60 mmHg and tachycardic to 100 beats/min. Physical examination was notable for pale conjunctiva and tenderness to palpation in the upper abdomen. Laboratory evaluation revealed a white blood cell count of 13.2 x 103/uL (reference (R): 4.5-11.0 x 103/uL), hemoglobin of 5.9 g/dL (R: 12-17 g/dL), blood urea nitrogen of 34 mg/dL (R: 5-25 mg/dL), and creatinine of 0.8 mg/dL (R: 0.6-1.8 mg/dL). CT of the abdomen and pelvis demonstrated a 6.8 cm dilated proximal jejunum (Figure ).
The patient was resuscitated with four units of packed red blood cells and two liters of normal saline. Intravenous pantoprazole was administered. Surgery was consulted and a nasogastric tube was placed for gastric decompression. Small bowel enteroscopy discovered two nonbleeding superficial clean-based ulcers in the duodenum and an ulcerated jejunal mass, which appeared to be the source of bleeding. Biopsies from the mass showed an invasive, poorly differentiated adenocarcinoma. Subsequently, exploratory laparotomy revealed additional masses in the ileum and transverse colon suspicious for malignancy; thus, partial small bowel and partial colonic resection with end colostomy and Hartmann’s pouch were performed. The mass in the jejunum measured 1.7 cm x 1 cm x 0.2 cm. Pathologic evaluation revealed invasive, poorly differentiated carcinoma with gland formation only in the lesion resected from jejunum (Figure ). Cytokeratin was immunoreactive (Figure ). CK7, CK20, TTF-1, LCA, CD56, synaptophysin, and chromogranin stains were negative. Regional resected lymph nodes and other resected lesions were devoid from cancer. The American Joint Committee of Cancer (AJCC) stage was pT2N0. The patient’s post-operative course was uncomplicated, and he was discharged with outpatient oncology follow up. On follow up visit four weeks after surgery, the patient was recovering well and without any complaints. He was offered chemotherapy, but declined any treatment.","- Laboratory evaluation revealed a white blood cell count of 13.2 x 103/uL (reference (R): 4.5-11.0 x 103/uL), hemoglobin of 5.9 g/dL (R: 12-17 g/dL), blood urea nitrogen of 34 mg/dL (R: 5-25 mg/dL), and creatinine of 0.8 mg/dL (R: 0.6-1.8 mg/dL).
+ Laboratory evaluation revealed a white blood cell count of 13.2 x 103/uL (reference (R): 4.5-11.0 x 103/uL), hemoglobin of 5.9 g/dL (R: 12-17 g/dL), blood urea nitrogen of 26 mg/dL (R: 5-25 mg/dL), and creatinine of 0.8 mg/dL (R: 0.6-1.8 mg/dL).","- Laboratory evaluation revealed a white blood cell count of 13.2 x 103/uL (reference (R): 4.5-11.0 x 103/uL), hemoglobin of 5.9 g/dL (R: 12-17 g/dL), blood urea nitrogen of 34 mg/dL (R: 5-25 mg/dL), and creatinine of 0.8 mg/dL (R: 0.6-1.8 mg/dL).
+ Laboratory evaluation revealed a white blood cell count of 13.2 x 103/uL (reference (R): 4.5-11.0 x 103/uL), hemoglobin of 5.9 g/dL (R: 12-17 g/dL), blood urea nitrogen of 31 mg/dL (R: 5-25 mg/dL), and creatinine of 0.8 mg/dL (R: 0.6-1.8 mg/dL).",,,,,
M033,1,C-S2-mcv-verdict-triplets-s2,mcv_test_00409_02_v_systolic_blood_pressure,Glasgow-Blatchford Bleeding Score (GBS),Systolic blood pressure,value,numeric,stated,flip,10.77,7.605,10.926,"Under the Glasgow-Blatchford Bleeding Score (GBS), the item 'Systolic blood pressure' scores 0 points for this patient.","Under the Glasgow-Blatchford Bleeding Score (GBS), the item 'Systolic blood pressure' scores 1 point for this patient.","{""base"": 132, ""flip"": 104, ""near"": 121}","The criteria for the Glasgow-Blatchford Score are listed below:

1. BUN (mg/dL): <18.2 = 0 points, 18.2-22.3 = +2 points, 22.4-28 = +3 points, 28-70 = +4 points, >70 = +6 points
2. Hemoglobin (g/dL) for men: >=13 = 0 points, <=12-13 = +1 point, <=10-12 = +3 points, <10 = +6 points
3. Hemoglobin (g/dL) for women: >=12 = 0 points, <=10-12 = +1 point, <10 = +6 points
4. Systolic blood pressure (mm Hg): ≥110 = 0 points, 100-109 = +1 point, 90-99 = +2 points, <90 = +3 points
5. Pulse ≥100 (per minute): No = 0 points, Yes = +1 point
6. Melena present: No = 0 points, Yes = +1 point
7. Recent syncope: No = 0 points, Yes = +2 points
8. Hepatic disease history: No = 0 points, Yes = +2 points
9. Cardiac failure present: No = 0 points, Yes = +2 points

The total Glasgow-Blatchford Score is calculated by summing the points for each criterion.","A 58-year-old woman comes to the emergency department because of a 2-day history of worsening upper abdominal pain. She reports nausea and vomiting, and is unable to tolerate oral intake. She appears uncomfortable. Her temperature is 38.1°C (100.6°F), pulse is 92/min, respirations are 18/min, and blood pressure is 132/85 mm Hg. Examination shows yellowish discoloration of her sclera. Her abdomen is tender in the right upper quadrant. There is no abdominal distention or organomegaly. Laboratory studies show:
Hemoglobin 13 g/dL
Leukocyte count 16,000/mm3
Serum
Urea nitrogen
25 mg/dL
Creatinine 2 mg/dL
Alkaline phosphatase 432 U/L
Alanine aminotransferase 196 U/L
Aspartate transaminase 207 U/L
Bilirubin
Total 3.8 mg/dL
Direct 2.7 mg/dL
Lipase 82 U/L (N = 14–280)
Ultrasound of the right upper quadrant shows dilated intrahepatic and extrahepatic bile ducts and multiple hyperechoic spheres within the gallbladder. The pancreas is not well visualized. Intravenous fluid resuscitation and antibiotic therapy with ceftriaxone and metronidazole is begun. Twelve hours later, the patient appears acutely ill and is not oriented to time. Her temperature is 39.1°C (102.4°F), pulse is 105/min, respirations are 22/min, and blood pressure is 112/82 mm Hg.","- Her temperature is 38.1°C (100.6°F), pulse is 92/min, respirations are 18/min, and blood pressure is 132/85 mm Hg.
+ Her temperature is 38.1°C (100.6°F), pulse is 92/min, respirations are 18/min, and blood pressure is 104/85 mm Hg.","- Her temperature is 38.1°C (100.6°F), pulse is 92/min, respirations are 18/min, and blood pressure is 132/85 mm Hg.
+ Her temperature is 38.1°C (100.6°F), pulse is 92/min, respirations are 18/min, and blood pressure is 121/85 mm Hg.",,,,,
M034,2,C-S2-mcv-verdict-triplets-s3,mcv_test_00140_02_v_heart_rate_or_pulse,Wells' Criteria for Pulmonary Embolism,Heart rate,value,numeric,stated,flip,24.685,2.532,25.214,"Under the Wells' Criteria for Pulmonary Embolism, the item 'Heart rate' scores 0 points for this patient.","Under the Wells' Criteria for Pulmonary Embolism, the item 'Heart rate' scores 1.5 points for this patient.","{""base"": 75, ""flip"": 106, ""near"": 88}","The criteria for the Wells' Criteria for Pulmonary Embolism score are listed below:

1. Clinical signs and symptoms of DVT: No = 0 points, Yes = +3 points
2. PE is #1 diagnosis OR equally likely: No = 0 points, Yes = +3 points
3. Heart rate > 100: No = 0 points, Yes = +1.5 points
4. Immobilization at least 3 days OR surgery in the previous 4 weeks: No = 0 points, Yes = +1.5 points
5. Previous, objectively diagnosed PE or DVT: No = 0 points, Yes = +1.5 points
6. Hemoptysis: No = 0 points, Yes = +1 point
7. Malignancy with treatment within 6 months or palliative: No = 0 points, Yes = +1 point

The total score is calculated by summing the points for each criterion.","An 80-year-old male with past medical history of hypertension, dyslipidemia, and diabetes mellitus non-compliant to the prescribed medications, presented to the emergency department with 1-hour complaint of right-sided chest pain that was described as aching, non-radiating, without any aggravating or relieving factors, 10/10 in intensity, and was accompanied by nausea and two episodes of maroon-colored emesis. The patient denied any ingestion of toxic substances and any prior similar episodes. On presentation, the patient was afebrile, and blood pressure of 109/45, heart rate 75, respiratory rate of 18, and room air oximetry of 98%. Physical examination, including fundoscopy was unrevealing. Labs workup revealed serum sodium of 125 mEq/L [135-145 mEq/L], potassium 5.1 mEq/L [3.5-5.0 mEq/L], chloride 91 mEq/L [98-107 mEq/L], bicarbonate 24 mEq/L [21-24 mEq/L], urea 145,7 mg/dL [14.9 – 51.4 mg/dL], creatinine 2.95 mg/dL [0.6-1.30 mg/dL], blood glucose 492 mg/dL [70-110], WBC 13.5 [4.5-11.0 × 103/mm3], Hb 12.3 g/dL [13.5-17.5 g/dL], platelets 242,000/mm3 [140k-440k/mm3], BNP 154 pg/mL [125-450 pg/mL], and troponin 0.062 ng/mL [0.01-0.30 ng/mL]. Electrocardiogram showed normal sinus rhythm at the rate of 94 beats per minute without ST or T-wave abnormalities. Morphine was administered along with nitroglycerine for the chest pain without any improvement in symptoms. Therefore, given the persistent chest pain and concern for non-ST-segment elevation myocardial infarction, the patient was started on a heparin drip and antiplatelet therapy in the emergency department. Cardiology was consulted who performed a cardiac catheterization which did not show any critical stenosis with an estimated ejection fraction of 55%. They recommended medical therapy including anti-hypertensives, statin, and blood glucose control. The computed tomography of the abdomen and pelvis without contrast was unremarkable. Gastroenterology was then consulted due to abdominal symptoms of nausea, vomiting, and hematemesis. Patient underwent an esophagogastroduodenoscopy (EGD), which showed circumferential, black-appearing, necrotic esophageal mucosa without active bleeding extending from the mid to distal esophagus (). There was also mild chronic gastritis without any evidence of active bleeding. The patient was treated with a proton pump inhibitor and sucralfate. Patient had an uneventful hospital course lasting 5 days and was discharged with close follow up.","- On presentation, the patient was afebrile, and blood pressure of 109/45, heart rate 75, respiratory rate of 18, and room air oximetry of 98%.
+ On presentation, the patient was afebrile, and blood pressure of 109/45, heart rate 106, respiratory rate of 18, and room air oximetry of 98%.","- On presentation, the patient was afebrile, and blood pressure of 109/45, heart rate 75, respiratory rate of 18, and room air oximetry of 98%.
+ On presentation, the patient was afebrile, and blood pressure of 109/45, heart rate 88, respiratory rate of 18, and room air oximetry of 98%.",,,,,
M035,3,C-S2-mcv-verdict-triplets-s4,mcv_test_00646_00_v_temperature,SIRS Criteria,Temperature,value,numeric,stated,flip,24.664,25.004,23.865,"Under the SIRS Criteria, the item 'Temperature' scores 0 points for this patient.","Under the SIRS Criteria, the item 'Temperature' scores 1 point for this patient.","{""base"": 36.8, ""flip"": 35.5, ""near"": 36.4}","The rules for SIRS Criteria are listed below:

1. Temperature >38°C (100.4°F) or <36°C (96.8°F): No = 0 points, Yes = +1 point
2. Heart rate >90: No = 0 points, Yes = +1 point
3. Respiratory rate >20 or PaCO₂ <32 mm Hg: No = 0 points, Yes = +1 point
4. White blood cell count (WBC) >12,000/mm³, <4,000/mm³: No = 0 points, Yes = +1 point

The total number of criteria met is taken by summing the score for each criteria.","A 25-year-old man with no past medical history presented to the emergency department (ED) with two days of intractable vomiting, increasing confusion, and progressive difficulty breathing. The patient denied tobacco or recreational drug use.
Upon arrival to the ED, vital signs were within normal range with a blood pressure of 123/61 mmHg, a temperature of 36.8 degree Celsius, a heart rate of 92 beats per minute, and a respiratory rate of 19 respirations per minute. The physical exam showed an obese, lethargic patient, responsive to verbal stimuli. The lung, heart, and abdomen exam were unremarkable and there was no neck crepitus noted. The laboratory evaluation showed leukocytosis of 25.96 x 1000/mm3, elevated creatinine of 2.17 mg/dL, hyperglycemia of 836 mg/dL, hyponatremia of 128 mEq/L, hyperkalemia of 5.2 mEq/L, and bicarbonate of 5 mEq/L. The anion gap was 25 and a venous blood gas showed a pH of 6.91. Urinalysis was positive for 2+ ketones and 1+ protein.
The patient was admitted to the intensive care unit with a new diagnosis of diabetes mellitus complicated with DKA. Intravenous normal saline, bicarbonate, and insulin drip were initiated. The chest X-ray on admission suggested findings compatible with pneumomediastinum (Figure ). Chest computed tomography (CT) was obtained and reaffirmed the findings (Figures -). Pneumomediastinum in the setting of intractable vomiting was worrisome for esophageal rupture and since our facility was not staffed to manage this clinical entity, the patient was emergently transferred to another facility. The patient was treated conservatively with analgesia and respiratory support and was discharged several days later without any complications.","- Upon arrival to the ED, vital signs were within normal range with a blood pressure of 123/61 mmHg, a temperature of 36.8 degree Celsius, a heart rate of 92 beats per minute, and a respiratory rate of 19 respirations per minute.
+ Upon arrival to the ED, vital signs were within normal range with a blood pressure of 123/61 mmHg, a temperature of 35.5 degree Celsius, a heart rate of 92 beats per minute, and a respiratory rate of 19 respirations per minute.","- Upon arrival to the ED, vital signs were within normal range with a blood pressure of 123/61 mmHg, a temperature of 36.8 degree Celsius, a heart rate of 92 beats per minute, and a respiratory rate of 19 respirations per minute.
+ Upon arrival to the ED, vital signs were within normal range with a blood pressure of 123/61 mmHg, a temperature of 36.4 degree Celsius, a heart rate of 92 beats per minute, and a respiratory rate of 19 respirations per minute.",,,,,
M036,4,C-S2-mcv-verdict-triplets-s0,mcv_test_00646_00_v_temperature,SIRS Criteria,Temperature,value,numeric,stated,flip,23.414,11.366,23.172,"Under the SIRS Criteria, the item 'Temperature' scores 0 points for this patient.","Under the SIRS Criteria, the item 'Temperature' scores 1 point for this patient.","{""base"": 36.8, ""flip"": 35.5, ""near"": 36.4}","The rules for SIRS Criteria are listed below:

1. Temperature >38°C (100.4°F) or <36°C (96.8°F): No = 0 points, Yes = +1 point
2. Heart rate >90: No = 0 points, Yes = +1 point
3. Respiratory rate >20 or PaCO₂ <32 mm Hg: No = 0 points, Yes = +1 point
4. White blood cell count (WBC) >12,000/mm³, <4,000/mm³: No = 0 points, Yes = +1 point

The total number of criteria met is taken by summing the score for each criteria.","A 25-year-old man with no past medical history presented to the emergency department (ED) with two days of intractable vomiting, increasing confusion, and progressive difficulty breathing. The patient denied tobacco or recreational drug use.
Upon arrival to the ED, vital signs were within normal range with a blood pressure of 123/61 mmHg, a temperature of 36.8 degree Celsius, a heart rate of 92 beats per minute, and a respiratory rate of 19 respirations per minute. The physical exam showed an obese, lethargic patient, responsive to verbal stimuli. The lung, heart, and abdomen exam were unremarkable and there was no neck crepitus noted. The laboratory evaluation showed leukocytosis of 25.96 x 1000/mm3, elevated creatinine of 2.17 mg/dL, hyperglycemia of 836 mg/dL, hyponatremia of 128 mEq/L, hyperkalemia of 5.2 mEq/L, and bicarbonate of 5 mEq/L. The anion gap was 25 and a venous blood gas showed a pH of 6.91. Urinalysis was positive for 2+ ketones and 1+ protein.
The patient was admitted to the intensive care unit with a new diagnosis of diabetes mellitus complicated with DKA. Intravenous normal saline, bicarbonate, and insulin drip were initiated. The chest X-ray on admission suggested findings compatible with pneumomediastinum (Figure ). Chest computed tomography (CT) was obtained and reaffirmed the findings (Figures -). Pneumomediastinum in the setting of intractable vomiting was worrisome for esophageal rupture and since our facility was not staffed to manage this clinical entity, the patient was emergently transferred to another facility. The patient was treated conservatively with analgesia and respiratory support and was discharged several days later without any complications.","- Upon arrival to the ED, vital signs were within normal range with a blood pressure of 123/61 mmHg, a temperature of 36.8 degree Celsius, a heart rate of 92 beats per minute, and a respiratory rate of 19 respirations per minute.
+ Upon arrival to the ED, vital signs were within normal range with a blood pressure of 123/61 mmHg, a temperature of 35.5 degree Celsius, a heart rate of 92 beats per minute, and a respiratory rate of 19 respirations per minute.","- Upon arrival to the ED, vital signs were within normal range with a blood pressure of 123/61 mmHg, a temperature of 36.8 degree Celsius, a heart rate of 92 beats per minute, and a respiratory rate of 19 respirations per minute.
+ Upon arrival to the ED, vital signs were within normal range with a blood pressure of 123/61 mmHg, a temperature of 36.4 degree Celsius, a heart rate of 92 beats per minute, and a respiratory rate of 19 respirations per minute.",,,,,
M037,1,C-S2-mcv-verdict-triplets-s1,mcv_test_00409_02_v_systolic_blood_pressure,Glasgow-Blatchford Bleeding Score (GBS),Systolic blood pressure,value,numeric,stated,flip,14.493,12.228,15.505,"Under the Glasgow-Blatchford Bleeding Score (GBS), the item 'Systolic blood pressure' scores 0 points for this patient.","Under the Glasgow-Blatchford Bleeding Score (GBS), the item 'Systolic blood pressure' scores 1 point for this patient.","{""base"": 132, ""flip"": 104, ""near"": 121}","The criteria for the Glasgow-Blatchford Score are listed below:

1. BUN (mg/dL): <18.2 = 0 points, 18.2-22.3 = +2 points, 22.4-28 = +3 points, 28-70 = +4 points, >70 = +6 points
2. Hemoglobin (g/dL) for men: >=13 = 0 points, <=12-13 = +1 point, <=10-12 = +3 points, <10 = +6 points
3. Hemoglobin (g/dL) for women: >=12 = 0 points, <=10-12 = +1 point, <10 = +6 points
4. Systolic blood pressure (mm Hg): ≥110 = 0 points, 100-109 = +1 point, 90-99 = +2 points, <90 = +3 points
5. Pulse ≥100 (per minute): No = 0 points, Yes = +1 point
6. Melena present: No = 0 points, Yes = +1 point
7. Recent syncope: No = 0 points, Yes = +2 points
8. Hepatic disease history: No = 0 points, Yes = +2 points
9. Cardiac failure present: No = 0 points, Yes = +2 points

The total Glasgow-Blatchford Score is calculated by summing the points for each criterion.","A 58-year-old woman comes to the emergency department because of a 2-day history of worsening upper abdominal pain. She reports nausea and vomiting, and is unable to tolerate oral intake. She appears uncomfortable. Her temperature is 38.1°C (100.6°F), pulse is 92/min, respirations are 18/min, and blood pressure is 132/85 mm Hg. Examination shows yellowish discoloration of her sclera. Her abdomen is tender in the right upper quadrant. There is no abdominal distention or organomegaly. Laboratory studies show:
Hemoglobin 13 g/dL
Leukocyte count 16,000/mm3
Serum
Urea nitrogen
25 mg/dL
Creatinine 2 mg/dL
Alkaline phosphatase 432 U/L
Alanine aminotransferase 196 U/L
Aspartate transaminase 207 U/L
Bilirubin
Total 3.8 mg/dL
Direct 2.7 mg/dL
Lipase 82 U/L (N = 14–280)
Ultrasound of the right upper quadrant shows dilated intrahepatic and extrahepatic bile ducts and multiple hyperechoic spheres within the gallbladder. The pancreas is not well visualized. Intravenous fluid resuscitation and antibiotic therapy with ceftriaxone and metronidazole is begun. Twelve hours later, the patient appears acutely ill and is not oriented to time. Her temperature is 39.1°C (102.4°F), pulse is 105/min, respirations are 22/min, and blood pressure is 112/82 mm Hg.","- Her temperature is 38.1°C (100.6°F), pulse is 92/min, respirations are 18/min, and blood pressure is 132/85 mm Hg.
+ Her temperature is 38.1°C (100.6°F), pulse is 92/min, respirations are 18/min, and blood pressure is 104/85 mm Hg.","- Her temperature is 38.1°C (100.6°F), pulse is 92/min, respirations are 18/min, and blood pressure is 132/85 mm Hg.
+ Her temperature is 38.1°C (100.6°F), pulse is 92/min, respirations are 18/min, and blood pressure is 121/85 mm Hg.",,,,,
M038,2,C-S2-mcv-verdict-triplets-s2,mcv_test_00412_03_v_heart_rate_or_pulse,Glasgow-Blatchford Bleeding Score (GBS),Pulse,value,numeric,stated,"base, near",-2.929,-13.653,-3.239,"Under the Glasgow-Blatchford Bleeding Score (GBS), the item 'Pulse' scores 1 point for this patient.","Under the Glasgow-Blatchford Bleeding Score (GBS), the item 'Pulse' scores 0 points for this patient.","{""base"": 120, ""flip"": 94, ""near"": 110}","The criteria for the Glasgow-Blatchford Score are listed below:

1. BUN (mg/dL): <18.2 = 0 points, 18.2-22.3 = +2 points, 22.4-28 = +3 points, 28-70 = +4 points, >70 = +6 points
2. Hemoglobin (g/dL) for men: >=13 = 0 points, <=12-13 = +1 point, <=10-12 = +3 points, <10 = +6 points
3. Hemoglobin (g/dL) for women: >=12 = 0 points, <=10-12 = +1 point, <10 = +6 points
4. Systolic blood pressure (mm Hg): ≥110 = 0 points, 100-109 = +1 point, 90-99 = +2 points, <90 = +3 points
5. Pulse ≥100 (per minute): No = 0 points, Yes = +1 point
6. Melena present: No = 0 points, Yes = +1 point
7. Recent syncope: No = 0 points, Yes = +2 points
8. Hepatic disease history: No = 0 points, Yes = +2 points
9. Cardiac failure present: No = 0 points, Yes = +2 points

The total Glasgow-Blatchford Score is calculated by summing the points for each criterion.","The patient was a 76-year-old woman who presented to our emergency room with a 3-day history of general weakness, fever, and oliguria and a 7-day history of nausea, and vomiting. The patient was bedridden due to a compression fracture of the 1st lumbar vertebra sustained 5 days prior to presentation. The patient had been taking appropriate oral medications for DM and hypertension for the past 40 years and had not developed any specific renal disease. Her prescribed oral hypoglycemic agents at the time of presentation were metformin (500 mg twice per day) and dapagliflozin (10 mg/day). Other daily medications included ezetimibe/rosuvastatin calcium (10 mg/5.2 mg), clopidogrel (75 mg), nicorandil (5 mg), imipramine (25 mg), tolterodine (4 mg), and tamsulosin (0.2 mg). Blood pressure, pulse rate, respiration rate, and body temperature at presentation were 160/80 mmHg, 120/min, 20/min, and 37.5°C, respectively. The patient was alert but experiencing malaise. Her oral mucosa was dry and skin turgor had decreased. Chest auscultation results were normal, but her abdomen was distended with decreased bowel sounds. A peripheral blood test at admission showed a white blood cell (WBC) count of 11,800/μL (neutrophils 85.3%), hemoglobin of 13 g/dL, a platelet count of 173,000/μL, and an erythrocyte sedimentation rate of 12 mm/hour. Serum biochemical examination showed the following: glucose, 410 mg/dL; blood urea nitrogen, 41.7 mg/dL; creatinine (Cr), 3.2 mg/dL; albumin, 3.8 g/dL; total cholesterol, 93 mg/dL; calcium, 8.1 mg/dL; phosphorus, 4.7 mg/dL; uric acid, 6.1 mg/dL; C-reactive protein, 54 mg/L; glycated hemoglobin (HbA1C), 8.1%; insulin, 3.3 μIU/mL (reference range, 2.6–24.9 μIU/mL); and C-peptide, 1 ng/mL (reference range, 1.1–4.4 ng/mL). Urinalysis with microscopic examination showed albumin 3+, occult blood 2+, a WBC count of 20–30/high power field, and a red blood cell count of 10–30/high power field (dysmorphic 90%). Spot urine protein to Cr ratio was 1.14 g/g. After urinary catheterization, her urine output was 1950 mL suggesting azotemia due to postrenal acute kidney injury. Abdominal computed tomography scan showed diffuse paralytic ileus and bilateral pyeloureteritis (Fig. A, B). Treatment with empirical broad-spectrum antibiotics (ceftriaxone) was initiated along with fluid therapy and total parenteral nutrition after insertion of a nasogastric tube. Fasting was prescribed. The oral hypoglycemic agents were discontinued. On day 3 of hospitalization, the patient was transitioned to a full-liquid diet through a nasogastric tube because she showed improvement in renal function (serum Cr, 0.7 mg/dL); paralytic ileus was also less severe. Treatment with metformin (1000 mg/day) and dapagliflozin (10 mg/day) was reinstituted. Previous outpatient medications were also retained and no new medications were added. Extended spectrum beta-lactamase negative, ceftriaxone–sensitive Escherichia coli was isolated from urine cultures. However, on day 6 of hospitalization, she developed consciousness alterations, including confusion, lethargy, and stupor, along with nausea, vomiting, and abdominal pain. Arterial blood gas analysis showed a pH of 6.904, partial pressure of carbon dioxide of 12.0 mmHg, and HCO3− of 3.1 mmol/L, suggestive of high anion gap metabolic acidosis with respiratory compensation. Based on the results of serum biochemical examination (Table ), we suspected eu-DKA accompanied by hypovolemia, hypernatremia, and hypokalemia. For the first 6 hours after discontinuation of dapagliflozin, we performed intravenous fluid therapy with 0.9% saline at a rate of 250 mL/hour (h) for 2 hours followed by 100 mL/h, 5% dextrose in water (5% D/W) (100 mL/h), and KCl (40 mEq/L). Regular insulin (RI) and sodium bicarbonate were not administered considering the blood glucose levels (range, 150–250 mg/dL) and arterial blood pH (>6.9). Because disturbances in serum electrolyte levels continued for 6 hours after intravenous fluid resuscitation (Table ), administration of 0.45% saline (100 mL/h) with KCl (20 mEq/L), 5% D/W (50 mL/h), and RI (2.5 U/h, 0.05 U/kg/h) was maintained. Brain magnetic resonance imaging of the patient showed no specific abnormalities, including the absence of acute ischemic brain lesions. Eventually, the patient started enteral feeding of free water through a nasogastric tube while being administered a mixed solution of 0.45% saline and 5% D/W with RI. Additional biochemical results are described in Table . After the 8th day of hospitalization, consciousness and laboratory findings improved; however, dapagliflozin was not resumed. The patient was discharged on the 14th hospital day because of resolution of consciousness impairment and laboratory abnormalities, and the patient is currently receiving insulin (glargine/insulin lispro) and metformin for management of DM.","- Blood pressure, pulse rate, respiration rate, and body temperature at presentation were 160/80 mmHg, 120/min, 20/min, and 37.5°C, respectively.
+ Blood pressure, pulse rate, respiration rate, and body temperature at presentation were 160/80 mmHg, 94/min, 20/min, and 37.5°C, respectively.","- Blood pressure, pulse rate, respiration rate, and body temperature at presentation were 160/80 mmHg, 120/min, 20/min, and 37.5°C, respectively.
+ Blood pressure, pulse rate, respiration rate, and body temperature at presentation were 160/80 mmHg, 110/min, 20/min, and 37.5°C, respectively.",,,,,
M039,3,C-S2-mcv-verdict-triplets-s3,mcv_test_00202_00_v_bilirubin,Child-Pugh Score for Cirrhosis Mortality,Bilirubin (Total),value,numeric,stated,"base, near",-1.162,-1.881,-1.156,"Under the Child-Pugh Score for Cirrhosis Mortality, the item 'Bilirubin (Total)' scores 3 points for this patient.","Under the Child-Pugh Score for Cirrhosis Mortality, the item 'Bilirubin (Total)' scores 2 points for this patient.","{""base"": 4.3, ""flip"": 2.8, ""near"": 3.7}","The criteria for the Child-Pugh Score are listed below:

1. Bilirubin (Total): <2 mg/dL (<34.2 μmol/L) = +1 point, 2-3 mg/dL (34.2-51.3 μmol/L) = +2 points, >3 mg/dL (>51.3 μmol/L) = +3 points
2. Albumin: >3.5 g/dL (>35 g/L) = +1 point, 2.8-3.5 g/dL (28-35 g/L) = +2 points, <2.8 g/dL (<28 g/L) = +3 points
3. INR: <1.7 = +1 point, 1.7-2.3 = +2 points, >2.3 = +3 points
4. Ascites: Absent = +1 point, Slight = +2 points, Moderate = +3 points
5. Encephalopathy: No Encephalopathy = +1 point, Grade 1-2 = +2 points, Grade 3-4 = +3 points
(Grade 0: normal consciousness, personality, neurological examination, electroencephalogram
Grade 1: restless, sleep disturbed, irritable/agitated, tremor, impaired handwriting, 5 cps waves
Grade 2: lethargic, time-disoriented, inappropriate, asterixis, ataxia, slow triphasic waves
Grade 3: somnolent, stuporous, place-disoriented, hyperactive reflexes, rigidity, slower waves
Grade 4: unrousable coma, no personality/behavior, decerebrate, slow 2-3 cps delta activity)

The Child-Pugh Score is calculated by summing the points for each criterion.","A 70-year-old Mongolian man was referred to our hospital suffering from high-grade fever and chills. He had a past medical history of esophageal varices rupture 20 years before. Since then, he had visited our hospital for alcoholic liver cirrhosis and diabetes mellitus. He received a treatment for ascites caused by liver cirrhosis. Urinary diuresis was not effective because of low Na level and dehydration. As liver function was relatively suppressed, he underwent Denver shunt implantation 9 months before presentation. After the operation of Denver shunt implantation, ascites rapidly disappeared. Diabetes mellitus was controlled well (HbA1c 6.3%) by a oral hypoglycemic agent (glimepiride 3 mg/day).
This time, he developed high-grade fever with chills and without gastrointestinal symptoms. His body temperature was 38.5°C, but he was hemodynamically stable with normal mental status. Initial laboratory results were as follows: white blood cell count 7,700/μl, hemoglobin 12.9 g/dl, platelets 5.6 × 104/μl PT-INR 1.43, CRP 5.0 mg/dl, aspartate aminotransferase (AST) 349 IU/l, alanine aminotransferase (ALT) 353 IU/l, alkaline phosphatase (ALP) 522 IU/l, gamma-glutamyl transferase (GGT) 104 IU/l, total bilirubin (T-bil) 4.3 mg/dl and albumin 4.1 g/dl. Abdominal ultrasonography (US) showed multiple small low-echoic lesions in the right lobe of the liver (fig. ). These findings were further confirmed by abdominal enhanced computed tomography (CT) that showed peripheral enhancement with central hypodense multiple small lesions in the right lobe of the liver with no ascites (fig. ). After admission to our hospital, he underwent echocardiography, chest CT, esophagogastroduodenoscopy and colonoscopy, however, no other sources of infection could be detected. Blood culture was negative and anti-amebic antibody was also negative. He was treated for pyogenic liver abscesses with sulbactam/cefoperazone for 2 weeks and subsequently changed to levofloxacin for 2 months. The liver abscesses disappeared after the antibiotic treatment and liver function normalized to original levels (AST 44 IU/l, ALT 37 IU/l, ALP 336 IU/l, GGT 85 IU/l and T-bil 0.9 mg/dl). However, 3 months later, he suffered from high-grade fever with chills and no other symptoms. Laboratory results were as follows: white blood cell count 7,400/μl, platelets 4.6 × 104/μl, CRP 9.2 mg/dl, AST 933 IU/l, ALT 1,202 IU/l, ALP 870 IU/l, GGT 93 IU/l and T-bil 4.0 mg/dl. Abdominal enhanced CT showed multiple small lesions in both lobes of the liver (fig. 2). Blood culture was negative. Sulbactam/cefoperazone had no effects. Meropenem was administered for 2 weeks, followed by levofloxacin for 2 months, and liver function rapidly normalized to original levels (AST 43 IU/l, ALT 30 IU/l, ALP 435 IU/l, GGT 87 IU/l and T-bil 1.8 mg/dl). After the levofloxacin treatment, the disappearance of liver abscess was confirmed (fig. ). We started selective intestinal decontamination by administering kanamycin (2 g/day) to prevent the occurrence of abdominal infection. Since then, he has had no recurrence of liver abscess for over a year.","- Initial laboratory results were as follows: white blood cell count 7,700/μl, hemoglobin 12.9 g/dl, platelets 5.6 × 104/μl PT-INR 1.43, CRP 5.0 mg/dl, aspartate aminotransferase (AST) 349 IU/l, alanine aminotransferase (ALT) 353 IU/l, alkaline phosphatase (ALP) 522 IU/l, gamma-glutamyl transferase (GGT) 104 IU/l, total bilirubin (T-bil) 4.3 mg/dl and albumin 4.1 g/dl.
+ Initial laboratory results were as follows: white blood cell count 7,700/μl, hemoglobin 12.9 g/dl, platelets 5.6 × 104/μl PT-INR 1.43, CRP 5.0 mg/dl, aspartate aminotransferase (AST) 349 IU/l, alanine aminotransferase (ALT) 353 IU/l, alkaline phosphatase (ALP) 522 IU/l, gamma-glutamyl transferase (GGT) 104 IU/l, total bilirubin (T-bil) 2.8 mg/dl and albumin 4.1 g/dl.","- Initial laboratory results were as follows: white blood cell count 7,700/μl, hemoglobin 12.9 g/dl, platelets 5.6 × 104/μl PT-INR 1.43, CRP 5.0 mg/dl, aspartate aminotransferase (AST) 349 IU/l, alanine aminotransferase (ALT) 353 IU/l, alkaline phosphatase (ALP) 522 IU/l, gamma-glutamyl transferase (GGT) 104 IU/l, total bilirubin (T-bil) 4.3 mg/dl and albumin 4.1 g/dl.
+ Initial laboratory results were as follows: white blood cell count 7,700/μl, hemoglobin 12.9 g/dl, platelets 5.6 × 104/μl PT-INR 1.43, CRP 5.0 mg/dl, aspartate aminotransferase (AST) 349 IU/l, alanine aminotransferase (ALT) 353 IU/l, alkaline phosphatase (ALP) 522 IU/l, gamma-glutamyl transferase (GGT) 104 IU/l, total bilirubin (T-bil) 3.7 mg/dl and albumin 4.1 g/dl.",,,,,
M040,4,C-S2-mcv-verdict-triplets-s4,mcv_test_00548_03_v_diastolic_blood_pressure,CURB-65 Score for Pneumonia Severity,Systolic BP or Diastolic BP,value,numeric,stated,flip,27.146,26.748,26.405,"Under the CURB-65 Score for Pneumonia Severity, the item 'Systolic BP or Diastolic BP' scores 0 points for this patient.","Under the CURB-65 Score for Pneumonia Severity, the item 'Systolic BP or Diastolic BP' scores 1 point for this patient.","{""base"": 69.0, ""flip"": 57.0, ""near"": 65.0}","The CURB-65 Score criteria are listed below:

1. Confusion: No = 0 points, Yes = +1 point
2. BUN >19 mg/dL (>7 mmol/L urea): No = 0 points, Yes = +1 point
3. Respiratory Rate ≥30: No = 0 points, Yes = +1 point
4. Systolic BP <90 mmHg or Diastolic BP ≤60 mmHg: No = 0 points, Yes = +1 point
5. Age ≥65: No = 0 points, Yes = +1 point

The total CURB-65 score is calculated by summing the points for each criterion.","An eighteen year old African American male presented to the emergency room with a 1-week history of sore throat, muscle aches, fever, headache, and photophobia. He also complained of nausea, one episode of vomiting, and abdominal pain. He was a college student and lived in a dormitory. He denied any recent travel or contact with ill people. Past medical history was significant for sickle cell trait and Osgood Schlatter’s disease. He was up to date on vaccinations.
Physical examination revealed a tall, thinly built young man, in mild pain with an oral temperature of 97.5°F, blood pressure of 114/69 mmHg, heart rate of 89 beats per minute (BPM) and respirations of 18/minute. He had injected conjunctiva of the right eye, and pharyngeal and tonsillar exudates. The examination of the central nervous system revealed neck stiffness; Kernig’s and Brudzinski’s signs were not elicited. Cranial nerves were intact. The power and deep tendon reflexes were essentially normal. The rest of the systemic examinations were unremarkable.
Hemoglobin was 17.5 g/dL, hematocrit 50.8 g/dL, and white count 20.3 × 109/L with 89% granulocytosis, and platelet count of 35 × 109/L. Basic metabolic profile was within normal limits, except for a potassium level of 3.2 meq/L, blood urea nitrogen of 44.9 mg/dL, and creatinine of 2.3 mg/dL. Chest X-ray revealed bilateral infiltrates in the middle and lower lung fields. Computed tomography (CT) of the head was unremarkable. The patient declined lumbar puncture. The blood culture grew penicillin sensitive Group C Streptococcus (GCS) within 24 hours of incubation. A few hours into the admission, he developed third and sixth nerve palsy. Further work-up revealed right cavernous and ophthalmic vein thrombosis on magnetic resonance imaging ( and ). Multiple patchy cavitary lesions on both lungs were seen in the chest CT. There was no vegetation on transesophageal echocardiogram. The oculomotor and abducens palsies resolved after medical management for 16 days.","- Physical examination revealed a tall, thinly built young man, in mild pain with an oral temperature of 97.5°F, blood pressure of 114/69 mmHg, heart rate of 89 beats per minute (BPM) and respirations of 18/minute.
+ Physical examination revealed a tall, thinly built young man, in mild pain with an oral temperature of 97.5°F, blood pressure of 114/57 mmHg, heart rate of 89 beats per minute (BPM) and respirations of 18/minute.","- Physical examination revealed a tall, thinly built young man, in mild pain with an oral temperature of 97.5°F, blood pressure of 114/69 mmHg, heart rate of 89 beats per minute (BPM) and respirations of 18/minute.
+ Physical examination revealed a tall, thinly built young man, in mild pain with an oral temperature of 97.5°F, blood pressure of 114/65 mmHg, heart rate of 89 beats per minute (BPM) and respirations of 18/minute.",,,,,
M041,1,C-S2-mcv-verdict-triplets-s0,mcv_test_00553_03_v_diastolic_blood_pressure,CURB-65 Score for Pneumonia Severity,Systolic BP or Diastolic BP,value,numeric,stated,"base, near",-19.648,-19.039,-17.829,"Under the CURB-65 Score for Pneumonia Severity, the item 'Systolic BP or Diastolic BP' scores 1 point for this patient.","Under the CURB-65 Score for Pneumonia Severity, the item 'Systolic BP or Diastolic BP' scores 0 points for this patient.","{""base"": 57.0, ""flip"": 62.0, ""near"": 59.0}","The CURB-65 Score criteria are listed below:

1. Confusion: No = 0 points, Yes = +1 point
2. BUN >19 mg/dL (>7 mmol/L urea): No = 0 points, Yes = +1 point
3. Respiratory Rate ≥30: No = 0 points, Yes = +1 point
4. Systolic BP <90 mmHg or Diastolic BP ≤60 mmHg: No = 0 points, Yes = +1 point
5. Age ≥65: No = 0 points, Yes = +1 point

The total CURB-65 score is calculated by summing the points for each criterion.","A 78-year-old man presented to the emergency department with dyspnea and fever for 6 hours. He was not currently employed and had no history of cigarette smoking or alcohol ingestion. He had no underlying disease. Besides, he had no hospital admission, antimicrobial use history and healthcare institution visiting record in 1 year. On admission, he appeared acutely ill. His blood pressure was 104/57 mmHg, respiratory rate 20 breaths per minute, pulse rate 110 beats per minute, and body temperature 38.2°C. A regular heart rhythm was observed. There were coarse breath sounds with crackles in the right lung field.
The laboratory results were as follows: white blood cell count 3,900/mm3 (72.5% neutrophils, 20.4% lymphocytes, 4.7% monocytes, 2.82% eosinophils), hemoglobin 12.2 g/dL, platelet count 197,000/mm3, C-reactive protein 1.24 mg/dL, blood urea nitrogen 28.2 mg/dL, creatinine 1.24 mg/dL, aspartate aminotransferase 16 UI/L, alanine aminotransferase 10 IU/L, total bilirubin 0.9 mg/dL, total protein 6.0 g/dL, and albumin 3.5 g/dL. The arterial blood gas analysis breathing room air was pH 7.44, pCO2 24.1 mmHg, pO2 59.0 mmHg, HCO3– 17 mmol/L, and O2 saturation 87%. A plain chest radiograph showed patchy consolidations in the right middle and lower lobes (). Chest computed tomography (CT) showed lobar pneumonia in the right middle and lower lobes (). He was diagnosed with CAP. Intravenous piperacillin/tazobactam and ciprofloxacin were administered empirically.
Five hours after admission, his respiratory distress worsened, and he was treated with oxygen at 6 L/min via mask. On the second day after admission, intravenous teicoplanin was administered because of a persistent fever. On the third day, A. baumannii was identified in cultures of both sputum and in two of three pairs of blood samples taken on admission. A. baumannii was identified using Matrix-assisted laser desorption/ionization time-of-flight mass spectrometry (MALDI-TOF MS, Bruker Daltonics GmbH, Bremen, Germany) on a Microflex spectrometer (Bruker Daltonics GmbH, Germany). Antimicrobial susceptibilities were determined using VITEK-2 system (bioMerieux, Marcy I'Etoile, France). The bacterial isolate was resistant to multiple drugs, except colistin, tigecycline, minocycline, amikacin, and gentamicin (). Therefore, the antibiotics were changed to intravenous colistin and oral minocycline.
On the 6th day after admission, his vital signs stabilized and the fever subsided. Follow-up chest radiography and CT showed improved consolidation. No A. baumannii grew in the follow-up blood cultures. On the 26th day after admission, because of colistin-induced nephropathy, the antibiotics were switched to tigecycline. On the 48th day after admission, the chest radiograph and chest CT showed that the pneumonia had improved ( and ). The patient was discharged on day 56 and followed as an outpatient with no significant complications.","- His blood pressure was 104/57 mmHg, respiratory rate 20 breaths per minute, pulse rate 110 beats per minute, and body temperature 38.2°C.
+ His blood pressure was 104/62 mmHg, respiratory rate 20 breaths per minute, pulse rate 110 beats per minute, and body temperature 38.2°C.","- His blood pressure was 104/57 mmHg, respiratory rate 20 breaths per minute, pulse rate 110 beats per minute, and body temperature 38.2°C.
+ His blood pressure was 104/59 mmHg, respiratory rate 20 breaths per minute, pulse rate 110 beats per minute, and body temperature 38.2°C.",,,,,
M042,2,C-S2-mcv-verdict-triplets-s1,mcv_test_00559_03_v_diastolic_blood_pressure,CURB-65 Score for Pneumonia Severity,Systolic BP or Diastolic BP,value,numeric,stated,flip,26.641,14.744,20.453,"Under the CURB-65 Score for Pneumonia Severity, the item 'Systolic BP or Diastolic BP' scores 0 points for this patient.","Under the CURB-65 Score for Pneumonia Severity, the item 'Systolic BP or Diastolic BP' scores 1 point for this patient.","{""base"": 70.0, ""flip"": 57.0, ""near"": 65.0}","The CURB-65 Score criteria are listed below:

1. Confusion: No = 0 points, Yes = +1 point
2. BUN >19 mg/dL (>7 mmol/L urea): No = 0 points, Yes = +1 point
3. Respiratory Rate ≥30: No = 0 points, Yes = +1 point
4. Systolic BP <90 mmHg or Diastolic BP ≤60 mmHg: No = 0 points, Yes = +1 point
5. Age ≥65: No = 0 points, Yes = +1 point

The total CURB-65 score is calculated by summing the points for each criterion.","A 43-year-old man presented with a 2-day history of dyspnea and chest pain after shouting in a quarrel with his wife. He had presented to a local clinic with fever, cough, sputum, and odynophagia 3 days previously, and was treated for acute pharyngitis. Before the onset of symptoms, he was in good health and had no significant past medical history except for 50 pack-years smoking history. Vital signs on admission were blood pressure 120/70 mm Hg, heart rate 100/min, respiration rate 28/min, and body temperature 38.7℃. On physical examination, there was swelling and tenderness in the left cervical area. Crackles were noted in both cervical areas. Coarse breath sounds were noted in both lung fields, and crackles were noted in the left lower lung field.
Leukocyte count was 13000/mm3 (85.2% neutrophils, 9.4% lymphocytes, 4.7% monocytes, 0.2% eosinophils), hemoglobin 13.0 g/dL, and platelet count 229000/mm3. The results of arterial blood gas analysis in room air were pH 7.491, PaCO2 25.2 mm Hg, PaO2 62.4 mm Hg, HCO3- 21.8 mmol/L, and SaO2 94.2%. Liver function tests were normal. Serum total protein was 6.5 g/dL, albumin 3.5 g/dL, blood urea nitrogen 20.0 mg/dL, creatinine 1.2 mg/dL, sodium 135 mmol/L, potassium 4.2 mmol/L, creatine phosphokinase 431 IU/L, lactate dehydrogenase 658 IU/L, and high sensitivity C-reactive protein 30.7 mg/dL. Urinalysis was normal.
An initial chest radiography showed linear air trapping parallel to the border of the trachea, bilateral pleural effusion that was more severe on the left side, and consolidations in both lower lungs (). A chest computed tomography (CT) scan revealed air collection around the airway and mediastinum, infiltration around the mediastinum, and bilateral pleural effusions ().
Laryngoscopy was performed by an otolaryngologist, and a small pharyngeal perforation in the right side of the vallecula was seen. A cervical CT scan also showed lacerations in the same area (). Analysis of the pleural fluid on the left side was consistent with parapneumonic effusions (pH 8.0, red blood cell count 3840/mm3, white blood cell count 2880/mm3, neutrophils 95%, total protein 4.6 g/dL, albumin 2.5 g/dL, lactate dehydrogenase 27198 IU/L, glucose 27 mg/dL). Intravenous moxifloxacin was started. In addition, chest tubes were inserted on both sides and supplemental oxygen was administered. Laryngoscopy was repeated 2 days later, and the previously-noted small pharyngeal perforation was not seen. Blood and pleural fluid cultures were negative, but fever and leukocytosis persisted. Antibiotics were broadened to piperacillin-tazobactam and amikacin. Fifteen days after admission, a follow-up chest radiography showed resolution of air trapping around the mediastinum and regression of parapneumonic effusions. The patient's symptoms and laboratory results continuously improved, and the patient was discharged 29 days after admission.","- Vital signs on admission were blood pressure 120/70 mm Hg, heart rate 100/min, respiration rate 28/min, and body temperature 38.7℃.
+ Vital signs on admission were blood pressure 120/57 mm Hg, heart rate 100/min, respiration rate 28/min, and body temperature 38.7℃.","- Vital signs on admission were blood pressure 120/70 mm Hg, heart rate 100/min, respiration rate 28/min, and body temperature 38.7℃.
+ Vital signs on admission were blood pressure 120/65 mm Hg, heart rate 100/min, respiration rate 28/min, and body temperature 38.7℃.",,,,,
M043,3,C-S2-mcv-verdict-triplets-s2,mcv_test_00552_03_v_diastolic_blood_pressure,CURB-65 Score for Pneumonia Severity,Systolic BP or Diastolic BP,value,numeric,stated,flip,23.686,18.631,22.519,"Under the CURB-65 Score for Pneumonia Severity, the item 'Systolic BP or Diastolic BP' scores 0 points for this patient.","Under the CURB-65 Score for Pneumonia Severity, the item 'Systolic BP or Diastolic BP' scores 1 point for this patient.","{""base"": 78.0, ""flip"": 57.0, ""near"": 69.0}","The CURB-65 Score criteria are listed below:

1. Confusion: No = 0 points, Yes = +1 point
2. BUN >19 mg/dL (>7 mmol/L urea): No = 0 points, Yes = +1 point
3. Respiratory Rate ≥30: No = 0 points, Yes = +1 point
4. Systolic BP <90 mmHg or Diastolic BP ≤60 mmHg: No = 0 points, Yes = +1 point
5. Age ≥65: No = 0 points, Yes = +1 point

The total CURB-65 score is calculated by summing the points for each criterion.","A 52-year-old man is brought to the emergency department with dry cough, shortness of breath, and low-grade fever that began 6 days ago. He also reports that he has had 3 episodes of watery diarrhea per day for the last 2 days. He appears slightly pale. His temperature is 38.0°C (100.4°F), pulse is 65/min, respirations are 15/min, and blood pressure is 140/78 mm Hg. Diffuse crackles are heard over bibasilar lung fields. Laboratory studies show:
Hemoglobin 13.8 g/dL
Leukocyte count 16,000/mm3
Platelet count 150,000/mm3
Serum
Na+ 131 mEq/L
Cl- 102 mEq/L
K+ 4.7 mEq/L
HCO3- 26 mEq/L
Urea nitrogen 18 mg/dL
Creatinine 1.2 mg/dL
An x-ray of the chest shows patchy infiltrates in both lungs.","- His temperature is 38.0°C (100.4°F), pulse is 65/min, respirations are 15/min, and blood pressure is 140/78 mm Hg.
+ His temperature is 38.0°C (100.4°F), pulse is 65/min, respirations are 15/min, and blood pressure is 140/57 mm Hg.","- His temperature is 38.0°C (100.4°F), pulse is 65/min, respirations are 15/min, and blood pressure is 140/78 mm Hg.
+ His temperature is 38.0°C (100.4°F), pulse is 65/min, respirations are 15/min, and blood pressure is 140/69 mm Hg.",,,,,
M044,4,C-S2-mcv-verdict-triplets-s3,mcv_test_00409_02_v_systolic_blood_pressure,Glasgow-Blatchford Bleeding Score (GBS),Systolic blood pressure,value,numeric,stated,flip,6.9,6.913,6.922,"Under the Glasgow-Blatchford Bleeding Score (GBS), the item 'Systolic blood pressure' scores 0 points for this patient.","Under the Glasgow-Blatchford Bleeding Score (GBS), the item 'Systolic blood pressure' scores 1 point for this patient.","{""base"": 132, ""flip"": 104, ""near"": 121}","The criteria for the Glasgow-Blatchford Score are listed below:

1. BUN (mg/dL): <18.2 = 0 points, 18.2-22.3 = +2 points, 22.4-28 = +3 points, 28-70 = +4 points, >70 = +6 points
2. Hemoglobin (g/dL) for men: >=13 = 0 points, <=12-13 = +1 point, <=10-12 = +3 points, <10 = +6 points
3. Hemoglobin (g/dL) for women: >=12 = 0 points, <=10-12 = +1 point, <10 = +6 points
4. Systolic blood pressure (mm Hg): ≥110 = 0 points, 100-109 = +1 point, 90-99 = +2 points, <90 = +3 points
5. Pulse ≥100 (per minute): No = 0 points, Yes = +1 point
6. Melena present: No = 0 points, Yes = +1 point
7. Recent syncope: No = 0 points, Yes = +2 points
8. Hepatic disease history: No = 0 points, Yes = +2 points
9. Cardiac failure present: No = 0 points, Yes = +2 points

The total Glasgow-Blatchford Score is calculated by summing the points for each criterion.","A 58-year-old woman comes to the emergency department because of a 2-day history of worsening upper abdominal pain. She reports nausea and vomiting, and is unable to tolerate oral intake. She appears uncomfortable. Her temperature is 38.1°C (100.6°F), pulse is 92/min, respirations are 18/min, and blood pressure is 132/85 mm Hg. Examination shows yellowish discoloration of her sclera. Her abdomen is tender in the right upper quadrant. There is no abdominal distention or organomegaly. Laboratory studies show:
Hemoglobin 13 g/dL
Leukocyte count 16,000/mm3
Serum
Urea nitrogen
25 mg/dL
Creatinine 2 mg/dL
Alkaline phosphatase 432 U/L
Alanine aminotransferase 196 U/L
Aspartate transaminase 207 U/L
Bilirubin
Total 3.8 mg/dL
Direct 2.7 mg/dL
Lipase 82 U/L (N = 14–280)
Ultrasound of the right upper quadrant shows dilated intrahepatic and extrahepatic bile ducts and multiple hyperechoic spheres within the gallbladder. The pancreas is not well visualized. Intravenous fluid resuscitation and antibiotic therapy with ceftriaxone and metronidazole is begun. Twelve hours later, the patient appears acutely ill and is not oriented to time. Her temperature is 39.1°C (102.4°F), pulse is 105/min, respirations are 22/min, and blood pressure is 112/82 mm Hg.","- Her temperature is 38.1°C (100.6°F), pulse is 92/min, respirations are 18/min, and blood pressure is 132/85 mm Hg.
+ Her temperature is 38.1°C (100.6°F), pulse is 92/min, respirations are 18/min, and blood pressure is 104/85 mm Hg.","- Her temperature is 38.1°C (100.6°F), pulse is 92/min, respirations are 18/min, and blood pressure is 132/85 mm Hg.
+ Her temperature is 38.1°C (100.6°F), pulse is 92/min, respirations are 18/min, and blood pressure is 121/85 mm Hg.",,,,,
M045,1,C-S2-mcv-verdict-triplets-s4,mcv_test_00409_03_v_heart_rate_or_pulse,Glasgow-Blatchford Bleeding Score (GBS),Pulse,value,numeric,stated,"base, near",-14.327,-18.825,-13.36,"Under the Glasgow-Blatchford Bleeding Score (GBS), the item 'Pulse' scores 0 points for this patient.","Under the Glasgow-Blatchford Bleeding Score (GBS), the item 'Pulse' scores 1 point for this patient.","{""base"": 92, ""flip"": 103, ""near"": 96}","The criteria for the Glasgow-Blatchford Score are listed below:

1. BUN (mg/dL): <18.2 = 0 points, 18.2-22.3 = +2 points, 22.4-28 = +3 points, 28-70 = +4 points, >70 = +6 points
2. Hemoglobin (g/dL) for men: >=13 = 0 points, <=12-13 = +1 point, <=10-12 = +3 points, <10 = +6 points
3. Hemoglobin (g/dL) for women: >=12 = 0 points, <=10-12 = +1 point, <10 = +6 points
4. Systolic blood pressure (mm Hg): ≥110 = 0 points, 100-109 = +1 point, 90-99 = +2 points, <90 = +3 points
5. Pulse ≥100 (per minute): No = 0 points, Yes = +1 point
6. Melena present: No = 0 points, Yes = +1 point
7. Recent syncope: No = 0 points, Yes = +2 points
8. Hepatic disease history: No = 0 points, Yes = +2 points
9. Cardiac failure present: No = 0 points, Yes = +2 points

The total Glasgow-Blatchford Score is calculated by summing the points for each criterion.","A 58-year-old woman comes to the emergency department because of a 2-day history of worsening upper abdominal pain. She reports nausea and vomiting, and is unable to tolerate oral intake. She appears uncomfortable. Her temperature is 38.1°C (100.6°F), pulse is 92/min, respirations are 18/min, and blood pressure is 132/85 mm Hg. Examination shows yellowish discoloration of her sclera. Her abdomen is tender in the right upper quadrant. There is no abdominal distention or organomegaly. Laboratory studies show:
Hemoglobin 13 g/dL
Leukocyte count 16,000/mm3
Serum
Urea nitrogen
25 mg/dL
Creatinine 2 mg/dL
Alkaline phosphatase 432 U/L
Alanine aminotransferase 196 U/L
Aspartate transaminase 207 U/L
Bilirubin
Total 3.8 mg/dL
Direct 2.7 mg/dL
Lipase 82 U/L (N = 14–280)
Ultrasound of the right upper quadrant shows dilated intrahepatic and extrahepatic bile ducts and multiple hyperechoic spheres within the gallbladder. The pancreas is not well visualized. Intravenous fluid resuscitation and antibiotic therapy with ceftriaxone and metronidazole is begun. Twelve hours later, the patient appears acutely ill and is not oriented to time. Her temperature is 39.1°C (102.4°F), pulse is 105/min, respirations are 22/min, and blood pressure is 112/82 mm Hg.","- Her temperature is 38.1°C (100.6°F), pulse is 92/min, respirations are 18/min, and blood pressure is 132/85 mm Hg.
+ Her temperature is 38.1°C (100.6°F), pulse is 103/min, respirations are 18/min, and blood pressure is 132/85 mm Hg.","- Her temperature is 38.1°C (100.6°F), pulse is 92/min, respirations are 18/min, and blood pressure is 132/85 mm Hg.
+ Her temperature is 38.1°C (100.6°F), pulse is 96/min, respirations are 18/min, and blood pressure is 132/85 mm Hg.",,,,,
M046,2,C-S2-mcv-verdict-triplets-s0,mcv_test_00653_00_v_temperature,SIRS Criteria,Temperature,value,numeric,stated,flip,20.532,12.957,20.743,"Under the SIRS Criteria, the item 'Temperature' scores 1 point for this patient.","Under the SIRS Criteria, the item 'Temperature' scores 0 points for this patient.","{""base"": 102.6, ""flip"": 99.4, ""near"": 101.5}","The rules for SIRS Criteria are listed below:

1. Temperature >38°C (100.4°F) or <36°C (96.8°F): No = 0 points, Yes = +1 point
2. Heart rate >90: No = 0 points, Yes = +1 point
3. Respiratory rate >20 or PaCO₂ <32 mm Hg: No = 0 points, Yes = +1 point
4. White blood cell count (WBC) >12,000/mm³, <4,000/mm³: No = 0 points, Yes = +1 point

The total number of criteria met is taken by summing the score for each criteria.","A 78-year-old African-American female presented to the hospital with complaints of worsening right elbow pain and swelling for six months. She described the pain as a dull ache that worsened with movement and, over time, was unable to fully move the arm. She denied any history of trauma or any other joint involvement. She had a past medical history of stage IIIC ovarian Mullerian tumor with peritoneal carcinomatosis, requiring abdominal hysterectomy with bilateral salpingo-oophorectomy and neoadjuvant chemotherapy with paclitaxel and carboplatin, which was completed two years ago. She was born in the United States and was a retired accountant. She denied any travel outside the country or exposure to TB cases in the United States. Her medications included meloxicam and alendronate.
On initial presentation, her vitals were significant for a temperature of 102.6 F, a respiratory rate of 22 breaths/minute, a pulse rate of 87/minute, and blood pressure of 124/66 mm Hg. The physical examination was remarkable for right elbow erythema, swelling, effusion, and tenderness to palpation. Her range of motion was restricted to only five degrees of flexion and extension at the right elbow joint. The laboratory evaluation revealed leukocytosis of 12.3 x 103/µL, a uric acid level of 7.1 mg/dL, a C-reactive protein of 115 mg/L, and an erythrocyte sedimentation rate of 104 mm/h. An X-ray and computed tomography (CT) of the elbow joint demonstrated bony erosive changes, joint space narrowing, and large effusion in the elbow joint. Magnetic resonance imaging (MRI) of the elbow joint revealed large joint effusion, synovitis, and osteomyelitis of the surrounding bones (Figure ). Blood cultures were drawn and the patient was started on intravenous vancomycin and piperacillin-tazobactam for presumptive pyogenic septic arthritis. She underwent incision and drainage of the right elbow after an unsuccessful attempt at arthrocentesis. Preliminary blood and surgical cultures were negative for bacterial growth. She was discharged home with empiric intravenous antibiotic therapy for six weeks, home wound care, and occupational therapy.
The patient’s symptoms initially improved but about three weeks later, she returned to the hospital with worsening right elbow pain and swelling. Acid-fast bacillus (AFB) cultures sent at the time of initial incision and drainage became positive for acid-fast bacilli (Figure ), and her antibiotics were switched to azithromycin, meropenem, and doxycycline to cover for atypical mycobacteria. A deoxyribonucleic acid (DNA) probe of the acid-fast bacilli was positive for Mycobacterium tuberculosis (MTB), and the patient was started on four-drug anti-tuberculosis therapy, including rifampin, ethambutol, isoniazid, and pyrazinamide with pyridoxine. Final culture results confirmed the presence of the Mycobacterium tuberculosis complex and susceptibilities revealed a non-resistant MTB strain. She was then evaluated for disseminated disease with a CT chest, abdomen, and pelvis. Her CT chest results were remarkable for multiple left, upper lobe nodules and left lower lobe air-space consolidation (Figure ). The patient denied ever having any symptoms of cough, shortness of breath, hemoptysis, and weight loss. She did report having night sweats and chronic fatigue. Bronchoscopy was performed and bronchoalveolar lavage fluid cultures were positive for MTB. She was diagnosed with active TB of the lungs and the elbow joint, possibly as a reactivation of latent TB. The HIV test was negative. The patient was discharged home on the four-drug anti-tuberculous regimen for 12 months under the supervision of the health department. At a four-month follow-up visit, the patient showed significant improvement in her symptoms.","- On initial presentation, her vitals were significant for a temperature of 102.6 F, a respiratory rate of 22 breaths/minute, a pulse rate of 87/minute, and blood pressure of 124/66 mm Hg.
+ On initial presentation, her vitals were significant for a temperature of 99.4 F, a respiratory rate of 22 breaths/minute, a pulse rate of 87/minute, and blood pressure of 124/66 mm Hg.","- On initial presentation, her vitals were significant for a temperature of 102.6 F, a respiratory rate of 22 breaths/minute, a pulse rate of 87/minute, and blood pressure of 124/66 mm Hg.
+ On initial presentation, her vitals were significant for a temperature of 101.5 F, a respiratory rate of 22 breaths/minute, a pulse rate of 87/minute, and blood pressure of 124/66 mm Hg.",,,,,
M047,3,C-S2-mcv-verdict-triplets-s1,mcv_test_00546_01_v_blood_urea_nitrogen_bun,CURB-65 Score for Pneumonia Severity,BUN,value,numeric,stated,flip,23.101,1.14,16.543,"Under the CURB-65 Score for Pneumonia Severity, the item 'BUN' scores 1 point for this patient.","Under the CURB-65 Score for Pneumonia Severity, the item 'BUN' scores 0 points for this patient.","{""base"": 39.0, ""flip"": 18.0, ""near"": 29.0}","The CURB-65 Score criteria are listed below:

1. Confusion: No = 0 points, Yes = +1 point
2. BUN >19 mg/dL (>7 mmol/L urea): No = 0 points, Yes = +1 point
3. Respiratory Rate ≥30: No = 0 points, Yes = +1 point
4. Systolic BP <90 mmHg or Diastolic BP ≤60 mmHg: No = 0 points, Yes = +1 point
5. Age ≥65: No = 0 points, Yes = +1 point

The total CURB-65 score is calculated by summing the points for each criterion.","A 70-year-old man with a past medical history significant for hypertension, diabetes mellitus, chronic kidney disease stage 4, and prostate cancer stage 4 on outpatient chemotherapy at another facility presented to our emergency department with complaints of vomiting and nausea a day prior to admission. He had three episodes of nonbloody, non-bilious, and nonbloody diarrhea as well. The patient had one-day history of productive cough with whitish sputum and subjective fevers. Patient, though adherent with chemotherapy, had admitted that he was not able to take his other home medications. In the ED, patient had a temperature of 103.1degrees F, heart rate of 98 beats per minute, blood pressure of 102/55 mmHg, respiratory rate of 18 breaths per minute, glucose of 121 mg/dl. Physical exam was significant for conscious, alert and oriented to person, place, and time; pink and moist mucosa, right surgical scar at the right hypochondriac, soft, nontender, bowel sounds were present. Pertinent abnormal labs include: white blood cell count (WBC), 14.5 units/mcl (reference range: 4.80-10.80 units/mcl) with neutrophils of 82.1% (reference range: 44%-70%), blood urea nitrogen (BUN) 39 mg/dl (reference range: 7-18 mg/dl), creatinine (Cr) 3.8 mg/dl (reference range: 0.7-1.2 mg/dl), calcium (Ca) 7.7 mg/dl (reference range: 8.5-10.1 mg/dl). Chest x-ray showed a focal area of consolidation involving the left midlung. Patient was admitted and managed on the medical floor for sepsis likely secondary hospital acquired pneumonia especially given his immunocompromised state. Patient was started on IV vancomycin and piperacillin-tazobactam in the emergency department.
During the course of the hospitalization, infectious disease was consulted and they recommended to start the patient on IV cefepime 1 g Q24 hours, oral linezolid 600 mg Q12H, and oral clindamycin 450 mg Q8H. In addition, patient was started on calcium acetate for his hypocalcemia and was continued on sodium bicarbonate 1300 mg Q8H for his AKI on CKD. After two days the cefepime dose was increased to 2 mg. Two days after increasing the dose of cefepime, patient started developing altered mental status. Patient was alert and oriented only to person, incoherent and expressed thoughts like “I would kill myself if I had the chance” so the cefepime was discontinued and within one day the patient was more conversant, denied any suicidal ideations and was alert and oriented to person and place. In addition, the BUN and creatinine (Cr) levels trended up to 41 mg/dl and 5.4 mg/dl. So the calcium acetate was switched to calcium carbonate and calcitriol. After making these changes the Cr level trended down to 3.4 mg/dl. In addition, the corrected Calcium level was at normal levels based on the albumin level of the patient. The mental status improved and patient was subsequently discharged. Table provides the electrolyte levels.","- Pertinent abnormal labs include: white blood cell count (WBC), 14.5 units/mcl (reference range: 4.80-10.80 units/mcl) with neutrophils of 82.1% (reference range: 44%-70%), blood urea nitrogen (BUN) 39 mg/dl (reference range: 7-18 mg/dl), creatinine (Cr) 3.8 mg/dl (reference range: 0.7-1.2 mg/dl), calcium (Ca) 7.7 mg/dl (reference range: 8.5-10.1 mg/dl).
+ Pertinent abnormal labs include: white blood cell count (WBC), 14.5 units/mcl (reference range: 4.80-10.80 units/mcl) with neutrophils of 82.1% (reference range: 44%-70%), blood urea nitrogen (BUN) 18 mg/dl (reference range: 7-18 mg/dl), creatinine (Cr) 3.8 mg/dl (reference range: 0.7-1.2 mg/dl), calcium (Ca) 7.7 mg/dl (reference range: 8.5-10.1 mg/dl).","- Pertinent abnormal labs include: white blood cell count (WBC), 14.5 units/mcl (reference range: 4.80-10.80 units/mcl) with neutrophils of 82.1% (reference range: 44%-70%), blood urea nitrogen (BUN) 39 mg/dl (reference range: 7-18 mg/dl), creatinine (Cr) 3.8 mg/dl (reference range: 0.7-1.2 mg/dl), calcium (Ca) 7.7 mg/dl (reference range: 8.5-10.1 mg/dl).
+ Pertinent abnormal labs include: white blood cell count (WBC), 14.5 units/mcl (reference range: 4.80-10.80 units/mcl) with neutrophils of 82.1% (reference range: 44%-70%), blood urea nitrogen (BUN) 29 mg/dl (reference range: 7-18 mg/dl), creatinine (Cr) 3.8 mg/dl (reference range: 0.7-1.2 mg/dl), calcium (Ca) 7.7 mg/dl (reference range: 8.5-10.1 mg/dl).",,,,,
M048,4,C-S2-mcv-verdict-triplets-s2,mcv_test_00558_01_v_blood_urea_nitrogen_bun,CURB-65 Score for Pneumonia Severity,BUN,value,numeric,stated,flip,12.428,5.001,8.467,"Under the CURB-65 Score for Pneumonia Severity, the item 'BUN' scores 1 point for this patient.","Under the CURB-65 Score for Pneumonia Severity, the item 'BUN' scores 0 points for this patient.","{""base"": 32.0, ""flip"": 18.0, ""near"": 26.0}","The CURB-65 Score criteria are listed below:

1. Confusion: No = 0 points, Yes = +1 point
2. BUN >19 mg/dL (>7 mmol/L urea): No = 0 points, Yes = +1 point
3. Respiratory Rate ≥30: No = 0 points, Yes = +1 point
4. Systolic BP <90 mmHg or Diastolic BP ≤60 mmHg: No = 0 points, Yes = +1 point
5. Age ≥65: No = 0 points, Yes = +1 point

The total CURB-65 score is calculated by summing the points for each criterion.","A 68-year-old man is admitted to the emergency department after 2 days of difficulty breathing and fever. His past medical history is significant for hypertension and benign prostate hypertrophy. He takes hydrochlorothiazide and tamsulosin.  He also admits to drinking alcohol on the weekends and a half pack a day smoking habit. Upon admission, he is found to have blood pressure of 125/83 mm Hg, pulse of 88/min, a respiratory rate of 28/min, and a temperature of 38.9°C (102°F). On physical exam breath sounds are decreased at the left pulmonary base. A chest x-ray reveals consolidation in the left lower lobe. Additional laboratory tests demonstrate leukocytosis, elevated C-reactive protein, a serum creatinine (Cr) of 8.0 mg/dL, and a blood urea nitrogen (BUN) of 32 mg/dL. The patient is admitted to the hospital and started on cefepime and clarithromycin. His dyspnea slowly improves after 48 hours, however, his body temperature remains at 39°C (102.2°F). Recent laboratory tests show reduced C-reactive protein levels, a Cr of 1.8 mg/dL and a BUN of 35 mg/dL. A urinalysis is ordered.","- Additional laboratory tests demonstrate leukocytosis, elevated C-reactive protein, a serum creatinine (Cr) of 8.0 mg/dL, and a blood urea nitrogen (BUN) of 32 mg/dL.
+ Additional laboratory tests demonstrate leukocytosis, elevated C-reactive protein, a serum creatinine (Cr) of 8.0 mg/dL, and a blood urea nitrogen (BUN) of 18 mg/dL.","- Additional laboratory tests demonstrate leukocytosis, elevated C-reactive protein, a serum creatinine (Cr) of 8.0 mg/dL, and a blood urea nitrogen (BUN) of 32 mg/dL.
+ Additional laboratory tests demonstrate leukocytosis, elevated C-reactive protein, a serum creatinine (Cr) of 8.0 mg/dL, and a blood urea nitrogen (BUN) of 26 mg/dL.",,,,,
M049,1,C-S2-mcv-verdict-triplets-s3,mcv_test_00411_00_v_blood_urea_nitrogen_bun,Glasgow-Blatchford Bleeding Score (GBS),BUN,value,numeric,stated,"base, near",-0.967,-2.008,-1.082,"Under the Glasgow-Blatchford Bleeding Score (GBS), the item 'BUN' scores 4 points for this patient.","Under the Glasgow-Blatchford Bleeding Score (GBS), the item 'BUN' scores 6 points for this patient.","{""base"": 62, ""flip"": 75, ""near"": 66}","The criteria for the Glasgow-Blatchford Score are listed below:

1. BUN (mg/dL): <18.2 = 0 points, 18.2-22.3 = +2 points, 22.4-28 = +3 points, 28-70 = +4 points, >70 = +6 points
2. Hemoglobin (g/dL) for men: >=13 = 0 points, <=12-13 = +1 point, <=10-12 = +3 points, <10 = +6 points
3. Hemoglobin (g/dL) for women: >=12 = 0 points, <=10-12 = +1 point, <10 = +6 points
4. Systolic blood pressure (mm Hg): ≥110 = 0 points, 100-109 = +1 point, 90-99 = +2 points, <90 = +3 points
5. Pulse ≥100 (per minute): No = 0 points, Yes = +1 point
6. Melena present: No = 0 points, Yes = +1 point
7. Recent syncope: No = 0 points, Yes = +2 points
8. Hepatic disease history: No = 0 points, Yes = +2 points
9. Cardiac failure present: No = 0 points, Yes = +2 points

The total Glasgow-Blatchford Score is calculated by summing the points for each criterion.","A 78-year-old man presented to our emergency department (ED) with a complaint of melena for 2 days. He had a medical history of cerebral infarction, which had been treated with 100 mg/day aspirin, hypertension, and duodenal ulcer. He stopped taking aspirin on the day before arrival at our ED. His blood pressure was 77/53 mmHg, with a heart rate of 90 b.p.m. and a respiratory rate of 18 breaths/min. The Glasgow Coma Scale score was E4V4M6, and his body temperature was 36.7°C on arrival. Physical examination showed significant facial and conjunctival pallor. Laboratory findings revealed anemia (Hb, 6.4 g/dL) and high blood urea nitrogen to creatinine ratio (62 mg/dL and 1.25 mg/dL, respectively). Given his symptoms of anemia and melena, upper gastrointestinal bleeding was suspected as the cause of hemorrhagic shock.
Transfusion with 2 units of red blood cells was initiated in the ED. An esophagogastroduodenoscopy (EGD) revealed a gastric ulcer with a visible vessel. The heat probe coagulation method was undertaken immediately to treat the visible vessel in the base of the gastric ulcer (Fig. ).
On day 6 and day 8 following his admission, the patient suffered massive hematemesis. He underwent a repeat EGD accordingly, the result of which was unremarkable. On day 11 after admission, he had recurrent massive hematemesis along with passing of black stools. He had no nasopharyngeal symptoms. His circulatory status was again compromised with blood pressure of 74/56 mmHg and heart rate of 124 b.p.m. Hb decreased from 8.9 to 7.6 g/dL, but no coagulopathy developed. He was intubated, and 6 units of red blood cells and 8 units of fresh frozen plasma were given. Esophagogastroduodenoscopy did not reveal any obvious source of bleeding in the upper gastrointestinal tract. However, fresh blood was incidentally noticed to be dripping from the pharynx into the esophagus and stomach. Posterior nasal bleeding was strongly suspected, and we carried out posterior nasal packing on both sides with Foley catheters. Transnasal endoscopy revealed nasal polyps with bleeding in the right superior nasal meatus. Endoscopic sinus surgery for cauterizing the bleeding sites was carried out (Fig. ). He developed a hemorrhage again and underwent endoscopic sinus surgery for radical treatment to the nasal polyps on day 16. The pathological diagnosis was “nasal polyp,” characterized by an infiltration of inflammatory cells including neutrophilic leukocytes, lymphocytes, and plasma cells, and epithelial metaplasia. It is important to note that, throughout his hospitalization, he did not have coagulopathy or thrombocytopenia.
The patient had an uneventful postoperative course during the rest of his hospital stay and was discharged on day 26.","- Laboratory findings revealed anemia (Hb, 6.4 g/dL) and high blood urea nitrogen to creatinine ratio (62 mg/dL and 1.25 mg/dL, respectively).
+ Laboratory findings revealed anemia (Hb, 6.4 g/dL) and high blood urea nitrogen to creatinine ratio (75 mg/dL and 1.25 mg/dL, respectively).","- Laboratory findings revealed anemia (Hb, 6.4 g/dL) and high blood urea nitrogen to creatinine ratio (62 mg/dL and 1.25 mg/dL, respectively).
+ Laboratory findings revealed anemia (Hb, 6.4 g/dL) and high blood urea nitrogen to creatinine ratio (66 mg/dL and 1.25 mg/dL, respectively).",,,,,
M050,2,C-S2-mcv-verdict-triplets-s4,mcv_test_00130_02_v_heart_rate_or_pulse,Wells' Criteria for Pulmonary Embolism,Heart rate,value,numeric,stated,"base, near",-19.622,-25.906,-20.535,"Under the Wells' Criteria for Pulmonary Embolism, the item 'Heart rate' scores 0 points for this patient.","Under the Wells' Criteria for Pulmonary Embolism, the item 'Heart rate' scores 1.5 points for this patient.","{""base"": 96.0, ""flip"": 103.0, ""near"": 98.0}","The criteria for the Wells' Criteria for Pulmonary Embolism score are listed below:

1. Clinical signs and symptoms of DVT: No = 0 points, Yes = +3 points
2. PE is #1 diagnosis OR equally likely: No = 0 points, Yes = +3 points
3. Heart rate > 100: No = 0 points, Yes = +1.5 points
4. Immobilization at least 3 days OR surgery in the previous 4 weeks: No = 0 points, Yes = +1.5 points
5. Previous, objectively diagnosed PE or DVT: No = 0 points, Yes = +1.5 points
6. Hemoptysis: No = 0 points, Yes = +1 point
7. Malignancy with treatment within 6 months or palliative: No = 0 points, Yes = +1 point

The total score is calculated by summing the points for each criterion.","A 34-year-old male patient was admitted with complaints of cough and fever for 2 weeks. He had history of similar complaints in the past in the form of frequent episodes of cough with expectoration for which he was hospitalized and treated with intravenous (IV) antibiotics. He had no history of dyspnea, chest pain or pedal edema. General physical examination was unremarkable except for grade I clubbing. Clinical examination revealed blood pressure of 118/84 mm Hg in right upper limb in supine position with pulse rate of 96/min, regular, normal volume with a normal character with no radio-radial or radio-femoral delay and all peripheral pulses equally palpable. The jugular venous pressure was raised 2 cm above the angle of Louis with a prominent c-v pattern. The apical impulse was in the fifth intercostals space medial to the midclavicular line. The S1 was normal, and S2 was narrowly split with loud P2 component. There was pan-systolic murmur along the left lower sternal border radiating all over the precordium. On systemic examination, respiratory system showed barrel-shaped chest with anteroposterior and transverse diameter ratio of 1, widely spaced ribs and increased resonance to percussion, and breath sounds decreased in intensity symmetrically with prolonged expiration. Rest of the examination was normal. On investigations, total leukocytes were 14,200/mm3, polymorphs 72%, lymphocytes 22%, monocytes 4%, eosinophils 2%, hemoglobin 15.1 g%, platelets 211,000/mm3, ESR 14 mm first h and fasting blood sugar was 98 mg%. Blood culture was negative for any growth. Sputum culture showed streptococcus pneumonia sensitive to amoxicillin, and patient was treated accordingly. On chest radiography, there were bronchiectatic changes. Electrocardiogram showed normal sinus rhythm with heart rate of 102 and right axis deviation. In lead II, III and aVF, P-wave was tall and peaked with maximum P-wave amplitude > 7 mm and larger than QRS complex in lead II (). P-wave axis was +82°. This was referred as Himalayan P-waves suggestive of right atrial enlargement. Precordial leads showed slow R-wave progression with right ventricular strain pattern (). The 2D transthoracic echocardiography revealed enlarged right atrium and right ventricle with severe tricuspid regurgitation, pulmonary arterial hypertension and preserved ejection fraction. So these findings were consistent with sequelae of COPD. The findings of bronchiectasis were confirmed on HRCT chest as evident by cystic bronchiectasis with bronchial wall thickening and mucous plugging (). The bronchial dilation was also seen, lack of bronchial tapering and visibility of airways within 1 cm of the pleural surface, i.e., abutting the mediastinal pleural surface ().","- Clinical examination revealed blood pressure of 118/84 mm Hg in right upper limb in supine position with pulse rate of 96/min, regular, normal volume with a normal character with no radio-radial or radio-femoral delay and all peripheral pulses equally palpable.
+ Clinical examination revealed blood pressure of 118/84 mm Hg in right upper limb in supine position with pulse rate of 103/min, regular, normal volume with a normal character with no radio-radial or radio-femoral delay and all peripheral pulses equally palpable.","- Clinical examination revealed blood pressure of 118/84 mm Hg in right upper limb in supine position with pulse rate of 96/min, regular, normal volume with a normal character with no radio-radial or radio-femoral delay and all peripheral pulses equally palpable.
+ Clinical examination revealed blood pressure of 118/84 mm Hg in right upper limb in supine position with pulse rate of 98/min, regular, normal volume with a normal character with no radio-radial or radio-femoral delay and all peripheral pulses equally palpable.",,,,,
M051,3,C-S2-mcv-verdict-triplets-s0,mcv_test_00312_01_s_negation,Centor Score (Modified/McIsaac) for Strep Pharyngitis,Exudate or swelling on tonsils,sentence,negation,denied,base,-2.585,-30.149,7.473,"Under the Centor Score (Modified/McIsaac) for Strep Pharyngitis, the item 'Exudate or swelling on tonsils' scores 0 points for this patient.","Under the Centor Score (Modified/McIsaac) for Strep Pharyngitis, the item 'Exudate or swelling on tonsils' scores 1 point for this patient.",null,"The criteria listed in the Centor Score formula are listed below:

1. Age: 3-14 years = +1 point, 15-44 years = 0 points, ≥45 years = -1 point
2. Exudate or swelling on tonsils: No = 0 points, Yes = +1 point
3. Tender/swollen anterior cervical lymph nodes: No = 0 points, Yes = +1 point
4. Temperature >38°C (100.4°F): No = 0 points, Yes = +1 point
5. Cough: Cough present = 0 points, Cough absent = +1 point

The Centor score is calculated by summing the points for each criterion.","A 17-year-old male presents to the emergency department with a three-day history of sore throat. He reports that the sore throat seems to be getting worse and is starting to affect the character of his voice. He also endorses headache and decreased appetite secondary to difficulty swallowing. The patient’s past medical history is significant for infectious mononucleosis one year ago, which he reports has fully resolved. He denies any recent sexual activity. Several of his friends at school have also been ill recently. His temperature is 102.4°F (39.1°C), blood pressure is 119/83 mmHg, pulse is 107/min, and respirations are 18/min. On physical exam you note the findings in Figure A. He has cervical lymphadenopathy, and he speaks with a muffled voice.","+ On review, the patient has tonsillar exudate.","+ On review, the patient is free of tonsillar exudate.",,,,,
M052,4,C-S2-mcv-verdict-triplets-s1,mcv_test_00545_00_s_subject,CURB-65 Score for Pneumonia Severity,Confusion,sentence,subject,default,base,-1.122,-29.196,5.341,"Under the CURB-65 Score for Pneumonia Severity, the item 'Confusion' scores 0 points for this patient.","Under the CURB-65 Score for Pneumonia Severity, the item 'Confusion' scores 1 point for this patient.",null,"The CURB-65 Score criteria are listed below:

1. Confusion: No = 0 points, Yes = +1 point
2. BUN >19 mg/dL (>7 mmol/L urea): No = 0 points, Yes = +1 point
3. Respiratory Rate ≥30: No = 0 points, Yes = +1 point
4. Systolic BP <90 mmHg or Diastolic BP ≤60 mmHg: No = 0 points, Yes = +1 point
5. Age ≥65: No = 0 points, Yes = +1 point

The total CURB-65 score is calculated by summing the points for each criterion.","A 67-year-old male with a 6-day history of fever and shortness of breath was admitted to the emergency department on August 15, 2019. This patient had a fever, chill, cough, and progressive dyspnea after being in the rain on August 9, 2019, without a sore throat, chest pain, hemoptysis, paroxysmal dyspnea, dizziness, nausea, abdominal distension, abdominal pain or diarrhea. He first went to a local clinic and was treated with “anti-inflammatory drugs (the specific name is unknown)”, but his symptoms became more severe and rapidly progressive. One day before admission, the patient started having aggravated dyspnea, listlessness, and difficulty talking while lying down, then this patient presented to our emergency room (ER).
The physical exam revealed the following: T 36°C, P 82bpm, RR 28/min, BP 107/64mmHg, SpO2 72%, WBC 20.36×10^9/L, N 18.31×10^9/L; arterial blood gas (ABG) showed PH 7.12, PO2 55mmHg, PCO2 56mmHg, SaO2 85%, Lactate 4.4mmol/L, BE-11.7mmol/L; BUN 18.1mmol/L, creatinine 166umol/L; BNP 249.83pg/mL with peripheral cyanosis and bilateral wheezing. Chest computed tomography (CT) showed a dense consolidation site in the right lung with scattered shadows in both lungs, accompanying by mediastinal and right hilar lymphadenopathy, the CT results indicated the infection lesion (). He had been healthy previously, but he was a smoker with a 30-year history. He did not use illicit drugs and had no known allergies to medications. He worked as a farmer and have no family history. He was diagnosed as follows: 1. Severe pneumonia 2. Sepsis 3. Septic shock 4. Multiple organ dysfunction syndrome (MODS) 5. Type II respiratory failure 6. Heart failure 7. Acute renal insufficiency 8. Metabolic acidosis 9. Chronic bronchitis.
Laboratory examinations were supplemented and the results were as follows (August 31, 2019): Blood routine: neutrophil count 7.29×10^9/L, lymphocyte count 0.97×10^9/L, monocyte count 0.82×10^9/L, neutrophil percentage 79.2%, lymphocyte percentage 10.5%, red blood cell count 3.01×10^12/L, hemoglobin 86 g/L, hematocrit 0.28 L/L, mean corpuscular hemoglobin 305 g/L, platelet distribution width 9.2fl, C-reactive protein (CRP) 106.44 mg/L; hepatorenal function: ALT 15U/L, AST 13U/L, Creatinine 75umol/L. Orotracheal intubation was applied to help the patient’s respiration, assisting with the PB840 ventilator. Combined with the examination results of chest CT, the patient was provided with imipenem and cilastatin sodium 1.0g q12h, linezolid 0.6g q12h, and moxifloxacin 0.4g qd for anti-infection therapy. After a 3-day treatment, this patient still had a high fever with a maximum body temperature of 38.5°C. Continuous invasive mechanical ventilation was performed to assist the respiration, meanwhile, continuous vasoactive drugs and intravenous nutrition support were given to him.
Sputum cultures were collected and Gram stain revealed no squamous epithelial cells, few neutrophils, and Gram-negative rods. Within one day, sputum sample results showed P. aeruginosa and multidrug-resistant Acinetobacter baumannii (). Besides, fiberscope secretion cultures showed P. aeruginosa, which is sensitive to amikacin, gentamicin and piperacillin sodium and tazobactam sodium, intermediate to ciprofloxacin and ceftazidime, but resistant to imipenem and meropenem (). Based on the culture results, we changed the treatment strategy to the combination of polymyxin B (50IU, q12h) and amikacin (0.6g, qd) for 30 days, instead of imipenem (1g q12h) and cilastatin sodium (500mg, q12h).
The patient’s body temperature was back to 37°C, measured by a clinical thermometer for armpit use for 10 minutes. His cough was significantly alleviated with white viscous sputum. On day 21, laboratory examinations demonstrated the erythrocyte sedimentation rate (ESR), CRP and procalcitonin were negative; AST 14U/L, total protein 63.2g/L, albumin 30.3g/L, total calcium 2.1mmol/L, phosphorus 0.84mmol/L, sialic acid 723mg/L. On day 23, chest CT was rechecked to confirm the curative effect, which showed the formation of a pulmonary thick-walled cavity in the apical segment of the left upper lobe, with multiple small opacities, branching signs, bronchial wall thickening, and fibrous lesion. The inflammation of the cavity wall was obviously reduced compared with the first CT images (). The patient was discharged in a stable condition on day 35, and he was given acetylcysteine tablets 0.6g/box, 1 tablet, bid. The final diagnoses on discharge were represented: 1. Severe pneumonia 2. Sepsis 3. Septic shock 4. MODS 5. Type II respiratory failure 6. Heart failure 7. Acute renal insufficiency 8. Metabolic acidosis 9. Chronic bronchitis 10. Hypoproteinemia.
After he was discharged, a regular follow-up of 2 weeks was performed to monitor his condition until most indicators came back to the normal level. The results of laboratory examinations showed as follows (September 17, 2019): Blood routine: white blood cell 9.57×10^9/L, neutrophil count 6.78×10^9/L, lymphocyte count 1.24×10^9/L, neutrophil percentage 70.8%, lymphocyte percentage 13%, red blood cell count 3.92×10^12/L, hemoglobin 111 g/L, hematocrit 0.35 L/L, mean corpuscular hemoglobin 318 g/L, platelet distribution width 9.2fl, C-reactive protein (CRP) 19.04 mg/L, PCT 0.19ng/mL; hepatorenal function: ALT 25U/L, AST 37U/L, Creatinine 75umol/L. As shown above, most laboratory results were improved, and the physical examination was normal.","+ On review, the patient has confusion.",+ The patient's father has confusion.,,,,,
M053,1,C-S2-mcv-verdict-triplets-s2,mcv_test_00410_05_s_subject,Glasgow-Blatchford Bleeding Score (GBS),Recent syncope,sentence,subject,denied,base,-2.201,-20.17,11.124,"Under the Glasgow-Blatchford Bleeding Score (GBS), the item 'Recent syncope' scores 0 points for this patient.","Under the Glasgow-Blatchford Bleeding Score (GBS), the item 'Recent syncope' scores 2 points for this patient.",null,"The criteria for the Glasgow-Blatchford Score are listed below:

1. BUN (mg/dL): <18.2 = 0 points, 18.2-22.3 = +2 points, 22.4-28 = +3 points, 28-70 = +4 points, >70 = +6 points
2. Hemoglobin (g/dL) for men: >=13 = 0 points, <=12-13 = +1 point, <=10-12 = +3 points, <10 = +6 points
3. Hemoglobin (g/dL) for women: >=12 = 0 points, <=10-12 = +1 point, <10 = +6 points
4. Systolic blood pressure (mm Hg): ≥110 = 0 points, 100-109 = +1 point, 90-99 = +2 points, <90 = +3 points
5. Pulse ≥100 (per minute): No = 0 points, Yes = +1 point
6. Melena present: No = 0 points, Yes = +1 point
7. Recent syncope: No = 0 points, Yes = +2 points
8. Hepatic disease history: No = 0 points, Yes = +2 points
9. Cardiac failure present: No = 0 points, Yes = +2 points

The total Glasgow-Blatchford Score is calculated by summing the points for each criterion.","A 33-year-old male presented to our center with chief complaints of profuse per rectal bleed mixed with stool for three days that was associated with easy fatigability for one week prior to the initial presentation. He also had one episode of black tarry stool. However, he had no complaints of blood in vomit, purpuric rashes, or petechiae. He also had no hematuria, weight loss, night sweats, evening rise of temperature or loss of appetite, cough, chest pain, dyspnea, palpitation, limb edema, loose stools, jaundice, and abdominal distension. Bleeding was absent from other orifices. He had no history of diabetes mellitus, hypertension, cardiac diseases, and pulmonary tuberculosis in the past. He consumed 80 grams of alcohol per day for 15 years, but he did not smoke.
On examination, he was ill looking, conscious, and was well oriented to time place and person. He had pallor and was dehydrated. However, he had no icterus, clubbing, cyanosis, or edema. His pulse rate was 110 beats/minute, blood pressure was 80/60 mm of Hg, body temperature was 98°F (36.6°C), respiratory rate was 19 breaths/minute, and oxygen saturation was 95% in room air. The digital rectal examination showed fresh blood over the examining finger and otherwise normal findings. Abdominal and cardiac examination was normal.
Laboratory investigations showed hemoglobin 10.8 g/dl and hematocrit 31.6%. The total leukocyte count was 11510/mm3, neutrophils were 78%, and platelet count was 291000/mm3. The prothrombin time was 14 seconds, and the International normalized ratio was 1.08. The albumin level in the blood was 2.4 gm/dl, and total protein was 6.1 gm/dl, total and direct bilirubin were 0.7 and 0.1 mg/dl in the blood. Alanine aminotransferase and aspartate aminotransferase level was 97 U/L and 114 U/L, respectively. HbA1C level in the blood was 7.2. The level of blood urea nitrogen (33 mg/dl), creatinine (1.1 mg/dl), sodium (132 mEq/l), and potassium (3.6 mEq/l) were within normal range. Traces of sugar and albumin (++) were present in the urine examination. The fecal occult blood was found in the stool. Mycobacterium tuberculosis was not detected in sputum in the acid-fast bacilli (AFB) stain.
The chest X-ray was normal. Ultrasonography (USG) of the abdomen and pelvis and upper gastrointestinal endoscopy showed normal findings. A Computed Tomography (CT) scan of chest and abdomen showed asymmetric circumferential thickening in the ileocaecal region with lobulated thickened caecum, soft-tissue stranding and necrotic mesenteric lymphadenopathy, and indeterminate lobule in the lung (). Colonoscopy showed multiple transverse ulcers with overlying exudates in terminal ileum and ascending and transverse colon. Histopathological examination of the ileum and colon showed patchy ulcers with exudates, granulation tissue, fibrosis, deep lymphoplasmocytic inflammation, and crypt regenerative changes with fibrinoid changes in scattered capillaries and venules and was inconclusive. However, gene XPERT was positive for Mycobacterium tuberculosis.
He was diagnosed with ileocaecal tuberculosis. The hemoglobin level dropped to 6.1 g/dl after two days of admission, and he had an episode of weakness associated with profuse sweating and rigor. Fluid resuscitation followed by two pints of whole blood transfusion was performed. After that, his hemoglobin was increased to 10.2 mg/dl. He was managed with four antitubercular drugs and showed significant improvement. Following this, he was discharged on oral antitubercular medications (isoniazid, rifampicin, pyrazinamide, ethambutol, and pyridoxine) after 10 days of admission. On follow-up after two weeks, he was responding well to antitubercular medications with improved symptoms, i.e., no per rectal bleeding, and his liver function test was within the normal range.","+ On review, the patient has recent syncope.",+ The patient's sister has recent syncope.,,,,,
M054,2,C-S2-mcv-verdict-triplets-s3,mcv_test_00312_01_s_subject,Centor Score (Modified/McIsaac) for Strep Pharyngitis,Exudate or swelling on tonsils,sentence,subject,denied,base,-2.986,-27.795,1.079,"Under the Centor Score (Modified/McIsaac) for Strep Pharyngitis, the item 'Exudate or swelling on tonsils' scores 0 points for this patient.","Under the Centor Score (Modified/McIsaac) for Strep Pharyngitis, the item 'Exudate or swelling on tonsils' scores 1 point for this patient.",null,"The criteria listed in the Centor Score formula are listed below:

1. Age: 3-14 years = +1 point, 15-44 years = 0 points, ≥45 years = -1 point
2. Exudate or swelling on tonsils: No = 0 points, Yes = +1 point
3. Tender/swollen anterior cervical lymph nodes: No = 0 points, Yes = +1 point
4. Temperature >38°C (100.4°F): No = 0 points, Yes = +1 point
5. Cough: Cough present = 0 points, Cough absent = +1 point

The Centor score is calculated by summing the points for each criterion.","A 17-year-old male presents to the emergency department with a three-day history of sore throat. He reports that the sore throat seems to be getting worse and is starting to affect the character of his voice. He also endorses headache and decreased appetite secondary to difficulty swallowing. The patient’s past medical history is significant for infectious mononucleosis one year ago, which he reports has fully resolved. He denies any recent sexual activity. Several of his friends at school have also been ill recently. His temperature is 102.4°F (39.1°C), blood pressure is 119/83 mmHg, pulse is 107/min, and respirations are 18/min. On physical exam you note the findings in Figure A. He has cervical lymphadenopathy, and he speaks with a muffled voice.","+ On review, the patient has tonsillar exudate.",+ The patient's father has tonsillar exudate.,,,,,
M055,3,C-S2-mcv-verdict-triplets-s4,mcv_test_00245_03_s_subject,Revised Cardiac Risk Index for Pre-Operative Risk,History of cerebrovascular disease,sentence,subject,default,base,-1.441,-23.578,13.835,"Under the Revised Cardiac Risk Index for Pre-Operative Risk, the item 'History of cerebrovascular disease' scores 0 points for this patient.","Under the Revised Cardiac Risk Index for Pre-Operative Risk, the item 'History of cerebrovascular disease' scores 1 point for this patient.",null,"The criteria for the Revised Cardiac Risk Index (RCRI) are listed below:

1. Elevated-risk surgery (intraperitoneal, intrathoracic, or suprainguinal vascular): No = 0 points, Yes = +1 point
2. History of ischemic heart disease (history of myocardial infarction, positive exercise test, current chest pain due to myocardial ischemia, use of nitrate therapy, or ECG with pathological Q waves): No = 0 points, Yes = +1 point
3. History of congestive heart failure (pulmonary edema, bilateral rales or S3 gallop, paroxysmal nocturnal dyspnea, or chest x-ray showing pulmonary vascular redistribution): No = 0 points, Yes = +1 point
4. History of cerebrovascular disease (prior transient ischemic attack or stroke): No = 0 points, Yes = +1 point
5. Pre-operative treatment with insulin: No = 0 points, Yes = +1 point
6. Pre-operative creatinine >2 mg/dL (176.8 μmol/L): No = 0 points, Yes = +1 point

The total score is calculated by summing the points for each criterion.","A 52-year-old woman came to the emergency department (ED) for hemodialysis (HD) due to end-stage renal disease (ESRD). She had spent the preceding several weeks in an outside hospital being treated for pneumonia and bacteremia with daptomycin. She subsequently left against medical advice (AMA) after having her dialysis access catheter removed. She presented to our ED because she needed HD vascular access placement and re-initiation of dialysis treatments. Her medical history included chronic kidney disease secondary to hypertensive nephrosclerosis, anemia, hypertension, deep venous thromboses (DVT), systemic lupus erythematosus, and a seizure disorder of unknown etiology.
The patient, a Jehovah’s Witness, refused blood transfusions; therefore, her anemia was being treated with intravenous (IV) administration of iron, epoetin alfa, and folate. Other medications included nifedipine, clonidine, metoprolol, sevelamer, and prednisone. She was allergic to amoxicillin, azithromycin, hydralazine, labetolol, linezolid, morphine, and vancomycin. She reported previous IV heroin use many years earlier and previous cigarette smoking. She denied alcohol use or any current drug or tobacco use.
Upon arrival, she was alert and in no acute distress with a fever of 38.3° Celsius, heart rate of 87 beats per minute (bpm), blood pressure of 110/65 millimeters mercury (mmHg), respiratory rate of 17 breaths per minute, and pulse oximetry of 99% while breathing room air. She weighed 80 kilograms and was 5 feet 6 inches tall. Her head was normocephalic and atraumatic with moist mucous membranes. Pupils were anicteric, equal, round, and reactive to light and accommodation. The neck was supple and without lymphadenopathy or tenderness. Her lungs had coarse breath sounds with mild bibasilar crackles but no wheezes or rhonchi. There were no retractions or increased work of breathing. Her heart was of regular rate and rhythm without murmurs, rubs, or gallops. Her abdomen was soft with normal bowel sounds and without distention, tenderness, rebound, or guarding. There was no costovertebral angle tenderness. The lower extremities had 1+ pitting edema, 2+ dorsalis pedis pulses, and were without tenderness or deformity. The patient had normal strength and muscle tone throughout all extremities with intact sensation. Old fistulas were present in the left and right upper extremities without palpable thrills. She was alert and oriented to person, place, and time.
The patient’s initial laboratory values are shown in . These were significant for a slight leukocytosis, anemia to 5.3 g/dL, thrombocytopenia, hyperkalemia, and an elevated creatinine of 11.9 mg/dL. Her initial electrocardiogram (ECG) showed a sinus tachycardia with T-wave inversions in leads I and V6 (). This was unchanged from a prior ECG. The patient was admitted to the medicine team and was started on daptomycin. While awaiting bed placement, a non-tunneled left femoral dialysis catheter was inserted by the medical intensive care unit (ICU) fellow for initiation of HD. Placement was confirmed by the easy drawback of blood from all ports. During the consent process for catheter placement, it was documented that the patient stated she “would rather die than receive blood transfusions.” Following catheter placement, an attempt was made to start HD, but she became hypotensive and complained of weakness almost immediately. Her vital signs during the initial HD attempt were a blood pressure of 85/56 mmHg with a heart rate of 105 bpm.
Because the patient was symptomatic and hypotensive during HD, continuous renal replacement therapy (CRRT) was initiated. Shortly afterward, she became hypotensive, unresponsive, and had a tonic clonic seizure. Vital signs at that time were a heart rate of 113 bpm, blood pressure 75/48 mmHg, respiratory rate of 20 breaths per minute, and oxygen saturation of 78% on room air. A brief, repeat physical exam showed the patient was unresponsive to painful stimuli and her pupils were equal and reactive. She was given 4 mg of lorazepam and intubated for airway protection. A right arterial femoral line and a right femoral triple lumen venous central line were placed. A chest radiograph confirmed endotracheal tube placement (). CRRT was halted but the patient remained in shock despite bolus infusions of crystalloid, so vasopressors were started. She was receiving escalating doses of vasopressors when repeat laboratory values indicated a hemoglobin of 1.6 g/dL ().
Shortly thereafter she went into cardiac arrest with a rhythm of pulseless electrical activity (PEA). Return of spontaneous circulation was achieved after six minutes of cardiopulmonary resuscitation. Increased abdominal distention was noted during the resuscitation; therefore, a pressure-sensing urinary catheter was introduced. Her peak airway and bladder pressures were measured at greater than 60 cmH2O and 50 mmHg, respectively. Surgery was then consulted. A massive transfusion protocol was initiated after her next of kin agreed to allow the transfusion of blood products. A focused assessment with sonography for trauma (FAST) was performed, showing free fluid in Morrison’s pouch. As resuscitative measures were continued, an additional study was obtained and a diagnosis was made.","+ On review, the patient has a history of cerebrovascular disease.",+ The patient's father has cerebrovascular disease.,,,,,
M056,4,C-S2-mcv-verdict-triplets-s0,mcv_test_00312_01_s_subject,Centor Score (Modified/McIsaac) for Strep Pharyngitis,Exudate or swelling on tonsils,sentence,subject,denied,"base, near",-2.585,-30.149,-0.603,"Under the Centor Score (Modified/McIsaac) for Strep Pharyngitis, the item 'Exudate or swelling on tonsils' scores 0 points for this patient.","Under the Centor Score (Modified/McIsaac) for Strep Pharyngitis, the item 'Exudate or swelling on tonsils' scores 1 point for this patient.",null,"The criteria listed in the Centor Score formula are listed below:

1. Age: 3-14 years = +1 point, 15-44 years = 0 points, ≥45 years = -1 point
2. Exudate or swelling on tonsils: No = 0 points, Yes = +1 point
3. Tender/swollen anterior cervical lymph nodes: No = 0 points, Yes = +1 point
4. Temperature >38°C (100.4°F): No = 0 points, Yes = +1 point
5. Cough: Cough present = 0 points, Cough absent = +1 point

The Centor score is calculated by summing the points for each criterion.","A 17-year-old male presents to the emergency department with a three-day history of sore throat. He reports that the sore throat seems to be getting worse and is starting to affect the character of his voice. He also endorses headache and decreased appetite secondary to difficulty swallowing. The patient’s past medical history is significant for infectious mononucleosis one year ago, which he reports has fully resolved. He denies any recent sexual activity. Several of his friends at school have also been ill recently. His temperature is 102.4°F (39.1°C), blood pressure is 119/83 mmHg, pulse is 107/min, and respirations are 18/min. On physical exam you note the findings in Figure A. He has cervical lymphadenopathy, and he speaks with a muffled voice.","+ On review, the patient has tonsillar exudate.",+ The patient's father has tonsillar exudate.,,,,,
M057,1,C-S2-mcv-verdict-triplets-s1,mcv_test_00479_02_s_subject,Charlson Comorbidity Index (CCI),Congestive heart failure,sentence,subject,denied,"base, near",-4.155,-26.143,-3.339,"Under the Charlson Comorbidity Index (CCI), the item 'Congestive heart failure' scores 0 points for this patient.","Under the Charlson Comorbidity Index (CCI), the item 'Congestive heart failure' scores 1 point for this patient.",null,"The Charlson Comorbidity Index (CCI) are listed below:

1. Age: <50 years = 0 points, 50-59 years = +1 point, 60-69 years = +2 points, 70-79 years = +3 points, ≥80 years = +4 points
2. Myocardial infarction (history of definite or probable MI with EKG changes and/or enzyme changes): No = 0 points, Yes = +1 point
3. Congestive heart failure (CHF) (exertional or paroxysmal nocturnal dyspnea, responsive to digitalis, diuretics, or afterload reducing agents): No = 0 points, Yes = +1 point
4. Peripheral vascular disease (intermittent claudication, past bypass for chronic arterial insufficiency, history of gangrene or acute arterial insufficiency, untreated thoracic or abdominal aneurysm ≥6 cm): No = 0 points, Yes = +1 point
5. Cerebrovascular accident (CVA) or transient ischemic attack (TIA): No = 0 points, Yes = +1 point
6. Dementia (chronic cognitive deficit): No = 0 points, Yes = +1 point
7. Chronic pulmonary disease (CPD): No = 0 points, Yes = +1 point
8. Connective tissue disease: No = 0 points, Yes = +1 point
9. Peptic ulcer disease (any history of treatment for ulcer disease or ulcer bleeding): No = 0 points, Yes = +1 point
10. Liver disease: None = 0 points, Mild = +1 point, Moderate to severe = +3 points
11. Diabetes mellitus: None or diet-controlled = 0 points, Uncomplicated = +1 point, End-organ damage = +2 points
12. Hemiplegia: No = 0 points, Yes = +2 points
13. Moderate to severe chronic kidney disease (CKD): No = 0 points, Yes = +2 points
14. Solid tumor: None = 0 points, Localized = +2 points, Metastatic = +6 points
15. Leukemia: No = 0 points, Yes = +2 points
16. Lymphoma: No = 0 points, Yes = +2 points
17. AIDS: No = 0 points, Yes = +6 points

The total score is calculated by summing the points for each criterion.","A 55-year-old man was first evaluated in a nephrology unit because of hypertension associated with progressive kidney failure and proteinuria. At that time, the patient presented a history of hypertension since the age of 42, hypoacusia, a superficial venous thrombosis event, and incidental evidence of cerebral ischemia.
Blood and urine tests revealed a IIIb CKD stage renal insufficiency (serum creatinine 1.92 mg/dL, MDRD GFR 39 mL/min/1.73 mq) with mild proteinuria (0.821 g/24 h). Urine sediment was clear. A kidney biopsy was performed to explore renal disease etiology, showing non-specific advanced chronic lesions (global glomerulosclerosis in 70% of glomeruli and segmental glomerulosclerosis in 10% of glomeruli, moderate interstitial fibrosis/tubular atrophy, and severe arteriolosclerosis). Therapy with ACE-inhibitor was hence started.
Two years later, at the age of 57, a significant concentric LVH (basal septum region 18 mm) was detected during an echocardiographic evaluation for hypertension.
Renal follow-up showed a progressive decline in renal function reaching end-stage renal disease (ESRD) at the patient’s age of 61. Chronic peritoneal dialysis was started, and one year later, he underwent renal transplantation from a deceased donor without complications.
When the patient was 63 years old, he began complaining of dyspnea during intense exercise. Echocardiography showed worsening LVH (maximum wall thickness of 24 mm) associated with pronounced tissue hyperechogenicity and right ventricular hypertrophy, finally raising the suspicion of Fabry disease. The diagnosis was confirmed by the detection of reduced α-galactosidase A activity measured on dried blood spots (DBS) (0.5 µmol/L/h (reference values > 2.8)) and with molecular analysis revealing the N215S GLA mutation. Increased levels of lysoGb3 on DBS (6.4 ng/mL (reference values 0.0–3.5)) were detected. At diagnosis, serum creatinine was 1.23 mg/dL, and proteinuria was 0.3 g/24 h.
Thus, in March 2019, the patient was referred to our Rare Disease Center for Fabry disease management and follow-up. The Mainz Severity Score Index (MSSI) was 40/76 (General score—3; Neurological score—3; Cardiovascular score—16; and Renal score—18), and the total assessment Fabry Disease Severity Scoring System (DS3) was 46/80 (Peripheral Nervous System domain—0; Renal domain—23; Cardiac domain—18; Central Nervous System domain—1; and Patient-Reported domain 4).
Cardiac magnetic resonance (CMR) showed severe biventricular hypertrophy with reduced native T1 values, suggesting myocardial glycosphingolipid storage. The left ventricular mass index was 198.4 g/m2. Extensive late gadolinium enhancement was also detected in the infero-lateral wall, with an increased T2 value indicating myocardial edema ().
An initial 24-h Holter monitoring revealed two runs of atrial fibrillation, which required the introduction of anticoagulant therapy.
One year later, in 2020, two runs of monomorphic non-sustained ventricular tachycardia were detected during a further 24-h Holter monitoring. Thus, an ICD was implanted.
Therapy with agalsidase beta at a standard dose of 1 mg/kg every two weeks, administered at our center, was initiated in June 2019. In March 2020, the outbreak of the Coronavirus pandemic dramatically affected the Northern regions of Italy. Thus, the patient asked to switch to oral therapy to avoid hospital access or contact with health care workers in the case of home treatment activation. No contraindications to chaperone therapy were found (serum creatinine 1.28 mg/dL, MDRD GFR 60 mL/min/1.73 mq). We thereby started migalastat at a standard dose of 123 mg orally every other day. The patient did not show any side effects of migalastat such as headache, runny or stuffy nose, urinary tract infection, nausea, or fever. After one year of migalastat treatment, the patient was stable in terms of symptoms, renal function (serum creatinine 1.30 mg/dL, proteinuria 0.275 g/24 h), and cardiac function (CMR in March 2021 showed substantially stable cardiac features). No adjustments in the immunosuppressor dosage, namely prednisone, mycophenolate mofetil, and tacrolimus, were required. In addition, we detected a reduction in lysoGb3 levels (4.3 ng/mL; a reduction of 33% from the patient’s basal values) and an increase in α-galactosidase A activity measured on dried blood spots (1.1 µmol/L/h; an increase of 120% compared to the patient’s basal values).
To confirm the kidney disease etiology, we recently analyzed the residual material from the native kidney biopsy by electron microscopy, finding abundant electron-lucent microvacuoles in many cell types and multivacuolized appearance of podocytes ().","+ On review, the patient has congestive heart failure.",+ The patient's father has congestive heart failure.,,,,,
M058,2,C-S2-mcv-verdict-triplets-s2,mcv_test_00312_01_s_negation,Centor Score (Modified/McIsaac) for Strep Pharyngitis,Exudate or swelling on tonsils,sentence,negation,denied,base,-4.012,-28.068,11.22,"Under the Centor Score (Modified/McIsaac) for Strep Pharyngitis, the item 'Exudate or swelling on tonsils' scores 0 points for this patient.","Under the Centor Score (Modified/McIsaac) for Strep Pharyngitis, the item 'Exudate or swelling on tonsils' scores 1 point for this patient.",null,"The criteria listed in the Centor Score formula are listed below:

1. Age: 3-14 years = +1 point, 15-44 years = 0 points, ≥45 years = -1 point
2. Exudate or swelling on tonsils: No = 0 points, Yes = +1 point
3. Tender/swollen anterior cervical lymph nodes: No = 0 points, Yes = +1 point
4. Temperature >38°C (100.4°F): No = 0 points, Yes = +1 point
5. Cough: Cough present = 0 points, Cough absent = +1 point

The Centor score is calculated by summing the points for each criterion.","A 17-year-old male presents to the emergency department with a three-day history of sore throat. He reports that the sore throat seems to be getting worse and is starting to affect the character of his voice. He also endorses headache and decreased appetite secondary to difficulty swallowing. The patient’s past medical history is significant for infectious mononucleosis one year ago, which he reports has fully resolved. He denies any recent sexual activity. Several of his friends at school have also been ill recently. His temperature is 102.4°F (39.1°C), blood pressure is 119/83 mmHg, pulse is 107/min, and respirations are 18/min. On physical exam you note the findings in Figure A. He has cervical lymphadenopathy, and he speaks with a muffled voice.","+ On review, the patient has tonsillar exudate.","+ On review, the patient is free of tonsillar exudate.",,,,,
M059,3,C-S2-mcv-verdict-triplets-s3,mcv_test_00309_01_s_negation,Centor Score (Modified/McIsaac) for Strep Pharyngitis,Exudate or swelling on tonsils,sentence,negation,default,base,-4.421,-28.053,9.768,"Under the Centor Score (Modified/McIsaac) for Strep Pharyngitis, the item 'Exudate or swelling on tonsils' scores 0 points for this patient.","Under the Centor Score (Modified/McIsaac) for Strep Pharyngitis, the item 'Exudate or swelling on tonsils' scores 1 point for this patient.",null,"The criteria listed in the Centor Score formula are listed below:

1. Age: 3-14 years = +1 point, 15-44 years = 0 points, ≥45 years = -1 point
2. Exudate or swelling on tonsils: No = 0 points, Yes = +1 point
3. Tender/swollen anterior cervical lymph nodes: No = 0 points, Yes = +1 point
4. Temperature >38°C (100.4°F): No = 0 points, Yes = +1 point
5. Cough: Cough present = 0 points, Cough absent = +1 point

The Centor score is calculated by summing the points for each criterion.","A 14-year-old boy is brought to the physician by his mother because of a 1-week history of fever, fatigue, and throat pain. He appears lethargic. His temperature is 38.5°C (101.3°F). Physical examination shows bilateral tender and swollen anterior cervical lymph nodes,. Oral examination shows the findings in the photograph. A peripheral blood smear shows lymphocytosis with atypical lymphocytes. A heterophile antibody test is positive.","+ On review, the patient has tonsillar exudate.","+ On review, the patient is free of tonsillar exudate.",,,,,
M060,4,C-S2-mcv-verdict-triplets-s4,mcv_test_00416_06_s_negation_past,Glasgow-Blatchford Bleeding Score (GBS),Hepatic disease history,sentence,negation,default,flip,30.466,3.286,31.39,"Under the Glasgow-Blatchford Bleeding Score (GBS), the item 'Hepatic disease history' scores 0 points for this patient.","Under the Glasgow-Blatchford Bleeding Score (GBS), the item 'Hepatic disease history' scores 2 points for this patient.",null,"The criteria for the Glasgow-Blatchford Score are listed below:

1. BUN (mg/dL): <18.2 = 0 points, 18.2-22.3 = +2 points, 22.4-28 = +3 points, 28-70 = +4 points, >70 = +6 points
2. Hemoglobin (g/dL) for men: >=13 = 0 points, <=12-13 = +1 point, <=10-12 = +3 points, <10 = +6 points
3. Hemoglobin (g/dL) for women: >=12 = 0 points, <=10-12 = +1 point, <10 = +6 points
4. Systolic blood pressure (mm Hg): ≥110 = 0 points, 100-109 = +1 point, 90-99 = +2 points, <90 = +3 points
5. Pulse ≥100 (per minute): No = 0 points, Yes = +1 point
6. Melena present: No = 0 points, Yes = +1 point
7. Recent syncope: No = 0 points, Yes = +2 points
8. Hepatic disease history: No = 0 points, Yes = +2 points
9. Cardiac failure present: No = 0 points, Yes = +2 points

The total Glasgow-Blatchford Score is calculated by summing the points for each criterion.","A 72-year-old Caucasian (white) man with a history of diffuse large B-cell lymphoma (DLBCL), immunoglobin M (IgM) monoclonal gammopathy of undetermined significance (MGUS), and chronic back pain secondary to osteoarthritis presented with dyspnea and a left pleural effusion. His social history was notable for a 60 pack-year cigarette smoking, and he had cut down to five cigarettes a day after diagnosis of non-Hodgkin’s lymphoma (NHL). He denied any significant past alcohol abuse, illicit drug abuse, or prescription drug abuse and reported consuming a beer or two on rare social occasions. Our patient was adopted so he is unaware of any past family history in regard to his parents. His brother has high blood pressure; otherwise he reported no other known malignancy or cardiopulmonary disease in the family. He worked as a mechanic and retired 20 years ago. He denied any known environmental exposures or allergies. Home medications included a daily probiotic, florastor 250 mg 2 tablets once daily, and acetaminophen/oxycodone – 325 mg/5 tablets once a day as needed for severe back pain. Our patient explained that he took opiate pain medication two to three times a week. Seven years prior, a bone marrow (BM) biopsy had revealed DLBCL, stage IVB, and he achieved complete remission (CR) with rituximab, cyclophosphamide, doxorubicin, vincristine, prednisolone (R-CHOP). Two years prior, he was diagnosed with monoclonal IgM kappa MGUS and BM biopsy revealed B-cell lymphoma with plasmacytic differentiation (10% of the marrow cellularity). The differential diagnosis at this time included LPL and marginal zone lymphoma. Given that he was asymptomatic at this time, he was monitored without treatment.
In the Emergency Department (ED), his vital signs were a pulse of 88 beats per minute, his blood pressure was 145/62, and temperature was 98.7 degrees Fahrenheit. His oxygen saturation was 95% on room air and he was mildly tachypneic with a respiratory rate of 24 breaths per minute. At physical examination, he appeared well, he was well nourished, awake, and in no apparent distress. An ear, nose, mouth and throat examination showed clear nasal mucosa and normal mouth mucosa. His head was atraumatic/normocephalic. His heart rate was normal, with a regular rhythm, heart sounds were S1, S2, and there were no murmurs, rubs or gallops. There were rales in his left lung base without wheeze or rhonchi. His abdomen was soft, non-distended, and non-tender. His lumbar spine showed a mild reduction in range of motion. He showed superficial bilateral inguinal lymphadenopathy. He was alert and oriented × 4, with no focal deficits, and no motor or sensory deficits. His CN II-XII were intact, extremities showed no cyanosis or edema, and his skin was dry, intact, with no rash. Our patient was given one ipratropium bromide/albuterol nebulizer treatment and two doses of morphine 1 mg for back pain. During the admission, our patient received tramadol 50 mg once for back pain and required no other medication. His complete blood count showed a white blood cell count of 6.2 × 109/L, hemoglobin of 13.8 g/dL, platelet count of 156 × 109/L with normal differential. The complete metabolic panel showed sodium of 141 mEq/L, potassium of 3.8 mEq/L, blood urea nitrogen of 18 mg/dL and creatinine of 1.0 mg/dL, glucose of 95 mg/dL, calcium of 9.2, albumin 3.8 g/dL, aspartate aminotransferase of 23 IU/L, and alanine aminotransferase of 32 IU/L, alkaline phosphatase of 46, and total bilirubin of 0.6. The urinalysis was within normal limits with no evidence of hematuria, pyuria, nitrates were not detected, and there were no bacteria. A computed tomography scan of his chest (Fig. ), abdomen, and pelvis showed layering left pleural effusion and para-aortic retroperitoneal lymphadenopathy extending to the iliacs and superficial inguinal nodes. Pleural fluid (PF) cytology was positive for malignant cells consistent with B-cell lymphoma and positive for MYD88 L265P mutation.
PF flow cytometry showed monoclonal kappa B-cell population with moderate CD19, CD20, CD22, and CD38 expression (Fig. ).
Inguinal lymph node biopsy showed lymphoplasmacytic, monoclonal B-cell population, CD20-positive, CD5-negative, CD10-negative B-cells, consistent with LPL/WM (Fig. ).
In comparison to his BM biopsy 2 years prior, the current study shows an increase in marrow involvement by B-cell lymphoma with plasmacytic differentiation. The findings in conjunction with IgM monoclonal paraprotein favor LPL, and the positive MYD88 L265P mutation analysis supports this impression. Congo red stain was negative for amyloid (Fig. ).
The pleural effusion recurred post-thoracentesis and 420 mg ibrutinib was initiated, but due to intolerance with nausea and vomiting, required a dose reduction to 240 mg. He achieved a lasting CR as defined by National Comprehensive Cancer Network (NCCN) guidelines []. Seven months after initial presentation to the ED, he remains in CR and is tolerating a reduced dose of imantinib without any side effects.","+ The patient had liver disease some years ago, and it has since cleared.","+ On review, the patient is free of liver disease.",,,,,
M061,1,C-S2-mcv-verdict-triplets-s0,mcv_test_00305_01_s_negation,Centor Score (Modified/McIsaac) for Strep Pharyngitis,Exudate or swelling on tonsils,sentence,negation,default,base,-6.392,-30.967,4.818,"Under the Centor Score (Modified/McIsaac) for Strep Pharyngitis, the item 'Exudate or swelling on tonsils' scores 0 points for this patient.","Under the Centor Score (Modified/McIsaac) for Strep Pharyngitis, the item 'Exudate or swelling on tonsils' scores 1 point for this patient.",null,"The criteria listed in the Centor Score formula are listed below:

1. Age: 3-14 years = +1 point, 15-44 years = 0 points, ≥45 years = -1 point
2. Exudate or swelling on tonsils: No = 0 points, Yes = +1 point
3. Tender/swollen anterior cervical lymph nodes: No = 0 points, Yes = +1 point
4. Temperature >38°C (100.4°F): No = 0 points, Yes = +1 point
5. Cough: Cough present = 0 points, Cough absent = +1 point

The Centor score is calculated by summing the points for each criterion.","A 14-year-old male presents to his pediatrician complaining of a sore throat. His mother reports that he developed a fever two days ago that was immediately followed by a sore throat. He denies cough or rhinorrhea. His past medical history is notable for poorly controlled asthma and he currently takes albuterol and budesonide. Of note, the child immigrated to America from Vietnam three months ago. His temperature is 101.6°F (38.7°C), blood pressure is 130/85 mmHg, pulse is 110/min, and respirations are 18/min. Physical examination reveals a malnourished adolescent who is small for his age. No hepatosplenomegaly is noted. A notable physical examination finding is shown in Figure A. Serologic and throat swab studies are pending.","+ On review, the patient has tonsillar exudate.","+ On review, the patient is free of tonsillar exudate.",,,,,
M062,2,C-S2-mcv-verdict-triplets-s1,mcv_test_00309_01_s_negation,Centor Score (Modified/McIsaac) for Strep Pharyngitis,Exudate or swelling on tonsils,sentence,negation,default,base,-7.006,-37.398,35.041,"Under the Centor Score (Modified/McIsaac) for Strep Pharyngitis, the item 'Exudate or swelling on tonsils' scores 0 points for this patient.","Under the Centor Score (Modified/McIsaac) for Strep Pharyngitis, the item 'Exudate or swelling on tonsils' scores 1 point for this patient.",null,"The criteria listed in the Centor Score formula are listed below:

1. Age: 3-14 years = +1 point, 15-44 years = 0 points, ≥45 years = -1 point
2. Exudate or swelling on tonsils: No = 0 points, Yes = +1 point
3. Tender/swollen anterior cervical lymph nodes: No = 0 points, Yes = +1 point
4. Temperature >38°C (100.4°F): No = 0 points, Yes = +1 point
5. Cough: Cough present = 0 points, Cough absent = +1 point

The Centor score is calculated by summing the points for each criterion.","A 14-year-old boy is brought to the physician by his mother because of a 1-week history of fever, fatigue, and throat pain. He appears lethargic. His temperature is 38.5°C (101.3°F). Physical examination shows bilateral tender and swollen anterior cervical lymph nodes,. Oral examination shows the findings in the photograph. A peripheral blood smear shows lymphocytosis with atypical lymphocytes. A heterophile antibody test is positive.","+ On review, the patient has tonsillar exudate.","+ On review, the patient is free of tonsillar exudate.",,,,,
M063,3,C-S2-mcv-verdict-triplets-s2,mcv_test_00305_01_s_subject,Centor Score (Modified/McIsaac) for Strep Pharyngitis,Exudate or swelling on tonsils,sentence,subject,default,"base, near",-7.263,-27.765,-3.204,"Under the Centor Score (Modified/McIsaac) for Strep Pharyngitis, the item 'Exudate or swelling on tonsils' scores 0 points for this patient.","Under the Centor Score (Modified/McIsaac) for Strep Pharyngitis, the item 'Exudate or swelling on tonsils' scores 1 point for this patient.",null,"The criteria listed in the Centor Score formula are listed below:

1. Age: 3-14 years = +1 point, 15-44 years = 0 points, ≥45 years = -1 point
2. Exudate or swelling on tonsils: No = 0 points, Yes = +1 point
3. Tender/swollen anterior cervical lymph nodes: No = 0 points, Yes = +1 point
4. Temperature >38°C (100.4°F): No = 0 points, Yes = +1 point
5. Cough: Cough present = 0 points, Cough absent = +1 point

The Centor score is calculated by summing the points for each criterion.","A 14-year-old male presents to his pediatrician complaining of a sore throat. His mother reports that he developed a fever two days ago that was immediately followed by a sore throat. He denies cough or rhinorrhea. His past medical history is notable for poorly controlled asthma and he currently takes albuterol and budesonide. Of note, the child immigrated to America from Vietnam three months ago. His temperature is 101.6°F (38.7°C), blood pressure is 130/85 mmHg, pulse is 110/min, and respirations are 18/min. Physical examination reveals a malnourished adolescent who is small for his age. No hepatosplenomegaly is noted. A notable physical examination finding is shown in Figure A. Serologic and throat swab studies are pending.","+ On review, the patient has tonsillar exudate.",+ The patient's father has tonsillar exudate.,,,,,
M064,4,C-S2-mcv-verdict-triplets-s3,mcv_test_00305_01_s_subject,Centor Score (Modified/McIsaac) for Strep Pharyngitis,Exudate or swelling on tonsils,sentence,subject,default,"base, near",-8.179,-28.593,-5.527,"Under the Centor Score (Modified/McIsaac) for Strep Pharyngitis, the item 'Exudate or swelling on tonsils' scores 0 points for this patient.","Under the Centor Score (Modified/McIsaac) for Strep Pharyngitis, the item 'Exudate or swelling on tonsils' scores 1 point for this patient.",null,"The criteria listed in the Centor Score formula are listed below:

1. Age: 3-14 years = +1 point, 15-44 years = 0 points, ≥45 years = -1 point
2. Exudate or swelling on tonsils: No = 0 points, Yes = +1 point
3. Tender/swollen anterior cervical lymph nodes: No = 0 points, Yes = +1 point
4. Temperature >38°C (100.4°F): No = 0 points, Yes = +1 point
5. Cough: Cough present = 0 points, Cough absent = +1 point

The Centor score is calculated by summing the points for each criterion.","A 14-year-old male presents to his pediatrician complaining of a sore throat. His mother reports that he developed a fever two days ago that was immediately followed by a sore throat. He denies cough or rhinorrhea. His past medical history is notable for poorly controlled asthma and he currently takes albuterol and budesonide. Of note, the child immigrated to America from Vietnam three months ago. His temperature is 101.6°F (38.7°C), blood pressure is 130/85 mmHg, pulse is 110/min, and respirations are 18/min. Physical examination reveals a malnourished adolescent who is small for his age. No hepatosplenomegaly is noted. A notable physical examination finding is shown in Figure A. Serologic and throat swab studies are pending.","+ On review, the patient has tonsillar exudate.",+ The patient's father has tonsillar exudate.,,,,,
M065,1,C-S2-mcv-verdict-triplets-s4,mcv_test_00305_01_s_subject,Centor Score (Modified/McIsaac) for Strep Pharyngitis,Exudate or swelling on tonsils,sentence,subject,default,base,-6.642,-28.335,7.776,"Under the Centor Score (Modified/McIsaac) for Strep Pharyngitis, the item 'Exudate or swelling on tonsils' scores 0 points for this patient.","Under the Centor Score (Modified/McIsaac) for Strep Pharyngitis, the item 'Exudate or swelling on tonsils' scores 1 point for this patient.",null,"The criteria listed in the Centor Score formula are listed below:

1. Age: 3-14 years = +1 point, 15-44 years = 0 points, ≥45 years = -1 point
2. Exudate or swelling on tonsils: No = 0 points, Yes = +1 point
3. Tender/swollen anterior cervical lymph nodes: No = 0 points, Yes = +1 point
4. Temperature >38°C (100.4°F): No = 0 points, Yes = +1 point
5. Cough: Cough present = 0 points, Cough absent = +1 point

The Centor score is calculated by summing the points for each criterion.","A 14-year-old male presents to his pediatrician complaining of a sore throat. His mother reports that he developed a fever two days ago that was immediately followed by a sore throat. He denies cough or rhinorrhea. His past medical history is notable for poorly controlled asthma and he currently takes albuterol and budesonide. Of note, the child immigrated to America from Vietnam three months ago. His temperature is 101.6°F (38.7°C), blood pressure is 130/85 mmHg, pulse is 110/min, and respirations are 18/min. Physical examination reveals a malnourished adolescent who is small for his age. No hepatosplenomegaly is noted. A notable physical examination finding is shown in Figure A. Serologic and throat swab studies are pending.","+ On review, the patient has tonsillar exudate.",+ The patient's father has tonsillar exudate.,,,,,
M066,2,C-S2-mcv-verdict-triplets-s0,mcv_test_00305_01_s_subject,Centor Score (Modified/McIsaac) for Strep Pharyngitis,Exudate or swelling on tonsils,sentence,subject,default,"base, near",-6.392,-30.967,-4.933,"Under the Centor Score (Modified/McIsaac) for Strep Pharyngitis, the item 'Exudate or swelling on tonsils' scores 0 points for this patient.","Under the Centor Score (Modified/McIsaac) for Strep Pharyngitis, the item 'Exudate or swelling on tonsils' scores 1 point for this patient.",null,"The criteria listed in the Centor Score formula are listed below:

1. Age: 3-14 years = +1 point, 15-44 years = 0 points, ≥45 years = -1 point
2. Exudate or swelling on tonsils: No = 0 points, Yes = +1 point
3. Tender/swollen anterior cervical lymph nodes: No = 0 points, Yes = +1 point
4. Temperature >38°C (100.4°F): No = 0 points, Yes = +1 point
5. Cough: Cough present = 0 points, Cough absent = +1 point

The Centor score is calculated by summing the points for each criterion.","A 14-year-old male presents to his pediatrician complaining of a sore throat. His mother reports that he developed a fever two days ago that was immediately followed by a sore throat. He denies cough or rhinorrhea. His past medical history is notable for poorly controlled asthma and he currently takes albuterol and budesonide. Of note, the child immigrated to America from Vietnam three months ago. His temperature is 101.6°F (38.7°C), blood pressure is 130/85 mmHg, pulse is 110/min, and respirations are 18/min. Physical examination reveals a malnourished adolescent who is small for his age. No hepatosplenomegaly is noted. A notable physical examination finding is shown in Figure A. Serologic and throat swab studies are pending.","+ On review, the patient has tonsillar exudate.",+ The patient's father has tonsillar exudate.,,,,,
M067,3,C-S2-mcv-verdict-triplets-s1,mcv_test_00545_00_s_negation,CURB-65 Score for Pneumonia Severity,Confusion,sentence,negation,default,base,-1.122,-29.254,31.975,"Under the CURB-65 Score for Pneumonia Severity, the item 'Confusion' scores 0 points for this patient.","Under the CURB-65 Score for Pneumonia Severity, the item 'Confusion' scores 1 point for this patient.",null,"The CURB-65 Score criteria are listed below:

1. Confusion: No = 0 points, Yes = +1 point
2. BUN >19 mg/dL (>7 mmol/L urea): No = 0 points, Yes = +1 point
3. Respiratory Rate ≥30: No = 0 points, Yes = +1 point
4. Systolic BP <90 mmHg or Diastolic BP ≤60 mmHg: No = 0 points, Yes = +1 point
5. Age ≥65: No = 0 points, Yes = +1 point

The total CURB-65 score is calculated by summing the points for each criterion.","A 67-year-old male with a 6-day history of fever and shortness of breath was admitted to the emergency department on August 15, 2019. This patient had a fever, chill, cough, and progressive dyspnea after being in the rain on August 9, 2019, without a sore throat, chest pain, hemoptysis, paroxysmal dyspnea, dizziness, nausea, abdominal distension, abdominal pain or diarrhea. He first went to a local clinic and was treated with “anti-inflammatory drugs (the specific name is unknown)”, but his symptoms became more severe and rapidly progressive. One day before admission, the patient started having aggravated dyspnea, listlessness, and difficulty talking while lying down, then this patient presented to our emergency room (ER).
The physical exam revealed the following: T 36°C, P 82bpm, RR 28/min, BP 107/64mmHg, SpO2 72%, WBC 20.36×10^9/L, N 18.31×10^9/L; arterial blood gas (ABG) showed PH 7.12, PO2 55mmHg, PCO2 56mmHg, SaO2 85%, Lactate 4.4mmol/L, BE-11.7mmol/L; BUN 18.1mmol/L, creatinine 166umol/L; BNP 249.83pg/mL with peripheral cyanosis and bilateral wheezing. Chest computed tomography (CT) showed a dense consolidation site in the right lung with scattered shadows in both lungs, accompanying by mediastinal and right hilar lymphadenopathy, the CT results indicated the infection lesion (). He had been healthy previously, but he was a smoker with a 30-year history. He did not use illicit drugs and had no known allergies to medications. He worked as a farmer and have no family history. He was diagnosed as follows: 1. Severe pneumonia 2. Sepsis 3. Septic shock 4. Multiple organ dysfunction syndrome (MODS) 5. Type II respiratory failure 6. Heart failure 7. Acute renal insufficiency 8. Metabolic acidosis 9. Chronic bronchitis.
Laboratory examinations were supplemented and the results were as follows (August 31, 2019): Blood routine: neutrophil count 7.29×10^9/L, lymphocyte count 0.97×10^9/L, monocyte count 0.82×10^9/L, neutrophil percentage 79.2%, lymphocyte percentage 10.5%, red blood cell count 3.01×10^12/L, hemoglobin 86 g/L, hematocrit 0.28 L/L, mean corpuscular hemoglobin 305 g/L, platelet distribution width 9.2fl, C-reactive protein (CRP) 106.44 mg/L; hepatorenal function: ALT 15U/L, AST 13U/L, Creatinine 75umol/L. Orotracheal intubation was applied to help the patient’s respiration, assisting with the PB840 ventilator. Combined with the examination results of chest CT, the patient was provided with imipenem and cilastatin sodium 1.0g q12h, linezolid 0.6g q12h, and moxifloxacin 0.4g qd for anti-infection therapy. After a 3-day treatment, this patient still had a high fever with a maximum body temperature of 38.5°C. Continuous invasive mechanical ventilation was performed to assist the respiration, meanwhile, continuous vasoactive drugs and intravenous nutrition support were given to him.
Sputum cultures were collected and Gram stain revealed no squamous epithelial cells, few neutrophils, and Gram-negative rods. Within one day, sputum sample results showed P. aeruginosa and multidrug-resistant Acinetobacter baumannii (). Besides, fiberscope secretion cultures showed P. aeruginosa, which is sensitive to amikacin, gentamicin and piperacillin sodium and tazobactam sodium, intermediate to ciprofloxacin and ceftazidime, but resistant to imipenem and meropenem (). Based on the culture results, we changed the treatment strategy to the combination of polymyxin B (50IU, q12h) and amikacin (0.6g, qd) for 30 days, instead of imipenem (1g q12h) and cilastatin sodium (500mg, q12h).
The patient’s body temperature was back to 37°C, measured by a clinical thermometer for armpit use for 10 minutes. His cough was significantly alleviated with white viscous sputum. On day 21, laboratory examinations demonstrated the erythrocyte sedimentation rate (ESR), CRP and procalcitonin were negative; AST 14U/L, total protein 63.2g/L, albumin 30.3g/L, total calcium 2.1mmol/L, phosphorus 0.84mmol/L, sialic acid 723mg/L. On day 23, chest CT was rechecked to confirm the curative effect, which showed the formation of a pulmonary thick-walled cavity in the apical segment of the left upper lobe, with multiple small opacities, branching signs, bronchial wall thickening, and fibrous lesion. The inflammation of the cavity wall was obviously reduced compared with the first CT images (). The patient was discharged in a stable condition on day 35, and he was given acetylcysteine tablets 0.6g/box, 1 tablet, bid. The final diagnoses on discharge were represented: 1. Severe pneumonia 2. Sepsis 3. Septic shock 4. MODS 5. Type II respiratory failure 6. Heart failure 7. Acute renal insufficiency 8. Metabolic acidosis 9. Chronic bronchitis 10. Hypoproteinemia.
After he was discharged, a regular follow-up of 2 weeks was performed to monitor his condition until most indicators came back to the normal level. The results of laboratory examinations showed as follows (September 17, 2019): Blood routine: white blood cell 9.57×10^9/L, neutrophil count 6.78×10^9/L, lymphocyte count 1.24×10^9/L, neutrophil percentage 70.8%, lymphocyte percentage 13%, red blood cell count 3.92×10^12/L, hemoglobin 111 g/L, hematocrit 0.35 L/L, mean corpuscular hemoglobin 318 g/L, platelet distribution width 9.2fl, C-reactive protein (CRP) 19.04 mg/L, PCT 0.19ng/mL; hepatorenal function: ALT 25U/L, AST 37U/L, Creatinine 75umol/L. As shown above, most laboratory results were improved, and the physical examination was normal.","+ On review, the patient has confusion.","+ On review, the patient is free of confusion.",,,,,
M068,4,C-S2-mcv-verdict-triplets-s2,mcv_test_00627_03_s_negation,PERC Rule for Pulmonary Embolism,Unilateral leg swelling,sentence,negation,denied,flip,24.307,0.391,25.745,"Under the PERC Rule for Pulmonary Embolism, the item 'Unilateral leg swelling' scores 0 points for this patient.","Under the PERC Rule for Pulmonary Embolism, the item 'Unilateral leg swelling' scores 1 point for this patient.",null,"The PERC Rule critiera are listed below:

1. Age ≥50: No = 0 points, Yes = +1 point
2. Heart Rate (HR) ≥100: No = 0 points, Yes = +1 point
3. O₂ saturation on room air <95%: No = 0 points, Yes = +1 point
4. Unilateral leg swelling: No = 0 points, Yes = +1 point
5. Hemoptysis: No = 0 points, Yes = +1 point
6. Recent surgery or trauma (within 4 weeks, requiring treatment with general anesthesia): No = 0 points, Yes = +1 point
7. Prior pulmonary embolism (PE) or deep vein thrombosis (DVT): No = 0 points, Yes = +1 point
8. Hormone use (oral contraceptives, hormone replacement, or estrogenic hormone use in males or females): No = 0 points, Yes = +1 point

The total number of criteria met is taken by summing the points for each criterion.","History
A 52-year-old African American male presented to the emergency department complaining of pleuritic, sharp pain in his right chest wall that had begun three days prior to arrival. The pain had since worsened in intensity and did not radiate. He had taken acetaminophen without relief of his symptoms. The patient denied any fever, coughing up blood, shortness of breath, headache, or rash. His review of symptoms was otherwise negative. The patient had no significant past medical history and was taking no medications. He denied any recent history of surgery or trauma, but did note weight lifting two days prior to the onset of symptoms. Family history was negative for coagulopathies and autoimmune conditions.
Exam findings
Vital signs on arrival were blood pressure 146/97, heart rate 97, temperature 36.2°C, respiratory rate 20, and SpO2 99% on room air. He was alert and oriented, and in no acute distress. Lung sounds were clear bilaterally and heart sounds were normal. A raised cord was visible crossing from the epigastrium across the right breast toward the axilla, that was tender to palpation and mobile. There was no warmth, erythema, or rash overlying the cord. Head/eyes/ears/nose/throat, abdominal, and neurological examinations were unremarkable.
Diagnostic evaluation
Basic metabolic panel and troponin levels were normal, and a complete blood count and differential was unremarkable with platelets of 212 bil/L. Chest radiograph showed clear lung fields but did reveal remote right-sided posterior fractures of ribs five through eight. Given the pleuritic nature of the pain, a computed tomography pulmonary angiogram was ordered to rule out pulmonary embolism. As shown in Figure , it revealed a subtle density in the right chest wall over the area of the palpable cord, with no evidence of a pulmonary embolism. The diagnosis of superficial chest wall thrombophlebitis, or Mondor’s disease, was made.
Patient course
The patient was treated with ibuprofen in the emergency department and discharged with a naproxen prescription. He was referred to his primary care physician for further work-up. The pain improved in the days following his emergency department visit, resolving within a week of discharge. The patient was contacted two months after his emergency department visit. He noted that he was still able to appreciate a firm mass in his chest wall with some reduction in size since it was first diagnosed.","- History
+ History On review, the patient has swelling of one leg.","- History
+ History On review, the patient is free of swelling of one leg.",,,,,
M069,1,C-S2-mcv-verdict-triplets-s3,mcv_test_00479_02_s_negation,Charlson Comorbidity Index (CCI),Congestive heart failure,sentence,negation,denied,"base, near",-5.256,-15.838,-0.482,"Under the Charlson Comorbidity Index (CCI), the item 'Congestive heart failure' scores 0 points for this patient.","Under the Charlson Comorbidity Index (CCI), the item 'Congestive heart failure' scores 1 point for this patient.",null,"The Charlson Comorbidity Index (CCI) are listed below:

1. Age: <50 years = 0 points, 50-59 years = +1 point, 60-69 years = +2 points, 70-79 years = +3 points, ≥80 years = +4 points
2. Myocardial infarction (history of definite or probable MI with EKG changes and/or enzyme changes): No = 0 points, Yes = +1 point
3. Congestive heart failure (CHF) (exertional or paroxysmal nocturnal dyspnea, responsive to digitalis, diuretics, or afterload reducing agents): No = 0 points, Yes = +1 point
4. Peripheral vascular disease (intermittent claudication, past bypass for chronic arterial insufficiency, history of gangrene or acute arterial insufficiency, untreated thoracic or abdominal aneurysm ≥6 cm): No = 0 points, Yes = +1 point
5. Cerebrovascular accident (CVA) or transient ischemic attack (TIA): No = 0 points, Yes = +1 point
6. Dementia (chronic cognitive deficit): No = 0 points, Yes = +1 point
7. Chronic pulmonary disease (CPD): No = 0 points, Yes = +1 point
8. Connective tissue disease: No = 0 points, Yes = +1 point
9. Peptic ulcer disease (any history of treatment for ulcer disease or ulcer bleeding): No = 0 points, Yes = +1 point
10. Liver disease: None = 0 points, Mild = +1 point, Moderate to severe = +3 points
11. Diabetes mellitus: None or diet-controlled = 0 points, Uncomplicated = +1 point, End-organ damage = +2 points
12. Hemiplegia: No = 0 points, Yes = +2 points
13. Moderate to severe chronic kidney disease (CKD): No = 0 points, Yes = +2 points
14. Solid tumor: None = 0 points, Localized = +2 points, Metastatic = +6 points
15. Leukemia: No = 0 points, Yes = +2 points
16. Lymphoma: No = 0 points, Yes = +2 points
17. AIDS: No = 0 points, Yes = +6 points

The total score is calculated by summing the points for each criterion.","A 55-year-old man was first evaluated in a nephrology unit because of hypertension associated with progressive kidney failure and proteinuria. At that time, the patient presented a history of hypertension since the age of 42, hypoacusia, a superficial venous thrombosis event, and incidental evidence of cerebral ischemia.
Blood and urine tests revealed a IIIb CKD stage renal insufficiency (serum creatinine 1.92 mg/dL, MDRD GFR 39 mL/min/1.73 mq) with mild proteinuria (0.821 g/24 h). Urine sediment was clear. A kidney biopsy was performed to explore renal disease etiology, showing non-specific advanced chronic lesions (global glomerulosclerosis in 70% of glomeruli and segmental glomerulosclerosis in 10% of glomeruli, moderate interstitial fibrosis/tubular atrophy, and severe arteriolosclerosis). Therapy with ACE-inhibitor was hence started.
Two years later, at the age of 57, a significant concentric LVH (basal septum region 18 mm) was detected during an echocardiographic evaluation for hypertension.
Renal follow-up showed a progressive decline in renal function reaching end-stage renal disease (ESRD) at the patient’s age of 61. Chronic peritoneal dialysis was started, and one year later, he underwent renal transplantation from a deceased donor without complications.
When the patient was 63 years old, he began complaining of dyspnea during intense exercise. Echocardiography showed worsening LVH (maximum wall thickness of 24 mm) associated with pronounced tissue hyperechogenicity and right ventricular hypertrophy, finally raising the suspicion of Fabry disease. The diagnosis was confirmed by the detection of reduced α-galactosidase A activity measured on dried blood spots (DBS) (0.5 µmol/L/h (reference values > 2.8)) and with molecular analysis revealing the N215S GLA mutation. Increased levels of lysoGb3 on DBS (6.4 ng/mL (reference values 0.0–3.5)) were detected. At diagnosis, serum creatinine was 1.23 mg/dL, and proteinuria was 0.3 g/24 h.
Thus, in March 2019, the patient was referred to our Rare Disease Center for Fabry disease management and follow-up. The Mainz Severity Score Index (MSSI) was 40/76 (General score—3; Neurological score—3; Cardiovascular score—16; and Renal score—18), and the total assessment Fabry Disease Severity Scoring System (DS3) was 46/80 (Peripheral Nervous System domain—0; Renal domain—23; Cardiac domain—18; Central Nervous System domain—1; and Patient-Reported domain 4).
Cardiac magnetic resonance (CMR) showed severe biventricular hypertrophy with reduced native T1 values, suggesting myocardial glycosphingolipid storage. The left ventricular mass index was 198.4 g/m2. Extensive late gadolinium enhancement was also detected in the infero-lateral wall, with an increased T2 value indicating myocardial edema ().
An initial 24-h Holter monitoring revealed two runs of atrial fibrillation, which required the introduction of anticoagulant therapy.
One year later, in 2020, two runs of monomorphic non-sustained ventricular tachycardia were detected during a further 24-h Holter monitoring. Thus, an ICD was implanted.
Therapy with agalsidase beta at a standard dose of 1 mg/kg every two weeks, administered at our center, was initiated in June 2019. In March 2020, the outbreak of the Coronavirus pandemic dramatically affected the Northern regions of Italy. Thus, the patient asked to switch to oral therapy to avoid hospital access or contact with health care workers in the case of home treatment activation. No contraindications to chaperone therapy were found (serum creatinine 1.28 mg/dL, MDRD GFR 60 mL/min/1.73 mq). We thereby started migalastat at a standard dose of 123 mg orally every other day. The patient did not show any side effects of migalastat such as headache, runny or stuffy nose, urinary tract infection, nausea, or fever. After one year of migalastat treatment, the patient was stable in terms of symptoms, renal function (serum creatinine 1.30 mg/dL, proteinuria 0.275 g/24 h), and cardiac function (CMR in March 2021 showed substantially stable cardiac features). No adjustments in the immunosuppressor dosage, namely prednisone, mycophenolate mofetil, and tacrolimus, were required. In addition, we detected a reduction in lysoGb3 levels (4.3 ng/mL; a reduction of 33% from the patient’s basal values) and an increase in α-galactosidase A activity measured on dried blood spots (1.1 µmol/L/h; an increase of 120% compared to the patient’s basal values).
To confirm the kidney disease etiology, we recently analyzed the residual material from the native kidney biopsy by electron microscopy, finding abundant electron-lucent microvacuoles in many cell types and multivacuolized appearance of podocytes ().","+ On review, the patient has congestive heart failure.","+ On review, the patient is free of congestive heart failure.",,,,,
M070,2,C-S2-mcv-verdict-triplets-s4,mcv_test_00479_02_s_subject,Charlson Comorbidity Index (CCI),Congestive heart failure,sentence,subject,denied,base,-1.351,-11.122,0.071,"Under the Charlson Comorbidity Index (CCI), the item 'Congestive heart failure' scores 0 points for this patient.","Under the Charlson Comorbidity Index (CCI), the item 'Congestive heart failure' scores 1 point for this patient.",null,"The Charlson Comorbidity Index (CCI) are listed below:

1. Age: <50 years = 0 points, 50-59 years = +1 point, 60-69 years = +2 points, 70-79 years = +3 points, ≥80 years = +4 points
2. Myocardial infarction (history of definite or probable MI with EKG changes and/or enzyme changes): No = 0 points, Yes = +1 point
3. Congestive heart failure (CHF) (exertional or paroxysmal nocturnal dyspnea, responsive to digitalis, diuretics, or afterload reducing agents): No = 0 points, Yes = +1 point
4. Peripheral vascular disease (intermittent claudication, past bypass for chronic arterial insufficiency, history of gangrene or acute arterial insufficiency, untreated thoracic or abdominal aneurysm ≥6 cm): No = 0 points, Yes = +1 point
5. Cerebrovascular accident (CVA) or transient ischemic attack (TIA): No = 0 points, Yes = +1 point
6. Dementia (chronic cognitive deficit): No = 0 points, Yes = +1 point
7. Chronic pulmonary disease (CPD): No = 0 points, Yes = +1 point
8. Connective tissue disease: No = 0 points, Yes = +1 point
9. Peptic ulcer disease (any history of treatment for ulcer disease or ulcer bleeding): No = 0 points, Yes = +1 point
10. Liver disease: None = 0 points, Mild = +1 point, Moderate to severe = +3 points
11. Diabetes mellitus: None or diet-controlled = 0 points, Uncomplicated = +1 point, End-organ damage = +2 points
12. Hemiplegia: No = 0 points, Yes = +2 points
13. Moderate to severe chronic kidney disease (CKD): No = 0 points, Yes = +2 points
14. Solid tumor: None = 0 points, Localized = +2 points, Metastatic = +6 points
15. Leukemia: No = 0 points, Yes = +2 points
16. Lymphoma: No = 0 points, Yes = +2 points
17. AIDS: No = 0 points, Yes = +6 points

The total score is calculated by summing the points for each criterion.","A 55-year-old man was first evaluated in a nephrology unit because of hypertension associated with progressive kidney failure and proteinuria. At that time, the patient presented a history of hypertension since the age of 42, hypoacusia, a superficial venous thrombosis event, and incidental evidence of cerebral ischemia.
Blood and urine tests revealed a IIIb CKD stage renal insufficiency (serum creatinine 1.92 mg/dL, MDRD GFR 39 mL/min/1.73 mq) with mild proteinuria (0.821 g/24 h). Urine sediment was clear. A kidney biopsy was performed to explore renal disease etiology, showing non-specific advanced chronic lesions (global glomerulosclerosis in 70% of glomeruli and segmental glomerulosclerosis in 10% of glomeruli, moderate interstitial fibrosis/tubular atrophy, and severe arteriolosclerosis). Therapy with ACE-inhibitor was hence started.
Two years later, at the age of 57, a significant concentric LVH (basal septum region 18 mm) was detected during an echocardiographic evaluation for hypertension.
Renal follow-up showed a progressive decline in renal function reaching end-stage renal disease (ESRD) at the patient’s age of 61. Chronic peritoneal dialysis was started, and one year later, he underwent renal transplantation from a deceased donor without complications.
When the patient was 63 years old, he began complaining of dyspnea during intense exercise. Echocardiography showed worsening LVH (maximum wall thickness of 24 mm) associated with pronounced tissue hyperechogenicity and right ventricular hypertrophy, finally raising the suspicion of Fabry disease. The diagnosis was confirmed by the detection of reduced α-galactosidase A activity measured on dried blood spots (DBS) (0.5 µmol/L/h (reference values > 2.8)) and with molecular analysis revealing the N215S GLA mutation. Increased levels of lysoGb3 on DBS (6.4 ng/mL (reference values 0.0–3.5)) were detected. At diagnosis, serum creatinine was 1.23 mg/dL, and proteinuria was 0.3 g/24 h.
Thus, in March 2019, the patient was referred to our Rare Disease Center for Fabry disease management and follow-up. The Mainz Severity Score Index (MSSI) was 40/76 (General score—3; Neurological score—3; Cardiovascular score—16; and Renal score—18), and the total assessment Fabry Disease Severity Scoring System (DS3) was 46/80 (Peripheral Nervous System domain—0; Renal domain—23; Cardiac domain—18; Central Nervous System domain—1; and Patient-Reported domain 4).
Cardiac magnetic resonance (CMR) showed severe biventricular hypertrophy with reduced native T1 values, suggesting myocardial glycosphingolipid storage. The left ventricular mass index was 198.4 g/m2. Extensive late gadolinium enhancement was also detected in the infero-lateral wall, with an increased T2 value indicating myocardial edema ().
An initial 24-h Holter monitoring revealed two runs of atrial fibrillation, which required the introduction of anticoagulant therapy.
One year later, in 2020, two runs of monomorphic non-sustained ventricular tachycardia were detected during a further 24-h Holter monitoring. Thus, an ICD was implanted.
Therapy with agalsidase beta at a standard dose of 1 mg/kg every two weeks, administered at our center, was initiated in June 2019. In March 2020, the outbreak of the Coronavirus pandemic dramatically affected the Northern regions of Italy. Thus, the patient asked to switch to oral therapy to avoid hospital access or contact with health care workers in the case of home treatment activation. No contraindications to chaperone therapy were found (serum creatinine 1.28 mg/dL, MDRD GFR 60 mL/min/1.73 mq). We thereby started migalastat at a standard dose of 123 mg orally every other day. The patient did not show any side effects of migalastat such as headache, runny or stuffy nose, urinary tract infection, nausea, or fever. After one year of migalastat treatment, the patient was stable in terms of symptoms, renal function (serum creatinine 1.30 mg/dL, proteinuria 0.275 g/24 h), and cardiac function (CMR in March 2021 showed substantially stable cardiac features). No adjustments in the immunosuppressor dosage, namely prednisone, mycophenolate mofetil, and tacrolimus, were required. In addition, we detected a reduction in lysoGb3 levels (4.3 ng/mL; a reduction of 33% from the patient’s basal values) and an increase in α-galactosidase A activity measured on dried blood spots (1.1 µmol/L/h; an increase of 120% compared to the patient’s basal values).
To confirm the kidney disease etiology, we recently analyzed the residual material from the native kidney biopsy by electron microscopy, finding abundant electron-lucent microvacuoles in many cell types and multivacuolized appearance of podocytes ().","+ On review, the patient has congestive heart failure.",+ The patient's father has congestive heart failure.,,,,,
M071,3,C-S2-mcv-verdict-triplets-s0,mcv_test_00309_01_s_subject,Centor Score (Modified/McIsaac) for Strep Pharyngitis,Exudate or swelling on tonsils,sentence,subject,default,"base, near",-3.566,-31.128,-0.481,"Under the Centor Score (Modified/McIsaac) for Strep Pharyngitis, the item 'Exudate or swelling on tonsils' scores 0 points for this patient.","Under the Centor Score (Modified/McIsaac) for Strep Pharyngitis, the item 'Exudate or swelling on tonsils' scores 1 point for this patient.",null,"The criteria listed in the Centor Score formula are listed below:

1. Age: 3-14 years = +1 point, 15-44 years = 0 points, ≥45 years = -1 point
2. Exudate or swelling on tonsils: No = 0 points, Yes = +1 point
3. Tender/swollen anterior cervical lymph nodes: No = 0 points, Yes = +1 point
4. Temperature >38°C (100.4°F): No = 0 points, Yes = +1 point
5. Cough: Cough present = 0 points, Cough absent = +1 point

The Centor score is calculated by summing the points for each criterion.","A 14-year-old boy is brought to the physician by his mother because of a 1-week history of fever, fatigue, and throat pain. He appears lethargic. His temperature is 38.5°C (101.3°F). Physical examination shows bilateral tender and swollen anterior cervical lymph nodes,. Oral examination shows the findings in the photograph. A peripheral blood smear shows lymphocytosis with atypical lymphocytes. A heterophile antibody test is positive.","+ On review, the patient has tonsillar exudate.",+ The patient's father has tonsillar exudate.,,,,,
M072,4,C-S2-mcv-verdict-triplets-s1,mcv_test_00479_02_s_negation,Charlson Comorbidity Index (CCI),Congestive heart failure,sentence,negation,denied,base,-4.155,-26.232,2.269,"Under the Charlson Comorbidity Index (CCI), the item 'Congestive heart failure' scores 0 points for this patient.","Under the Charlson Comorbidity Index (CCI), the item 'Congestive heart failure' scores 1 point for this patient.",null,"The Charlson Comorbidity Index (CCI) are listed below:

1. Age: <50 years = 0 points, 50-59 years = +1 point, 60-69 years = +2 points, 70-79 years = +3 points, ≥80 years = +4 points
2. Myocardial infarction (history of definite or probable MI with EKG changes and/or enzyme changes): No = 0 points, Yes = +1 point
3. Congestive heart failure (CHF) (exertional or paroxysmal nocturnal dyspnea, responsive to digitalis, diuretics, or afterload reducing agents): No = 0 points, Yes = +1 point
4. Peripheral vascular disease (intermittent claudication, past bypass for chronic arterial insufficiency, history of gangrene or acute arterial insufficiency, untreated thoracic or abdominal aneurysm ≥6 cm): No = 0 points, Yes = +1 point
5. Cerebrovascular accident (CVA) or transient ischemic attack (TIA): No = 0 points, Yes = +1 point
6. Dementia (chronic cognitive deficit): No = 0 points, Yes = +1 point
7. Chronic pulmonary disease (CPD): No = 0 points, Yes = +1 point
8. Connective tissue disease: No = 0 points, Yes = +1 point
9. Peptic ulcer disease (any history of treatment for ulcer disease or ulcer bleeding): No = 0 points, Yes = +1 point
10. Liver disease: None = 0 points, Mild = +1 point, Moderate to severe = +3 points
11. Diabetes mellitus: None or diet-controlled = 0 points, Uncomplicated = +1 point, End-organ damage = +2 points
12. Hemiplegia: No = 0 points, Yes = +2 points
13. Moderate to severe chronic kidney disease (CKD): No = 0 points, Yes = +2 points
14. Solid tumor: None = 0 points, Localized = +2 points, Metastatic = +6 points
15. Leukemia: No = 0 points, Yes = +2 points
16. Lymphoma: No = 0 points, Yes = +2 points
17. AIDS: No = 0 points, Yes = +6 points

The total score is calculated by summing the points for each criterion.","A 55-year-old man was first evaluated in a nephrology unit because of hypertension associated with progressive kidney failure and proteinuria. At that time, the patient presented a history of hypertension since the age of 42, hypoacusia, a superficial venous thrombosis event, and incidental evidence of cerebral ischemia.
Blood and urine tests revealed a IIIb CKD stage renal insufficiency (serum creatinine 1.92 mg/dL, MDRD GFR 39 mL/min/1.73 mq) with mild proteinuria (0.821 g/24 h). Urine sediment was clear. A kidney biopsy was performed to explore renal disease etiology, showing non-specific advanced chronic lesions (global glomerulosclerosis in 70% of glomeruli and segmental glomerulosclerosis in 10% of glomeruli, moderate interstitial fibrosis/tubular atrophy, and severe arteriolosclerosis). Therapy with ACE-inhibitor was hence started.
Two years later, at the age of 57, a significant concentric LVH (basal septum region 18 mm) was detected during an echocardiographic evaluation for hypertension.
Renal follow-up showed a progressive decline in renal function reaching end-stage renal disease (ESRD) at the patient’s age of 61. Chronic peritoneal dialysis was started, and one year later, he underwent renal transplantation from a deceased donor without complications.
When the patient was 63 years old, he began complaining of dyspnea during intense exercise. Echocardiography showed worsening LVH (maximum wall thickness of 24 mm) associated with pronounced tissue hyperechogenicity and right ventricular hypertrophy, finally raising the suspicion of Fabry disease. The diagnosis was confirmed by the detection of reduced α-galactosidase A activity measured on dried blood spots (DBS) (0.5 µmol/L/h (reference values > 2.8)) and with molecular analysis revealing the N215S GLA mutation. Increased levels of lysoGb3 on DBS (6.4 ng/mL (reference values 0.0–3.5)) were detected. At diagnosis, serum creatinine was 1.23 mg/dL, and proteinuria was 0.3 g/24 h.
Thus, in March 2019, the patient was referred to our Rare Disease Center for Fabry disease management and follow-up. The Mainz Severity Score Index (MSSI) was 40/76 (General score—3; Neurological score—3; Cardiovascular score—16; and Renal score—18), and the total assessment Fabry Disease Severity Scoring System (DS3) was 46/80 (Peripheral Nervous System domain—0; Renal domain—23; Cardiac domain—18; Central Nervous System domain—1; and Patient-Reported domain 4).
Cardiac magnetic resonance (CMR) showed severe biventricular hypertrophy with reduced native T1 values, suggesting myocardial glycosphingolipid storage. The left ventricular mass index was 198.4 g/m2. Extensive late gadolinium enhancement was also detected in the infero-lateral wall, with an increased T2 value indicating myocardial edema ().
An initial 24-h Holter monitoring revealed two runs of atrial fibrillation, which required the introduction of anticoagulant therapy.
One year later, in 2020, two runs of monomorphic non-sustained ventricular tachycardia were detected during a further 24-h Holter monitoring. Thus, an ICD was implanted.
Therapy with agalsidase beta at a standard dose of 1 mg/kg every two weeks, administered at our center, was initiated in June 2019. In March 2020, the outbreak of the Coronavirus pandemic dramatically affected the Northern regions of Italy. Thus, the patient asked to switch to oral therapy to avoid hospital access or contact with health care workers in the case of home treatment activation. No contraindications to chaperone therapy were found (serum creatinine 1.28 mg/dL, MDRD GFR 60 mL/min/1.73 mq). We thereby started migalastat at a standard dose of 123 mg orally every other day. The patient did not show any side effects of migalastat such as headache, runny or stuffy nose, urinary tract infection, nausea, or fever. After one year of migalastat treatment, the patient was stable in terms of symptoms, renal function (serum creatinine 1.30 mg/dL, proteinuria 0.275 g/24 h), and cardiac function (CMR in March 2021 showed substantially stable cardiac features). No adjustments in the immunosuppressor dosage, namely prednisone, mycophenolate mofetil, and tacrolimus, were required. In addition, we detected a reduction in lysoGb3 levels (4.3 ng/mL; a reduction of 33% from the patient’s basal values) and an increase in α-galactosidase A activity measured on dried blood spots (1.1 µmol/L/h; an increase of 120% compared to the patient’s basal values).
To confirm the kidney disease etiology, we recently analyzed the residual material from the native kidney biopsy by electron microscopy, finding abundant electron-lucent microvacuoles in many cell types and multivacuolized appearance of podocytes ().","+ On review, the patient has congestive heart failure.","+ On review, the patient is free of congestive heart failure.",,,,,
M073,1,C-S2-mcv-verdict-triplets-s2,mcv_test_00416_06_s_negation_past,Glasgow-Blatchford Bleeding Score (GBS),Hepatic disease history,sentence,negation,default,flip,20.053,0.079,22.818,"Under the Glasgow-Blatchford Bleeding Score (GBS), the item 'Hepatic disease history' scores 0 points for this patient.","Under the Glasgow-Blatchford Bleeding Score (GBS), the item 'Hepatic disease history' scores 2 points for this patient.",null,"The criteria for the Glasgow-Blatchford Score are listed below:

1. BUN (mg/dL): <18.2 = 0 points, 18.2-22.3 = +2 points, 22.4-28 = +3 points, 28-70 = +4 points, >70 = +6 points
2. Hemoglobin (g/dL) for men: >=13 = 0 points, <=12-13 = +1 point, <=10-12 = +3 points, <10 = +6 points
3. Hemoglobin (g/dL) for women: >=12 = 0 points, <=10-12 = +1 point, <10 = +6 points
4. Systolic blood pressure (mm Hg): ≥110 = 0 points, 100-109 = +1 point, 90-99 = +2 points, <90 = +3 points
5. Pulse ≥100 (per minute): No = 0 points, Yes = +1 point
6. Melena present: No = 0 points, Yes = +1 point
7. Recent syncope: No = 0 points, Yes = +2 points
8. Hepatic disease history: No = 0 points, Yes = +2 points
9. Cardiac failure present: No = 0 points, Yes = +2 points

The total Glasgow-Blatchford Score is calculated by summing the points for each criterion.","A 72-year-old Caucasian (white) man with a history of diffuse large B-cell lymphoma (DLBCL), immunoglobin M (IgM) monoclonal gammopathy of undetermined significance (MGUS), and chronic back pain secondary to osteoarthritis presented with dyspnea and a left pleural effusion. His social history was notable for a 60 pack-year cigarette smoking, and he had cut down to five cigarettes a day after diagnosis of non-Hodgkin’s lymphoma (NHL). He denied any significant past alcohol abuse, illicit drug abuse, or prescription drug abuse and reported consuming a beer or two on rare social occasions. Our patient was adopted so he is unaware of any past family history in regard to his parents. His brother has high blood pressure; otherwise he reported no other known malignancy or cardiopulmonary disease in the family. He worked as a mechanic and retired 20 years ago. He denied any known environmental exposures or allergies. Home medications included a daily probiotic, florastor 250 mg 2 tablets once daily, and acetaminophen/oxycodone – 325 mg/5 tablets once a day as needed for severe back pain. Our patient explained that he took opiate pain medication two to three times a week. Seven years prior, a bone marrow (BM) biopsy had revealed DLBCL, stage IVB, and he achieved complete remission (CR) with rituximab, cyclophosphamide, doxorubicin, vincristine, prednisolone (R-CHOP). Two years prior, he was diagnosed with monoclonal IgM kappa MGUS and BM biopsy revealed B-cell lymphoma with plasmacytic differentiation (10% of the marrow cellularity). The differential diagnosis at this time included LPL and marginal zone lymphoma. Given that he was asymptomatic at this time, he was monitored without treatment.
In the Emergency Department (ED), his vital signs were a pulse of 88 beats per minute, his blood pressure was 145/62, and temperature was 98.7 degrees Fahrenheit. His oxygen saturation was 95% on room air and he was mildly tachypneic with a respiratory rate of 24 breaths per minute. At physical examination, he appeared well, he was well nourished, awake, and in no apparent distress. An ear, nose, mouth and throat examination showed clear nasal mucosa and normal mouth mucosa. His head was atraumatic/normocephalic. His heart rate was normal, with a regular rhythm, heart sounds were S1, S2, and there were no murmurs, rubs or gallops. There were rales in his left lung base without wheeze or rhonchi. His abdomen was soft, non-distended, and non-tender. His lumbar spine showed a mild reduction in range of motion. He showed superficial bilateral inguinal lymphadenopathy. He was alert and oriented × 4, with no focal deficits, and no motor or sensory deficits. His CN II-XII were intact, extremities showed no cyanosis or edema, and his skin was dry, intact, with no rash. Our patient was given one ipratropium bromide/albuterol nebulizer treatment and two doses of morphine 1 mg for back pain. During the admission, our patient received tramadol 50 mg once for back pain and required no other medication. His complete blood count showed a white blood cell count of 6.2 × 109/L, hemoglobin of 13.8 g/dL, platelet count of 156 × 109/L with normal differential. The complete metabolic panel showed sodium of 141 mEq/L, potassium of 3.8 mEq/L, blood urea nitrogen of 18 mg/dL and creatinine of 1.0 mg/dL, glucose of 95 mg/dL, calcium of 9.2, albumin 3.8 g/dL, aspartate aminotransferase of 23 IU/L, and alanine aminotransferase of 32 IU/L, alkaline phosphatase of 46, and total bilirubin of 0.6. The urinalysis was within normal limits with no evidence of hematuria, pyuria, nitrates were not detected, and there were no bacteria. A computed tomography scan of his chest (Fig. ), abdomen, and pelvis showed layering left pleural effusion and para-aortic retroperitoneal lymphadenopathy extending to the iliacs and superficial inguinal nodes. Pleural fluid (PF) cytology was positive for malignant cells consistent with B-cell lymphoma and positive for MYD88 L265P mutation.
PF flow cytometry showed monoclonal kappa B-cell population with moderate CD19, CD20, CD22, and CD38 expression (Fig. ).
Inguinal lymph node biopsy showed lymphoplasmacytic, monoclonal B-cell population, CD20-positive, CD5-negative, CD10-negative B-cells, consistent with LPL/WM (Fig. ).
In comparison to his BM biopsy 2 years prior, the current study shows an increase in marrow involvement by B-cell lymphoma with plasmacytic differentiation. The findings in conjunction with IgM monoclonal paraprotein favor LPL, and the positive MYD88 L265P mutation analysis supports this impression. Congo red stain was negative for amyloid (Fig. ).
The pleural effusion recurred post-thoracentesis and 420 mg ibrutinib was initiated, but due to intolerance with nausea and vomiting, required a dose reduction to 240 mg. He achieved a lasting CR as defined by National Comprehensive Cancer Network (NCCN) guidelines []. Seven months after initial presentation to the ED, he remains in CR and is tolerating a reduced dose of imantinib without any side effects.","+ The patient had liver disease some years ago, and it has since cleared.","+ On review, the patient is free of liver disease.",,,,,
M074,2,C-S2-mcv-verdict-triplets-s3,mcv_test_00545_00_s_negation,CURB-65 Score for Pneumonia Severity,Confusion,sentence,negation,default,base,-2.186,-21.328,19.887,"Under the CURB-65 Score for Pneumonia Severity, the item 'Confusion' scores 0 points for this patient.","Under the CURB-65 Score for Pneumonia Severity, the item 'Confusion' scores 1 point for this patient.",null,"The CURB-65 Score criteria are listed below:

1. Confusion: No = 0 points, Yes = +1 point
2. BUN >19 mg/dL (>7 mmol/L urea): No = 0 points, Yes = +1 point
3. Respiratory Rate ≥30: No = 0 points, Yes = +1 point
4. Systolic BP <90 mmHg or Diastolic BP ≤60 mmHg: No = 0 points, Yes = +1 point
5. Age ≥65: No = 0 points, Yes = +1 point

The total CURB-65 score is calculated by summing the points for each criterion.","A 67-year-old male with a 6-day history of fever and shortness of breath was admitted to the emergency department on August 15, 2019. This patient had a fever, chill, cough, and progressive dyspnea after being in the rain on August 9, 2019, without a sore throat, chest pain, hemoptysis, paroxysmal dyspnea, dizziness, nausea, abdominal distension, abdominal pain or diarrhea. He first went to a local clinic and was treated with “anti-inflammatory drugs (the specific name is unknown)”, but his symptoms became more severe and rapidly progressive. One day before admission, the patient started having aggravated dyspnea, listlessness, and difficulty talking while lying down, then this patient presented to our emergency room (ER).
The physical exam revealed the following: T 36°C, P 82bpm, RR 28/min, BP 107/64mmHg, SpO2 72%, WBC 20.36×10^9/L, N 18.31×10^9/L; arterial blood gas (ABG) showed PH 7.12, PO2 55mmHg, PCO2 56mmHg, SaO2 85%, Lactate 4.4mmol/L, BE-11.7mmol/L; BUN 18.1mmol/L, creatinine 166umol/L; BNP 249.83pg/mL with peripheral cyanosis and bilateral wheezing. Chest computed tomography (CT) showed a dense consolidation site in the right lung with scattered shadows in both lungs, accompanying by mediastinal and right hilar lymphadenopathy, the CT results indicated the infection lesion (). He had been healthy previously, but he was a smoker with a 30-year history. He did not use illicit drugs and had no known allergies to medications. He worked as a farmer and have no family history. He was diagnosed as follows: 1. Severe pneumonia 2. Sepsis 3. Septic shock 4. Multiple organ dysfunction syndrome (MODS) 5. Type II respiratory failure 6. Heart failure 7. Acute renal insufficiency 8. Metabolic acidosis 9. Chronic bronchitis.
Laboratory examinations were supplemented and the results were as follows (August 31, 2019): Blood routine: neutrophil count 7.29×10^9/L, lymphocyte count 0.97×10^9/L, monocyte count 0.82×10^9/L, neutrophil percentage 79.2%, lymphocyte percentage 10.5%, red blood cell count 3.01×10^12/L, hemoglobin 86 g/L, hematocrit 0.28 L/L, mean corpuscular hemoglobin 305 g/L, platelet distribution width 9.2fl, C-reactive protein (CRP) 106.44 mg/L; hepatorenal function: ALT 15U/L, AST 13U/L, Creatinine 75umol/L. Orotracheal intubation was applied to help the patient’s respiration, assisting with the PB840 ventilator. Combined with the examination results of chest CT, the patient was provided with imipenem and cilastatin sodium 1.0g q12h, linezolid 0.6g q12h, and moxifloxacin 0.4g qd for anti-infection therapy. After a 3-day treatment, this patient still had a high fever with a maximum body temperature of 38.5°C. Continuous invasive mechanical ventilation was performed to assist the respiration, meanwhile, continuous vasoactive drugs and intravenous nutrition support were given to him.
Sputum cultures were collected and Gram stain revealed no squamous epithelial cells, few neutrophils, and Gram-negative rods. Within one day, sputum sample results showed P. aeruginosa and multidrug-resistant Acinetobacter baumannii (). Besides, fiberscope secretion cultures showed P. aeruginosa, which is sensitive to amikacin, gentamicin and piperacillin sodium and tazobactam sodium, intermediate to ciprofloxacin and ceftazidime, but resistant to imipenem and meropenem (). Based on the culture results, we changed the treatment strategy to the combination of polymyxin B (50IU, q12h) and amikacin (0.6g, qd) for 30 days, instead of imipenem (1g q12h) and cilastatin sodium (500mg, q12h).
The patient’s body temperature was back to 37°C, measured by a clinical thermometer for armpit use for 10 minutes. His cough was significantly alleviated with white viscous sputum. On day 21, laboratory examinations demonstrated the erythrocyte sedimentation rate (ESR), CRP and procalcitonin were negative; AST 14U/L, total protein 63.2g/L, albumin 30.3g/L, total calcium 2.1mmol/L, phosphorus 0.84mmol/L, sialic acid 723mg/L. On day 23, chest CT was rechecked to confirm the curative effect, which showed the formation of a pulmonary thick-walled cavity in the apical segment of the left upper lobe, with multiple small opacities, branching signs, bronchial wall thickening, and fibrous lesion. The inflammation of the cavity wall was obviously reduced compared with the first CT images (). The patient was discharged in a stable condition on day 35, and he was given acetylcysteine tablets 0.6g/box, 1 tablet, bid. The final diagnoses on discharge were represented: 1. Severe pneumonia 2. Sepsis 3. Septic shock 4. MODS 5. Type II respiratory failure 6. Heart failure 7. Acute renal insufficiency 8. Metabolic acidosis 9. Chronic bronchitis 10. Hypoproteinemia.
After he was discharged, a regular follow-up of 2 weeks was performed to monitor his condition until most indicators came back to the normal level. The results of laboratory examinations showed as follows (September 17, 2019): Blood routine: white blood cell 9.57×10^9/L, neutrophil count 6.78×10^9/L, lymphocyte count 1.24×10^9/L, neutrophil percentage 70.8%, lymphocyte percentage 13%, red blood cell count 3.92×10^12/L, hemoglobin 111 g/L, hematocrit 0.35 L/L, mean corpuscular hemoglobin 318 g/L, platelet distribution width 9.2fl, C-reactive protein (CRP) 19.04 mg/L, PCT 0.19ng/mL; hepatorenal function: ALT 25U/L, AST 37U/L, Creatinine 75umol/L. As shown above, most laboratory results were improved, and the physical examination was normal.","+ On review, the patient has confusion.","+ On review, the patient is free of confusion.",,,,,
M075,3,C-S2-mcv-verdict-triplets-s4,mcv_test_00403_06_s_negation_past,Glasgow-Blatchford Bleeding Score (GBS),Hepatic disease history,sentence,negation,default,flip,30.867,4.401,31.529,"Under the Glasgow-Blatchford Bleeding Score (GBS), the item 'Hepatic disease history' scores 0 points for this patient.","Under the Glasgow-Blatchford Bleeding Score (GBS), the item 'Hepatic disease history' scores 2 points for this patient.",null,"The criteria for the Glasgow-Blatchford Score are listed below:

1. BUN (mg/dL): <18.2 = 0 points, 18.2-22.3 = +2 points, 22.4-28 = +3 points, 28-70 = +4 points, >70 = +6 points
2. Hemoglobin (g/dL) for men: >=13 = 0 points, <=12-13 = +1 point, <=10-12 = +3 points, <10 = +6 points
3. Hemoglobin (g/dL) for women: >=12 = 0 points, <=10-12 = +1 point, <10 = +6 points
4. Systolic blood pressure (mm Hg): ≥110 = 0 points, 100-109 = +1 point, 90-99 = +2 points, <90 = +3 points
5. Pulse ≥100 (per minute): No = 0 points, Yes = +1 point
6. Melena present: No = 0 points, Yes = +1 point
7. Recent syncope: No = 0 points, Yes = +2 points
8. Hepatic disease history: No = 0 points, Yes = +2 points
9. Cardiac failure present: No = 0 points, Yes = +2 points

The total Glasgow-Blatchford Score is calculated by summing the points for each criterion.","An 84-year-old man presented to our department with a 12-hour history of painless gross hematuria. This was his first ever episode. His past medical history included anemia, benign prostatic hyperplasia, appendicectomy, duodenal ulcer (treated surgically 40 years ago), and an abdominal aortic aneurysm. He was taking tamsulosin, finasteride, levocarnitine, and ferrous sulphate. The physical examination revealed a soft, nontender abdomen and isolated left leg edema. His blood pressure was 140/85 mmHg and his pulse was 75 beats/min. The per rectum examination revealed a smooth, slightly enlarged prostate. Laboratory investigations on admission showed the following: hemoglobin 10 g/dl, hematocrit 31.5%, platelets 162×109/l, BUN 36 mg/dl, and creatinine 1.5 mg/dl. Midstream urine (MSU) sample investigations revealed the following: specific weight 1,030, pH 5.5, white cells 2-4, and red cells >200 per optic field. Culture showed mixed growth of 104-105 cfu. Bladder irrigation was instigated, and urine samples for cytological examination were also taken. Cystoscopy showed decreased expansion suggesting compression from outside the bladder. At the point of compression, increased vascularization was noted in the bladder mucosa with no evidence of active bleeding. No trace of blood was identified coming from the ureteric orifices, the bladder neck, or the prostate. There was no evidence of intra-vesicular masses or other inflammatory changes. The kidney-ureter-bladder X-ray revealed no abnormalities.
The abdominal computed tomography (CT) scan with intravenous contrast revealed left-sided hydronephrosis and dilation of the upper third of the left ureter with no evidence of stones or related peri-ureteric mass. There was an abdominal aortic aneurysm starting 3 cm below the origin of the renal vessels and involving the aortic bifurcation and both internal iliac arteries (, ). The greatest diameter of the aortic aneurysm was 8.0 cm, and the left internal iliac artery's diameter was 11.5 cm (). The iliac artery aneurysm contained a peripheral thrombus, whereas the aortic aneurysm was partly calcified (). Inflammatory changes were present in the lower right peri-renal area. The right iliopsoas muscle was enlarged and of a heterogeneous texture. There was adjacent soft tissue swelling.
The cytological examination was negative for malignant cells. The hematuria was controlled by the fourth day of admission. The patient was discharged awaiting review by the vascular surgical team.","+ The patient had liver disease some years ago, and it has since cleared.","+ On review, the patient is free of liver disease.",,,,,
M076,4,C-S2-mcv-verdict-triplets-s0,mcv_test_00309_01_s_negation,Centor Score (Modified/McIsaac) for Strep Pharyngitis,Exudate or swelling on tonsils,sentence,negation,default,base,-3.566,-31.128,12.329,"Under the Centor Score (Modified/McIsaac) for Strep Pharyngitis, the item 'Exudate or swelling on tonsils' scores 0 points for this patient.","Under the Centor Score (Modified/McIsaac) for Strep Pharyngitis, the item 'Exudate or swelling on tonsils' scores 1 point for this patient.",null,"The criteria listed in the Centor Score formula are listed below:

1. Age: 3-14 years = +1 point, 15-44 years = 0 points, ≥45 years = -1 point
2. Exudate or swelling on tonsils: No = 0 points, Yes = +1 point
3. Tender/swollen anterior cervical lymph nodes: No = 0 points, Yes = +1 point
4. Temperature >38°C (100.4°F): No = 0 points, Yes = +1 point
5. Cough: Cough present = 0 points, Cough absent = +1 point

The Centor score is calculated by summing the points for each criterion.","A 14-year-old boy is brought to the physician by his mother because of a 1-week history of fever, fatigue, and throat pain. He appears lethargic. His temperature is 38.5°C (101.3°F). Physical examination shows bilateral tender and swollen anterior cervical lymph nodes,. Oral examination shows the findings in the photograph. A peripheral blood smear shows lymphocytosis with atypical lymphocytes. A heterophile antibody test is positive.","+ On review, the patient has tonsillar exudate.","+ On review, the patient is free of tonsillar exudate.",,,,,
M077,1,C-S2-mcv-verdict-triplets-s1,mcv_test_00407_04_s_negation,Glasgow-Blatchford Bleeding Score (GBS),Melena present,sentence,negation,default,base,-2.718,-32.66,29.382,"Under the Glasgow-Blatchford Bleeding Score (GBS), the item 'Melena present' scores 0 points for this patient.","Under the Glasgow-Blatchford Bleeding Score (GBS), the item 'Melena present' scores 1 point for this patient.",null,"The criteria for the Glasgow-Blatchford Score are listed below:

1. BUN (mg/dL): <18.2 = 0 points, 18.2-22.3 = +2 points, 22.4-28 = +3 points, 28-70 = +4 points, >70 = +6 points
2. Hemoglobin (g/dL) for men: >=13 = 0 points, <=12-13 = +1 point, <=10-12 = +3 points, <10 = +6 points
3. Hemoglobin (g/dL) for women: >=12 = 0 points, <=10-12 = +1 point, <10 = +6 points
4. Systolic blood pressure (mm Hg): ≥110 = 0 points, 100-109 = +1 point, 90-99 = +2 points, <90 = +3 points
5. Pulse ≥100 (per minute): No = 0 points, Yes = +1 point
6. Melena present: No = 0 points, Yes = +1 point
7. Recent syncope: No = 0 points, Yes = +2 points
8. Hepatic disease history: No = 0 points, Yes = +2 points
9. Cardiac failure present: No = 0 points, Yes = +2 points

The total Glasgow-Blatchford Score is calculated by summing the points for each criterion.","A 69-year-old Japanese man underwent treatment for liver dysfunction 3 years after aortic valve replacement. Later, rapid elevation in his serum alkaline phosphatase (ALP) level was recorded and he was readmitted to determine the etiology. His body temperature was 36 °C, blood pressure 164/65 mmHg, and pulse rate was 66/minute. Laboratory data revealed mild anemia and liver-renal injury: white blood cells (WBC) 4600/uL, hemoglobin 9.7 g/dL, platelet 18.9 × 104/dL, C-reactive protein (CRP) 0.29 mg/dL, ALP 1138 U/L, aspartate aminotransferase (AST) 40 U/L, alanine aminotransferase (ALT) 37 U/L, and γ glutamyl transpeptidase (γ-GTP) 298 U/L. His blood urea nitrogen (BUN) was 22.4 mg/dL, creatinine 1.14 mg/dL, activated partial thromboplastin time (APTT) 45.6 seconds, and prothrombin time-international normalized ratio (PT-INR) 2.67. He also had a past history of duodenal ulcer perforation and was currently being treated with warfarin, angiotensin receptor blocker, and proton pump inhibitor. In addition, he was taking orally administered ursodeoxycholic acid for unknown liver function disorder. He had no alcohol consumption or tobacco smoking history and no relevant family history.
A plain radiograph showed no significant findings, but computed tomography (CT) revealed an enhanced tumor within the hilar bile duct and dilatation of the left hepatic duct (Fig. ), which are typical findings for hilar cholangiocarcinoma. In addition, endoscopic retrograde cholangiopancreatography (ERCP) revealed tumor shadow in his bile duct, and the cytology confirmed malignant cells in the bile (Fig. ). As no lymph node and distant metastases were detected, we inserted endoscopic nasobiliary drainage (ENBD) to reduce jaundice as preparation for surgery. We performed extended left hepatectomy with resection of his bile duct; his postoperative course was good without severe complications. After 3 months postoperatively, he was readmitted for subacute cholangitis and obstructive jaundice. Immediately, percutaneous transhepatic cholangiography drainage (PTCD) was performed, followed by cholangiography that exhibited the intrabiliary tumor growth in the remnant liver.
Simultaneously, histological examination of resected specimens revealed tumor growth in the hilar duct across the left hepatic duct (Fig. ). Microscopic findings at the same site revealed a dilated bile duct filled with well-differentiated tubular adenocarcinoma (Fig. ). On immunohistochemical examination, tumor cells were positive for cytokeratin (CK) 20 (Fig. ) but negative for CK7 (Fig. ). Furthermore, CK18 (Fig. ) as control and CDX2 (Fig. ) were stained. Although these findings were not typical of intrahepatic cholangiocarcinoma, hepatic metastasis from another primary lesion was strongly suspected [, ]. Furthermore, CT revealed an enhanced tumor-like lesion at the descending colon, followed by diagnosis of type 2 cancer in total colonography. Then, left hemicolectomy was performed; the immunohistochemical-identified feature matched with an intrabiliary tumor. Meanwhile, the PTCD fluid turned bloody, which was considered to indicate bleeding from a residual bile duct tumor (Fig. ). Accordingly, we planned chemotherapy with orally administered capecitabine but our patient experienced a spike fever because of refractory cholangitis. Thus, we abandoned chemotherapy and initiated radiotherapy to stop the tumor bleeding around the hilar bile duct. After completing radiotherapy (total 50 Gy) for approximately 1 month, we observed an improvement in his liver function because of tumor shrinkage. Unfortunately, the effects were short-lived, intrabiliary growth and cholangitis rebooted after 1 month leading to his death due to septic liver failure (Fig. ). Autopsy revealed a remnant tumor in the bile duct (Fig. ), but no noticeable nodular metastasis was observed, except for a single small metastasis in the lower lobe of his left lung.","+ On review, the patient has melena.","+ On review, the patient is free of melena.",,,,,
M078,2,C-S2-mcv-verdict-triplets-s2,mcv_test_00309_01_s_negation,Centor Score (Modified/McIsaac) for Strep Pharyngitis,Exudate or swelling on tonsils,sentence,negation,default,base,-4.965,-28.559,16.054,"Under the Centor Score (Modified/McIsaac) for Strep Pharyngitis, the item 'Exudate or swelling on tonsils' scores 0 points for this patient.","Under the Centor Score (Modified/McIsaac) for Strep Pharyngitis, the item 'Exudate or swelling on tonsils' scores 1 point for this patient.",null,"The criteria listed in the Centor Score formula are listed below:

1. Age: 3-14 years = +1 point, 15-44 years = 0 points, ≥45 years = -1 point
2. Exudate or swelling on tonsils: No = 0 points, Yes = +1 point
3. Tender/swollen anterior cervical lymph nodes: No = 0 points, Yes = +1 point
4. Temperature >38°C (100.4°F): No = 0 points, Yes = +1 point
5. Cough: Cough present = 0 points, Cough absent = +1 point

The Centor score is calculated by summing the points for each criterion.","A 14-year-old boy is brought to the physician by his mother because of a 1-week history of fever, fatigue, and throat pain. He appears lethargic. His temperature is 38.5°C (101.3°F). Physical examination shows bilateral tender and swollen anterior cervical lymph nodes,. Oral examination shows the findings in the photograph. A peripheral blood smear shows lymphocytosis with atypical lymphocytes. A heterophile antibody test is positive.","+ On review, the patient has tonsillar exudate.","+ On review, the patient is free of tonsillar exudate.",,,,,
M079,3,C-S2-mcv-verdict-triplets-s3,mcv_test_00461_06_s_subject,Charlson Comorbidity Index (CCI),Chronic pulmonary disease,sentence,subject,default,base,-0.139,-18.749,3.231,"Under the Charlson Comorbidity Index (CCI), the item 'Chronic pulmonary disease' scores 0 points for this patient.","Under the Charlson Comorbidity Index (CCI), the item 'Chronic pulmonary disease' scores 1 point for this patient.",null,"The Charlson Comorbidity Index (CCI) are listed below:

1. Age: <50 years = 0 points, 50-59 years = +1 point, 60-69 years = +2 points, 70-79 years = +3 points, ≥80 years = +4 points
2. Myocardial infarction (history of definite or probable MI with EKG changes and/or enzyme changes): No = 0 points, Yes = +1 point
3. Congestive heart failure (CHF) (exertional or paroxysmal nocturnal dyspnea, responsive to digitalis, diuretics, or afterload reducing agents): No = 0 points, Yes = +1 point
4. Peripheral vascular disease (intermittent claudication, past bypass for chronic arterial insufficiency, history of gangrene or acute arterial insufficiency, untreated thoracic or abdominal aneurysm ≥6 cm): No = 0 points, Yes = +1 point
5. Cerebrovascular accident (CVA) or transient ischemic attack (TIA): No = 0 points, Yes = +1 point
6. Dementia (chronic cognitive deficit): No = 0 points, Yes = +1 point
7. Chronic pulmonary disease (CPD): No = 0 points, Yes = +1 point
8. Connective tissue disease: No = 0 points, Yes = +1 point
9. Peptic ulcer disease (any history of treatment for ulcer disease or ulcer bleeding): No = 0 points, Yes = +1 point
10. Liver disease: None = 0 points, Mild = +1 point, Moderate to severe = +3 points
11. Diabetes mellitus: None or diet-controlled = 0 points, Uncomplicated = +1 point, End-organ damage = +2 points
12. Hemiplegia: No = 0 points, Yes = +2 points
13. Moderate to severe chronic kidney disease (CKD): No = 0 points, Yes = +2 points
14. Solid tumor: None = 0 points, Localized = +2 points, Metastatic = +6 points
15. Leukemia: No = 0 points, Yes = +2 points
16. Lymphoma: No = 0 points, Yes = +2 points
17. AIDS: No = 0 points, Yes = +6 points

The total score is calculated by summing the points for each criterion.","A Caucasian 59-year-old woman, current smoker (10 pack-years), presented with symptomatic dry eye and mouth and inflammatory arthralgia. The patient had no known personal or family history of rheumatic disease. Physical examination at rheumatology consultation revealed bilateral conjunctival congestion and symmetrical polyarthritis affecting proximal interphalangeal and metacarpophalangeal joints. Although sicca symptoms are commonly present in smokers [], this patient also had polyarthritis on physical examination, and for this reason, the investigation for SS was performed. Serum levels of C-reactive protein (CRP), erythrocyte sedimentation rate (ESR), C3 and C4, IgA, IgM, and proteinogram were normal. IgG1, IgG3, and IG4 were normal; IgG2 was equal to 787 (normal range, 171 to 632 mg/dL). Rheumatoid factor (RF), antinuclear antibodies, and anti-SSA/B antibodies were negative. Hands conventional radiography revealed no erosions. Additional investigation for SS showed decreased parotid gland function on salivary glands scintigraphy, and ophthalmologic examination with Schirmer's test and tear break-up time confirmed severe dry eye. Lower labial mucosa biopsy revealed focal chronic sialadenitis characterized by intense lymphocytic inflammatory infiltrate (1 focus/4 mm2 of glandular tissue). These findings (Schirmer's test and focal labial mucosa biopsy) were consistent with the classification of primary SS according to the American College of Rheumatology/European League Against Rheumatism criteria (2016). The patient did not tolerate hydroxychloroquine and was treated with prednisolone 5 mg/daily and pilocarpine 5 mg four times a day. The patient was evaluated every 6 months, and her symptoms partially improved under these medications.
About two years after the diagnosis of primary SS, the patient started complaining of epigastric pain, nausea, and severe low back pain. She also had asthenia and weight loss (15 kg in 5 months). After a long-haul flight, she developed lower limb deep vein thrombosis and was hypocoagulated with dabigatran. Ten days later, the patient was admitted in the emergency department with an ischemic stroke in multiple vascular territories (). Physical examination revealed a left lower facial paresis and dysarthria. From the stroke study, electrocardiogram revealed sinus rhythm, cervical and transcranial Doppler ultrasound, a total occlusion of the right middle cerebral artery, and transthoracic echocardiography, a redundant oval foramen membrane with a positive right-left shunt. Additional investigation showed normocytic anemia (Hb 10.4 g/dL), leukocytosis (18.000/μL) with neutrophilia (90.3%/13.500/μL), thrombocytosis (510.000/μL), and elevated CRP (73 mg/L) and ESR (62 mm in the first hour). Over time, a progressive elevation of liver cholestasis enzymes occurred: gamma-glutamyl transferase 534 (normal range, 7 to 32 U/L) and alkaline phosphatase 357 (normal range, 30 to 120 U/L), with no cytolysis. Pancreatic enzymes, renal function, proteinogram, and urinalyses were normal. Viral serologies were negative. Abdominal ultrasound and upper and lower gastrointestinal endoscopies revealed no pathological findings. Subsequent cervical, chest, abdomen, and pelvic computed tomography scan (TC CCAP) showed non-specific scattered pulmonary micronodules in lung lower lobes, liver parenchyma with several nodules, and retroperitoneal ganglion cluster in the hepatic hilum.
According to these findings, the diagnostic hypotheses postulated were neoplastic metastasis of a solid tumor or lymphoproliferative disease. In this regard, mammography, peripheral blood immunophenotyping, and bone marrow biopsy were performed which showed no evidence of a neoplastic disorder. Liver biopsy was subsequently performed, and pathologic analysis revealed an adenocarcinoma.
In accordance with the European Society for Medical Oncology and considering the diagnosis of an occult primary neoplasm with unfavorable histological subtype, the patient started an empirical chemotherapy protocol with carboplatin and paclitaxel. After the first cycle, treatment was suspended because the patient experienced a deterioration of her general clinical condition with progressive worsening of cytocholestasis parameters. The patient performed a new TC CCAP that revealed moderate ectasia of biliary tract and pancreatic duct, demonstrating one mass adjacent to the pancreatic head, which may indicate the epicenter of the neoplastic process. About one month after the first chemotherapy cycle, the patient died with a diagnosis of probable metastatic pancreatic adenocarcinoma.","+ On review, the patient has chronic pulmonary disease.",+ The patient's sister has chronic pulmonary disease.,,,,,
M080,4,C-S2-mcv-verdict-triplets-s4,mcv_test_00312_01_s_subject,Centor Score (Modified/McIsaac) for Strep Pharyngitis,Exudate or swelling on tonsils,sentence,subject,denied,base,-2.845,-28.105,19.552,"Under the Centor Score (Modified/McIsaac) for Strep Pharyngitis, the item 'Exudate or swelling on tonsils' scores 0 points for this patient.","Under the Centor Score (Modified/McIsaac) for Strep Pharyngitis, the item 'Exudate or swelling on tonsils' scores 1 point for this patient.",null,"The criteria listed in the Centor Score formula are listed below:

1. Age: 3-14 years = +1 point, 15-44 years = 0 points, ≥45 years = -1 point
2. Exudate or swelling on tonsils: No = 0 points, Yes = +1 point
3. Tender/swollen anterior cervical lymph nodes: No = 0 points, Yes = +1 point
4. Temperature >38°C (100.4°F): No = 0 points, Yes = +1 point
5. Cough: Cough present = 0 points, Cough absent = +1 point

The Centor score is calculated by summing the points for each criterion.","A 17-year-old male presents to the emergency department with a three-day history of sore throat. He reports that the sore throat seems to be getting worse and is starting to affect the character of his voice. He also endorses headache and decreased appetite secondary to difficulty swallowing. The patient’s past medical history is significant for infectious mononucleosis one year ago, which he reports has fully resolved. He denies any recent sexual activity. Several of his friends at school have also been ill recently. His temperature is 102.4°F (39.1°C), blood pressure is 119/83 mmHg, pulse is 107/min, and respirations are 18/min. On physical exam you note the findings in Figure A. He has cervical lymphadenopathy, and he speaks with a muffled voice.","+ On review, the patient has tonsillar exudate.",+ The patient's father has tonsillar exudate.,,,,,
M081,1,C-S2-mcv-verdict-triplets-s1,mcv_test_00123_06_s_subject,Wells' Criteria for Pulmonary Embolism,Malignancy with treatment within 6 months or palliative,sentence,subject,denied,base,-2.246,-26.035,24.985,"Under the Wells' Criteria for Pulmonary Embolism, the item 'Malignancy with treatment within 6 months or palliative' scores 0 points for this patient.","Under the Wells' Criteria for Pulmonary Embolism, the item 'Malignancy with treatment within 6 months or palliative' scores 1 point for this patient.",null,"The criteria for the Wells' Criteria for Pulmonary Embolism score are listed below:

1. Clinical signs and symptoms of DVT: No = 0 points, Yes = +3 points
2. PE is #1 diagnosis OR equally likely: No = 0 points, Yes = +3 points
3. Heart rate > 100: No = 0 points, Yes = +1.5 points
4. Immobilization at least 3 days OR surgery in the previous 4 weeks: No = 0 points, Yes = +1.5 points
5. Previous, objectively diagnosed PE or DVT: No = 0 points, Yes = +1.5 points
6. Hemoptysis: No = 0 points, Yes = +1 point
7. Malignancy with treatment within 6 months or palliative: No = 0 points, Yes = +1 point

The total score is calculated by summing the points for each criterion.","A white British, 78-year-old previously healthy female, non-smoker and with no known pulmonary disease, was admitted with collapse and shortness of breath with arterial oxygen saturations of haemoglobin of 80% on room air. The background included a history of persistent dry cough for 3 months without any other complaint or systemic symptoms. Her past medical history comprised of type 2 diabetes, increased uric acid and ongoing pain in the right knee. Her medication history consisted of gliclazide, allopurinol and diclofenac. The patient denied any recent travel or contact with animals (even pets). Physical examination revealed central cyanosis, tachypnoea, bilateral reduction in breath sounds and right-sided bronchial breathing. Cardiac examination was normal. There were no adenopathy noted. Arterial blood gases analysis on 5 litres of O2 per min showed mixed acidaemia. Serum biochemistry revealed raised urea (15.1 mmol/L) and creatinine (114 umol/L) levels consistent with acute kidney injury, positive D-dimmer's levels and increased CRP (48.2 mg/L). Chest radiography showed a loss of volume in the right lung (Figure ) and an electrocardiogram demonstrated normal sinus rhythm with a heart rate of 94 bpm, left axis deviation and an old inferior myocardial infarction. At this time the patient was started on treatment for both a possible community acquired pneumonia (benzyl penicillin and clarythromycin) and for pulmonary thromboembolism (therapeutic doses of Dalteparin). The patient was stable for 48 hours but then her oxygen requirements increased progressively. Contrast-enhanced chest CT scan and CT pulmonary arteriography with venous phase imaging failed to demonstrate any evidence of pulmonary artery thrombus. However thrombus, with associated fibrosis and volume loss, was seen to affect one of the right lower lobe pulmonary veins (Figure ). An echocardiogram was performed which showed a normal sized left ventricle with good function, normal aortic and mitral valves. The right heart although poorly visualized, appeared to be mildly enlarged with moderate function. The patient was started on methylprednisolone 1 g once a day and transferred to the intensive care unit (ICU).
The patient continued to deteriorate over the next 24 hours following admission to the ICU. She developed biochemical and electrocardiographic evidence of an acute anterior-lateral myocardial infarction and aspirin, clopidogrel and simvastatin were added to her anticoagulation therapy. Unfortunately the patient's oxygen requirements continued to increase and she was ventilated, initially supported by biphasic positive airway pressure (BIPAP) and then subsequently by invasive mechanical ventilation. Over the next eight days, despite maximal therapy she continued to deteriorate and died from multiple organ failure.","+ On review, the patient has a malignancy under active chemotherapy.",+ The patient's sister has a malignancy under active chemotherapy.,,,,,
M082,2,C-S2-mcv-verdict-triplets-s2,mcv_test_00305_01_s_negation,Centor Score (Modified/McIsaac) for Strep Pharyngitis,Exudate or swelling on tonsils,sentence,negation,default,base,-7.263,-27.765,6.322,"Under the Centor Score (Modified/McIsaac) for Strep Pharyngitis, the item 'Exudate or swelling on tonsils' scores 0 points for this patient.","Under the Centor Score (Modified/McIsaac) for Strep Pharyngitis, the item 'Exudate or swelling on tonsils' scores 1 point for this patient.",null,"The criteria listed in the Centor Score formula are listed below:

1. Age: 3-14 years = +1 point, 15-44 years = 0 points, ≥45 years = -1 point
2. Exudate or swelling on tonsils: No = 0 points, Yes = +1 point
3. Tender/swollen anterior cervical lymph nodes: No = 0 points, Yes = +1 point
4. Temperature >38°C (100.4°F): No = 0 points, Yes = +1 point
5. Cough: Cough present = 0 points, Cough absent = +1 point

The Centor score is calculated by summing the points for each criterion.","A 14-year-old male presents to his pediatrician complaining of a sore throat. His mother reports that he developed a fever two days ago that was immediately followed by a sore throat. He denies cough or rhinorrhea. His past medical history is notable for poorly controlled asthma and he currently takes albuterol and budesonide. Of note, the child immigrated to America from Vietnam three months ago. His temperature is 101.6°F (38.7°C), blood pressure is 130/85 mmHg, pulse is 110/min, and respirations are 18/min. Physical examination reveals a malnourished adolescent who is small for his age. No hepatosplenomegaly is noted. A notable physical examination finding is shown in Figure A. Serologic and throat swab studies are pending.","+ On review, the patient has tonsillar exudate.","+ On review, the patient is free of tonsillar exudate.",,,,,
M083,3,C-S2-mcv-verdict-triplets-s3,mcv_test_00309_01_s_subject,Centor Score (Modified/McIsaac) for Strep Pharyngitis,Exudate or swelling on tonsils,sentence,subject,default,"base, near",-4.421,-28.068,-1.153,"Under the Centor Score (Modified/McIsaac) for Strep Pharyngitis, the item 'Exudate or swelling on tonsils' scores 0 points for this patient.","Under the Centor Score (Modified/McIsaac) for Strep Pharyngitis, the item 'Exudate or swelling on tonsils' scores 1 point for this patient.",null,"The criteria listed in the Centor Score formula are listed below:

1. Age: 3-14 years = +1 point, 15-44 years = 0 points, ≥45 years = -1 point
2. Exudate or swelling on tonsils: No = 0 points, Yes = +1 point
3. Tender/swollen anterior cervical lymph nodes: No = 0 points, Yes = +1 point
4. Temperature >38°C (100.4°F): No = 0 points, Yes = +1 point
5. Cough: Cough present = 0 points, Cough absent = +1 point

The Centor score is calculated by summing the points for each criterion.","A 14-year-old boy is brought to the physician by his mother because of a 1-week history of fever, fatigue, and throat pain. He appears lethargic. His temperature is 38.5°C (101.3°F). Physical examination shows bilateral tender and swollen anterior cervical lymph nodes,. Oral examination shows the findings in the photograph. A peripheral blood smear shows lymphocytosis with atypical lymphocytes. A heterophile antibody test is positive.","+ On review, the patient has tonsillar exudate.",+ The patient's father has tonsillar exudate.,,,,,
M084,4,C-S2-mcv-verdict-triplets-s4,mcv_test_00312_01_s_negation,Centor Score (Modified/McIsaac) for Strep Pharyngitis,Exudate or swelling on tonsils,sentence,negation,denied,base,-2.847,-28.105,26.72,"Under the Centor Score (Modified/McIsaac) for Strep Pharyngitis, the item 'Exudate or swelling on tonsils' scores 0 points for this patient.","Under the Centor Score (Modified/McIsaac) for Strep Pharyngitis, the item 'Exudate or swelling on tonsils' scores 1 point for this patient.",null,"The criteria listed in the Centor Score formula are listed below:

1. Age: 3-14 years = +1 point, 15-44 years = 0 points, ≥45 years = -1 point
2. Exudate or swelling on tonsils: No = 0 points, Yes = +1 point
3. Tender/swollen anterior cervical lymph nodes: No = 0 points, Yes = +1 point
4. Temperature >38°C (100.4°F): No = 0 points, Yes = +1 point
5. Cough: Cough present = 0 points, Cough absent = +1 point

The Centor score is calculated by summing the points for each criterion.","A 17-year-old male presents to the emergency department with a three-day history of sore throat. He reports that the sore throat seems to be getting worse and is starting to affect the character of his voice. He also endorses headache and decreased appetite secondary to difficulty swallowing. The patient’s past medical history is significant for infectious mononucleosis one year ago, which he reports has fully resolved. He denies any recent sexual activity. Several of his friends at school have also been ill recently. His temperature is 102.4°F (39.1°C), blood pressure is 119/83 mmHg, pulse is 107/min, and respirations are 18/min. On physical exam you note the findings in Figure A. He has cervical lymphadenopathy, and he speaks with a muffled voice.","+ On review, the patient has tonsillar exudate.","+ On review, the patient is free of tonsillar exudate.",,,,,
M085,1,C-S2-mcv-verdict-triplets-s1,mcv_test_00410_05_s_subject,Glasgow-Blatchford Bleeding Score (GBS),Recent syncope,sentence,subject,denied,base,-7.592,-30.2,5.188,"Under the Glasgow-Blatchford Bleeding Score (GBS), the item 'Recent syncope' scores 0 points for this patient.","Under the Glasgow-Blatchford Bleeding Score (GBS), the item 'Recent syncope' scores 2 points for this patient.",null,"The criteria for the Glasgow-Blatchford Score are listed below:

1. BUN (mg/dL): <18.2 = 0 points, 18.2-22.3 = +2 points, 22.4-28 = +3 points, 28-70 = +4 points, >70 = +6 points
2. Hemoglobin (g/dL) for men: >=13 = 0 points, <=12-13 = +1 point, <=10-12 = +3 points, <10 = +6 points
3. Hemoglobin (g/dL) for women: >=12 = 0 points, <=10-12 = +1 point, <10 = +6 points
4. Systolic blood pressure (mm Hg): ≥110 = 0 points, 100-109 = +1 point, 90-99 = +2 points, <90 = +3 points
5. Pulse ≥100 (per minute): No = 0 points, Yes = +1 point
6. Melena present: No = 0 points, Yes = +1 point
7. Recent syncope: No = 0 points, Yes = +2 points
8. Hepatic disease history: No = 0 points, Yes = +2 points
9. Cardiac failure present: No = 0 points, Yes = +2 points

The total Glasgow-Blatchford Score is calculated by summing the points for each criterion.","A 33-year-old male presented to our center with chief complaints of profuse per rectal bleed mixed with stool for three days that was associated with easy fatigability for one week prior to the initial presentation. He also had one episode of black tarry stool. However, he had no complaints of blood in vomit, purpuric rashes, or petechiae. He also had no hematuria, weight loss, night sweats, evening rise of temperature or loss of appetite, cough, chest pain, dyspnea, palpitation, limb edema, loose stools, jaundice, and abdominal distension. Bleeding was absent from other orifices. He had no history of diabetes mellitus, hypertension, cardiac diseases, and pulmonary tuberculosis in the past. He consumed 80 grams of alcohol per day for 15 years, but he did not smoke.
On examination, he was ill looking, conscious, and was well oriented to time place and person. He had pallor and was dehydrated. However, he had no icterus, clubbing, cyanosis, or edema. His pulse rate was 110 beats/minute, blood pressure was 80/60 mm of Hg, body temperature was 98°F (36.6°C), respiratory rate was 19 breaths/minute, and oxygen saturation was 95% in room air. The digital rectal examination showed fresh blood over the examining finger and otherwise normal findings. Abdominal and cardiac examination was normal.
Laboratory investigations showed hemoglobin 10.8 g/dl and hematocrit 31.6%. The total leukocyte count was 11510/mm3, neutrophils were 78%, and platelet count was 291000/mm3. The prothrombin time was 14 seconds, and the International normalized ratio was 1.08. The albumin level in the blood was 2.4 gm/dl, and total protein was 6.1 gm/dl, total and direct bilirubin were 0.7 and 0.1 mg/dl in the blood. Alanine aminotransferase and aspartate aminotransferase level was 97 U/L and 114 U/L, respectively. HbA1C level in the blood was 7.2. The level of blood urea nitrogen (33 mg/dl), creatinine (1.1 mg/dl), sodium (132 mEq/l), and potassium (3.6 mEq/l) were within normal range. Traces of sugar and albumin (++) were present in the urine examination. The fecal occult blood was found in the stool. Mycobacterium tuberculosis was not detected in sputum in the acid-fast bacilli (AFB) stain.
The chest X-ray was normal. Ultrasonography (USG) of the abdomen and pelvis and upper gastrointestinal endoscopy showed normal findings. A Computed Tomography (CT) scan of chest and abdomen showed asymmetric circumferential thickening in the ileocaecal region with lobulated thickened caecum, soft-tissue stranding and necrotic mesenteric lymphadenopathy, and indeterminate lobule in the lung (). Colonoscopy showed multiple transverse ulcers with overlying exudates in terminal ileum and ascending and transverse colon. Histopathological examination of the ileum and colon showed patchy ulcers with exudates, granulation tissue, fibrosis, deep lymphoplasmocytic inflammation, and crypt regenerative changes with fibrinoid changes in scattered capillaries and venules and was inconclusive. However, gene XPERT was positive for Mycobacterium tuberculosis.
He was diagnosed with ileocaecal tuberculosis. The hemoglobin level dropped to 6.1 g/dl after two days of admission, and he had an episode of weakness associated with profuse sweating and rigor. Fluid resuscitation followed by two pints of whole blood transfusion was performed. After that, his hemoglobin was increased to 10.2 mg/dl. He was managed with four antitubercular drugs and showed significant improvement. Following this, he was discharged on oral antitubercular medications (isoniazid, rifampicin, pyrazinamide, ethambutol, and pyridoxine) after 10 days of admission. On follow-up after two weeks, he was responding well to antitubercular medications with improved symptoms, i.e., no per rectal bleeding, and his liver function test was within the normal range.","+ On review, the patient has recent syncope.",+ The patient's sister has recent syncope.,,,,,
M086,2,C-S2-mcv-verdict-triplets-s2,mcv_test_00309_01_s_subject,Centor Score (Modified/McIsaac) for Strep Pharyngitis,Exudate or swelling on tonsils,sentence,subject,default,"base, near",-4.965,-28.533,-1.271,"Under the Centor Score (Modified/McIsaac) for Strep Pharyngitis, the item 'Exudate or swelling on tonsils' scores 0 points for this patient.","Under the Centor Score (Modified/McIsaac) for Strep Pharyngitis, the item 'Exudate or swelling on tonsils' scores 1 point for this patient.",null,"The criteria listed in the Centor Score formula are listed below:

1. Age: 3-14 years = +1 point, 15-44 years = 0 points, ≥45 years = -1 point
2. Exudate or swelling on tonsils: No = 0 points, Yes = +1 point
3. Tender/swollen anterior cervical lymph nodes: No = 0 points, Yes = +1 point
4. Temperature >38°C (100.4°F): No = 0 points, Yes = +1 point
5. Cough: Cough present = 0 points, Cough absent = +1 point

The Centor score is calculated by summing the points for each criterion.","A 14-year-old boy is brought to the physician by his mother because of a 1-week history of fever, fatigue, and throat pain. He appears lethargic. His temperature is 38.5°C (101.3°F). Physical examination shows bilateral tender and swollen anterior cervical lymph nodes,. Oral examination shows the findings in the photograph. A peripheral blood smear shows lymphocytosis with atypical lymphocytes. A heterophile antibody test is positive.","+ On review, the patient has tonsillar exudate.",+ The patient's father has tonsillar exudate.,,,,,
M087,3,C-S2-mcv-verdict-triplets-s3,mcv_test_00479_02_s_subject,Charlson Comorbidity Index (CCI),Congestive heart failure,sentence,subject,denied,"base, near",-5.256,-15.854,-3.448,"Under the Charlson Comorbidity Index (CCI), the item 'Congestive heart failure' scores 0 points for this patient.","Under the Charlson Comorbidity Index (CCI), the item 'Congestive heart failure' scores 1 point for this patient.",null,"The Charlson Comorbidity Index (CCI) are listed below:

1. Age: <50 years = 0 points, 50-59 years = +1 point, 60-69 years = +2 points, 70-79 years = +3 points, ≥80 years = +4 points
2. Myocardial infarction (history of definite or probable MI with EKG changes and/or enzyme changes): No = 0 points, Yes = +1 point
3. Congestive heart failure (CHF) (exertional or paroxysmal nocturnal dyspnea, responsive to digitalis, diuretics, or afterload reducing agents): No = 0 points, Yes = +1 point
4. Peripheral vascular disease (intermittent claudication, past bypass for chronic arterial insufficiency, history of gangrene or acute arterial insufficiency, untreated thoracic or abdominal aneurysm ≥6 cm): No = 0 points, Yes = +1 point
5. Cerebrovascular accident (CVA) or transient ischemic attack (TIA): No = 0 points, Yes = +1 point
6. Dementia (chronic cognitive deficit): No = 0 points, Yes = +1 point
7. Chronic pulmonary disease (CPD): No = 0 points, Yes = +1 point
8. Connective tissue disease: No = 0 points, Yes = +1 point
9. Peptic ulcer disease (any history of treatment for ulcer disease or ulcer bleeding): No = 0 points, Yes = +1 point
10. Liver disease: None = 0 points, Mild = +1 point, Moderate to severe = +3 points
11. Diabetes mellitus: None or diet-controlled = 0 points, Uncomplicated = +1 point, End-organ damage = +2 points
12. Hemiplegia: No = 0 points, Yes = +2 points
13. Moderate to severe chronic kidney disease (CKD): No = 0 points, Yes = +2 points
14. Solid tumor: None = 0 points, Localized = +2 points, Metastatic = +6 points
15. Leukemia: No = 0 points, Yes = +2 points
16. Lymphoma: No = 0 points, Yes = +2 points
17. AIDS: No = 0 points, Yes = +6 points

The total score is calculated by summing the points for each criterion.","A 55-year-old man was first evaluated in a nephrology unit because of hypertension associated with progressive kidney failure and proteinuria. At that time, the patient presented a history of hypertension since the age of 42, hypoacusia, a superficial venous thrombosis event, and incidental evidence of cerebral ischemia.
Blood and urine tests revealed a IIIb CKD stage renal insufficiency (serum creatinine 1.92 mg/dL, MDRD GFR 39 mL/min/1.73 mq) with mild proteinuria (0.821 g/24 h). Urine sediment was clear. A kidney biopsy was performed to explore renal disease etiology, showing non-specific advanced chronic lesions (global glomerulosclerosis in 70% of glomeruli and segmental glomerulosclerosis in 10% of glomeruli, moderate interstitial fibrosis/tubular atrophy, and severe arteriolosclerosis). Therapy with ACE-inhibitor was hence started.
Two years later, at the age of 57, a significant concentric LVH (basal septum region 18 mm) was detected during an echocardiographic evaluation for hypertension.
Renal follow-up showed a progressive decline in renal function reaching end-stage renal disease (ESRD) at the patient’s age of 61. Chronic peritoneal dialysis was started, and one year later, he underwent renal transplantation from a deceased donor without complications.
When the patient was 63 years old, he began complaining of dyspnea during intense exercise. Echocardiography showed worsening LVH (maximum wall thickness of 24 mm) associated with pronounced tissue hyperechogenicity and right ventricular hypertrophy, finally raising the suspicion of Fabry disease. The diagnosis was confirmed by the detection of reduced α-galactosidase A activity measured on dried blood spots (DBS) (0.5 µmol/L/h (reference values > 2.8)) and with molecular analysis revealing the N215S GLA mutation. Increased levels of lysoGb3 on DBS (6.4 ng/mL (reference values 0.0–3.5)) were detected. At diagnosis, serum creatinine was 1.23 mg/dL, and proteinuria was 0.3 g/24 h.
Thus, in March 2019, the patient was referred to our Rare Disease Center for Fabry disease management and follow-up. The Mainz Severity Score Index (MSSI) was 40/76 (General score—3; Neurological score—3; Cardiovascular score—16; and Renal score—18), and the total assessment Fabry Disease Severity Scoring System (DS3) was 46/80 (Peripheral Nervous System domain—0; Renal domain—23; Cardiac domain—18; Central Nervous System domain—1; and Patient-Reported domain 4).
Cardiac magnetic resonance (CMR) showed severe biventricular hypertrophy with reduced native T1 values, suggesting myocardial glycosphingolipid storage. The left ventricular mass index was 198.4 g/m2. Extensive late gadolinium enhancement was also detected in the infero-lateral wall, with an increased T2 value indicating myocardial edema ().
An initial 24-h Holter monitoring revealed two runs of atrial fibrillation, which required the introduction of anticoagulant therapy.
One year later, in 2020, two runs of monomorphic non-sustained ventricular tachycardia were detected during a further 24-h Holter monitoring. Thus, an ICD was implanted.
Therapy with agalsidase beta at a standard dose of 1 mg/kg every two weeks, administered at our center, was initiated in June 2019. In March 2020, the outbreak of the Coronavirus pandemic dramatically affected the Northern regions of Italy. Thus, the patient asked to switch to oral therapy to avoid hospital access or contact with health care workers in the case of home treatment activation. No contraindications to chaperone therapy were found (serum creatinine 1.28 mg/dL, MDRD GFR 60 mL/min/1.73 mq). We thereby started migalastat at a standard dose of 123 mg orally every other day. The patient did not show any side effects of migalastat such as headache, runny or stuffy nose, urinary tract infection, nausea, or fever. After one year of migalastat treatment, the patient was stable in terms of symptoms, renal function (serum creatinine 1.30 mg/dL, proteinuria 0.275 g/24 h), and cardiac function (CMR in March 2021 showed substantially stable cardiac features). No adjustments in the immunosuppressor dosage, namely prednisone, mycophenolate mofetil, and tacrolimus, were required. In addition, we detected a reduction in lysoGb3 levels (4.3 ng/mL; a reduction of 33% from the patient’s basal values) and an increase in α-galactosidase A activity measured on dried blood spots (1.1 µmol/L/h; an increase of 120% compared to the patient’s basal values).
To confirm the kidney disease etiology, we recently analyzed the residual material from the native kidney biopsy by electron microscopy, finding abundant electron-lucent microvacuoles in many cell types and multivacuolized appearance of podocytes ().","+ On review, the patient has congestive heart failure.",+ The patient's father has congestive heart failure.,,,,,
M088,4,C-S2-mcv-verdict-triplets-s4,mcv_test_00405_06_s_negation_past,Glasgow-Blatchford Bleeding Score (GBS),Hepatic disease history,sentence,negation,default,flip,30.086,2.554,30.399,"Under the Glasgow-Blatchford Bleeding Score (GBS), the item 'Hepatic disease history' scores 0 points for this patient.","Under the Glasgow-Blatchford Bleeding Score (GBS), the item 'Hepatic disease history' scores 2 points for this patient.",null,"The criteria for the Glasgow-Blatchford Score are listed below:

1. BUN (mg/dL): <18.2 = 0 points, 18.2-22.3 = +2 points, 22.4-28 = +3 points, 28-70 = +4 points, >70 = +6 points
2. Hemoglobin (g/dL) for men: >=13 = 0 points, <=12-13 = +1 point, <=10-12 = +3 points, <10 = +6 points
3. Hemoglobin (g/dL) for women: >=12 = 0 points, <=10-12 = +1 point, <10 = +6 points
4. Systolic blood pressure (mm Hg): ≥110 = 0 points, 100-109 = +1 point, 90-99 = +2 points, <90 = +3 points
5. Pulse ≥100 (per minute): No = 0 points, Yes = +1 point
6. Melena present: No = 0 points, Yes = +1 point
7. Recent syncope: No = 0 points, Yes = +2 points
8. Hepatic disease history: No = 0 points, Yes = +2 points
9. Cardiac failure present: No = 0 points, Yes = +2 points

The total Glasgow-Blatchford Score is calculated by summing the points for each criterion.","A 58-year-old female presented to the emergency room with two-week history of melena, hemetemesis, generalized fatigue, and dizziness. She denied recent use of over-the-counter or nonsteroidal anti-inflammatory medications. Physical examination revealed a cachectic pale look. Blood pressure was 80/60 mm Hg, heart rate was 120 beats/min Abdominal examination revealed mild epigastric tenderness to deep palpation. There was no rebound tenderness or guarding or palpable masses. Laboratory tests revealed hemoglobin of 5.8 g/dl with microcytic picture, hematocrit of 16.5%, blood urea nitrogen of 24 mg/dl, creatinine of 0.8 mg/dl. Urinalysis did not reveal any red blood cells. White blood count, platelets, and coagulation studies were all normal. After initial resuscitation and blood transfusion, an emergent esophagogastroduodenoscopy was performed. A 3-5cm vascular polypoid mass was noted in the antrum of the stomach [], which was biopsied. No other lesions were noted in the oesophagus and the duodenum. Histology from the stomach mass revealed small, vacuolated, clear cells []. Subsequent computed tomography (CT) of the abdomen revealed a well-defined mass in the superior pole of the left kidney [Figure and ]. Her chest X-ray shows multiple pulmonary nodules, suggestive of primary renal cancer with metastatic disease. She underwent subtotal gastrectomy and with Roux-en-Y gastrojejunal reconstruction to prevent further episodes of re-bleeding. Because of the extensive metastatic disease, palliative therapy options were discussed with the patient but she declined any further interventions and died because of her disease two months later.","+ The patient had liver disease some years ago, and it has since cleared.","+ On review, the patient is free of liver disease.",,,,,
M089,1,C-S2-mcv-verdict-triplets-s1,mcv_test_00245_03_s_subject,Revised Cardiac Risk Index for Pre-Operative Risk,History of cerebrovascular disease,sentence,subject,default,"base, near",-4.889,-35.151,-2.587,"Under the Revised Cardiac Risk Index for Pre-Operative Risk, the item 'History of cerebrovascular disease' scores 0 points for this patient.","Under the Revised Cardiac Risk Index for Pre-Operative Risk, the item 'History of cerebrovascular disease' scores 1 point for this patient.",null,"The criteria for the Revised Cardiac Risk Index (RCRI) are listed below:

1. Elevated-risk surgery (intraperitoneal, intrathoracic, or suprainguinal vascular): No = 0 points, Yes = +1 point
2. History of ischemic heart disease (history of myocardial infarction, positive exercise test, current chest pain due to myocardial ischemia, use of nitrate therapy, or ECG with pathological Q waves): No = 0 points, Yes = +1 point
3. History of congestive heart failure (pulmonary edema, bilateral rales or S3 gallop, paroxysmal nocturnal dyspnea, or chest x-ray showing pulmonary vascular redistribution): No = 0 points, Yes = +1 point
4. History of cerebrovascular disease (prior transient ischemic attack or stroke): No = 0 points, Yes = +1 point
5. Pre-operative treatment with insulin: No = 0 points, Yes = +1 point
6. Pre-operative creatinine >2 mg/dL (176.8 μmol/L): No = 0 points, Yes = +1 point

The total score is calculated by summing the points for each criterion.","A 52-year-old woman came to the emergency department (ED) for hemodialysis (HD) due to end-stage renal disease (ESRD). She had spent the preceding several weeks in an outside hospital being treated for pneumonia and bacteremia with daptomycin. She subsequently left against medical advice (AMA) after having her dialysis access catheter removed. She presented to our ED because she needed HD vascular access placement and re-initiation of dialysis treatments. Her medical history included chronic kidney disease secondary to hypertensive nephrosclerosis, anemia, hypertension, deep venous thromboses (DVT), systemic lupus erythematosus, and a seizure disorder of unknown etiology.
The patient, a Jehovah’s Witness, refused blood transfusions; therefore, her anemia was being treated with intravenous (IV) administration of iron, epoetin alfa, and folate. Other medications included nifedipine, clonidine, metoprolol, sevelamer, and prednisone. She was allergic to amoxicillin, azithromycin, hydralazine, labetolol, linezolid, morphine, and vancomycin. She reported previous IV heroin use many years earlier and previous cigarette smoking. She denied alcohol use or any current drug or tobacco use.
Upon arrival, she was alert and in no acute distress with a fever of 38.3° Celsius, heart rate of 87 beats per minute (bpm), blood pressure of 110/65 millimeters mercury (mmHg), respiratory rate of 17 breaths per minute, and pulse oximetry of 99% while breathing room air. She weighed 80 kilograms and was 5 feet 6 inches tall. Her head was normocephalic and atraumatic with moist mucous membranes. Pupils were anicteric, equal, round, and reactive to light and accommodation. The neck was supple and without lymphadenopathy or tenderness. Her lungs had coarse breath sounds with mild bibasilar crackles but no wheezes or rhonchi. There were no retractions or increased work of breathing. Her heart was of regular rate and rhythm without murmurs, rubs, or gallops. Her abdomen was soft with normal bowel sounds and without distention, tenderness, rebound, or guarding. There was no costovertebral angle tenderness. The lower extremities had 1+ pitting edema, 2+ dorsalis pedis pulses, and were without tenderness or deformity. The patient had normal strength and muscle tone throughout all extremities with intact sensation. Old fistulas were present in the left and right upper extremities without palpable thrills. She was alert and oriented to person, place, and time.
The patient’s initial laboratory values are shown in . These were significant for a slight leukocytosis, anemia to 5.3 g/dL, thrombocytopenia, hyperkalemia, and an elevated creatinine of 11.9 mg/dL. Her initial electrocardiogram (ECG) showed a sinus tachycardia with T-wave inversions in leads I and V6 (). This was unchanged from a prior ECG. The patient was admitted to the medicine team and was started on daptomycin. While awaiting bed placement, a non-tunneled left femoral dialysis catheter was inserted by the medical intensive care unit (ICU) fellow for initiation of HD. Placement was confirmed by the easy drawback of blood from all ports. During the consent process for catheter placement, it was documented that the patient stated she “would rather die than receive blood transfusions.” Following catheter placement, an attempt was made to start HD, but she became hypotensive and complained of weakness almost immediately. Her vital signs during the initial HD attempt were a blood pressure of 85/56 mmHg with a heart rate of 105 bpm.
Because the patient was symptomatic and hypotensive during HD, continuous renal replacement therapy (CRRT) was initiated. Shortly afterward, she became hypotensive, unresponsive, and had a tonic clonic seizure. Vital signs at that time were a heart rate of 113 bpm, blood pressure 75/48 mmHg, respiratory rate of 20 breaths per minute, and oxygen saturation of 78% on room air. A brief, repeat physical exam showed the patient was unresponsive to painful stimuli and her pupils were equal and reactive. She was given 4 mg of lorazepam and intubated for airway protection. A right arterial femoral line and a right femoral triple lumen venous central line were placed. A chest radiograph confirmed endotracheal tube placement (). CRRT was halted but the patient remained in shock despite bolus infusions of crystalloid, so vasopressors were started. She was receiving escalating doses of vasopressors when repeat laboratory values indicated a hemoglobin of 1.6 g/dL ().
Shortly thereafter she went into cardiac arrest with a rhythm of pulseless electrical activity (PEA). Return of spontaneous circulation was achieved after six minutes of cardiopulmonary resuscitation. Increased abdominal distention was noted during the resuscitation; therefore, a pressure-sensing urinary catheter was introduced. Her peak airway and bladder pressures were measured at greater than 60 cmH2O and 50 mmHg, respectively. Surgery was then consulted. A massive transfusion protocol was initiated after her next of kin agreed to allow the transfusion of blood products. A focused assessment with sonography for trauma (FAST) was performed, showing free fluid in Morrison’s pouch. As resuscitative measures were continued, an additional study was obtained and a diagnosis was made.","+ On review, the patient has a history of cerebrovascular disease.",+ The patient's father has cerebrovascular disease.,,,,,
M090,2,C-S2-mcv-verdict-triplets-s2,mcv_test_00410_05_s_negation,Glasgow-Blatchford Bleeding Score (GBS),Recent syncope,sentence,negation,denied,base,-2.199,-20.109,12.797,"Under the Glasgow-Blatchford Bleeding Score (GBS), the item 'Recent syncope' scores 0 points for this patient.","Under the Glasgow-Blatchford Bleeding Score (GBS), the item 'Recent syncope' scores 2 points for this patient.",null,"The criteria for the Glasgow-Blatchford Score are listed below:

1. BUN (mg/dL): <18.2 = 0 points, 18.2-22.3 = +2 points, 22.4-28 = +3 points, 28-70 = +4 points, >70 = +6 points
2. Hemoglobin (g/dL) for men: >=13 = 0 points, <=12-13 = +1 point, <=10-12 = +3 points, <10 = +6 points
3. Hemoglobin (g/dL) for women: >=12 = 0 points, <=10-12 = +1 point, <10 = +6 points
4. Systolic blood pressure (mm Hg): ≥110 = 0 points, 100-109 = +1 point, 90-99 = +2 points, <90 = +3 points
5. Pulse ≥100 (per minute): No = 0 points, Yes = +1 point
6. Melena present: No = 0 points, Yes = +1 point
7. Recent syncope: No = 0 points, Yes = +2 points
8. Hepatic disease history: No = 0 points, Yes = +2 points
9. Cardiac failure present: No = 0 points, Yes = +2 points

The total Glasgow-Blatchford Score is calculated by summing the points for each criterion.","A 33-year-old male presented to our center with chief complaints of profuse per rectal bleed mixed with stool for three days that was associated with easy fatigability for one week prior to the initial presentation. He also had one episode of black tarry stool. However, he had no complaints of blood in vomit, purpuric rashes, or petechiae. He also had no hematuria, weight loss, night sweats, evening rise of temperature or loss of appetite, cough, chest pain, dyspnea, palpitation, limb edema, loose stools, jaundice, and abdominal distension. Bleeding was absent from other orifices. He had no history of diabetes mellitus, hypertension, cardiac diseases, and pulmonary tuberculosis in the past. He consumed 80 grams of alcohol per day for 15 years, but he did not smoke.
On examination, he was ill looking, conscious, and was well oriented to time place and person. He had pallor and was dehydrated. However, he had no icterus, clubbing, cyanosis, or edema. His pulse rate was 110 beats/minute, blood pressure was 80/60 mm of Hg, body temperature was 98°F (36.6°C), respiratory rate was 19 breaths/minute, and oxygen saturation was 95% in room air. The digital rectal examination showed fresh blood over the examining finger and otherwise normal findings. Abdominal and cardiac examination was normal.
Laboratory investigations showed hemoglobin 10.8 g/dl and hematocrit 31.6%. The total leukocyte count was 11510/mm3, neutrophils were 78%, and platelet count was 291000/mm3. The prothrombin time was 14 seconds, and the International normalized ratio was 1.08. The albumin level in the blood was 2.4 gm/dl, and total protein was 6.1 gm/dl, total and direct bilirubin were 0.7 and 0.1 mg/dl in the blood. Alanine aminotransferase and aspartate aminotransferase level was 97 U/L and 114 U/L, respectively. HbA1C level in the blood was 7.2. The level of blood urea nitrogen (33 mg/dl), creatinine (1.1 mg/dl), sodium (132 mEq/l), and potassium (3.6 mEq/l) were within normal range. Traces of sugar and albumin (++) were present in the urine examination. The fecal occult blood was found in the stool. Mycobacterium tuberculosis was not detected in sputum in the acid-fast bacilli (AFB) stain.
The chest X-ray was normal. Ultrasonography (USG) of the abdomen and pelvis and upper gastrointestinal endoscopy showed normal findings. A Computed Tomography (CT) scan of chest and abdomen showed asymmetric circumferential thickening in the ileocaecal region with lobulated thickened caecum, soft-tissue stranding and necrotic mesenteric lymphadenopathy, and indeterminate lobule in the lung (). Colonoscopy showed multiple transverse ulcers with overlying exudates in terminal ileum and ascending and transverse colon. Histopathological examination of the ileum and colon showed patchy ulcers with exudates, granulation tissue, fibrosis, deep lymphoplasmocytic inflammation, and crypt regenerative changes with fibrinoid changes in scattered capillaries and venules and was inconclusive. However, gene XPERT was positive for Mycobacterium tuberculosis.
He was diagnosed with ileocaecal tuberculosis. The hemoglobin level dropped to 6.1 g/dl after two days of admission, and he had an episode of weakness associated with profuse sweating and rigor. Fluid resuscitation followed by two pints of whole blood transfusion was performed. After that, his hemoglobin was increased to 10.2 mg/dl. He was managed with four antitubercular drugs and showed significant improvement. Following this, he was discharged on oral antitubercular medications (isoniazid, rifampicin, pyrazinamide, ethambutol, and pyridoxine) after 10 days of admission. On follow-up after two weeks, he was responding well to antitubercular medications with improved symptoms, i.e., no per rectal bleeding, and his liver function test was within the normal range.","+ On review, the patient has recent syncope.","+ On review, the patient is free of recent syncope.",,,,,
M091,3,C-S2-mcv-verdict-triplets-s3,mcv_test_00410_05_s_subject,Glasgow-Blatchford Bleeding Score (GBS),Recent syncope,sentence,subject,denied,base,-4.228,-19.695,7.853,"Under the Glasgow-Blatchford Bleeding Score (GBS), the item 'Recent syncope' scores 0 points for this patient.","Under the Glasgow-Blatchford Bleeding Score (GBS), the item 'Recent syncope' scores 2 points for this patient.",null,"The criteria for the Glasgow-Blatchford Score are listed below:

1. BUN (mg/dL): <18.2 = 0 points, 18.2-22.3 = +2 points, 22.4-28 = +3 points, 28-70 = +4 points, >70 = +6 points
2. Hemoglobin (g/dL) for men: >=13 = 0 points, <=12-13 = +1 point, <=10-12 = +3 points, <10 = +6 points
3. Hemoglobin (g/dL) for women: >=12 = 0 points, <=10-12 = +1 point, <10 = +6 points
4. Systolic blood pressure (mm Hg): ≥110 = 0 points, 100-109 = +1 point, 90-99 = +2 points, <90 = +3 points
5. Pulse ≥100 (per minute): No = 0 points, Yes = +1 point
6. Melena present: No = 0 points, Yes = +1 point
7. Recent syncope: No = 0 points, Yes = +2 points
8. Hepatic disease history: No = 0 points, Yes = +2 points
9. Cardiac failure present: No = 0 points, Yes = +2 points

The total Glasgow-Blatchford Score is calculated by summing the points for each criterion.","A 33-year-old male presented to our center with chief complaints of profuse per rectal bleed mixed with stool for three days that was associated with easy fatigability for one week prior to the initial presentation. He also had one episode of black tarry stool. However, he had no complaints of blood in vomit, purpuric rashes, or petechiae. He also had no hematuria, weight loss, night sweats, evening rise of temperature or loss of appetite, cough, chest pain, dyspnea, palpitation, limb edema, loose stools, jaundice, and abdominal distension. Bleeding was absent from other orifices. He had no history of diabetes mellitus, hypertension, cardiac diseases, and pulmonary tuberculosis in the past. He consumed 80 grams of alcohol per day for 15 years, but he did not smoke.
On examination, he was ill looking, conscious, and was well oriented to time place and person. He had pallor and was dehydrated. However, he had no icterus, clubbing, cyanosis, or edema. His pulse rate was 110 beats/minute, blood pressure was 80/60 mm of Hg, body temperature was 98°F (36.6°C), respiratory rate was 19 breaths/minute, and oxygen saturation was 95% in room air. The digital rectal examination showed fresh blood over the examining finger and otherwise normal findings. Abdominal and cardiac examination was normal.
Laboratory investigations showed hemoglobin 10.8 g/dl and hematocrit 31.6%. The total leukocyte count was 11510/mm3, neutrophils were 78%, and platelet count was 291000/mm3. The prothrombin time was 14 seconds, and the International normalized ratio was 1.08. The albumin level in the blood was 2.4 gm/dl, and total protein was 6.1 gm/dl, total and direct bilirubin were 0.7 and 0.1 mg/dl in the blood. Alanine aminotransferase and aspartate aminotransferase level was 97 U/L and 114 U/L, respectively. HbA1C level in the blood was 7.2. The level of blood urea nitrogen (33 mg/dl), creatinine (1.1 mg/dl), sodium (132 mEq/l), and potassium (3.6 mEq/l) were within normal range. Traces of sugar and albumin (++) were present in the urine examination. The fecal occult blood was found in the stool. Mycobacterium tuberculosis was not detected in sputum in the acid-fast bacilli (AFB) stain.
The chest X-ray was normal. Ultrasonography (USG) of the abdomen and pelvis and upper gastrointestinal endoscopy showed normal findings. A Computed Tomography (CT) scan of chest and abdomen showed asymmetric circumferential thickening in the ileocaecal region with lobulated thickened caecum, soft-tissue stranding and necrotic mesenteric lymphadenopathy, and indeterminate lobule in the lung (). Colonoscopy showed multiple transverse ulcers with overlying exudates in terminal ileum and ascending and transverse colon. Histopathological examination of the ileum and colon showed patchy ulcers with exudates, granulation tissue, fibrosis, deep lymphoplasmocytic inflammation, and crypt regenerative changes with fibrinoid changes in scattered capillaries and venules and was inconclusive. However, gene XPERT was positive for Mycobacterium tuberculosis.
He was diagnosed with ileocaecal tuberculosis. The hemoglobin level dropped to 6.1 g/dl after two days of admission, and he had an episode of weakness associated with profuse sweating and rigor. Fluid resuscitation followed by two pints of whole blood transfusion was performed. After that, his hemoglobin was increased to 10.2 mg/dl. He was managed with four antitubercular drugs and showed significant improvement. Following this, he was discharged on oral antitubercular medications (isoniazid, rifampicin, pyrazinamide, ethambutol, and pyridoxine) after 10 days of admission. On follow-up after two weeks, he was responding well to antitubercular medications with improved symptoms, i.e., no per rectal bleeding, and his liver function test was within the normal range.","+ On review, the patient has recent syncope.",+ The patient's sister has recent syncope.,,,,,
M092,4,C-S2-mcv-verdict-triplets-s4,mcv_test_00627_03_s_negation,PERC Rule for Pulmonary Embolism,Unilateral leg swelling,sentence,negation,denied,flip,30.703,6.71,31.943,"Under the PERC Rule for Pulmonary Embolism, the item 'Unilateral leg swelling' scores 0 points for this patient.","Under the PERC Rule for Pulmonary Embolism, the item 'Unilateral leg swelling' scores 1 point for this patient.",null,"The PERC Rule critiera are listed below:

1. Age ≥50: No = 0 points, Yes = +1 point
2. Heart Rate (HR) ≥100: No = 0 points, Yes = +1 point
3. O₂ saturation on room air <95%: No = 0 points, Yes = +1 point
4. Unilateral leg swelling: No = 0 points, Yes = +1 point
5. Hemoptysis: No = 0 points, Yes = +1 point
6. Recent surgery or trauma (within 4 weeks, requiring treatment with general anesthesia): No = 0 points, Yes = +1 point
7. Prior pulmonary embolism (PE) or deep vein thrombosis (DVT): No = 0 points, Yes = +1 point
8. Hormone use (oral contraceptives, hormone replacement, or estrogenic hormone use in males or females): No = 0 points, Yes = +1 point

The total number of criteria met is taken by summing the points for each criterion.","History
A 52-year-old African American male presented to the emergency department complaining of pleuritic, sharp pain in his right chest wall that had begun three days prior to arrival. The pain had since worsened in intensity and did not radiate. He had taken acetaminophen without relief of his symptoms. The patient denied any fever, coughing up blood, shortness of breath, headache, or rash. His review of symptoms was otherwise negative. The patient had no significant past medical history and was taking no medications. He denied any recent history of surgery or trauma, but did note weight lifting two days prior to the onset of symptoms. Family history was negative for coagulopathies and autoimmune conditions.
Exam findings
Vital signs on arrival were blood pressure 146/97, heart rate 97, temperature 36.2°C, respiratory rate 20, and SpO2 99% on room air. He was alert and oriented, and in no acute distress. Lung sounds were clear bilaterally and heart sounds were normal. A raised cord was visible crossing from the epigastrium across the right breast toward the axilla, that was tender to palpation and mobile. There was no warmth, erythema, or rash overlying the cord. Head/eyes/ears/nose/throat, abdominal, and neurological examinations were unremarkable.
Diagnostic evaluation
Basic metabolic panel and troponin levels were normal, and a complete blood count and differential was unremarkable with platelets of 212 bil/L. Chest radiograph showed clear lung fields but did reveal remote right-sided posterior fractures of ribs five through eight. Given the pleuritic nature of the pain, a computed tomography pulmonary angiogram was ordered to rule out pulmonary embolism. As shown in Figure , it revealed a subtle density in the right chest wall over the area of the palpable cord, with no evidence of a pulmonary embolism. The diagnosis of superficial chest wall thrombophlebitis, or Mondor’s disease, was made.
Patient course
The patient was treated with ibuprofen in the emergency department and discharged with a naproxen prescription. He was referred to his primary care physician for further work-up. The pain improved in the days following his emergency department visit, resolving within a week of discharge. The patient was contacted two months after his emergency department visit. He noted that he was still able to appreciate a firm mass in his chest wall with some reduction in size since it was first diagnosed.","- History
+ History On review, the patient has swelling of one leg.","- History
+ History On review, the patient is free of swelling of one leg.",,,,,
M093,1,C-S2-mcv-verdict-triplets-s1,mcv_test_00412_05_s_subject,Glasgow-Blatchford Bleeding Score (GBS),Recent syncope,sentence,subject,default,base,-5.214,-27.969,10.308,"Under the Glasgow-Blatchford Bleeding Score (GBS), the item 'Recent syncope' scores 0 points for this patient.","Under the Glasgow-Blatchford Bleeding Score (GBS), the item 'Recent syncope' scores 2 points for this patient.",null,"The criteria for the Glasgow-Blatchford Score are listed below:

1. BUN (mg/dL): <18.2 = 0 points, 18.2-22.3 = +2 points, 22.4-28 = +3 points, 28-70 = +4 points, >70 = +6 points
2. Hemoglobin (g/dL) for men: >=13 = 0 points, <=12-13 = +1 point, <=10-12 = +3 points, <10 = +6 points
3. Hemoglobin (g/dL) for women: >=12 = 0 points, <=10-12 = +1 point, <10 = +6 points
4. Systolic blood pressure (mm Hg): ≥110 = 0 points, 100-109 = +1 point, 90-99 = +2 points, <90 = +3 points
5. Pulse ≥100 (per minute): No = 0 points, Yes = +1 point
6. Melena present: No = 0 points, Yes = +1 point
7. Recent syncope: No = 0 points, Yes = +2 points
8. Hepatic disease history: No = 0 points, Yes = +2 points
9. Cardiac failure present: No = 0 points, Yes = +2 points

The total Glasgow-Blatchford Score is calculated by summing the points for each criterion.","The patient was a 76-year-old woman who presented to our emergency room with a 3-day history of general weakness, fever, and oliguria and a 7-day history of nausea, and vomiting. The patient was bedridden due to a compression fracture of the 1st lumbar vertebra sustained 5 days prior to presentation. The patient had been taking appropriate oral medications for DM and hypertension for the past 40 years and had not developed any specific renal disease. Her prescribed oral hypoglycemic agents at the time of presentation were metformin (500 mg twice per day) and dapagliflozin (10 mg/day). Other daily medications included ezetimibe/rosuvastatin calcium (10 mg/5.2 mg), clopidogrel (75 mg), nicorandil (5 mg), imipramine (25 mg), tolterodine (4 mg), and tamsulosin (0.2 mg). Blood pressure, pulse rate, respiration rate, and body temperature at presentation were 160/80 mmHg, 120/min, 20/min, and 37.5°C, respectively. The patient was alert but experiencing malaise. Her oral mucosa was dry and skin turgor had decreased. Chest auscultation results were normal, but her abdomen was distended with decreased bowel sounds. A peripheral blood test at admission showed a white blood cell (WBC) count of 11,800/μL (neutrophils 85.3%), hemoglobin of 13 g/dL, a platelet count of 173,000/μL, and an erythrocyte sedimentation rate of 12 mm/hour. Serum biochemical examination showed the following: glucose, 410 mg/dL; blood urea nitrogen, 41.7 mg/dL; creatinine (Cr), 3.2 mg/dL; albumin, 3.8 g/dL; total cholesterol, 93 mg/dL; calcium, 8.1 mg/dL; phosphorus, 4.7 mg/dL; uric acid, 6.1 mg/dL; C-reactive protein, 54 mg/L; glycated hemoglobin (HbA1C), 8.1%; insulin, 3.3 μIU/mL (reference range, 2.6–24.9 μIU/mL); and C-peptide, 1 ng/mL (reference range, 1.1–4.4 ng/mL). Urinalysis with microscopic examination showed albumin 3+, occult blood 2+, a WBC count of 20–30/high power field, and a red blood cell count of 10–30/high power field (dysmorphic 90%). Spot urine protein to Cr ratio was 1.14 g/g. After urinary catheterization, her urine output was 1950 mL suggesting azotemia due to postrenal acute kidney injury. Abdominal computed tomography scan showed diffuse paralytic ileus and bilateral pyeloureteritis (Fig. A, B). Treatment with empirical broad-spectrum antibiotics (ceftriaxone) was initiated along with fluid therapy and total parenteral nutrition after insertion of a nasogastric tube. Fasting was prescribed. The oral hypoglycemic agents were discontinued. On day 3 of hospitalization, the patient was transitioned to a full-liquid diet through a nasogastric tube because she showed improvement in renal function (serum Cr, 0.7 mg/dL); paralytic ileus was also less severe. Treatment with metformin (1000 mg/day) and dapagliflozin (10 mg/day) was reinstituted. Previous outpatient medications were also retained and no new medications were added. Extended spectrum beta-lactamase negative, ceftriaxone–sensitive Escherichia coli was isolated from urine cultures. However, on day 6 of hospitalization, she developed consciousness alterations, including confusion, lethargy, and stupor, along with nausea, vomiting, and abdominal pain. Arterial blood gas analysis showed a pH of 6.904, partial pressure of carbon dioxide of 12.0 mmHg, and HCO3− of 3.1 mmol/L, suggestive of high anion gap metabolic acidosis with respiratory compensation. Based on the results of serum biochemical examination (Table ), we suspected eu-DKA accompanied by hypovolemia, hypernatremia, and hypokalemia. For the first 6 hours after discontinuation of dapagliflozin, we performed intravenous fluid therapy with 0.9% saline at a rate of 250 mL/hour (h) for 2 hours followed by 100 mL/h, 5% dextrose in water (5% D/W) (100 mL/h), and KCl (40 mEq/L). Regular insulin (RI) and sodium bicarbonate were not administered considering the blood glucose levels (range, 150–250 mg/dL) and arterial blood pH (>6.9). Because disturbances in serum electrolyte levels continued for 6 hours after intravenous fluid resuscitation (Table ), administration of 0.45% saline (100 mL/h) with KCl (20 mEq/L), 5% D/W (50 mL/h), and RI (2.5 U/h, 0.05 U/kg/h) was maintained. Brain magnetic resonance imaging of the patient showed no specific abnormalities, including the absence of acute ischemic brain lesions. Eventually, the patient started enteral feeding of free water through a nasogastric tube while being administered a mixed solution of 0.45% saline and 5% D/W with RI. Additional biochemical results are described in Table . After the 8th day of hospitalization, consciousness and laboratory findings improved; however, dapagliflozin was not resumed. The patient was discharged on the 14th hospital day because of resolution of consciousness impairment and laboratory abnormalities, and the patient is currently receiving insulin (glargine/insulin lispro) and metformin for management of DM.","+ On review, the patient has recent syncope.",+ The patient's sister has recent syncope.,,,,,
M094,2,C-S2-mcv-verdict-triplets-s2,mcv_test_00312_01_s_subject,Centor Score (Modified/McIsaac) for Strep Pharyngitis,Exudate or swelling on tonsils,sentence,subject,denied,base,-4.136,-28.068,1.125,"Under the Centor Score (Modified/McIsaac) for Strep Pharyngitis, the item 'Exudate or swelling on tonsils' scores 0 points for this patient.","Under the Centor Score (Modified/McIsaac) for Strep Pharyngitis, the item 'Exudate or swelling on tonsils' scores 1 point for this patient.",null,"The criteria listed in the Centor Score formula are listed below:

1. Age: 3-14 years = +1 point, 15-44 years = 0 points, ≥45 years = -1 point
2. Exudate or swelling on tonsils: No = 0 points, Yes = +1 point
3. Tender/swollen anterior cervical lymph nodes: No = 0 points, Yes = +1 point
4. Temperature >38°C (100.4°F): No = 0 points, Yes = +1 point
5. Cough: Cough present = 0 points, Cough absent = +1 point

The Centor score is calculated by summing the points for each criterion.","A 17-year-old male presents to the emergency department with a three-day history of sore throat. He reports that the sore throat seems to be getting worse and is starting to affect the character of his voice. He also endorses headache and decreased appetite secondary to difficulty swallowing. The patient’s past medical history is significant for infectious mononucleosis one year ago, which he reports has fully resolved. He denies any recent sexual activity. Several of his friends at school have also been ill recently. His temperature is 102.4°F (39.1°C), blood pressure is 119/83 mmHg, pulse is 107/min, and respirations are 18/min. On physical exam you note the findings in Figure A. He has cervical lymphadenopathy, and he speaks with a muffled voice.","+ On review, the patient has tonsillar exudate.",+ The patient's father has tonsillar exudate.,,,,,
M095,3,C-S2-mcv-verdict-triplets-s3,mcv_test_00545_00_s_subject,CURB-65 Score for Pneumonia Severity,Confusion,sentence,subject,default,base,-2.186,-21.274,5.397,"Under the CURB-65 Score for Pneumonia Severity, the item 'Confusion' scores 0 points for this patient.","Under the CURB-65 Score for Pneumonia Severity, the item 'Confusion' scores 1 point for this patient.",null,"The CURB-65 Score criteria are listed below:

1. Confusion: No = 0 points, Yes = +1 point
2. BUN >19 mg/dL (>7 mmol/L urea): No = 0 points, Yes = +1 point
3. Respiratory Rate ≥30: No = 0 points, Yes = +1 point
4. Systolic BP <90 mmHg or Diastolic BP ≤60 mmHg: No = 0 points, Yes = +1 point
5. Age ≥65: No = 0 points, Yes = +1 point

The total CURB-65 score is calculated by summing the points for each criterion.","A 67-year-old male with a 6-day history of fever and shortness of breath was admitted to the emergency department on August 15, 2019. This patient had a fever, chill, cough, and progressive dyspnea after being in the rain on August 9, 2019, without a sore throat, chest pain, hemoptysis, paroxysmal dyspnea, dizziness, nausea, abdominal distension, abdominal pain or diarrhea. He first went to a local clinic and was treated with “anti-inflammatory drugs (the specific name is unknown)”, but his symptoms became more severe and rapidly progressive. One day before admission, the patient started having aggravated dyspnea, listlessness, and difficulty talking while lying down, then this patient presented to our emergency room (ER).
The physical exam revealed the following: T 36°C, P 82bpm, RR 28/min, BP 107/64mmHg, SpO2 72%, WBC 20.36×10^9/L, N 18.31×10^9/L; arterial blood gas (ABG) showed PH 7.12, PO2 55mmHg, PCO2 56mmHg, SaO2 85%, Lactate 4.4mmol/L, BE-11.7mmol/L; BUN 18.1mmol/L, creatinine 166umol/L; BNP 249.83pg/mL with peripheral cyanosis and bilateral wheezing. Chest computed tomography (CT) showed a dense consolidation site in the right lung with scattered shadows in both lungs, accompanying by mediastinal and right hilar lymphadenopathy, the CT results indicated the infection lesion (). He had been healthy previously, but he was a smoker with a 30-year history. He did not use illicit drugs and had no known allergies to medications. He worked as a farmer and have no family history. He was diagnosed as follows: 1. Severe pneumonia 2. Sepsis 3. Septic shock 4. Multiple organ dysfunction syndrome (MODS) 5. Type II respiratory failure 6. Heart failure 7. Acute renal insufficiency 8. Metabolic acidosis 9. Chronic bronchitis.
Laboratory examinations were supplemented and the results were as follows (August 31, 2019): Blood routine: neutrophil count 7.29×10^9/L, lymphocyte count 0.97×10^9/L, monocyte count 0.82×10^9/L, neutrophil percentage 79.2%, lymphocyte percentage 10.5%, red blood cell count 3.01×10^12/L, hemoglobin 86 g/L, hematocrit 0.28 L/L, mean corpuscular hemoglobin 305 g/L, platelet distribution width 9.2fl, C-reactive protein (CRP) 106.44 mg/L; hepatorenal function: ALT 15U/L, AST 13U/L, Creatinine 75umol/L. Orotracheal intubation was applied to help the patient’s respiration, assisting with the PB840 ventilator. Combined with the examination results of chest CT, the patient was provided with imipenem and cilastatin sodium 1.0g q12h, linezolid 0.6g q12h, and moxifloxacin 0.4g qd for anti-infection therapy. After a 3-day treatment, this patient still had a high fever with a maximum body temperature of 38.5°C. Continuous invasive mechanical ventilation was performed to assist the respiration, meanwhile, continuous vasoactive drugs and intravenous nutrition support were given to him.
Sputum cultures were collected and Gram stain revealed no squamous epithelial cells, few neutrophils, and Gram-negative rods. Within one day, sputum sample results showed P. aeruginosa and multidrug-resistant Acinetobacter baumannii (). Besides, fiberscope secretion cultures showed P. aeruginosa, which is sensitive to amikacin, gentamicin and piperacillin sodium and tazobactam sodium, intermediate to ciprofloxacin and ceftazidime, but resistant to imipenem and meropenem (). Based on the culture results, we changed the treatment strategy to the combination of polymyxin B (50IU, q12h) and amikacin (0.6g, qd) for 30 days, instead of imipenem (1g q12h) and cilastatin sodium (500mg, q12h).
The patient’s body temperature was back to 37°C, measured by a clinical thermometer for armpit use for 10 minutes. His cough was significantly alleviated with white viscous sputum. On day 21, laboratory examinations demonstrated the erythrocyte sedimentation rate (ESR), CRP and procalcitonin were negative; AST 14U/L, total protein 63.2g/L, albumin 30.3g/L, total calcium 2.1mmol/L, phosphorus 0.84mmol/L, sialic acid 723mg/L. On day 23, chest CT was rechecked to confirm the curative effect, which showed the formation of a pulmonary thick-walled cavity in the apical segment of the left upper lobe, with multiple small opacities, branching signs, bronchial wall thickening, and fibrous lesion. The inflammation of the cavity wall was obviously reduced compared with the first CT images (). The patient was discharged in a stable condition on day 35, and he was given acetylcysteine tablets 0.6g/box, 1 tablet, bid. The final diagnoses on discharge were represented: 1. Severe pneumonia 2. Sepsis 3. Septic shock 4. MODS 5. Type II respiratory failure 6. Heart failure 7. Acute renal insufficiency 8. Metabolic acidosis 9. Chronic bronchitis 10. Hypoproteinemia.
After he was discharged, a regular follow-up of 2 weeks was performed to monitor his condition until most indicators came back to the normal level. The results of laboratory examinations showed as follows (September 17, 2019): Blood routine: white blood cell 9.57×10^9/L, neutrophil count 6.78×10^9/L, lymphocyte count 1.24×10^9/L, neutrophil percentage 70.8%, lymphocyte percentage 13%, red blood cell count 3.92×10^12/L, hemoglobin 111 g/L, hematocrit 0.35 L/L, mean corpuscular hemoglobin 318 g/L, platelet distribution width 9.2fl, C-reactive protein (CRP) 19.04 mg/L, PCT 0.19ng/mL; hepatorenal function: ALT 25U/L, AST 37U/L, Creatinine 75umol/L. As shown above, most laboratory results were improved, and the physical examination was normal.","+ On review, the patient has confusion.",+ The patient's father has confusion.,,,,,
M096,4,C-S2-mcv-verdict-triplets-s4,mcv_test_00627_03_s_subject,PERC Rule for Pulmonary Embolism,Unilateral leg swelling,sentence,subject,denied,flip,30.703,6.71,30.822,"Under the PERC Rule for Pulmonary Embolism, the item 'Unilateral leg swelling' scores 0 points for this patient.","Under the PERC Rule for Pulmonary Embolism, the item 'Unilateral leg swelling' scores 1 point for this patient.",null,"The PERC Rule critiera are listed below:

1. Age ≥50: No = 0 points, Yes = +1 point
2. Heart Rate (HR) ≥100: No = 0 points, Yes = +1 point
3. O₂ saturation on room air <95%: No = 0 points, Yes = +1 point
4. Unilateral leg swelling: No = 0 points, Yes = +1 point
5. Hemoptysis: No = 0 points, Yes = +1 point
6. Recent surgery or trauma (within 4 weeks, requiring treatment with general anesthesia): No = 0 points, Yes = +1 point
7. Prior pulmonary embolism (PE) or deep vein thrombosis (DVT): No = 0 points, Yes = +1 point
8. Hormone use (oral contraceptives, hormone replacement, or estrogenic hormone use in males or females): No = 0 points, Yes = +1 point

The total number of criteria met is taken by summing the points for each criterion.","History
A 52-year-old African American male presented to the emergency department complaining of pleuritic, sharp pain in his right chest wall that had begun three days prior to arrival. The pain had since worsened in intensity and did not radiate. He had taken acetaminophen without relief of his symptoms. The patient denied any fever, coughing up blood, shortness of breath, headache, or rash. His review of symptoms was otherwise negative. The patient had no significant past medical history and was taking no medications. He denied any recent history of surgery or trauma, but did note weight lifting two days prior to the onset of symptoms. Family history was negative for coagulopathies and autoimmune conditions.
Exam findings
Vital signs on arrival were blood pressure 146/97, heart rate 97, temperature 36.2°C, respiratory rate 20, and SpO2 99% on room air. He was alert and oriented, and in no acute distress. Lung sounds were clear bilaterally and heart sounds were normal. A raised cord was visible crossing from the epigastrium across the right breast toward the axilla, that was tender to palpation and mobile. There was no warmth, erythema, or rash overlying the cord. Head/eyes/ears/nose/throat, abdominal, and neurological examinations were unremarkable.
Diagnostic evaluation
Basic metabolic panel and troponin levels were normal, and a complete blood count and differential was unremarkable with platelets of 212 bil/L. Chest radiograph showed clear lung fields but did reveal remote right-sided posterior fractures of ribs five through eight. Given the pleuritic nature of the pain, a computed tomography pulmonary angiogram was ordered to rule out pulmonary embolism. As shown in Figure , it revealed a subtle density in the right chest wall over the area of the palpable cord, with no evidence of a pulmonary embolism. The diagnosis of superficial chest wall thrombophlebitis, or Mondor’s disease, was made.
Patient course
The patient was treated with ibuprofen in the emergency department and discharged with a naproxen prescription. He was referred to his primary care physician for further work-up. The pain improved in the days following his emergency department visit, resolving within a week of discharge. The patient was contacted two months after his emergency department visit. He noted that he was still able to appreciate a firm mass in his chest wall with some reduction in size since it was first diagnosed.","- History
+ History On review, the patient has swelling of one leg.","- History
+ History The patient's sister has swelling of one leg.",,,,,
M097,1,C-S2-mcv-verdict-triplets-s1,mcv_test_00312_01_s_negation,Centor Score (Modified/McIsaac) for Strep Pharyngitis,Exudate or swelling on tonsils,sentence,negation,denied,base,-5.104,-37.259,29.826,"Under the Centor Score (Modified/McIsaac) for Strep Pharyngitis, the item 'Exudate or swelling on tonsils' scores 0 points for this patient.","Under the Centor Score (Modified/McIsaac) for Strep Pharyngitis, the item 'Exudate or swelling on tonsils' scores 1 point for this patient.",null,"The criteria listed in the Centor Score formula are listed below:

1. Age: 3-14 years = +1 point, 15-44 years = 0 points, ≥45 years = -1 point
2. Exudate or swelling on tonsils: No = 0 points, Yes = +1 point
3. Tender/swollen anterior cervical lymph nodes: No = 0 points, Yes = +1 point
4. Temperature >38°C (100.4°F): No = 0 points, Yes = +1 point
5. Cough: Cough present = 0 points, Cough absent = +1 point

The Centor score is calculated by summing the points for each criterion.","A 17-year-old male presents to the emergency department with a three-day history of sore throat. He reports that the sore throat seems to be getting worse and is starting to affect the character of his voice. He also endorses headache and decreased appetite secondary to difficulty swallowing. The patient’s past medical history is significant for infectious mononucleosis one year ago, which he reports has fully resolved. He denies any recent sexual activity. Several of his friends at school have also been ill recently. His temperature is 102.4°F (39.1°C), blood pressure is 119/83 mmHg, pulse is 107/min, and respirations are 18/min. On physical exam you note the findings in Figure A. He has cervical lymphadenopathy, and he speaks with a muffled voice.","+ On review, the patient has tonsillar exudate.","+ On review, the patient is free of tonsillar exudate.",,,,,
M098,2,C-S2-mcv-verdict-triplets-s2,mcv_test_00627_03_s_subject,PERC Rule for Pulmonary Embolism,Unilateral leg swelling,sentence,subject,denied,flip,24.307,0.391,19.629,"Under the PERC Rule for Pulmonary Embolism, the item 'Unilateral leg swelling' scores 0 points for this patient.","Under the PERC Rule for Pulmonary Embolism, the item 'Unilateral leg swelling' scores 1 point for this patient.",null,"The PERC Rule critiera are listed below:

1. Age ≥50: No = 0 points, Yes = +1 point
2. Heart Rate (HR) ≥100: No = 0 points, Yes = +1 point
3. O₂ saturation on room air <95%: No = 0 points, Yes = +1 point
4. Unilateral leg swelling: No = 0 points, Yes = +1 point
5. Hemoptysis: No = 0 points, Yes = +1 point
6. Recent surgery or trauma (within 4 weeks, requiring treatment with general anesthesia): No = 0 points, Yes = +1 point
7. Prior pulmonary embolism (PE) or deep vein thrombosis (DVT): No = 0 points, Yes = +1 point
8. Hormone use (oral contraceptives, hormone replacement, or estrogenic hormone use in males or females): No = 0 points, Yes = +1 point

The total number of criteria met is taken by summing the points for each criterion.","History
A 52-year-old African American male presented to the emergency department complaining of pleuritic, sharp pain in his right chest wall that had begun three days prior to arrival. The pain had since worsened in intensity and did not radiate. He had taken acetaminophen without relief of his symptoms. The patient denied any fever, coughing up blood, shortness of breath, headache, or rash. His review of symptoms was otherwise negative. The patient had no significant past medical history and was taking no medications. He denied any recent history of surgery or trauma, but did note weight lifting two days prior to the onset of symptoms. Family history was negative for coagulopathies and autoimmune conditions.
Exam findings
Vital signs on arrival were blood pressure 146/97, heart rate 97, temperature 36.2°C, respiratory rate 20, and SpO2 99% on room air. He was alert and oriented, and in no acute distress. Lung sounds were clear bilaterally and heart sounds were normal. A raised cord was visible crossing from the epigastrium across the right breast toward the axilla, that was tender to palpation and mobile. There was no warmth, erythema, or rash overlying the cord. Head/eyes/ears/nose/throat, abdominal, and neurological examinations were unremarkable.
Diagnostic evaluation
Basic metabolic panel and troponin levels were normal, and a complete blood count and differential was unremarkable with platelets of 212 bil/L. Chest radiograph showed clear lung fields but did reveal remote right-sided posterior fractures of ribs five through eight. Given the pleuritic nature of the pain, a computed tomography pulmonary angiogram was ordered to rule out pulmonary embolism. As shown in Figure , it revealed a subtle density in the right chest wall over the area of the palpable cord, with no evidence of a pulmonary embolism. The diagnosis of superficial chest wall thrombophlebitis, or Mondor’s disease, was made.
Patient course
The patient was treated with ibuprofen in the emergency department and discharged with a naproxen prescription. He was referred to his primary care physician for further work-up. The pain improved in the days following his emergency department visit, resolving within a week of discharge. The patient was contacted two months after his emergency department visit. He noted that he was still able to appreciate a firm mass in his chest wall with some reduction in size since it was first diagnosed.","- History
+ History On review, the patient has swelling of one leg.","- History
+ History The patient's sister has swelling of one leg.",,,,,
M099,3,C-S2-mcv-verdict-triplets-s3,mcv_test_00461_06_s_negation,Charlson Comorbidity Index (CCI),Chronic pulmonary disease,sentence,negation,default,base,-0.139,-18.749,5.471,"Under the Charlson Comorbidity Index (CCI), the item 'Chronic pulmonary disease' scores 0 points for this patient.","Under the Charlson Comorbidity Index (CCI), the item 'Chronic pulmonary disease' scores 1 point for this patient.",null,"The Charlson Comorbidity Index (CCI) are listed below:

1. Age: <50 years = 0 points, 50-59 years = +1 point, 60-69 years = +2 points, 70-79 years = +3 points, ≥80 years = +4 points
2. Myocardial infarction (history of definite or probable MI with EKG changes and/or enzyme changes): No = 0 points, Yes = +1 point
3. Congestive heart failure (CHF) (exertional or paroxysmal nocturnal dyspnea, responsive to digitalis, diuretics, or afterload reducing agents): No = 0 points, Yes = +1 point
4. Peripheral vascular disease (intermittent claudication, past bypass for chronic arterial insufficiency, history of gangrene or acute arterial insufficiency, untreated thoracic or abdominal aneurysm ≥6 cm): No = 0 points, Yes = +1 point
5. Cerebrovascular accident (CVA) or transient ischemic attack (TIA): No = 0 points, Yes = +1 point
6. Dementia (chronic cognitive deficit): No = 0 points, Yes = +1 point
7. Chronic pulmonary disease (CPD): No = 0 points, Yes = +1 point
8. Connective tissue disease: No = 0 points, Yes = +1 point
9. Peptic ulcer disease (any history of treatment for ulcer disease or ulcer bleeding): No = 0 points, Yes = +1 point
10. Liver disease: None = 0 points, Mild = +1 point, Moderate to severe = +3 points
11. Diabetes mellitus: None or diet-controlled = 0 points, Uncomplicated = +1 point, End-organ damage = +2 points
12. Hemiplegia: No = 0 points, Yes = +2 points
13. Moderate to severe chronic kidney disease (CKD): No = 0 points, Yes = +2 points
14. Solid tumor: None = 0 points, Localized = +2 points, Metastatic = +6 points
15. Leukemia: No = 0 points, Yes = +2 points
16. Lymphoma: No = 0 points, Yes = +2 points
17. AIDS: No = 0 points, Yes = +6 points

The total score is calculated by summing the points for each criterion.","A Caucasian 59-year-old woman, current smoker (10 pack-years), presented with symptomatic dry eye and mouth and inflammatory arthralgia. The patient had no known personal or family history of rheumatic disease. Physical examination at rheumatology consultation revealed bilateral conjunctival congestion and symmetrical polyarthritis affecting proximal interphalangeal and metacarpophalangeal joints. Although sicca symptoms are commonly present in smokers [], this patient also had polyarthritis on physical examination, and for this reason, the investigation for SS was performed. Serum levels of C-reactive protein (CRP), erythrocyte sedimentation rate (ESR), C3 and C4, IgA, IgM, and proteinogram were normal. IgG1, IgG3, and IG4 were normal; IgG2 was equal to 787 (normal range, 171 to 632 mg/dL). Rheumatoid factor (RF), antinuclear antibodies, and anti-SSA/B antibodies were negative. Hands conventional radiography revealed no erosions. Additional investigation for SS showed decreased parotid gland function on salivary glands scintigraphy, and ophthalmologic examination with Schirmer's test and tear break-up time confirmed severe dry eye. Lower labial mucosa biopsy revealed focal chronic sialadenitis characterized by intense lymphocytic inflammatory infiltrate (1 focus/4 mm2 of glandular tissue). These findings (Schirmer's test and focal labial mucosa biopsy) were consistent with the classification of primary SS according to the American College of Rheumatology/European League Against Rheumatism criteria (2016). The patient did not tolerate hydroxychloroquine and was treated with prednisolone 5 mg/daily and pilocarpine 5 mg four times a day. The patient was evaluated every 6 months, and her symptoms partially improved under these medications.
About two years after the diagnosis of primary SS, the patient started complaining of epigastric pain, nausea, and severe low back pain. She also had asthenia and weight loss (15 kg in 5 months). After a long-haul flight, she developed lower limb deep vein thrombosis and was hypocoagulated with dabigatran. Ten days later, the patient was admitted in the emergency department with an ischemic stroke in multiple vascular territories (). Physical examination revealed a left lower facial paresis and dysarthria. From the stroke study, electrocardiogram revealed sinus rhythm, cervical and transcranial Doppler ultrasound, a total occlusion of the right middle cerebral artery, and transthoracic echocardiography, a redundant oval foramen membrane with a positive right-left shunt. Additional investigation showed normocytic anemia (Hb 10.4 g/dL), leukocytosis (18.000/μL) with neutrophilia (90.3%/13.500/μL), thrombocytosis (510.000/μL), and elevated CRP (73 mg/L) and ESR (62 mm in the first hour). Over time, a progressive elevation of liver cholestasis enzymes occurred: gamma-glutamyl transferase 534 (normal range, 7 to 32 U/L) and alkaline phosphatase 357 (normal range, 30 to 120 U/L), with no cytolysis. Pancreatic enzymes, renal function, proteinogram, and urinalyses were normal. Viral serologies were negative. Abdominal ultrasound and upper and lower gastrointestinal endoscopies revealed no pathological findings. Subsequent cervical, chest, abdomen, and pelvic computed tomography scan (TC CCAP) showed non-specific scattered pulmonary micronodules in lung lower lobes, liver parenchyma with several nodules, and retroperitoneal ganglion cluster in the hepatic hilum.
According to these findings, the diagnostic hypotheses postulated were neoplastic metastasis of a solid tumor or lymphoproliferative disease. In this regard, mammography, peripheral blood immunophenotyping, and bone marrow biopsy were performed which showed no evidence of a neoplastic disorder. Liver biopsy was subsequently performed, and pathologic analysis revealed an adenocarcinoma.
In accordance with the European Society for Medical Oncology and considering the diagnosis of an occult primary neoplasm with unfavorable histological subtype, the patient started an empirical chemotherapy protocol with carboplatin and paclitaxel. After the first cycle, treatment was suspended because the patient experienced a deterioration of her general clinical condition with progressive worsening of cytocholestasis parameters. The patient performed a new TC CCAP that revealed moderate ectasia of biliary tract and pancreatic duct, demonstrating one mass adjacent to the pancreatic head, which may indicate the epicenter of the neoplastic process. About one month after the first chemotherapy cycle, the patient died with a diagnosis of probable metastatic pancreatic adenocarcinoma.","+ On review, the patient has chronic pulmonary disease.","+ On review, the patient is free of chronic pulmonary disease.",,,,,
M100,4,C-S2-mcv-verdict-triplets-s4,mcv_test_00479_02_s_negation,Charlson Comorbidity Index (CCI),Congestive heart failure,sentence,negation,denied,base,-1.351,-11.128,5.057,"Under the Charlson Comorbidity Index (CCI), the item 'Congestive heart failure' scores 0 points for this patient.","Under the Charlson Comorbidity Index (CCI), the item 'Congestive heart failure' scores 1 point for this patient.",null,"The Charlson Comorbidity Index (CCI) are listed below:

1. Age: <50 years = 0 points, 50-59 years = +1 point, 60-69 years = +2 points, 70-79 years = +3 points, ≥80 years = +4 points
2. Myocardial infarction (history of definite or probable MI with EKG changes and/or enzyme changes): No = 0 points, Yes = +1 point
3. Congestive heart failure (CHF) (exertional or paroxysmal nocturnal dyspnea, responsive to digitalis, diuretics, or afterload reducing agents): No = 0 points, Yes = +1 point
4. Peripheral vascular disease (intermittent claudication, past bypass for chronic arterial insufficiency, history of gangrene or acute arterial insufficiency, untreated thoracic or abdominal aneurysm ≥6 cm): No = 0 points, Yes = +1 point
5. Cerebrovascular accident (CVA) or transient ischemic attack (TIA): No = 0 points, Yes = +1 point
6. Dementia (chronic cognitive deficit): No = 0 points, Yes = +1 point
7. Chronic pulmonary disease (CPD): No = 0 points, Yes = +1 point
8. Connective tissue disease: No = 0 points, Yes = +1 point
9. Peptic ulcer disease (any history of treatment for ulcer disease or ulcer bleeding): No = 0 points, Yes = +1 point
10. Liver disease: None = 0 points, Mild = +1 point, Moderate to severe = +3 points
11. Diabetes mellitus: None or diet-controlled = 0 points, Uncomplicated = +1 point, End-organ damage = +2 points
12. Hemiplegia: No = 0 points, Yes = +2 points
13. Moderate to severe chronic kidney disease (CKD): No = 0 points, Yes = +2 points
14. Solid tumor: None = 0 points, Localized = +2 points, Metastatic = +6 points
15. Leukemia: No = 0 points, Yes = +2 points
16. Lymphoma: No = 0 points, Yes = +2 points
17. AIDS: No = 0 points, Yes = +6 points

The total score is calculated by summing the points for each criterion.","A 55-year-old man was first evaluated in a nephrology unit because of hypertension associated with progressive kidney failure and proteinuria. At that time, the patient presented a history of hypertension since the age of 42, hypoacusia, a superficial venous thrombosis event, and incidental evidence of cerebral ischemia.
Blood and urine tests revealed a IIIb CKD stage renal insufficiency (serum creatinine 1.92 mg/dL, MDRD GFR 39 mL/min/1.73 mq) with mild proteinuria (0.821 g/24 h). Urine sediment was clear. A kidney biopsy was performed to explore renal disease etiology, showing non-specific advanced chronic lesions (global glomerulosclerosis in 70% of glomeruli and segmental glomerulosclerosis in 10% of glomeruli, moderate interstitial fibrosis/tubular atrophy, and severe arteriolosclerosis). Therapy with ACE-inhibitor was hence started.
Two years later, at the age of 57, a significant concentric LVH (basal septum region 18 mm) was detected during an echocardiographic evaluation for hypertension.
Renal follow-up showed a progressive decline in renal function reaching end-stage renal disease (ESRD) at the patient’s age of 61. Chronic peritoneal dialysis was started, and one year later, he underwent renal transplantation from a deceased donor without complications.
When the patient was 63 years old, he began complaining of dyspnea during intense exercise. Echocardiography showed worsening LVH (maximum wall thickness of 24 mm) associated with pronounced tissue hyperechogenicity and right ventricular hypertrophy, finally raising the suspicion of Fabry disease. The diagnosis was confirmed by the detection of reduced α-galactosidase A activity measured on dried blood spots (DBS) (0.5 µmol/L/h (reference values > 2.8)) and with molecular analysis revealing the N215S GLA mutation. Increased levels of lysoGb3 on DBS (6.4 ng/mL (reference values 0.0–3.5)) were detected. At diagnosis, serum creatinine was 1.23 mg/dL, and proteinuria was 0.3 g/24 h.
Thus, in March 2019, the patient was referred to our Rare Disease Center for Fabry disease management and follow-up. The Mainz Severity Score Index (MSSI) was 40/76 (General score—3; Neurological score—3; Cardiovascular score—16; and Renal score—18), and the total assessment Fabry Disease Severity Scoring System (DS3) was 46/80 (Peripheral Nervous System domain—0; Renal domain—23; Cardiac domain—18; Central Nervous System domain—1; and Patient-Reported domain 4).
Cardiac magnetic resonance (CMR) showed severe biventricular hypertrophy with reduced native T1 values, suggesting myocardial glycosphingolipid storage. The left ventricular mass index was 198.4 g/m2. Extensive late gadolinium enhancement was also detected in the infero-lateral wall, with an increased T2 value indicating myocardial edema ().
An initial 24-h Holter monitoring revealed two runs of atrial fibrillation, which required the introduction of anticoagulant therapy.
One year later, in 2020, two runs of monomorphic non-sustained ventricular tachycardia were detected during a further 24-h Holter monitoring. Thus, an ICD was implanted.
Therapy with agalsidase beta at a standard dose of 1 mg/kg every two weeks, administered at our center, was initiated in June 2019. In March 2020, the outbreak of the Coronavirus pandemic dramatically affected the Northern regions of Italy. Thus, the patient asked to switch to oral therapy to avoid hospital access or contact with health care workers in the case of home treatment activation. No contraindications to chaperone therapy were found (serum creatinine 1.28 mg/dL, MDRD GFR 60 mL/min/1.73 mq). We thereby started migalastat at a standard dose of 123 mg orally every other day. The patient did not show any side effects of migalastat such as headache, runny or stuffy nose, urinary tract infection, nausea, or fever. After one year of migalastat treatment, the patient was stable in terms of symptoms, renal function (serum creatinine 1.30 mg/dL, proteinuria 0.275 g/24 h), and cardiac function (CMR in March 2021 showed substantially stable cardiac features). No adjustments in the immunosuppressor dosage, namely prednisone, mycophenolate mofetil, and tacrolimus, were required. In addition, we detected a reduction in lysoGb3 levels (4.3 ng/mL; a reduction of 33% from the patient’s basal values) and an increase in α-galactosidase A activity measured on dried blood spots (1.1 µmol/L/h; an increase of 120% compared to the patient’s basal values).
To confirm the kidney disease etiology, we recently analyzed the residual material from the native kidney biopsy by electron microscopy, finding abundant electron-lucent microvacuoles in many cell types and multivacuolized appearance of podocytes ().","+ On review, the patient has congestive heart failure.","+ On review, the patient is free of congestive heart failure.",,,,,
