sheet_id,part,run_id,tid,score,item,edit_type,nm_kind,stratum,failed_conditions,d_base,d_flip,d_near,claim_s,claim_s_prime,values,rule_text,case_text_base,edit_flip,edit_near,category,subcategory_or_note,coder,second_coder_category,agreed
M001,1,C-S2-mcv-verdict-triplets-s0,mcv_test_00651_00_v_temperature,SIRS Criteria,Temperature,value,numeric,stated,flip,22.022,8.079,17.607,"Under the SIRS Criteria, the item 'Temperature' scores 0 points for this patient.","Under the SIRS Criteria, the item 'Temperature' scores 1 point for this patient.","{""base"": 36.5, ""flip"": 35.7, ""near"": 36.2}","The rules for SIRS Criteria are listed below:

1. Temperature >38°C (100.4°F) or <36°C (96.8°F): No = 0 points, Yes = +1 point
2. Heart rate >90: No = 0 points, Yes = +1 point
3. Respiratory rate >20 or PaCO₂ <32 mm Hg: No = 0 points, Yes = +1 point
4. White blood cell count (WBC) >12,000/mm³, <4,000/mm³: No = 0 points, Yes = +1 point

The total number of criteria met is taken by summing the score for each criteria.","A 58-year-old woman was admitted to the emergency department owing to generalized weakness, chilling sensation and myalgia since the previous 10 days. She had a medical history of uncontrolled diabetes mellitus and hypertension. She took a prescription for diabetes mellitus, but did not take well. She had no history of trauma or surgery. Her vital signs were as follows: blood pressure, 90/40 mmHg; pulse rate, 100/min; respiratory rate, 20/min; and body temperature, 36.5°C. Laboratory data showed that a white blood cell count 24,290/mm3 with 93% neutrophils, hemoglobin 11.7 g/dL, platelet count 57,000/mm3 and C-reactive protein 33.2 mg/dL. Liver function enzymes showed aspartate aminotransferase 22 U/L, alanine aminotransferase 17 U/L, alkaline phosphatase 1,303 U/L, gamma glutamyl transferase 135 U/L, and total bilirubin 1.11 mg/dL. The HbA1c level was 11.9%, and serum glucose level was 665 mg/dL. Urinalysis showed many bacteria. Blood and urine cultures were obtained prior to initiation of empirical antibiotics. The chest radiograph showed a prominent heart size but no apparent lung parenchymal lesion. The chest and abdominal computed tomography (CT) scan revealed intraosseous gas in the sternum and left clavicle and intra-muscular gas in the left pectoralis major muscle as well as soft tissue emphysema involving the left shoulder and both chest walls (). Additionaly, intraosseous gases were noted in the right iliac bone and sacroiliac joint (). Right pyelonephritis with abscess at the right lower kidney was observed as well ().
Empirical antibiotic therapy with intravenous meropenem (1 g q8h, iv) and teicoplanin (800 mg q24h for 3 days and then 400 mg q24h, iv) was initiated and urgent surgical drainage was performed. At the time of surgical decompression, the pus from sternum, left clavicle and pelvic bone had a foul odor. The pus revealed extended-spectrum ß-lactamase non-producing E. coli, and both blood and urine culture grew E. coli with same antimicrobial susceptibility. Antibiotics were changed to piperacillin/tazobactam (4.0/0.5 g q8h, iv).
A follow-up CT conducted 4 weeks after admission showed marked regression of intraosseous gas in the sternum, left clavicle and adjacent extensive soft tissue emphysema in the left side of neck, left axilla, and both anterior chest walls. However, slightly increased size of abscess pocket involving the right iliacus muscle and osteomyelitis involving the right iliac bone were still noted. Therefore, catheter drainage of right iliac area was maintained for 8 weeks, and pus drainage at the right iliacus muscle was performed again and antibiotic therapy was continued. Follow-up CT scan after 8 weeks revealed emphysematous osteomyelitis of the sternum, left clavicle and right iliac bone with adjacent cellulitis almost resolved ().
After 13 weeks of intravenous antibiotic therapy, the patient showed clinical improvement and was discharged.","- Her vital signs were as follows: blood pressure, 90/40 mmHg; pulse rate, 100/min; respiratory rate, 20/min; and body temperature, 36.5°C.
+ Her vital signs were as follows: blood pressure, 90/40 mmHg; pulse rate, 100/min; respiratory rate, 20/min; and body temperature, 35.7°C.","- Her vital signs were as follows: blood pressure, 90/40 mmHg; pulse rate, 100/min; respiratory rate, 20/min; and body temperature, 36.5°C.
+ Her vital signs were as follows: blood pressure, 90/40 mmHg; pulse rate, 100/min; respiratory rate, 20/min; and body temperature, 36.2°C.",,,,,
M005,1,C-S2-mcv-verdict-triplets-s4,mcv_test_00628_02_v_o_saturation_percentage,PERC Rule for Pulmonary Embolism,O₂ saturation on room air,value,numeric,stated,flip,8.431,2.265,8.019,"Under the PERC Rule for Pulmonary Embolism, the item 'O₂ saturation on room air' scores 0 points for this patient.","Under the PERC Rule for Pulmonary Embolism, the item 'O₂ saturation on room air' scores 1 point for this patient.","{""base"": 98.0, ""flip"": 93.0, ""near"": 96.0}","The PERC Rule critiera are listed below:

1. Age ≥50: No = 0 points, Yes = +1 point
2. Heart Rate (HR) ≥100: No = 0 points, Yes = +1 point
3. O₂ saturation on room air <95%: No = 0 points, Yes = +1 point
4. Unilateral leg swelling: No = 0 points, Yes = +1 point
5. Hemoptysis: No = 0 points, Yes = +1 point
6. Recent surgery or trauma (within 4 weeks, requiring treatment with general anesthesia): No = 0 points, Yes = +1 point
7. Prior pulmonary embolism (PE) or deep vein thrombosis (DVT): No = 0 points, Yes = +1 point
8. Hormone use (oral contraceptives, hormone replacement, or estrogenic hormone use in males or females): No = 0 points, Yes = +1 point

The total number of criteria met is taken by summing the points for each criterion.","A 41-year-old female with a past medical history of hypertension, type 2 diabetes mellitus, and previous non-ST-elevation myocardial infarction with normal coronary arteries (MINOCA) three years prior presented with symptoms of sharp chest pain, dry cough, and shortness of breath, which had started two days prior to the presentation. Her vital signs were remarkable for a blood pressure of 122/91 mmHg, heart rate of 180 beats per minute with an irregular rate, a temperature of 36.4 °C, respiratory rate of 24 breaths per minute, and an oxygen saturation of 98% on 5 L nasal cannula. On examination, the patient appeared to be in mild distress. No jugular venous distention was appreciated. Her chest auscultation revealed bilateral crackles.
A nasopharyngeal swab polymerase chain reaction (PCR) was positive for COVID-19 and blood cultures showed no growth. Chest X-ray revealed patchy bilateral peripheral lung infiltrates (Figure ), and CT angiography of the chest showed no pulmonary embolism but revealed bilateral patchy ground-glass lung infiltrates consistent with COVID-19 pneumonia (Figure ). EKG showed a new atrial flutter with a rapid ventricular response (Figure ). Transthoracic echocardiogram revealed a new low left ventricular (LV) ejection fraction of 35-40%, with LV hypertrophy, as well as a granular appearance of LV myocardium suspicious for infiltrative cardiomyopathy (Figure ). Echocardiogram obtained one year prior had shown LV ejection fraction of 50-55% with LV hypertrophy.
The patient was started on intravenous (IV) diltiazem drip, but her heart rate was difficult to control; hence she was started on IV amiodarone and eventually converted to sinus rhythm. She was started on IV heparin for anticoagulation. Her respiratory status deteriorated, and she was subsequently intubated and mechanically ventilated. The COVID-19 pneumonia was treated with a combination of steroids, antibiotics, remdesivir, and convalescence plasma. She improved clinically and was discharged home on oral amiodarone, metoprolol succinate, and warfarin.
CMR obtained about two months from the date of admission showed extensive myocarditis with a typical pattern of sub-epicardial and mid-wall delayed enhancement (Figure ). There was no edema to indicate the acuteness of the disease. LV systolic function was normal with an ejection fraction of 60-65%. These findings confirmed that the patient had suffered from an acute illness at the time of her initial presentation, causing acute symptoms, a drop in LV ejection fraction, and the development of new arrhythmia, which had all resolved by the time of CMR acquisition.","- Her vital signs were remarkable for a blood pressure of 122/91 mmHg, heart rate of 180 beats per minute with an irregular rate, a temperature of 36.4 °C, respiratory rate of 24 breaths per minute, and an oxygen saturation of 98% on 5 L nasal cannula.
+ Her vital signs were remarkable for a blood pressure of 122/91 mmHg, heart rate of 180 beats per minute with an irregular rate, a temperature of 36.4 °C, respiratory rate of 24 breaths per minute, and an oxygen saturation of 93% on 5 L nasal cannula.","- Her vital signs were remarkable for a blood pressure of 122/91 mmHg, heart rate of 180 beats per minute with an irregular rate, a temperature of 36.4 °C, respiratory rate of 24 breaths per minute, and an oxygen saturation of 98% on 5 L nasal cannula.
+ Her vital signs were remarkable for a blood pressure of 122/91 mmHg, heart rate of 180 beats per minute with an irregular rate, a temperature of 36.4 °C, respiratory rate of 24 breaths per minute, and an oxygen saturation of 96% on 5 L nasal cannula.",,,,,
M009,1,C-S2-mcv-verdict-triplets-s3,mcv_test_00411_03_v_heart_rate_or_pulse,Glasgow-Blatchford Bleeding Score (GBS),Pulse,value,numeric,stated,"base, near",-6.452,-10.743,-5.665,"Under the Glasgow-Blatchford Bleeding Score (GBS), the item 'Pulse' scores 0 points for this patient.","Under the Glasgow-Blatchford Bleeding Score (GBS), the item 'Pulse' scores 1 point for this patient.","{""base"": 90, ""flip"": 104, ""near"": 95}","The criteria for the Glasgow-Blatchford Score are listed below:

1. BUN (mg/dL): <18.2 = 0 points, 18.2-22.3 = +2 points, 22.4-28 = +3 points, 28-70 = +4 points, >70 = +6 points
2. Hemoglobin (g/dL) for men: >=13 = 0 points, <=12-13 = +1 point, <=10-12 = +3 points, <10 = +6 points
3. Hemoglobin (g/dL) for women: >=12 = 0 points, <=10-12 = +1 point, <10 = +6 points
4. Systolic blood pressure (mm Hg): ≥110 = 0 points, 100-109 = +1 point, 90-99 = +2 points, <90 = +3 points
5. Pulse ≥100 (per minute): No = 0 points, Yes = +1 point
6. Melena present: No = 0 points, Yes = +1 point
7. Recent syncope: No = 0 points, Yes = +2 points
8. Hepatic disease history: No = 0 points, Yes = +2 points
9. Cardiac failure present: No = 0 points, Yes = +2 points

The total Glasgow-Blatchford Score is calculated by summing the points for each criterion.","A 78-year-old man presented to our emergency department (ED) with a complaint of melena for 2 days. He had a medical history of cerebral infarction, which had been treated with 100 mg/day aspirin, hypertension, and duodenal ulcer. He stopped taking aspirin on the day before arrival at our ED. His blood pressure was 77/53 mmHg, with a heart rate of 90 b.p.m. and a respiratory rate of 18 breaths/min. The Glasgow Coma Scale score was E4V4M6, and his body temperature was 36.7°C on arrival. Physical examination showed significant facial and conjunctival pallor. Laboratory findings revealed anemia (Hb, 6.4 g/dL) and high blood urea nitrogen to creatinine ratio (62 mg/dL and 1.25 mg/dL, respectively). Given his symptoms of anemia and melena, upper gastrointestinal bleeding was suspected as the cause of hemorrhagic shock.
Transfusion with 2 units of red blood cells was initiated in the ED. An esophagogastroduodenoscopy (EGD) revealed a gastric ulcer with a visible vessel. The heat probe coagulation method was undertaken immediately to treat the visible vessel in the base of the gastric ulcer (Fig. ).
On day 6 and day 8 following his admission, the patient suffered massive hematemesis. He underwent a repeat EGD accordingly, the result of which was unremarkable. On day 11 after admission, he had recurrent massive hematemesis along with passing of black stools. He had no nasopharyngeal symptoms. His circulatory status was again compromised with blood pressure of 74/56 mmHg and heart rate of 124 b.p.m. Hb decreased from 8.9 to 7.6 g/dL, but no coagulopathy developed. He was intubated, and 6 units of red blood cells and 8 units of fresh frozen plasma were given. Esophagogastroduodenoscopy did not reveal any obvious source of bleeding in the upper gastrointestinal tract. However, fresh blood was incidentally noticed to be dripping from the pharynx into the esophagus and stomach. Posterior nasal bleeding was strongly suspected, and we carried out posterior nasal packing on both sides with Foley catheters. Transnasal endoscopy revealed nasal polyps with bleeding in the right superior nasal meatus. Endoscopic sinus surgery for cauterizing the bleeding sites was carried out (Fig. ). He developed a hemorrhage again and underwent endoscopic sinus surgery for radical treatment to the nasal polyps on day 16. The pathological diagnosis was “nasal polyp,” characterized by an infiltration of inflammatory cells including neutrophilic leukocytes, lymphocytes, and plasma cells, and epithelial metaplasia. It is important to note that, throughout his hospitalization, he did not have coagulopathy or thrombocytopenia.
The patient had an uneventful postoperative course during the rest of his hospital stay and was discharged on day 26.","- His blood pressure was 77/53 mmHg, with a heart rate of 90 b.p.m.
+ His blood pressure was 77/53 mmHg, with a heart rate of 104 b.p.m.","- His blood pressure was 77/53 mmHg, with a heart rate of 90 b.p.m.
+ His blood pressure was 77/53 mmHg, with a heart rate of 95 b.p.m.",,,,,
M013,1,C-S2-mcv-verdict-triplets-s2,mcv_test_00411_03_v_heart_rate_or_pulse,Glasgow-Blatchford Bleeding Score (GBS),Pulse,value,numeric,stated,"base, near",-4.624,-8.351,-3.625,"Under the Glasgow-Blatchford Bleeding Score (GBS), the item 'Pulse' scores 0 points for this patient.","Under the Glasgow-Blatchford Bleeding Score (GBS), the item 'Pulse' scores 1 point for this patient.","{""base"": 90, ""flip"": 104, ""near"": 95}","The criteria for the Glasgow-Blatchford Score are listed below:

1. BUN (mg/dL): <18.2 = 0 points, 18.2-22.3 = +2 points, 22.4-28 = +3 points, 28-70 = +4 points, >70 = +6 points
2. Hemoglobin (g/dL) for men: >=13 = 0 points, <=12-13 = +1 point, <=10-12 = +3 points, <10 = +6 points
3. Hemoglobin (g/dL) for women: >=12 = 0 points, <=10-12 = +1 point, <10 = +6 points
4. Systolic blood pressure (mm Hg): ≥110 = 0 points, 100-109 = +1 point, 90-99 = +2 points, <90 = +3 points
5. Pulse ≥100 (per minute): No = 0 points, Yes = +1 point
6. Melena present: No = 0 points, Yes = +1 point
7. Recent syncope: No = 0 points, Yes = +2 points
8. Hepatic disease history: No = 0 points, Yes = +2 points
9. Cardiac failure present: No = 0 points, Yes = +2 points

The total Glasgow-Blatchford Score is calculated by summing the points for each criterion.","A 78-year-old man presented to our emergency department (ED) with a complaint of melena for 2 days. He had a medical history of cerebral infarction, which had been treated with 100 mg/day aspirin, hypertension, and duodenal ulcer. He stopped taking aspirin on the day before arrival at our ED. His blood pressure was 77/53 mmHg, with a heart rate of 90 b.p.m. and a respiratory rate of 18 breaths/min. The Glasgow Coma Scale score was E4V4M6, and his body temperature was 36.7°C on arrival. Physical examination showed significant facial and conjunctival pallor. Laboratory findings revealed anemia (Hb, 6.4 g/dL) and high blood urea nitrogen to creatinine ratio (62 mg/dL and 1.25 mg/dL, respectively). Given his symptoms of anemia and melena, upper gastrointestinal bleeding was suspected as the cause of hemorrhagic shock.
Transfusion with 2 units of red blood cells was initiated in the ED. An esophagogastroduodenoscopy (EGD) revealed a gastric ulcer with a visible vessel. The heat probe coagulation method was undertaken immediately to treat the visible vessel in the base of the gastric ulcer (Fig. ).
On day 6 and day 8 following his admission, the patient suffered massive hematemesis. He underwent a repeat EGD accordingly, the result of which was unremarkable. On day 11 after admission, he had recurrent massive hematemesis along with passing of black stools. He had no nasopharyngeal symptoms. His circulatory status was again compromised with blood pressure of 74/56 mmHg and heart rate of 124 b.p.m. Hb decreased from 8.9 to 7.6 g/dL, but no coagulopathy developed. He was intubated, and 6 units of red blood cells and 8 units of fresh frozen plasma were given. Esophagogastroduodenoscopy did not reveal any obvious source of bleeding in the upper gastrointestinal tract. However, fresh blood was incidentally noticed to be dripping from the pharynx into the esophagus and stomach. Posterior nasal bleeding was strongly suspected, and we carried out posterior nasal packing on both sides with Foley catheters. Transnasal endoscopy revealed nasal polyps with bleeding in the right superior nasal meatus. Endoscopic sinus surgery for cauterizing the bleeding sites was carried out (Fig. ). He developed a hemorrhage again and underwent endoscopic sinus surgery for radical treatment to the nasal polyps on day 16. The pathological diagnosis was “nasal polyp,” characterized by an infiltration of inflammatory cells including neutrophilic leukocytes, lymphocytes, and plasma cells, and epithelial metaplasia. It is important to note that, throughout his hospitalization, he did not have coagulopathy or thrombocytopenia.
The patient had an uneventful postoperative course during the rest of his hospital stay and was discharged on day 26.","- His blood pressure was 77/53 mmHg, with a heart rate of 90 b.p.m.
+ His blood pressure was 77/53 mmHg, with a heart rate of 104 b.p.m.","- His blood pressure was 77/53 mmHg, with a heart rate of 90 b.p.m.
+ His blood pressure was 77/53 mmHg, with a heart rate of 95 b.p.m.",,,,,
M017,1,C-S2-mcv-verdict-triplets-s1,mcv_test_00409_03_v_heart_rate_or_pulse,Glasgow-Blatchford Bleeding Score (GBS),Pulse,value,numeric,stated,"base, near",-22.541,-19.996,-16.882,"Under the Glasgow-Blatchford Bleeding Score (GBS), the item 'Pulse' scores 0 points for this patient.","Under the Glasgow-Blatchford Bleeding Score (GBS), the item 'Pulse' scores 1 point for this patient.","{""base"": 92, ""flip"": 103, ""near"": 96}","The criteria for the Glasgow-Blatchford Score are listed below:

1. BUN (mg/dL): <18.2 = 0 points, 18.2-22.3 = +2 points, 22.4-28 = +3 points, 28-70 = +4 points, >70 = +6 points
2. Hemoglobin (g/dL) for men: >=13 = 0 points, <=12-13 = +1 point, <=10-12 = +3 points, <10 = +6 points
3. Hemoglobin (g/dL) for women: >=12 = 0 points, <=10-12 = +1 point, <10 = +6 points
4. Systolic blood pressure (mm Hg): ≥110 = 0 points, 100-109 = +1 point, 90-99 = +2 points, <90 = +3 points
5. Pulse ≥100 (per minute): No = 0 points, Yes = +1 point
6. Melena present: No = 0 points, Yes = +1 point
7. Recent syncope: No = 0 points, Yes = +2 points
8. Hepatic disease history: No = 0 points, Yes = +2 points
9. Cardiac failure present: No = 0 points, Yes = +2 points

The total Glasgow-Blatchford Score is calculated by summing the points for each criterion.","A 58-year-old woman comes to the emergency department because of a 2-day history of worsening upper abdominal pain. She reports nausea and vomiting, and is unable to tolerate oral intake. She appears uncomfortable. Her temperature is 38.1°C (100.6°F), pulse is 92/min, respirations are 18/min, and blood pressure is 132/85 mm Hg. Examination shows yellowish discoloration of her sclera. Her abdomen is tender in the right upper quadrant. There is no abdominal distention or organomegaly. Laboratory studies show:
Hemoglobin 13 g/dL
Leukocyte count 16,000/mm3
Serum
Urea nitrogen
25 mg/dL
Creatinine 2 mg/dL
Alkaline phosphatase 432 U/L
Alanine aminotransferase 196 U/L
Aspartate transaminase 207 U/L
Bilirubin
Total 3.8 mg/dL
Direct 2.7 mg/dL
Lipase 82 U/L (N = 14–280)
Ultrasound of the right upper quadrant shows dilated intrahepatic and extrahepatic bile ducts and multiple hyperechoic spheres within the gallbladder. The pancreas is not well visualized. Intravenous fluid resuscitation and antibiotic therapy with ceftriaxone and metronidazole is begun. Twelve hours later, the patient appears acutely ill and is not oriented to time. Her temperature is 39.1°C (102.4°F), pulse is 105/min, respirations are 22/min, and blood pressure is 112/82 mm Hg.","- Her temperature is 38.1°C (100.6°F), pulse is 92/min, respirations are 18/min, and blood pressure is 132/85 mm Hg.
+ Her temperature is 38.1°C (100.6°F), pulse is 103/min, respirations are 18/min, and blood pressure is 132/85 mm Hg.","- Her temperature is 38.1°C (100.6°F), pulse is 92/min, respirations are 18/min, and blood pressure is 132/85 mm Hg.
+ Her temperature is 38.1°C (100.6°F), pulse is 96/min, respirations are 18/min, and blood pressure is 132/85 mm Hg.",,,,,
M021,1,C-S2-mcv-verdict-triplets-s0,mcv_test_00420_00_v_blood_urea_nitrogen_bun,Glasgow-Blatchford Bleeding Score (GBS),BUN,value,numeric,stated,flip,3.099,3.383,3.185,"Under the Glasgow-Blatchford Bleeding Score (GBS), the item 'BUN' scores 4 points for this patient.","Under the Glasgow-Blatchford Bleeding Score (GBS), the item 'BUN' scores 3 points for this patient.","{""base"": 34, ""flip"": 26, ""near"": 31}","The criteria for the Glasgow-Blatchford Score are listed below:

1. BUN (mg/dL): <18.2 = 0 points, 18.2-22.3 = +2 points, 22.4-28 = +3 points, 28-70 = +4 points, >70 = +6 points
2. Hemoglobin (g/dL) for men: >=13 = 0 points, <=12-13 = +1 point, <=10-12 = +3 points, <10 = +6 points
3. Hemoglobin (g/dL) for women: >=12 = 0 points, <=10-12 = +1 point, <10 = +6 points
4. Systolic blood pressure (mm Hg): ≥110 = 0 points, 100-109 = +1 point, 90-99 = +2 points, <90 = +3 points
5. Pulse ≥100 (per minute): No = 0 points, Yes = +1 point
6. Melena present: No = 0 points, Yes = +1 point
7. Recent syncope: No = 0 points, Yes = +2 points
8. Hepatic disease history: No = 0 points, Yes = +2 points
9. Cardiac failure present: No = 0 points, Yes = +2 points

The total Glasgow-Blatchford Score is calculated by summing the points for each criterion.","A 91-year-old male with hypertension, coronary artery disease, and a longstanding history of CD, noncompliant with a gluten-free diet, presented to the ED for evaluation of intermittent upper abdominal pain and unintentional weight loss of 10 pounds over a period of two months. His vital signs were initially normal, however, after an episode of hematemesis followed by hematochezia, he became hypotensive to 80/60 mmHg and tachycardic to 100 beats/min. Physical examination was notable for pale conjunctiva and tenderness to palpation in the upper abdomen. Laboratory evaluation revealed a white blood cell count of 13.2 x 103/uL (reference (R): 4.5-11.0 x 103/uL), hemoglobin of 5.9 g/dL (R: 12-17 g/dL), blood urea nitrogen of 34 mg/dL (R: 5-25 mg/dL), and creatinine of 0.8 mg/dL (R: 0.6-1.8 mg/dL). CT of the abdomen and pelvis demonstrated a 6.8 cm dilated proximal jejunum (Figure ).
The patient was resuscitated with four units of packed red blood cells and two liters of normal saline. Intravenous pantoprazole was administered. Surgery was consulted and a nasogastric tube was placed for gastric decompression. Small bowel enteroscopy discovered two nonbleeding superficial clean-based ulcers in the duodenum and an ulcerated jejunal mass, which appeared to be the source of bleeding. Biopsies from the mass showed an invasive, poorly differentiated adenocarcinoma. Subsequently, exploratory laparotomy revealed additional masses in the ileum and transverse colon suspicious for malignancy; thus, partial small bowel and partial colonic resection with end colostomy and Hartmann’s pouch were performed. The mass in the jejunum measured 1.7 cm x 1 cm x 0.2 cm. Pathologic evaluation revealed invasive, poorly differentiated carcinoma with gland formation only in the lesion resected from jejunum (Figure ). Cytokeratin was immunoreactive (Figure ). CK7, CK20, TTF-1, LCA, CD56, synaptophysin, and chromogranin stains were negative. Regional resected lymph nodes and other resected lesions were devoid from cancer. The American Joint Committee of Cancer (AJCC) stage was pT2N0. The patient’s post-operative course was uncomplicated, and he was discharged with outpatient oncology follow up. On follow up visit four weeks after surgery, the patient was recovering well and without any complaints. He was offered chemotherapy, but declined any treatment.","- Laboratory evaluation revealed a white blood cell count of 13.2 x 103/uL (reference (R): 4.5-11.0 x 103/uL), hemoglobin of 5.9 g/dL (R: 12-17 g/dL), blood urea nitrogen of 34 mg/dL (R: 5-25 mg/dL), and creatinine of 0.8 mg/dL (R: 0.6-1.8 mg/dL).
+ Laboratory evaluation revealed a white blood cell count of 13.2 x 103/uL (reference (R): 4.5-11.0 x 103/uL), hemoglobin of 5.9 g/dL (R: 12-17 g/dL), blood urea nitrogen of 26 mg/dL (R: 5-25 mg/dL), and creatinine of 0.8 mg/dL (R: 0.6-1.8 mg/dL).","- Laboratory evaluation revealed a white blood cell count of 13.2 x 103/uL (reference (R): 4.5-11.0 x 103/uL), hemoglobin of 5.9 g/dL (R: 12-17 g/dL), blood urea nitrogen of 34 mg/dL (R: 5-25 mg/dL), and creatinine of 0.8 mg/dL (R: 0.6-1.8 mg/dL).
+ Laboratory evaluation revealed a white blood cell count of 13.2 x 103/uL (reference (R): 4.5-11.0 x 103/uL), hemoglobin of 5.9 g/dL (R: 12-17 g/dL), blood urea nitrogen of 31 mg/dL (R: 5-25 mg/dL), and creatinine of 0.8 mg/dL (R: 0.6-1.8 mg/dL).",,,,,
M025,1,C-S2-mcv-verdict-triplets-s4,mcv_test_00404_01_v_hemoglobin,Glasgow-Blatchford Bleeding Score (GBS),Hemoglobin,value,numeric,stated,"base, near",-0.043,-10.896,-0.914,"Under the Glasgow-Blatchford Bleeding Score (GBS), the item 'Hemoglobin' scores 1 point for this patient.","Under the Glasgow-Blatchford Bleeding Score (GBS), the item 'Hemoglobin' scores 6 points for this patient.","{""base"": 10.4, ""flip"": 9.7, ""near"": 10.2}","The criteria for the Glasgow-Blatchford Score are listed below:

1. BUN (mg/dL): <18.2 = 0 points, 18.2-22.3 = +2 points, 22.4-28 = +3 points, 28-70 = +4 points, >70 = +6 points
2. Hemoglobin (g/dL) for men: >=13 = 0 points, <=12-13 = +1 point, <=10-12 = +3 points, <10 = +6 points
3. Hemoglobin (g/dL) for women: >=12 = 0 points, <=10-12 = +1 point, <10 = +6 points
4. Systolic blood pressure (mm Hg): ≥110 = 0 points, 100-109 = +1 point, 90-99 = +2 points, <90 = +3 points
5. Pulse ≥100 (per minute): No = 0 points, Yes = +1 point
6. Melena present: No = 0 points, Yes = +1 point
7. Recent syncope: No = 0 points, Yes = +2 points
8. Hepatic disease history: No = 0 points, Yes = +2 points
9. Cardiac failure present: No = 0 points, Yes = +2 points

The total Glasgow-Blatchford Score is calculated by summing the points for each criterion.","A 22-year-old white woman comes to the physician because of a 6-month history of lower abdominal pain. She has also had multiple episodes of loose stools with blood during this period. She has had painful bowel movements for 1 month. Over the past year, she has had a 10-kg (22-lb) weight loss. She was treated for streptococcal pharyngitis last week. Her maternal grandfather died of colon cancer at the age of 52 years. She does not smoke. She drinks three to five beers on social occasions. She is 162 cm (5 ft 4 in) tall and weighs 52 kg (115-lb); BMI is 19.7 kg/m2. Her temperature is 37°C (98.6°F), pulse is 60/min, respirations are 13/min, and blood pressure is 110/70 mm Hg. Cardiopulmonary examination shows no abnormalities. The abdomen is soft and there is tenderness to palpation of the left lower quadrant. There is no guarding or rigidity. Rectal examination shows no masses. Laboratory studies show:
Hemoglobin 10.4 g/dL
Leukocyte count 10,800/mm3
Platelet count 450,000/mm3
Serum
Na+ 138 mEq/L
Cl- 103 mEq/L
K+ 4.9 mEq/L
HCO3- 22 mEq/L
Urea nitrogen 18 mg/dL
Creatinine 0.6 mg/dL
Antinuclear antibodies negative
Perinuclear antineutrophil cytoplasmic antibodies positive
Anti-Saccharomyces cerevisiae antibodies negative
A colonoscopy is scheduled for the next day.","- Hemoglobin 10.4 g/dL
+ Hemoglobin 9.7 g/dL","- Hemoglobin 10.4 g/dL
+ Hemoglobin 10.2 g/dL",,,,,
M029,1,C-S2-mcv-verdict-triplets-s3,mcv_test_00409_03_v_heart_rate_or_pulse,Glasgow-Blatchford Bleeding Score (GBS),Pulse,value,numeric,stated,"base, near",-10.515,-13.093,-9.588,"Under the Glasgow-Blatchford Bleeding Score (GBS), the item 'Pulse' scores 0 points for this patient.","Under the Glasgow-Blatchford Bleeding Score (GBS), the item 'Pulse' scores 1 point for this patient.","{""base"": 92, ""flip"": 103, ""near"": 96}","The criteria for the Glasgow-Blatchford Score are listed below:

1. BUN (mg/dL): <18.2 = 0 points, 18.2-22.3 = +2 points, 22.4-28 = +3 points, 28-70 = +4 points, >70 = +6 points
2. Hemoglobin (g/dL) for men: >=13 = 0 points, <=12-13 = +1 point, <=10-12 = +3 points, <10 = +6 points
3. Hemoglobin (g/dL) for women: >=12 = 0 points, <=10-12 = +1 point, <10 = +6 points
4. Systolic blood pressure (mm Hg): ≥110 = 0 points, 100-109 = +1 point, 90-99 = +2 points, <90 = +3 points
5. Pulse ≥100 (per minute): No = 0 points, Yes = +1 point
6. Melena present: No = 0 points, Yes = +1 point
7. Recent syncope: No = 0 points, Yes = +2 points
8. Hepatic disease history: No = 0 points, Yes = +2 points
9. Cardiac failure present: No = 0 points, Yes = +2 points

The total Glasgow-Blatchford Score is calculated by summing the points for each criterion.","A 58-year-old woman comes to the emergency department because of a 2-day history of worsening upper abdominal pain. She reports nausea and vomiting, and is unable to tolerate oral intake. She appears uncomfortable. Her temperature is 38.1°C (100.6°F), pulse is 92/min, respirations are 18/min, and blood pressure is 132/85 mm Hg. Examination shows yellowish discoloration of her sclera. Her abdomen is tender in the right upper quadrant. There is no abdominal distention or organomegaly. Laboratory studies show:
Hemoglobin 13 g/dL
Leukocyte count 16,000/mm3
Serum
Urea nitrogen
25 mg/dL
Creatinine 2 mg/dL
Alkaline phosphatase 432 U/L
Alanine aminotransferase 196 U/L
Aspartate transaminase 207 U/L
Bilirubin
Total 3.8 mg/dL
Direct 2.7 mg/dL
Lipase 82 U/L (N = 14–280)
Ultrasound of the right upper quadrant shows dilated intrahepatic and extrahepatic bile ducts and multiple hyperechoic spheres within the gallbladder. The pancreas is not well visualized. Intravenous fluid resuscitation and antibiotic therapy with ceftriaxone and metronidazole is begun. Twelve hours later, the patient appears acutely ill and is not oriented to time. Her temperature is 39.1°C (102.4°F), pulse is 105/min, respirations are 22/min, and blood pressure is 112/82 mm Hg.","- Her temperature is 38.1°C (100.6°F), pulse is 92/min, respirations are 18/min, and blood pressure is 132/85 mm Hg.
+ Her temperature is 38.1°C (100.6°F), pulse is 103/min, respirations are 18/min, and blood pressure is 132/85 mm Hg.","- Her temperature is 38.1°C (100.6°F), pulse is 92/min, respirations are 18/min, and blood pressure is 132/85 mm Hg.
+ Her temperature is 38.1°C (100.6°F), pulse is 96/min, respirations are 18/min, and blood pressure is 132/85 mm Hg.",,,,,
M033,1,C-S2-mcv-verdict-triplets-s2,mcv_test_00409_02_v_systolic_blood_pressure,Glasgow-Blatchford Bleeding Score (GBS),Systolic blood pressure,value,numeric,stated,flip,10.77,7.605,10.926,"Under the Glasgow-Blatchford Bleeding Score (GBS), the item 'Systolic blood pressure' scores 0 points for this patient.","Under the Glasgow-Blatchford Bleeding Score (GBS), the item 'Systolic blood pressure' scores 1 point for this patient.","{""base"": 132, ""flip"": 104, ""near"": 121}","The criteria for the Glasgow-Blatchford Score are listed below:

1. BUN (mg/dL): <18.2 = 0 points, 18.2-22.3 = +2 points, 22.4-28 = +3 points, 28-70 = +4 points, >70 = +6 points
2. Hemoglobin (g/dL) for men: >=13 = 0 points, <=12-13 = +1 point, <=10-12 = +3 points, <10 = +6 points
3. Hemoglobin (g/dL) for women: >=12 = 0 points, <=10-12 = +1 point, <10 = +6 points
4. Systolic blood pressure (mm Hg): ≥110 = 0 points, 100-109 = +1 point, 90-99 = +2 points, <90 = +3 points
5. Pulse ≥100 (per minute): No = 0 points, Yes = +1 point
6. Melena present: No = 0 points, Yes = +1 point
7. Recent syncope: No = 0 points, Yes = +2 points
8. Hepatic disease history: No = 0 points, Yes = +2 points
9. Cardiac failure present: No = 0 points, Yes = +2 points

The total Glasgow-Blatchford Score is calculated by summing the points for each criterion.","A 58-year-old woman comes to the emergency department because of a 2-day history of worsening upper abdominal pain. She reports nausea and vomiting, and is unable to tolerate oral intake. She appears uncomfortable. Her temperature is 38.1°C (100.6°F), pulse is 92/min, respirations are 18/min, and blood pressure is 132/85 mm Hg. Examination shows yellowish discoloration of her sclera. Her abdomen is tender in the right upper quadrant. There is no abdominal distention or organomegaly. Laboratory studies show:
Hemoglobin 13 g/dL
Leukocyte count 16,000/mm3
Serum
Urea nitrogen
25 mg/dL
Creatinine 2 mg/dL
Alkaline phosphatase 432 U/L
Alanine aminotransferase 196 U/L
Aspartate transaminase 207 U/L
Bilirubin
Total 3.8 mg/dL
Direct 2.7 mg/dL
Lipase 82 U/L (N = 14–280)
Ultrasound of the right upper quadrant shows dilated intrahepatic and extrahepatic bile ducts and multiple hyperechoic spheres within the gallbladder. The pancreas is not well visualized. Intravenous fluid resuscitation and antibiotic therapy with ceftriaxone and metronidazole is begun. Twelve hours later, the patient appears acutely ill and is not oriented to time. Her temperature is 39.1°C (102.4°F), pulse is 105/min, respirations are 22/min, and blood pressure is 112/82 mm Hg.","- Her temperature is 38.1°C (100.6°F), pulse is 92/min, respirations are 18/min, and blood pressure is 132/85 mm Hg.
+ Her temperature is 38.1°C (100.6°F), pulse is 92/min, respirations are 18/min, and blood pressure is 104/85 mm Hg.","- Her temperature is 38.1°C (100.6°F), pulse is 92/min, respirations are 18/min, and blood pressure is 132/85 mm Hg.
+ Her temperature is 38.1°C (100.6°F), pulse is 92/min, respirations are 18/min, and blood pressure is 121/85 mm Hg.",,,,,
M037,1,C-S2-mcv-verdict-triplets-s1,mcv_test_00409_02_v_systolic_blood_pressure,Glasgow-Blatchford Bleeding Score (GBS),Systolic blood pressure,value,numeric,stated,flip,14.493,12.228,15.505,"Under the Glasgow-Blatchford Bleeding Score (GBS), the item 'Systolic blood pressure' scores 0 points for this patient.","Under the Glasgow-Blatchford Bleeding Score (GBS), the item 'Systolic blood pressure' scores 1 point for this patient.","{""base"": 132, ""flip"": 104, ""near"": 121}","The criteria for the Glasgow-Blatchford Score are listed below:

1. BUN (mg/dL): <18.2 = 0 points, 18.2-22.3 = +2 points, 22.4-28 = +3 points, 28-70 = +4 points, >70 = +6 points
2. Hemoglobin (g/dL) for men: >=13 = 0 points, <=12-13 = +1 point, <=10-12 = +3 points, <10 = +6 points
3. Hemoglobin (g/dL) for women: >=12 = 0 points, <=10-12 = +1 point, <10 = +6 points
4. Systolic blood pressure (mm Hg): ≥110 = 0 points, 100-109 = +1 point, 90-99 = +2 points, <90 = +3 points
5. Pulse ≥100 (per minute): No = 0 points, Yes = +1 point
6. Melena present: No = 0 points, Yes = +1 point
7. Recent syncope: No = 0 points, Yes = +2 points
8. Hepatic disease history: No = 0 points, Yes = +2 points
9. Cardiac failure present: No = 0 points, Yes = +2 points

The total Glasgow-Blatchford Score is calculated by summing the points for each criterion.","A 58-year-old woman comes to the emergency department because of a 2-day history of worsening upper abdominal pain. She reports nausea and vomiting, and is unable to tolerate oral intake. She appears uncomfortable. Her temperature is 38.1°C (100.6°F), pulse is 92/min, respirations are 18/min, and blood pressure is 132/85 mm Hg. Examination shows yellowish discoloration of her sclera. Her abdomen is tender in the right upper quadrant. There is no abdominal distention or organomegaly. Laboratory studies show:
Hemoglobin 13 g/dL
Leukocyte count 16,000/mm3
Serum
Urea nitrogen
25 mg/dL
Creatinine 2 mg/dL
Alkaline phosphatase 432 U/L
Alanine aminotransferase 196 U/L
Aspartate transaminase 207 U/L
Bilirubin
Total 3.8 mg/dL
Direct 2.7 mg/dL
Lipase 82 U/L (N = 14–280)
Ultrasound of the right upper quadrant shows dilated intrahepatic and extrahepatic bile ducts and multiple hyperechoic spheres within the gallbladder. The pancreas is not well visualized. Intravenous fluid resuscitation and antibiotic therapy with ceftriaxone and metronidazole is begun. Twelve hours later, the patient appears acutely ill and is not oriented to time. Her temperature is 39.1°C (102.4°F), pulse is 105/min, respirations are 22/min, and blood pressure is 112/82 mm Hg.","- Her temperature is 38.1°C (100.6°F), pulse is 92/min, respirations are 18/min, and blood pressure is 132/85 mm Hg.
+ Her temperature is 38.1°C (100.6°F), pulse is 92/min, respirations are 18/min, and blood pressure is 104/85 mm Hg.","- Her temperature is 38.1°C (100.6°F), pulse is 92/min, respirations are 18/min, and blood pressure is 132/85 mm Hg.
+ Her temperature is 38.1°C (100.6°F), pulse is 92/min, respirations are 18/min, and blood pressure is 121/85 mm Hg.",,,,,
M041,1,C-S2-mcv-verdict-triplets-s0,mcv_test_00553_03_v_diastolic_blood_pressure,CURB-65 Score for Pneumonia Severity,Systolic BP or Diastolic BP,value,numeric,stated,"base, near",-19.648,-19.039,-17.829,"Under the CURB-65 Score for Pneumonia Severity, the item 'Systolic BP or Diastolic BP' scores 1 point for this patient.","Under the CURB-65 Score for Pneumonia Severity, the item 'Systolic BP or Diastolic BP' scores 0 points for this patient.","{""base"": 57.0, ""flip"": 62.0, ""near"": 59.0}","The CURB-65 Score criteria are listed below:

1. Confusion: No = 0 points, Yes = +1 point
2. BUN >19 mg/dL (>7 mmol/L urea): No = 0 points, Yes = +1 point
3. Respiratory Rate ≥30: No = 0 points, Yes = +1 point
4. Systolic BP <90 mmHg or Diastolic BP ≤60 mmHg: No = 0 points, Yes = +1 point
5. Age ≥65: No = 0 points, Yes = +1 point

The total CURB-65 score is calculated by summing the points for each criterion.","A 78-year-old man presented to the emergency department with dyspnea and fever for 6 hours. He was not currently employed and had no history of cigarette smoking or alcohol ingestion. He had no underlying disease. Besides, he had no hospital admission, antimicrobial use history and healthcare institution visiting record in 1 year. On admission, he appeared acutely ill. His blood pressure was 104/57 mmHg, respiratory rate 20 breaths per minute, pulse rate 110 beats per minute, and body temperature 38.2°C. A regular heart rhythm was observed. There were coarse breath sounds with crackles in the right lung field.
The laboratory results were as follows: white blood cell count 3,900/mm3 (72.5% neutrophils, 20.4% lymphocytes, 4.7% monocytes, 2.82% eosinophils), hemoglobin 12.2 g/dL, platelet count 197,000/mm3, C-reactive protein 1.24 mg/dL, blood urea nitrogen 28.2 mg/dL, creatinine 1.24 mg/dL, aspartate aminotransferase 16 UI/L, alanine aminotransferase 10 IU/L, total bilirubin 0.9 mg/dL, total protein 6.0 g/dL, and albumin 3.5 g/dL. The arterial blood gas analysis breathing room air was pH 7.44, pCO2 24.1 mmHg, pO2 59.0 mmHg, HCO3– 17 mmol/L, and O2 saturation 87%. A plain chest radiograph showed patchy consolidations in the right middle and lower lobes (). Chest computed tomography (CT) showed lobar pneumonia in the right middle and lower lobes (). He was diagnosed with CAP. Intravenous piperacillin/tazobactam and ciprofloxacin were administered empirically.
Five hours after admission, his respiratory distress worsened, and he was treated with oxygen at 6 L/min via mask. On the second day after admission, intravenous teicoplanin was administered because of a persistent fever. On the third day, A. baumannii was identified in cultures of both sputum and in two of three pairs of blood samples taken on admission. A. baumannii was identified using Matrix-assisted laser desorption/ionization time-of-flight mass spectrometry (MALDI-TOF MS, Bruker Daltonics GmbH, Bremen, Germany) on a Microflex spectrometer (Bruker Daltonics GmbH, Germany). Antimicrobial susceptibilities were determined using VITEK-2 system (bioMerieux, Marcy I'Etoile, France). The bacterial isolate was resistant to multiple drugs, except colistin, tigecycline, minocycline, amikacin, and gentamicin (). Therefore, the antibiotics were changed to intravenous colistin and oral minocycline.
On the 6th day after admission, his vital signs stabilized and the fever subsided. Follow-up chest radiography and CT showed improved consolidation. No A. baumannii grew in the follow-up blood cultures. On the 26th day after admission, because of colistin-induced nephropathy, the antibiotics were switched to tigecycline. On the 48th day after admission, the chest radiograph and chest CT showed that the pneumonia had improved ( and ). The patient was discharged on day 56 and followed as an outpatient with no significant complications.","- His blood pressure was 104/57 mmHg, respiratory rate 20 breaths per minute, pulse rate 110 beats per minute, and body temperature 38.2°C.
+ His blood pressure was 104/62 mmHg, respiratory rate 20 breaths per minute, pulse rate 110 beats per minute, and body temperature 38.2°C.","- His blood pressure was 104/57 mmHg, respiratory rate 20 breaths per minute, pulse rate 110 beats per minute, and body temperature 38.2°C.
+ His blood pressure was 104/59 mmHg, respiratory rate 20 breaths per minute, pulse rate 110 beats per minute, and body temperature 38.2°C.",,,,,
M045,1,C-S2-mcv-verdict-triplets-s4,mcv_test_00409_03_v_heart_rate_or_pulse,Glasgow-Blatchford Bleeding Score (GBS),Pulse,value,numeric,stated,"base, near",-14.327,-18.825,-13.36,"Under the Glasgow-Blatchford Bleeding Score (GBS), the item 'Pulse' scores 0 points for this patient.","Under the Glasgow-Blatchford Bleeding Score (GBS), the item 'Pulse' scores 1 point for this patient.","{""base"": 92, ""flip"": 103, ""near"": 96}","The criteria for the Glasgow-Blatchford Score are listed below:

1. BUN (mg/dL): <18.2 = 0 points, 18.2-22.3 = +2 points, 22.4-28 = +3 points, 28-70 = +4 points, >70 = +6 points
2. Hemoglobin (g/dL) for men: >=13 = 0 points, <=12-13 = +1 point, <=10-12 = +3 points, <10 = +6 points
3. Hemoglobin (g/dL) for women: >=12 = 0 points, <=10-12 = +1 point, <10 = +6 points
4. Systolic blood pressure (mm Hg): ≥110 = 0 points, 100-109 = +1 point, 90-99 = +2 points, <90 = +3 points
5. Pulse ≥100 (per minute): No = 0 points, Yes = +1 point
6. Melena present: No = 0 points, Yes = +1 point
7. Recent syncope: No = 0 points, Yes = +2 points
8. Hepatic disease history: No = 0 points, Yes = +2 points
9. Cardiac failure present: No = 0 points, Yes = +2 points

The total Glasgow-Blatchford Score is calculated by summing the points for each criterion.","A 58-year-old woman comes to the emergency department because of a 2-day history of worsening upper abdominal pain. She reports nausea and vomiting, and is unable to tolerate oral intake. She appears uncomfortable. Her temperature is 38.1°C (100.6°F), pulse is 92/min, respirations are 18/min, and blood pressure is 132/85 mm Hg. Examination shows yellowish discoloration of her sclera. Her abdomen is tender in the right upper quadrant. There is no abdominal distention or organomegaly. Laboratory studies show:
Hemoglobin 13 g/dL
Leukocyte count 16,000/mm3
Serum
Urea nitrogen
25 mg/dL
Creatinine 2 mg/dL
Alkaline phosphatase 432 U/L
Alanine aminotransferase 196 U/L
Aspartate transaminase 207 U/L
Bilirubin
Total 3.8 mg/dL
Direct 2.7 mg/dL
Lipase 82 U/L (N = 14–280)
Ultrasound of the right upper quadrant shows dilated intrahepatic and extrahepatic bile ducts and multiple hyperechoic spheres within the gallbladder. The pancreas is not well visualized. Intravenous fluid resuscitation and antibiotic therapy with ceftriaxone and metronidazole is begun. Twelve hours later, the patient appears acutely ill and is not oriented to time. Her temperature is 39.1°C (102.4°F), pulse is 105/min, respirations are 22/min, and blood pressure is 112/82 mm Hg.","- Her temperature is 38.1°C (100.6°F), pulse is 92/min, respirations are 18/min, and blood pressure is 132/85 mm Hg.
+ Her temperature is 38.1°C (100.6°F), pulse is 103/min, respirations are 18/min, and blood pressure is 132/85 mm Hg.","- Her temperature is 38.1°C (100.6°F), pulse is 92/min, respirations are 18/min, and blood pressure is 132/85 mm Hg.
+ Her temperature is 38.1°C (100.6°F), pulse is 96/min, respirations are 18/min, and blood pressure is 132/85 mm Hg.",,,,,
M049,1,C-S2-mcv-verdict-triplets-s3,mcv_test_00411_00_v_blood_urea_nitrogen_bun,Glasgow-Blatchford Bleeding Score (GBS),BUN,value,numeric,stated,"base, near",-0.967,-2.008,-1.082,"Under the Glasgow-Blatchford Bleeding Score (GBS), the item 'BUN' scores 4 points for this patient.","Under the Glasgow-Blatchford Bleeding Score (GBS), the item 'BUN' scores 6 points for this patient.","{""base"": 62, ""flip"": 75, ""near"": 66}","The criteria for the Glasgow-Blatchford Score are listed below:

1. BUN (mg/dL): <18.2 = 0 points, 18.2-22.3 = +2 points, 22.4-28 = +3 points, 28-70 = +4 points, >70 = +6 points
2. Hemoglobin (g/dL) for men: >=13 = 0 points, <=12-13 = +1 point, <=10-12 = +3 points, <10 = +6 points
3. Hemoglobin (g/dL) for women: >=12 = 0 points, <=10-12 = +1 point, <10 = +6 points
4. Systolic blood pressure (mm Hg): ≥110 = 0 points, 100-109 = +1 point, 90-99 = +2 points, <90 = +3 points
5. Pulse ≥100 (per minute): No = 0 points, Yes = +1 point
6. Melena present: No = 0 points, Yes = +1 point
7. Recent syncope: No = 0 points, Yes = +2 points
8. Hepatic disease history: No = 0 points, Yes = +2 points
9. Cardiac failure present: No = 0 points, Yes = +2 points

The total Glasgow-Blatchford Score is calculated by summing the points for each criterion.","A 78-year-old man presented to our emergency department (ED) with a complaint of melena for 2 days. He had a medical history of cerebral infarction, which had been treated with 100 mg/day aspirin, hypertension, and duodenal ulcer. He stopped taking aspirin on the day before arrival at our ED. His blood pressure was 77/53 mmHg, with a heart rate of 90 b.p.m. and a respiratory rate of 18 breaths/min. The Glasgow Coma Scale score was E4V4M6, and his body temperature was 36.7°C on arrival. Physical examination showed significant facial and conjunctival pallor. Laboratory findings revealed anemia (Hb, 6.4 g/dL) and high blood urea nitrogen to creatinine ratio (62 mg/dL and 1.25 mg/dL, respectively). Given his symptoms of anemia and melena, upper gastrointestinal bleeding was suspected as the cause of hemorrhagic shock.
Transfusion with 2 units of red blood cells was initiated in the ED. An esophagogastroduodenoscopy (EGD) revealed a gastric ulcer with a visible vessel. The heat probe coagulation method was undertaken immediately to treat the visible vessel in the base of the gastric ulcer (Fig. ).
On day 6 and day 8 following his admission, the patient suffered massive hematemesis. He underwent a repeat EGD accordingly, the result of which was unremarkable. On day 11 after admission, he had recurrent massive hematemesis along with passing of black stools. He had no nasopharyngeal symptoms. His circulatory status was again compromised with blood pressure of 74/56 mmHg and heart rate of 124 b.p.m. Hb decreased from 8.9 to 7.6 g/dL, but no coagulopathy developed. He was intubated, and 6 units of red blood cells and 8 units of fresh frozen plasma were given. Esophagogastroduodenoscopy did not reveal any obvious source of bleeding in the upper gastrointestinal tract. However, fresh blood was incidentally noticed to be dripping from the pharynx into the esophagus and stomach. Posterior nasal bleeding was strongly suspected, and we carried out posterior nasal packing on both sides with Foley catheters. Transnasal endoscopy revealed nasal polyps with bleeding in the right superior nasal meatus. Endoscopic sinus surgery for cauterizing the bleeding sites was carried out (Fig. ). He developed a hemorrhage again and underwent endoscopic sinus surgery for radical treatment to the nasal polyps on day 16. The pathological diagnosis was “nasal polyp,” characterized by an infiltration of inflammatory cells including neutrophilic leukocytes, lymphocytes, and plasma cells, and epithelial metaplasia. It is important to note that, throughout his hospitalization, he did not have coagulopathy or thrombocytopenia.
The patient had an uneventful postoperative course during the rest of his hospital stay and was discharged on day 26.","- Laboratory findings revealed anemia (Hb, 6.4 g/dL) and high blood urea nitrogen to creatinine ratio (62 mg/dL and 1.25 mg/dL, respectively).
+ Laboratory findings revealed anemia (Hb, 6.4 g/dL) and high blood urea nitrogen to creatinine ratio (75 mg/dL and 1.25 mg/dL, respectively).","- Laboratory findings revealed anemia (Hb, 6.4 g/dL) and high blood urea nitrogen to creatinine ratio (62 mg/dL and 1.25 mg/dL, respectively).
+ Laboratory findings revealed anemia (Hb, 6.4 g/dL) and high blood urea nitrogen to creatinine ratio (66 mg/dL and 1.25 mg/dL, respectively).",,,,,
M053,1,C-S2-mcv-verdict-triplets-s2,mcv_test_00410_05_s_subject,Glasgow-Blatchford Bleeding Score (GBS),Recent syncope,sentence,subject,denied,base,-2.201,-20.17,11.124,"Under the Glasgow-Blatchford Bleeding Score (GBS), the item 'Recent syncope' scores 0 points for this patient.","Under the Glasgow-Blatchford Bleeding Score (GBS), the item 'Recent syncope' scores 2 points for this patient.",null,"The criteria for the Glasgow-Blatchford Score are listed below:

1. BUN (mg/dL): <18.2 = 0 points, 18.2-22.3 = +2 points, 22.4-28 = +3 points, 28-70 = +4 points, >70 = +6 points
2. Hemoglobin (g/dL) for men: >=13 = 0 points, <=12-13 = +1 point, <=10-12 = +3 points, <10 = +6 points
3. Hemoglobin (g/dL) for women: >=12 = 0 points, <=10-12 = +1 point, <10 = +6 points
4. Systolic blood pressure (mm Hg): ≥110 = 0 points, 100-109 = +1 point, 90-99 = +2 points, <90 = +3 points
5. Pulse ≥100 (per minute): No = 0 points, Yes = +1 point
6. Melena present: No = 0 points, Yes = +1 point
7. Recent syncope: No = 0 points, Yes = +2 points
8. Hepatic disease history: No = 0 points, Yes = +2 points
9. Cardiac failure present: No = 0 points, Yes = +2 points

The total Glasgow-Blatchford Score is calculated by summing the points for each criterion.","A 33-year-old male presented to our center with chief complaints of profuse per rectal bleed mixed with stool for three days that was associated with easy fatigability for one week prior to the initial presentation. He also had one episode of black tarry stool. However, he had no complaints of blood in vomit, purpuric rashes, or petechiae. He also had no hematuria, weight loss, night sweats, evening rise of temperature or loss of appetite, cough, chest pain, dyspnea, palpitation, limb edema, loose stools, jaundice, and abdominal distension. Bleeding was absent from other orifices. He had no history of diabetes mellitus, hypertension, cardiac diseases, and pulmonary tuberculosis in the past. He consumed 80 grams of alcohol per day for 15 years, but he did not smoke.
On examination, he was ill looking, conscious, and was well oriented to time place and person. He had pallor and was dehydrated. However, he had no icterus, clubbing, cyanosis, or edema. His pulse rate was 110 beats/minute, blood pressure was 80/60 mm of Hg, body temperature was 98°F (36.6°C), respiratory rate was 19 breaths/minute, and oxygen saturation was 95% in room air. The digital rectal examination showed fresh blood over the examining finger and otherwise normal findings. Abdominal and cardiac examination was normal.
Laboratory investigations showed hemoglobin 10.8 g/dl and hematocrit 31.6%. The total leukocyte count was 11510/mm3, neutrophils were 78%, and platelet count was 291000/mm3. The prothrombin time was 14 seconds, and the International normalized ratio was 1.08. The albumin level in the blood was 2.4 gm/dl, and total protein was 6.1 gm/dl, total and direct bilirubin were 0.7 and 0.1 mg/dl in the blood. Alanine aminotransferase and aspartate aminotransferase level was 97 U/L and 114 U/L, respectively. HbA1C level in the blood was 7.2. The level of blood urea nitrogen (33 mg/dl), creatinine (1.1 mg/dl), sodium (132 mEq/l), and potassium (3.6 mEq/l) were within normal range. Traces of sugar and albumin (++) were present in the urine examination. The fecal occult blood was found in the stool. Mycobacterium tuberculosis was not detected in sputum in the acid-fast bacilli (AFB) stain.
The chest X-ray was normal. Ultrasonography (USG) of the abdomen and pelvis and upper gastrointestinal endoscopy showed normal findings. A Computed Tomography (CT) scan of chest and abdomen showed asymmetric circumferential thickening in the ileocaecal region with lobulated thickened caecum, soft-tissue stranding and necrotic mesenteric lymphadenopathy, and indeterminate lobule in the lung (). Colonoscopy showed multiple transverse ulcers with overlying exudates in terminal ileum and ascending and transverse colon. Histopathological examination of the ileum and colon showed patchy ulcers with exudates, granulation tissue, fibrosis, deep lymphoplasmocytic inflammation, and crypt regenerative changes with fibrinoid changes in scattered capillaries and venules and was inconclusive. However, gene XPERT was positive for Mycobacterium tuberculosis.
He was diagnosed with ileocaecal tuberculosis. The hemoglobin level dropped to 6.1 g/dl after two days of admission, and he had an episode of weakness associated with profuse sweating and rigor. Fluid resuscitation followed by two pints of whole blood transfusion was performed. After that, his hemoglobin was increased to 10.2 mg/dl. He was managed with four antitubercular drugs and showed significant improvement. Following this, he was discharged on oral antitubercular medications (isoniazid, rifampicin, pyrazinamide, ethambutol, and pyridoxine) after 10 days of admission. On follow-up after two weeks, he was responding well to antitubercular medications with improved symptoms, i.e., no per rectal bleeding, and his liver function test was within the normal range.","+ On review, the patient has recent syncope.",+ The patient's sister has recent syncope.,,,,,
M057,1,C-S2-mcv-verdict-triplets-s1,mcv_test_00479_02_s_subject,Charlson Comorbidity Index (CCI),Congestive heart failure,sentence,subject,denied,"base, near",-4.155,-26.143,-3.339,"Under the Charlson Comorbidity Index (CCI), the item 'Congestive heart failure' scores 0 points for this patient.","Under the Charlson Comorbidity Index (CCI), the item 'Congestive heart failure' scores 1 point for this patient.",null,"The Charlson Comorbidity Index (CCI) are listed below:

1. Age: <50 years = 0 points, 50-59 years = +1 point, 60-69 years = +2 points, 70-79 years = +3 points, ≥80 years = +4 points
2. Myocardial infarction (history of definite or probable MI with EKG changes and/or enzyme changes): No = 0 points, Yes = +1 point
3. Congestive heart failure (CHF) (exertional or paroxysmal nocturnal dyspnea, responsive to digitalis, diuretics, or afterload reducing agents): No = 0 points, Yes = +1 point
4. Peripheral vascular disease (intermittent claudication, past bypass for chronic arterial insufficiency, history of gangrene or acute arterial insufficiency, untreated thoracic or abdominal aneurysm ≥6 cm): No = 0 points, Yes = +1 point
5. Cerebrovascular accident (CVA) or transient ischemic attack (TIA): No = 0 points, Yes = +1 point
6. Dementia (chronic cognitive deficit): No = 0 points, Yes = +1 point
7. Chronic pulmonary disease (CPD): No = 0 points, Yes = +1 point
8. Connective tissue disease: No = 0 points, Yes = +1 point
9. Peptic ulcer disease (any history of treatment for ulcer disease or ulcer bleeding): No = 0 points, Yes = +1 point
10. Liver disease: None = 0 points, Mild = +1 point, Moderate to severe = +3 points
11. Diabetes mellitus: None or diet-controlled = 0 points, Uncomplicated = +1 point, End-organ damage = +2 points
12. Hemiplegia: No = 0 points, Yes = +2 points
13. Moderate to severe chronic kidney disease (CKD): No = 0 points, Yes = +2 points
14. Solid tumor: None = 0 points, Localized = +2 points, Metastatic = +6 points
15. Leukemia: No = 0 points, Yes = +2 points
16. Lymphoma: No = 0 points, Yes = +2 points
17. AIDS: No = 0 points, Yes = +6 points

The total score is calculated by summing the points for each criterion.","A 55-year-old man was first evaluated in a nephrology unit because of hypertension associated with progressive kidney failure and proteinuria. At that time, the patient presented a history of hypertension since the age of 42, hypoacusia, a superficial venous thrombosis event, and incidental evidence of cerebral ischemia.
Blood and urine tests revealed a IIIb CKD stage renal insufficiency (serum creatinine 1.92 mg/dL, MDRD GFR 39 mL/min/1.73 mq) with mild proteinuria (0.821 g/24 h). Urine sediment was clear. A kidney biopsy was performed to explore renal disease etiology, showing non-specific advanced chronic lesions (global glomerulosclerosis in 70% of glomeruli and segmental glomerulosclerosis in 10% of glomeruli, moderate interstitial fibrosis/tubular atrophy, and severe arteriolosclerosis). Therapy with ACE-inhibitor was hence started.
Two years later, at the age of 57, a significant concentric LVH (basal septum region 18 mm) was detected during an echocardiographic evaluation for hypertension.
Renal follow-up showed a progressive decline in renal function reaching end-stage renal disease (ESRD) at the patient’s age of 61. Chronic peritoneal dialysis was started, and one year later, he underwent renal transplantation from a deceased donor without complications.
When the patient was 63 years old, he began complaining of dyspnea during intense exercise. Echocardiography showed worsening LVH (maximum wall thickness of 24 mm) associated with pronounced tissue hyperechogenicity and right ventricular hypertrophy, finally raising the suspicion of Fabry disease. The diagnosis was confirmed by the detection of reduced α-galactosidase A activity measured on dried blood spots (DBS) (0.5 µmol/L/h (reference values > 2.8)) and with molecular analysis revealing the N215S GLA mutation. Increased levels of lysoGb3 on DBS (6.4 ng/mL (reference values 0.0–3.5)) were detected. At diagnosis, serum creatinine was 1.23 mg/dL, and proteinuria was 0.3 g/24 h.
Thus, in March 2019, the patient was referred to our Rare Disease Center for Fabry disease management and follow-up. The Mainz Severity Score Index (MSSI) was 40/76 (General score—3; Neurological score—3; Cardiovascular score—16; and Renal score—18), and the total assessment Fabry Disease Severity Scoring System (DS3) was 46/80 (Peripheral Nervous System domain—0; Renal domain—23; Cardiac domain—18; Central Nervous System domain—1; and Patient-Reported domain 4).
Cardiac magnetic resonance (CMR) showed severe biventricular hypertrophy with reduced native T1 values, suggesting myocardial glycosphingolipid storage. The left ventricular mass index was 198.4 g/m2. Extensive late gadolinium enhancement was also detected in the infero-lateral wall, with an increased T2 value indicating myocardial edema ().
An initial 24-h Holter monitoring revealed two runs of atrial fibrillation, which required the introduction of anticoagulant therapy.
One year later, in 2020, two runs of monomorphic non-sustained ventricular tachycardia were detected during a further 24-h Holter monitoring. Thus, an ICD was implanted.
Therapy with agalsidase beta at a standard dose of 1 mg/kg every two weeks, administered at our center, was initiated in June 2019. In March 2020, the outbreak of the Coronavirus pandemic dramatically affected the Northern regions of Italy. Thus, the patient asked to switch to oral therapy to avoid hospital access or contact with health care workers in the case of home treatment activation. No contraindications to chaperone therapy were found (serum creatinine 1.28 mg/dL, MDRD GFR 60 mL/min/1.73 mq). We thereby started migalastat at a standard dose of 123 mg orally every other day. The patient did not show any side effects of migalastat such as headache, runny or stuffy nose, urinary tract infection, nausea, or fever. After one year of migalastat treatment, the patient was stable in terms of symptoms, renal function (serum creatinine 1.30 mg/dL, proteinuria 0.275 g/24 h), and cardiac function (CMR in March 2021 showed substantially stable cardiac features). No adjustments in the immunosuppressor dosage, namely prednisone, mycophenolate mofetil, and tacrolimus, were required. In addition, we detected a reduction in lysoGb3 levels (4.3 ng/mL; a reduction of 33% from the patient’s basal values) and an increase in α-galactosidase A activity measured on dried blood spots (1.1 µmol/L/h; an increase of 120% compared to the patient’s basal values).
To confirm the kidney disease etiology, we recently analyzed the residual material from the native kidney biopsy by electron microscopy, finding abundant electron-lucent microvacuoles in many cell types and multivacuolized appearance of podocytes ().","+ On review, the patient has congestive heart failure.",+ The patient's father has congestive heart failure.,,,,,
M061,1,C-S2-mcv-verdict-triplets-s0,mcv_test_00305_01_s_negation,Centor Score (Modified/McIsaac) for Strep Pharyngitis,Exudate or swelling on tonsils,sentence,negation,default,base,-6.392,-30.967,4.818,"Under the Centor Score (Modified/McIsaac) for Strep Pharyngitis, the item 'Exudate or swelling on tonsils' scores 0 points for this patient.","Under the Centor Score (Modified/McIsaac) for Strep Pharyngitis, the item 'Exudate or swelling on tonsils' scores 1 point for this patient.",null,"The criteria listed in the Centor Score formula are listed below:

1. Age: 3-14 years = +1 point, 15-44 years = 0 points, ≥45 years = -1 point
2. Exudate or swelling on tonsils: No = 0 points, Yes = +1 point
3. Tender/swollen anterior cervical lymph nodes: No = 0 points, Yes = +1 point
4. Temperature >38°C (100.4°F): No = 0 points, Yes = +1 point
5. Cough: Cough present = 0 points, Cough absent = +1 point

The Centor score is calculated by summing the points for each criterion.","A 14-year-old male presents to his pediatrician complaining of a sore throat. His mother reports that he developed a fever two days ago that was immediately followed by a sore throat. He denies cough or rhinorrhea. His past medical history is notable for poorly controlled asthma and he currently takes albuterol and budesonide. Of note, the child immigrated to America from Vietnam three months ago. His temperature is 101.6°F (38.7°C), blood pressure is 130/85 mmHg, pulse is 110/min, and respirations are 18/min. Physical examination reveals a malnourished adolescent who is small for his age. No hepatosplenomegaly is noted. A notable physical examination finding is shown in Figure A. Serologic and throat swab studies are pending.","+ On review, the patient has tonsillar exudate.","+ On review, the patient is free of tonsillar exudate.",,,,,
M065,1,C-S2-mcv-verdict-triplets-s4,mcv_test_00305_01_s_subject,Centor Score (Modified/McIsaac) for Strep Pharyngitis,Exudate or swelling on tonsils,sentence,subject,default,base,-6.642,-28.335,7.776,"Under the Centor Score (Modified/McIsaac) for Strep Pharyngitis, the item 'Exudate or swelling on tonsils' scores 0 points for this patient.","Under the Centor Score (Modified/McIsaac) for Strep Pharyngitis, the item 'Exudate or swelling on tonsils' scores 1 point for this patient.",null,"The criteria listed in the Centor Score formula are listed below:

1. Age: 3-14 years = +1 point, 15-44 years = 0 points, ≥45 years = -1 point
2. Exudate or swelling on tonsils: No = 0 points, Yes = +1 point
3. Tender/swollen anterior cervical lymph nodes: No = 0 points, Yes = +1 point
4. Temperature >38°C (100.4°F): No = 0 points, Yes = +1 point
5. Cough: Cough present = 0 points, Cough absent = +1 point

The Centor score is calculated by summing the points for each criterion.","A 14-year-old male presents to his pediatrician complaining of a sore throat. His mother reports that he developed a fever two days ago that was immediately followed by a sore throat. He denies cough or rhinorrhea. His past medical history is notable for poorly controlled asthma and he currently takes albuterol and budesonide. Of note, the child immigrated to America from Vietnam three months ago. His temperature is 101.6°F (38.7°C), blood pressure is 130/85 mmHg, pulse is 110/min, and respirations are 18/min. Physical examination reveals a malnourished adolescent who is small for his age. No hepatosplenomegaly is noted. A notable physical examination finding is shown in Figure A. Serologic and throat swab studies are pending.","+ On review, the patient has tonsillar exudate.",+ The patient's father has tonsillar exudate.,,,,,
M069,1,C-S2-mcv-verdict-triplets-s3,mcv_test_00479_02_s_negation,Charlson Comorbidity Index (CCI),Congestive heart failure,sentence,negation,denied,"base, near",-5.256,-15.838,-0.482,"Under the Charlson Comorbidity Index (CCI), the item 'Congestive heart failure' scores 0 points for this patient.","Under the Charlson Comorbidity Index (CCI), the item 'Congestive heart failure' scores 1 point for this patient.",null,"The Charlson Comorbidity Index (CCI) are listed below:

1. Age: <50 years = 0 points, 50-59 years = +1 point, 60-69 years = +2 points, 70-79 years = +3 points, ≥80 years = +4 points
2. Myocardial infarction (history of definite or probable MI with EKG changes and/or enzyme changes): No = 0 points, Yes = +1 point
3. Congestive heart failure (CHF) (exertional or paroxysmal nocturnal dyspnea, responsive to digitalis, diuretics, or afterload reducing agents): No = 0 points, Yes = +1 point
4. Peripheral vascular disease (intermittent claudication, past bypass for chronic arterial insufficiency, history of gangrene or acute arterial insufficiency, untreated thoracic or abdominal aneurysm ≥6 cm): No = 0 points, Yes = +1 point
5. Cerebrovascular accident (CVA) or transient ischemic attack (TIA): No = 0 points, Yes = +1 point
6. Dementia (chronic cognitive deficit): No = 0 points, Yes = +1 point
7. Chronic pulmonary disease (CPD): No = 0 points, Yes = +1 point
8. Connective tissue disease: No = 0 points, Yes = +1 point
9. Peptic ulcer disease (any history of treatment for ulcer disease or ulcer bleeding): No = 0 points, Yes = +1 point
10. Liver disease: None = 0 points, Mild = +1 point, Moderate to severe = +3 points
11. Diabetes mellitus: None or diet-controlled = 0 points, Uncomplicated = +1 point, End-organ damage = +2 points
12. Hemiplegia: No = 0 points, Yes = +2 points
13. Moderate to severe chronic kidney disease (CKD): No = 0 points, Yes = +2 points
14. Solid tumor: None = 0 points, Localized = +2 points, Metastatic = +6 points
15. Leukemia: No = 0 points, Yes = +2 points
16. Lymphoma: No = 0 points, Yes = +2 points
17. AIDS: No = 0 points, Yes = +6 points

The total score is calculated by summing the points for each criterion.","A 55-year-old man was first evaluated in a nephrology unit because of hypertension associated with progressive kidney failure and proteinuria. At that time, the patient presented a history of hypertension since the age of 42, hypoacusia, a superficial venous thrombosis event, and incidental evidence of cerebral ischemia.
Blood and urine tests revealed a IIIb CKD stage renal insufficiency (serum creatinine 1.92 mg/dL, MDRD GFR 39 mL/min/1.73 mq) with mild proteinuria (0.821 g/24 h). Urine sediment was clear. A kidney biopsy was performed to explore renal disease etiology, showing non-specific advanced chronic lesions (global glomerulosclerosis in 70% of glomeruli and segmental glomerulosclerosis in 10% of glomeruli, moderate interstitial fibrosis/tubular atrophy, and severe arteriolosclerosis). Therapy with ACE-inhibitor was hence started.
Two years later, at the age of 57, a significant concentric LVH (basal septum region 18 mm) was detected during an echocardiographic evaluation for hypertension.
Renal follow-up showed a progressive decline in renal function reaching end-stage renal disease (ESRD) at the patient’s age of 61. Chronic peritoneal dialysis was started, and one year later, he underwent renal transplantation from a deceased donor without complications.
When the patient was 63 years old, he began complaining of dyspnea during intense exercise. Echocardiography showed worsening LVH (maximum wall thickness of 24 mm) associated with pronounced tissue hyperechogenicity and right ventricular hypertrophy, finally raising the suspicion of Fabry disease. The diagnosis was confirmed by the detection of reduced α-galactosidase A activity measured on dried blood spots (DBS) (0.5 µmol/L/h (reference values > 2.8)) and with molecular analysis revealing the N215S GLA mutation. Increased levels of lysoGb3 on DBS (6.4 ng/mL (reference values 0.0–3.5)) were detected. At diagnosis, serum creatinine was 1.23 mg/dL, and proteinuria was 0.3 g/24 h.
Thus, in March 2019, the patient was referred to our Rare Disease Center for Fabry disease management and follow-up. The Mainz Severity Score Index (MSSI) was 40/76 (General score—3; Neurological score—3; Cardiovascular score—16; and Renal score—18), and the total assessment Fabry Disease Severity Scoring System (DS3) was 46/80 (Peripheral Nervous System domain—0; Renal domain—23; Cardiac domain—18; Central Nervous System domain—1; and Patient-Reported domain 4).
Cardiac magnetic resonance (CMR) showed severe biventricular hypertrophy with reduced native T1 values, suggesting myocardial glycosphingolipid storage. The left ventricular mass index was 198.4 g/m2. Extensive late gadolinium enhancement was also detected in the infero-lateral wall, with an increased T2 value indicating myocardial edema ().
An initial 24-h Holter monitoring revealed two runs of atrial fibrillation, which required the introduction of anticoagulant therapy.
One year later, in 2020, two runs of monomorphic non-sustained ventricular tachycardia were detected during a further 24-h Holter monitoring. Thus, an ICD was implanted.
Therapy with agalsidase beta at a standard dose of 1 mg/kg every two weeks, administered at our center, was initiated in June 2019. In March 2020, the outbreak of the Coronavirus pandemic dramatically affected the Northern regions of Italy. Thus, the patient asked to switch to oral therapy to avoid hospital access or contact with health care workers in the case of home treatment activation. No contraindications to chaperone therapy were found (serum creatinine 1.28 mg/dL, MDRD GFR 60 mL/min/1.73 mq). We thereby started migalastat at a standard dose of 123 mg orally every other day. The patient did not show any side effects of migalastat such as headache, runny or stuffy nose, urinary tract infection, nausea, or fever. After one year of migalastat treatment, the patient was stable in terms of symptoms, renal function (serum creatinine 1.30 mg/dL, proteinuria 0.275 g/24 h), and cardiac function (CMR in March 2021 showed substantially stable cardiac features). No adjustments in the immunosuppressor dosage, namely prednisone, mycophenolate mofetil, and tacrolimus, were required. In addition, we detected a reduction in lysoGb3 levels (4.3 ng/mL; a reduction of 33% from the patient’s basal values) and an increase in α-galactosidase A activity measured on dried blood spots (1.1 µmol/L/h; an increase of 120% compared to the patient’s basal values).
To confirm the kidney disease etiology, we recently analyzed the residual material from the native kidney biopsy by electron microscopy, finding abundant electron-lucent microvacuoles in many cell types and multivacuolized appearance of podocytes ().","+ On review, the patient has congestive heart failure.","+ On review, the patient is free of congestive heart failure.",,,,,
M073,1,C-S2-mcv-verdict-triplets-s2,mcv_test_00416_06_s_negation_past,Glasgow-Blatchford Bleeding Score (GBS),Hepatic disease history,sentence,negation,default,flip,20.053,0.079,22.818,"Under the Glasgow-Blatchford Bleeding Score (GBS), the item 'Hepatic disease history' scores 0 points for this patient.","Under the Glasgow-Blatchford Bleeding Score (GBS), the item 'Hepatic disease history' scores 2 points for this patient.",null,"The criteria for the Glasgow-Blatchford Score are listed below:

1. BUN (mg/dL): <18.2 = 0 points, 18.2-22.3 = +2 points, 22.4-28 = +3 points, 28-70 = +4 points, >70 = +6 points
2. Hemoglobin (g/dL) for men: >=13 = 0 points, <=12-13 = +1 point, <=10-12 = +3 points, <10 = +6 points
3. Hemoglobin (g/dL) for women: >=12 = 0 points, <=10-12 = +1 point, <10 = +6 points
4. Systolic blood pressure (mm Hg): ≥110 = 0 points, 100-109 = +1 point, 90-99 = +2 points, <90 = +3 points
5. Pulse ≥100 (per minute): No = 0 points, Yes = +1 point
6. Melena present: No = 0 points, Yes = +1 point
7. Recent syncope: No = 0 points, Yes = +2 points
8. Hepatic disease history: No = 0 points, Yes = +2 points
9. Cardiac failure present: No = 0 points, Yes = +2 points

The total Glasgow-Blatchford Score is calculated by summing the points for each criterion.","A 72-year-old Caucasian (white) man with a history of diffuse large B-cell lymphoma (DLBCL), immunoglobin M (IgM) monoclonal gammopathy of undetermined significance (MGUS), and chronic back pain secondary to osteoarthritis presented with dyspnea and a left pleural effusion. His social history was notable for a 60 pack-year cigarette smoking, and he had cut down to five cigarettes a day after diagnosis of non-Hodgkin’s lymphoma (NHL). He denied any significant past alcohol abuse, illicit drug abuse, or prescription drug abuse and reported consuming a beer or two on rare social occasions. Our patient was adopted so he is unaware of any past family history in regard to his parents. His brother has high blood pressure; otherwise he reported no other known malignancy or cardiopulmonary disease in the family. He worked as a mechanic and retired 20 years ago. He denied any known environmental exposures or allergies. Home medications included a daily probiotic, florastor 250 mg 2 tablets once daily, and acetaminophen/oxycodone – 325 mg/5 tablets once a day as needed for severe back pain. Our patient explained that he took opiate pain medication two to three times a week. Seven years prior, a bone marrow (BM) biopsy had revealed DLBCL, stage IVB, and he achieved complete remission (CR) with rituximab, cyclophosphamide, doxorubicin, vincristine, prednisolone (R-CHOP). Two years prior, he was diagnosed with monoclonal IgM kappa MGUS and BM biopsy revealed B-cell lymphoma with plasmacytic differentiation (10% of the marrow cellularity). The differential diagnosis at this time included LPL and marginal zone lymphoma. Given that he was asymptomatic at this time, he was monitored without treatment.
In the Emergency Department (ED), his vital signs were a pulse of 88 beats per minute, his blood pressure was 145/62, and temperature was 98.7 degrees Fahrenheit. His oxygen saturation was 95% on room air and he was mildly tachypneic with a respiratory rate of 24 breaths per minute. At physical examination, he appeared well, he was well nourished, awake, and in no apparent distress. An ear, nose, mouth and throat examination showed clear nasal mucosa and normal mouth mucosa. His head was atraumatic/normocephalic. His heart rate was normal, with a regular rhythm, heart sounds were S1, S2, and there were no murmurs, rubs or gallops. There were rales in his left lung base without wheeze or rhonchi. His abdomen was soft, non-distended, and non-tender. His lumbar spine showed a mild reduction in range of motion. He showed superficial bilateral inguinal lymphadenopathy. He was alert and oriented × 4, with no focal deficits, and no motor or sensory deficits. His CN II-XII were intact, extremities showed no cyanosis or edema, and his skin was dry, intact, with no rash. Our patient was given one ipratropium bromide/albuterol nebulizer treatment and two doses of morphine 1 mg for back pain. During the admission, our patient received tramadol 50 mg once for back pain and required no other medication. His complete blood count showed a white blood cell count of 6.2 × 109/L, hemoglobin of 13.8 g/dL, platelet count of 156 × 109/L with normal differential. The complete metabolic panel showed sodium of 141 mEq/L, potassium of 3.8 mEq/L, blood urea nitrogen of 18 mg/dL and creatinine of 1.0 mg/dL, glucose of 95 mg/dL, calcium of 9.2, albumin 3.8 g/dL, aspartate aminotransferase of 23 IU/L, and alanine aminotransferase of 32 IU/L, alkaline phosphatase of 46, and total bilirubin of 0.6. The urinalysis was within normal limits with no evidence of hematuria, pyuria, nitrates were not detected, and there were no bacteria. A computed tomography scan of his chest (Fig. ), abdomen, and pelvis showed layering left pleural effusion and para-aortic retroperitoneal lymphadenopathy extending to the iliacs and superficial inguinal nodes. Pleural fluid (PF) cytology was positive for malignant cells consistent with B-cell lymphoma and positive for MYD88 L265P mutation.
PF flow cytometry showed monoclonal kappa B-cell population with moderate CD19, CD20, CD22, and CD38 expression (Fig. ).
Inguinal lymph node biopsy showed lymphoplasmacytic, monoclonal B-cell population, CD20-positive, CD5-negative, CD10-negative B-cells, consistent with LPL/WM (Fig. ).
In comparison to his BM biopsy 2 years prior, the current study shows an increase in marrow involvement by B-cell lymphoma with plasmacytic differentiation. The findings in conjunction with IgM monoclonal paraprotein favor LPL, and the positive MYD88 L265P mutation analysis supports this impression. Congo red stain was negative for amyloid (Fig. ).
The pleural effusion recurred post-thoracentesis and 420 mg ibrutinib was initiated, but due to intolerance with nausea and vomiting, required a dose reduction to 240 mg. He achieved a lasting CR as defined by National Comprehensive Cancer Network (NCCN) guidelines []. Seven months after initial presentation to the ED, he remains in CR and is tolerating a reduced dose of imantinib without any side effects.","+ The patient had liver disease some years ago, and it has since cleared.","+ On review, the patient is free of liver disease.",,,,,
M077,1,C-S2-mcv-verdict-triplets-s1,mcv_test_00407_04_s_negation,Glasgow-Blatchford Bleeding Score (GBS),Melena present,sentence,negation,default,base,-2.718,-32.66,29.382,"Under the Glasgow-Blatchford Bleeding Score (GBS), the item 'Melena present' scores 0 points for this patient.","Under the Glasgow-Blatchford Bleeding Score (GBS), the item 'Melena present' scores 1 point for this patient.",null,"The criteria for the Glasgow-Blatchford Score are listed below:

1. BUN (mg/dL): <18.2 = 0 points, 18.2-22.3 = +2 points, 22.4-28 = +3 points, 28-70 = +4 points, >70 = +6 points
2. Hemoglobin (g/dL) for men: >=13 = 0 points, <=12-13 = +1 point, <=10-12 = +3 points, <10 = +6 points
3. Hemoglobin (g/dL) for women: >=12 = 0 points, <=10-12 = +1 point, <10 = +6 points
4. Systolic blood pressure (mm Hg): ≥110 = 0 points, 100-109 = +1 point, 90-99 = +2 points, <90 = +3 points
5. Pulse ≥100 (per minute): No = 0 points, Yes = +1 point
6. Melena present: No = 0 points, Yes = +1 point
7. Recent syncope: No = 0 points, Yes = +2 points
8. Hepatic disease history: No = 0 points, Yes = +2 points
9. Cardiac failure present: No = 0 points, Yes = +2 points

The total Glasgow-Blatchford Score is calculated by summing the points for each criterion.","A 69-year-old Japanese man underwent treatment for liver dysfunction 3 years after aortic valve replacement. Later, rapid elevation in his serum alkaline phosphatase (ALP) level was recorded and he was readmitted to determine the etiology. His body temperature was 36 °C, blood pressure 164/65 mmHg, and pulse rate was 66/minute. Laboratory data revealed mild anemia and liver-renal injury: white blood cells (WBC) 4600/uL, hemoglobin 9.7 g/dL, platelet 18.9 × 104/dL, C-reactive protein (CRP) 0.29 mg/dL, ALP 1138 U/L, aspartate aminotransferase (AST) 40 U/L, alanine aminotransferase (ALT) 37 U/L, and γ glutamyl transpeptidase (γ-GTP) 298 U/L. His blood urea nitrogen (BUN) was 22.4 mg/dL, creatinine 1.14 mg/dL, activated partial thromboplastin time (APTT) 45.6 seconds, and prothrombin time-international normalized ratio (PT-INR) 2.67. He also had a past history of duodenal ulcer perforation and was currently being treated with warfarin, angiotensin receptor blocker, and proton pump inhibitor. In addition, he was taking orally administered ursodeoxycholic acid for unknown liver function disorder. He had no alcohol consumption or tobacco smoking history and no relevant family history.
A plain radiograph showed no significant findings, but computed tomography (CT) revealed an enhanced tumor within the hilar bile duct and dilatation of the left hepatic duct (Fig. ), which are typical findings for hilar cholangiocarcinoma. In addition, endoscopic retrograde cholangiopancreatography (ERCP) revealed tumor shadow in his bile duct, and the cytology confirmed malignant cells in the bile (Fig. ). As no lymph node and distant metastases were detected, we inserted endoscopic nasobiliary drainage (ENBD) to reduce jaundice as preparation for surgery. We performed extended left hepatectomy with resection of his bile duct; his postoperative course was good without severe complications. After 3 months postoperatively, he was readmitted for subacute cholangitis and obstructive jaundice. Immediately, percutaneous transhepatic cholangiography drainage (PTCD) was performed, followed by cholangiography that exhibited the intrabiliary tumor growth in the remnant liver.
Simultaneously, histological examination of resected specimens revealed tumor growth in the hilar duct across the left hepatic duct (Fig. ). Microscopic findings at the same site revealed a dilated bile duct filled with well-differentiated tubular adenocarcinoma (Fig. ). On immunohistochemical examination, tumor cells were positive for cytokeratin (CK) 20 (Fig. ) but negative for CK7 (Fig. ). Furthermore, CK18 (Fig. ) as control and CDX2 (Fig. ) were stained. Although these findings were not typical of intrahepatic cholangiocarcinoma, hepatic metastasis from another primary lesion was strongly suspected [, ]. Furthermore, CT revealed an enhanced tumor-like lesion at the descending colon, followed by diagnosis of type 2 cancer in total colonography. Then, left hemicolectomy was performed; the immunohistochemical-identified feature matched with an intrabiliary tumor. Meanwhile, the PTCD fluid turned bloody, which was considered to indicate bleeding from a residual bile duct tumor (Fig. ). Accordingly, we planned chemotherapy with orally administered capecitabine but our patient experienced a spike fever because of refractory cholangitis. Thus, we abandoned chemotherapy and initiated radiotherapy to stop the tumor bleeding around the hilar bile duct. After completing radiotherapy (total 50 Gy) for approximately 1 month, we observed an improvement in his liver function because of tumor shrinkage. Unfortunately, the effects were short-lived, intrabiliary growth and cholangitis rebooted after 1 month leading to his death due to septic liver failure (Fig. ). Autopsy revealed a remnant tumor in the bile duct (Fig. ), but no noticeable nodular metastasis was observed, except for a single small metastasis in the lower lobe of his left lung.","+ On review, the patient has melena.","+ On review, the patient is free of melena.",,,,,
M081,1,C-S2-mcv-verdict-triplets-s1,mcv_test_00123_06_s_subject,Wells' Criteria for Pulmonary Embolism,Malignancy with treatment within 6 months or palliative,sentence,subject,denied,base,-2.246,-26.035,24.985,"Under the Wells' Criteria for Pulmonary Embolism, the item 'Malignancy with treatment within 6 months or palliative' scores 0 points for this patient.","Under the Wells' Criteria for Pulmonary Embolism, the item 'Malignancy with treatment within 6 months or palliative' scores 1 point for this patient.",null,"The criteria for the Wells' Criteria for Pulmonary Embolism score are listed below:

1. Clinical signs and symptoms of DVT: No = 0 points, Yes = +3 points
2. PE is #1 diagnosis OR equally likely: No = 0 points, Yes = +3 points
3. Heart rate > 100: No = 0 points, Yes = +1.5 points
4. Immobilization at least 3 days OR surgery in the previous 4 weeks: No = 0 points, Yes = +1.5 points
5. Previous, objectively diagnosed PE or DVT: No = 0 points, Yes = +1.5 points
6. Hemoptysis: No = 0 points, Yes = +1 point
7. Malignancy with treatment within 6 months or palliative: No = 0 points, Yes = +1 point

The total score is calculated by summing the points for each criterion.","A white British, 78-year-old previously healthy female, non-smoker and with no known pulmonary disease, was admitted with collapse and shortness of breath with arterial oxygen saturations of haemoglobin of 80% on room air. The background included a history of persistent dry cough for 3 months without any other complaint or systemic symptoms. Her past medical history comprised of type 2 diabetes, increased uric acid and ongoing pain in the right knee. Her medication history consisted of gliclazide, allopurinol and diclofenac. The patient denied any recent travel or contact with animals (even pets). Physical examination revealed central cyanosis, tachypnoea, bilateral reduction in breath sounds and right-sided bronchial breathing. Cardiac examination was normal. There were no adenopathy noted. Arterial blood gases analysis on 5 litres of O2 per min showed mixed acidaemia. Serum biochemistry revealed raised urea (15.1 mmol/L) and creatinine (114 umol/L) levels consistent with acute kidney injury, positive D-dimmer's levels and increased CRP (48.2 mg/L). Chest radiography showed a loss of volume in the right lung (Figure ) and an electrocardiogram demonstrated normal sinus rhythm with a heart rate of 94 bpm, left axis deviation and an old inferior myocardial infarction. At this time the patient was started on treatment for both a possible community acquired pneumonia (benzyl penicillin and clarythromycin) and for pulmonary thromboembolism (therapeutic doses of Dalteparin). The patient was stable for 48 hours but then her oxygen requirements increased progressively. Contrast-enhanced chest CT scan and CT pulmonary arteriography with venous phase imaging failed to demonstrate any evidence of pulmonary artery thrombus. However thrombus, with associated fibrosis and volume loss, was seen to affect one of the right lower lobe pulmonary veins (Figure ). An echocardiogram was performed which showed a normal sized left ventricle with good function, normal aortic and mitral valves. The right heart although poorly visualized, appeared to be mildly enlarged with moderate function. The patient was started on methylprednisolone 1 g once a day and transferred to the intensive care unit (ICU).
The patient continued to deteriorate over the next 24 hours following admission to the ICU. She developed biochemical and electrocardiographic evidence of an acute anterior-lateral myocardial infarction and aspirin, clopidogrel and simvastatin were added to her anticoagulation therapy. Unfortunately the patient's oxygen requirements continued to increase and she was ventilated, initially supported by biphasic positive airway pressure (BIPAP) and then subsequently by invasive mechanical ventilation. Over the next eight days, despite maximal therapy she continued to deteriorate and died from multiple organ failure.","+ On review, the patient has a malignancy under active chemotherapy.",+ The patient's sister has a malignancy under active chemotherapy.,,,,,
M085,1,C-S2-mcv-verdict-triplets-s1,mcv_test_00410_05_s_subject,Glasgow-Blatchford Bleeding Score (GBS),Recent syncope,sentence,subject,denied,base,-7.592,-30.2,5.188,"Under the Glasgow-Blatchford Bleeding Score (GBS), the item 'Recent syncope' scores 0 points for this patient.","Under the Glasgow-Blatchford Bleeding Score (GBS), the item 'Recent syncope' scores 2 points for this patient.",null,"The criteria for the Glasgow-Blatchford Score are listed below:

1. BUN (mg/dL): <18.2 = 0 points, 18.2-22.3 = +2 points, 22.4-28 = +3 points, 28-70 = +4 points, >70 = +6 points
2. Hemoglobin (g/dL) for men: >=13 = 0 points, <=12-13 = +1 point, <=10-12 = +3 points, <10 = +6 points
3. Hemoglobin (g/dL) for women: >=12 = 0 points, <=10-12 = +1 point, <10 = +6 points
4. Systolic blood pressure (mm Hg): ≥110 = 0 points, 100-109 = +1 point, 90-99 = +2 points, <90 = +3 points
5. Pulse ≥100 (per minute): No = 0 points, Yes = +1 point
6. Melena present: No = 0 points, Yes = +1 point
7. Recent syncope: No = 0 points, Yes = +2 points
8. Hepatic disease history: No = 0 points, Yes = +2 points
9. Cardiac failure present: No = 0 points, Yes = +2 points

The total Glasgow-Blatchford Score is calculated by summing the points for each criterion.","A 33-year-old male presented to our center with chief complaints of profuse per rectal bleed mixed with stool for three days that was associated with easy fatigability for one week prior to the initial presentation. He also had one episode of black tarry stool. However, he had no complaints of blood in vomit, purpuric rashes, or petechiae. He also had no hematuria, weight loss, night sweats, evening rise of temperature or loss of appetite, cough, chest pain, dyspnea, palpitation, limb edema, loose stools, jaundice, and abdominal distension. Bleeding was absent from other orifices. He had no history of diabetes mellitus, hypertension, cardiac diseases, and pulmonary tuberculosis in the past. He consumed 80 grams of alcohol per day for 15 years, but he did not smoke.
On examination, he was ill looking, conscious, and was well oriented to time place and person. He had pallor and was dehydrated. However, he had no icterus, clubbing, cyanosis, or edema. His pulse rate was 110 beats/minute, blood pressure was 80/60 mm of Hg, body temperature was 98°F (36.6°C), respiratory rate was 19 breaths/minute, and oxygen saturation was 95% in room air. The digital rectal examination showed fresh blood over the examining finger and otherwise normal findings. Abdominal and cardiac examination was normal.
Laboratory investigations showed hemoglobin 10.8 g/dl and hematocrit 31.6%. The total leukocyte count was 11510/mm3, neutrophils were 78%, and platelet count was 291000/mm3. The prothrombin time was 14 seconds, and the International normalized ratio was 1.08. The albumin level in the blood was 2.4 gm/dl, and total protein was 6.1 gm/dl, total and direct bilirubin were 0.7 and 0.1 mg/dl in the blood. Alanine aminotransferase and aspartate aminotransferase level was 97 U/L and 114 U/L, respectively. HbA1C level in the blood was 7.2. The level of blood urea nitrogen (33 mg/dl), creatinine (1.1 mg/dl), sodium (132 mEq/l), and potassium (3.6 mEq/l) were within normal range. Traces of sugar and albumin (++) were present in the urine examination. The fecal occult blood was found in the stool. Mycobacterium tuberculosis was not detected in sputum in the acid-fast bacilli (AFB) stain.
The chest X-ray was normal. Ultrasonography (USG) of the abdomen and pelvis and upper gastrointestinal endoscopy showed normal findings. A Computed Tomography (CT) scan of chest and abdomen showed asymmetric circumferential thickening in the ileocaecal region with lobulated thickened caecum, soft-tissue stranding and necrotic mesenteric lymphadenopathy, and indeterminate lobule in the lung (). Colonoscopy showed multiple transverse ulcers with overlying exudates in terminal ileum and ascending and transverse colon. Histopathological examination of the ileum and colon showed patchy ulcers with exudates, granulation tissue, fibrosis, deep lymphoplasmocytic inflammation, and crypt regenerative changes with fibrinoid changes in scattered capillaries and venules and was inconclusive. However, gene XPERT was positive for Mycobacterium tuberculosis.
He was diagnosed with ileocaecal tuberculosis. The hemoglobin level dropped to 6.1 g/dl after two days of admission, and he had an episode of weakness associated with profuse sweating and rigor. Fluid resuscitation followed by two pints of whole blood transfusion was performed. After that, his hemoglobin was increased to 10.2 mg/dl. He was managed with four antitubercular drugs and showed significant improvement. Following this, he was discharged on oral antitubercular medications (isoniazid, rifampicin, pyrazinamide, ethambutol, and pyridoxine) after 10 days of admission. On follow-up after two weeks, he was responding well to antitubercular medications with improved symptoms, i.e., no per rectal bleeding, and his liver function test was within the normal range.","+ On review, the patient has recent syncope.",+ The patient's sister has recent syncope.,,,,,
M089,1,C-S2-mcv-verdict-triplets-s1,mcv_test_00245_03_s_subject,Revised Cardiac Risk Index for Pre-Operative Risk,History of cerebrovascular disease,sentence,subject,default,"base, near",-4.889,-35.151,-2.587,"Under the Revised Cardiac Risk Index for Pre-Operative Risk, the item 'History of cerebrovascular disease' scores 0 points for this patient.","Under the Revised Cardiac Risk Index for Pre-Operative Risk, the item 'History of cerebrovascular disease' scores 1 point for this patient.",null,"The criteria for the Revised Cardiac Risk Index (RCRI) are listed below:

1. Elevated-risk surgery (intraperitoneal, intrathoracic, or suprainguinal vascular): No = 0 points, Yes = +1 point
2. History of ischemic heart disease (history of myocardial infarction, positive exercise test, current chest pain due to myocardial ischemia, use of nitrate therapy, or ECG with pathological Q waves): No = 0 points, Yes = +1 point
3. History of congestive heart failure (pulmonary edema, bilateral rales or S3 gallop, paroxysmal nocturnal dyspnea, or chest x-ray showing pulmonary vascular redistribution): No = 0 points, Yes = +1 point
4. History of cerebrovascular disease (prior transient ischemic attack or stroke): No = 0 points, Yes = +1 point
5. Pre-operative treatment with insulin: No = 0 points, Yes = +1 point
6. Pre-operative creatinine >2 mg/dL (176.8 μmol/L): No = 0 points, Yes = +1 point

The total score is calculated by summing the points for each criterion.","A 52-year-old woman came to the emergency department (ED) for hemodialysis (HD) due to end-stage renal disease (ESRD). She had spent the preceding several weeks in an outside hospital being treated for pneumonia and bacteremia with daptomycin. She subsequently left against medical advice (AMA) after having her dialysis access catheter removed. She presented to our ED because she needed HD vascular access placement and re-initiation of dialysis treatments. Her medical history included chronic kidney disease secondary to hypertensive nephrosclerosis, anemia, hypertension, deep venous thromboses (DVT), systemic lupus erythematosus, and a seizure disorder of unknown etiology.
The patient, a Jehovah’s Witness, refused blood transfusions; therefore, her anemia was being treated with intravenous (IV) administration of iron, epoetin alfa, and folate. Other medications included nifedipine, clonidine, metoprolol, sevelamer, and prednisone. She was allergic to amoxicillin, azithromycin, hydralazine, labetolol, linezolid, morphine, and vancomycin. She reported previous IV heroin use many years earlier and previous cigarette smoking. She denied alcohol use or any current drug or tobacco use.
Upon arrival, she was alert and in no acute distress with a fever of 38.3° Celsius, heart rate of 87 beats per minute (bpm), blood pressure of 110/65 millimeters mercury (mmHg), respiratory rate of 17 breaths per minute, and pulse oximetry of 99% while breathing room air. She weighed 80 kilograms and was 5 feet 6 inches tall. Her head was normocephalic and atraumatic with moist mucous membranes. Pupils were anicteric, equal, round, and reactive to light and accommodation. The neck was supple and without lymphadenopathy or tenderness. Her lungs had coarse breath sounds with mild bibasilar crackles but no wheezes or rhonchi. There were no retractions or increased work of breathing. Her heart was of regular rate and rhythm without murmurs, rubs, or gallops. Her abdomen was soft with normal bowel sounds and without distention, tenderness, rebound, or guarding. There was no costovertebral angle tenderness. The lower extremities had 1+ pitting edema, 2+ dorsalis pedis pulses, and were without tenderness or deformity. The patient had normal strength and muscle tone throughout all extremities with intact sensation. Old fistulas were present in the left and right upper extremities without palpable thrills. She was alert and oriented to person, place, and time.
The patient’s initial laboratory values are shown in . These were significant for a slight leukocytosis, anemia to 5.3 g/dL, thrombocytopenia, hyperkalemia, and an elevated creatinine of 11.9 mg/dL. Her initial electrocardiogram (ECG) showed a sinus tachycardia with T-wave inversions in leads I and V6 (). This was unchanged from a prior ECG. The patient was admitted to the medicine team and was started on daptomycin. While awaiting bed placement, a non-tunneled left femoral dialysis catheter was inserted by the medical intensive care unit (ICU) fellow for initiation of HD. Placement was confirmed by the easy drawback of blood from all ports. During the consent process for catheter placement, it was documented that the patient stated she “would rather die than receive blood transfusions.” Following catheter placement, an attempt was made to start HD, but she became hypotensive and complained of weakness almost immediately. Her vital signs during the initial HD attempt were a blood pressure of 85/56 mmHg with a heart rate of 105 bpm.
Because the patient was symptomatic and hypotensive during HD, continuous renal replacement therapy (CRRT) was initiated. Shortly afterward, she became hypotensive, unresponsive, and had a tonic clonic seizure. Vital signs at that time were a heart rate of 113 bpm, blood pressure 75/48 mmHg, respiratory rate of 20 breaths per minute, and oxygen saturation of 78% on room air. A brief, repeat physical exam showed the patient was unresponsive to painful stimuli and her pupils were equal and reactive. She was given 4 mg of lorazepam and intubated for airway protection. A right arterial femoral line and a right femoral triple lumen venous central line were placed. A chest radiograph confirmed endotracheal tube placement (). CRRT was halted but the patient remained in shock despite bolus infusions of crystalloid, so vasopressors were started. She was receiving escalating doses of vasopressors when repeat laboratory values indicated a hemoglobin of 1.6 g/dL ().
Shortly thereafter she went into cardiac arrest with a rhythm of pulseless electrical activity (PEA). Return of spontaneous circulation was achieved after six minutes of cardiopulmonary resuscitation. Increased abdominal distention was noted during the resuscitation; therefore, a pressure-sensing urinary catheter was introduced. Her peak airway and bladder pressures were measured at greater than 60 cmH2O and 50 mmHg, respectively. Surgery was then consulted. A massive transfusion protocol was initiated after her next of kin agreed to allow the transfusion of blood products. A focused assessment with sonography for trauma (FAST) was performed, showing free fluid in Morrison’s pouch. As resuscitative measures were continued, an additional study was obtained and a diagnosis was made.","+ On review, the patient has a history of cerebrovascular disease.",+ The patient's father has cerebrovascular disease.,,,,,
M093,1,C-S2-mcv-verdict-triplets-s1,mcv_test_00412_05_s_subject,Glasgow-Blatchford Bleeding Score (GBS),Recent syncope,sentence,subject,default,base,-5.214,-27.969,10.308,"Under the Glasgow-Blatchford Bleeding Score (GBS), the item 'Recent syncope' scores 0 points for this patient.","Under the Glasgow-Blatchford Bleeding Score (GBS), the item 'Recent syncope' scores 2 points for this patient.",null,"The criteria for the Glasgow-Blatchford Score are listed below:

1. BUN (mg/dL): <18.2 = 0 points, 18.2-22.3 = +2 points, 22.4-28 = +3 points, 28-70 = +4 points, >70 = +6 points
2. Hemoglobin (g/dL) for men: >=13 = 0 points, <=12-13 = +1 point, <=10-12 = +3 points, <10 = +6 points
3. Hemoglobin (g/dL) for women: >=12 = 0 points, <=10-12 = +1 point, <10 = +6 points
4. Systolic blood pressure (mm Hg): ≥110 = 0 points, 100-109 = +1 point, 90-99 = +2 points, <90 = +3 points
5. Pulse ≥100 (per minute): No = 0 points, Yes = +1 point
6. Melena present: No = 0 points, Yes = +1 point
7. Recent syncope: No = 0 points, Yes = +2 points
8. Hepatic disease history: No = 0 points, Yes = +2 points
9. Cardiac failure present: No = 0 points, Yes = +2 points

The total Glasgow-Blatchford Score is calculated by summing the points for each criterion.","The patient was a 76-year-old woman who presented to our emergency room with a 3-day history of general weakness, fever, and oliguria and a 7-day history of nausea, and vomiting. The patient was bedridden due to a compression fracture of the 1st lumbar vertebra sustained 5 days prior to presentation. The patient had been taking appropriate oral medications for DM and hypertension for the past 40 years and had not developed any specific renal disease. Her prescribed oral hypoglycemic agents at the time of presentation were metformin (500 mg twice per day) and dapagliflozin (10 mg/day). Other daily medications included ezetimibe/rosuvastatin calcium (10 mg/5.2 mg), clopidogrel (75 mg), nicorandil (5 mg), imipramine (25 mg), tolterodine (4 mg), and tamsulosin (0.2 mg). Blood pressure, pulse rate, respiration rate, and body temperature at presentation were 160/80 mmHg, 120/min, 20/min, and 37.5°C, respectively. The patient was alert but experiencing malaise. Her oral mucosa was dry and skin turgor had decreased. Chest auscultation results were normal, but her abdomen was distended with decreased bowel sounds. A peripheral blood test at admission showed a white blood cell (WBC) count of 11,800/μL (neutrophils 85.3%), hemoglobin of 13 g/dL, a platelet count of 173,000/μL, and an erythrocyte sedimentation rate of 12 mm/hour. Serum biochemical examination showed the following: glucose, 410 mg/dL; blood urea nitrogen, 41.7 mg/dL; creatinine (Cr), 3.2 mg/dL; albumin, 3.8 g/dL; total cholesterol, 93 mg/dL; calcium, 8.1 mg/dL; phosphorus, 4.7 mg/dL; uric acid, 6.1 mg/dL; C-reactive protein, 54 mg/L; glycated hemoglobin (HbA1C), 8.1%; insulin, 3.3 μIU/mL (reference range, 2.6–24.9 μIU/mL); and C-peptide, 1 ng/mL (reference range, 1.1–4.4 ng/mL). Urinalysis with microscopic examination showed albumin 3+, occult blood 2+, a WBC count of 20–30/high power field, and a red blood cell count of 10–30/high power field (dysmorphic 90%). Spot urine protein to Cr ratio was 1.14 g/g. After urinary catheterization, her urine output was 1950 mL suggesting azotemia due to postrenal acute kidney injury. Abdominal computed tomography scan showed diffuse paralytic ileus and bilateral pyeloureteritis (Fig. A, B). Treatment with empirical broad-spectrum antibiotics (ceftriaxone) was initiated along with fluid therapy and total parenteral nutrition after insertion of a nasogastric tube. Fasting was prescribed. The oral hypoglycemic agents were discontinued. On day 3 of hospitalization, the patient was transitioned to a full-liquid diet through a nasogastric tube because she showed improvement in renal function (serum Cr, 0.7 mg/dL); paralytic ileus was also less severe. Treatment with metformin (1000 mg/day) and dapagliflozin (10 mg/day) was reinstituted. Previous outpatient medications were also retained and no new medications were added. Extended spectrum beta-lactamase negative, ceftriaxone–sensitive Escherichia coli was isolated from urine cultures. However, on day 6 of hospitalization, she developed consciousness alterations, including confusion, lethargy, and stupor, along with nausea, vomiting, and abdominal pain. Arterial blood gas analysis showed a pH of 6.904, partial pressure of carbon dioxide of 12.0 mmHg, and HCO3− of 3.1 mmol/L, suggestive of high anion gap metabolic acidosis with respiratory compensation. Based on the results of serum biochemical examination (Table ), we suspected eu-DKA accompanied by hypovolemia, hypernatremia, and hypokalemia. For the first 6 hours after discontinuation of dapagliflozin, we performed intravenous fluid therapy with 0.9% saline at a rate of 250 mL/hour (h) for 2 hours followed by 100 mL/h, 5% dextrose in water (5% D/W) (100 mL/h), and KCl (40 mEq/L). Regular insulin (RI) and sodium bicarbonate were not administered considering the blood glucose levels (range, 150–250 mg/dL) and arterial blood pH (>6.9). Because disturbances in serum electrolyte levels continued for 6 hours after intravenous fluid resuscitation (Table ), administration of 0.45% saline (100 mL/h) with KCl (20 mEq/L), 5% D/W (50 mL/h), and RI (2.5 U/h, 0.05 U/kg/h) was maintained. Brain magnetic resonance imaging of the patient showed no specific abnormalities, including the absence of acute ischemic brain lesions. Eventually, the patient started enteral feeding of free water through a nasogastric tube while being administered a mixed solution of 0.45% saline and 5% D/W with RI. Additional biochemical results are described in Table . After the 8th day of hospitalization, consciousness and laboratory findings improved; however, dapagliflozin was not resumed. The patient was discharged on the 14th hospital day because of resolution of consciousness impairment and laboratory abnormalities, and the patient is currently receiving insulin (glargine/insulin lispro) and metformin for management of DM.","+ On review, the patient has recent syncope.",+ The patient's sister has recent syncope.,,,,,
M097,1,C-S2-mcv-verdict-triplets-s1,mcv_test_00312_01_s_negation,Centor Score (Modified/McIsaac) for Strep Pharyngitis,Exudate or swelling on tonsils,sentence,negation,denied,base,-5.104,-37.259,29.826,"Under the Centor Score (Modified/McIsaac) for Strep Pharyngitis, the item 'Exudate or swelling on tonsils' scores 0 points for this patient.","Under the Centor Score (Modified/McIsaac) for Strep Pharyngitis, the item 'Exudate or swelling on tonsils' scores 1 point for this patient.",null,"The criteria listed in the Centor Score formula are listed below:

1. Age: 3-14 years = +1 point, 15-44 years = 0 points, ≥45 years = -1 point
2. Exudate or swelling on tonsils: No = 0 points, Yes = +1 point
3. Tender/swollen anterior cervical lymph nodes: No = 0 points, Yes = +1 point
4. Temperature >38°C (100.4°F): No = 0 points, Yes = +1 point
5. Cough: Cough present = 0 points, Cough absent = +1 point

The Centor score is calculated by summing the points for each criterion.","A 17-year-old male presents to the emergency department with a three-day history of sore throat. He reports that the sore throat seems to be getting worse and is starting to affect the character of his voice. He also endorses headache and decreased appetite secondary to difficulty swallowing. The patient’s past medical history is significant for infectious mononucleosis one year ago, which he reports has fully resolved. He denies any recent sexual activity. Several of his friends at school have also been ill recently. His temperature is 102.4°F (39.1°C), blood pressure is 119/83 mmHg, pulse is 107/min, and respirations are 18/min. On physical exam you note the findings in Figure A. He has cervical lymphadenopathy, and he speaks with a muffled voice.","+ On review, the patient has tonsillar exudate.","+ On review, the patient is free of tonsillar exudate.",,,,,
