line,where,typed,key,file,field,measured,commit,match,note
85,"Abstract, released medical PRMs TA on L2, lower",10,min/run/C-AUD-meds3/L2/all/TA|run/C-AUD-medprm/L2/all/TA@0,origin/role-c:results_git/C-AUD-meds3/summary_rule_v1~test_L2.json,all.TA,10.0,b0644bf,yes,"File exists only on branch origin/role-c (read with git show); it is not merged into the role-d working tree, so the make_tables key prints tbd and tables/audit.tex is all tbd."
85,"Abstract, released medical PRMs TA on L2, upper",12,max/run/C-AUD-meds3/L2/all/TA|run/C-AUD-medprm/L2/all/TA@0,origin/role-c:results_git/C-AUD-medprm/summary_rule_v1~test_L2.json,all.TA,11.95,b0644bf,yes,"File exists only on branch origin/role-c (read with git show); it is not merged into the role-d working tree, so the make_tables key prints tbd and tables/audit.tex is all tbd. round(11.95)=12."
86,"Abstract, verdict-blocks Rev range lower",92,run/B-F-verdict-blocks/L2/all/Rev/min,results_git/B-F-verdict-blocks-s{0..4}/summary_rule_v1~test_L2.json,min of all.Rev over s0..s4,91.8,,yes,s1
86,"Abstract, verdict-blocks Rev range upper",93,run/B-F-verdict-blocks/L2/all/Rev/max,results_git/B-F-verdict-blocks-s{0..4}/summary_rule_v1~test_L2.json,max of all.Rev over s0..s4,93.35,,yes,s3
86,"Abstract, verdict-blocks Hold range lower",51,run/B-F-verdict-blocks/L2/all/Hold/min,results_git/B-F-verdict-blocks-s{0..4}/summary_rule_v1~test_L2.json,min of all.Hold over s0..s4,51.3,,yes,s3
86,"Abstract, verdict-blocks Hold range upper",65,run/B-F-verdict-blocks/L2/all/Hold/max,results_git/B-F-verdict-blocks-s{0..4}/summary_rule_v1~test_L2.json,max of all.Hold over s0..s4,64.85,,yes,s2
87,"Abstract, verdict-only blocks TA L2 (5-seed mean)",53.7,run/B-F-verdict-blocks/L2/all/TA,results_git/B-F-verdict-blocks-s{0..4}/summary_rule_v1~test_L2.json,mean of all.TA over s0..s4,53.66,,yes,
88,"Abstract, verdict-only triplets TA L2 (5-seed mean)",91.8,run/B-F-verdict-triplets/L2/all/TA,results_git/B-F-verdict-triplets-s{0..4}/summary_rule_v1~test_L2.json,mean of all.TA over s0..s4,91.84,,yes,
88,"Abstract, separate-pass record TA lower (summary2-triplets mean)",98.5,run/B-F-summary2-triplets/L2/all/TA,results_git/B-F-summary2-triplets-s{0..4}/summary_rule_v1~test_L2.json,mean of all.TA over s0..s4,98.48,,yes,
88,"Abstract, separate-pass record TA upper (ledger2-triplets mean)",99.2,run/B-F-ledger2-triplets/L2/all/TA,results_git/B-F-ledger2-triplets-s{0..4}/summary_rule_v1~test_L2.json,mean of all.TA over s0..s4,99.25,,yes,make_tables prints 99.2 (float mean is 99.2499..)
98,"Abstract, Med-PRM reward at final step",1.00,,results_git/D-RL-stepcheck-s0/summary_rule_v1~test_L2.json,step.1000.reward,0.999688,a2ceb5c,yes,"Rounds to 1.00 at 2 decimals; Sec. 7 prints 0.9997. Seed 0 only; D-RL-stepcheck-s1 also exists (pair 89.33 -> 54.67, reward 0.9990)."
99,"Abstract, policy pair accuracy at start",88.0,,results_git/D-RL-stepcheck-s0/summary_rule_v1~test_L2.json,start.pair,88.0,a2ceb5c,yes,"Seed 0 only; D-RL-stepcheck-s1 also exists (pair 89.33 -> 54.67, reward 0.9990)."
99,"Abstract, policy pair accuracy at step 1000",38.7,,results_git/D-RL-stepcheck-s0/summary_rule_v1~test_L2.json,final.pair,38.6667,a2ceb5c,yes,"Seed 0 only; D-RL-stepcheck-s1 also exists (pair 89.33 -> 54.67, reward 0.9990)."
181,"Intro contribution (1), MedS3 PRM TA L2",10.0,run/C-AUD-meds3/L2/all/TA,origin/role-c:results_git/C-AUD-meds3/summary_rule_v1~test_L2.json,all.TA,10.0,b0644bf,yes,"File exists only on branch origin/role-c (read with git show); it is not merged into the role-d working tree, so the make_tables key prints tbd and tables/audit.tex is all tbd."
181,"Intro contribution (1), Med-PRM TA L2",11.9,run/C-AUD-medprm/L2/all/TA,origin/role-c:results_git/C-AUD-medprm/summary_rule_v1~test_L2.json,all.TA,11.95,b0644bf,yes,"File exists only on branch origin/role-c (read with git show); it is not merged into the role-d working tree, so the make_tables key prints tbd and tables/audit.tex is all tbd. Python round(11.95,1)=11.9."
181,"Intro contribution (1), untrained backbone TA L2",27.1,run/C-TF-critic/L2/all/TA,results_git/C-TF-critic/summary_rule_v1~test_L2.json,all.TA,27.15,74c90b1,yes,"Python round(27.15,1)=27.1"
187,"Intro contribution (2), verdict-only blocks TA L2 (5-seed mean)",53.7,run/B-F-verdict-blocks/L2/all/TA,results_git/B-F-verdict-blocks-s{0..4}/summary_rule_v1~test_L2.json,mean of all.TA over s0..s4,53.66,,yes,
187,"Intro contribution (2), verdict-only triplets TA L2 (5-seed mean)",91.8,run/B-F-verdict-triplets/L2/all/TA,results_git/B-F-verdict-triplets-s{0..4}/summary_rule_v1~test_L2.json,mean of all.TA over s0..s4,91.84,,yes,
188,"Intro contribution (2), separate-pass record TA lower (summary2-triplets mean)",98.5,run/B-F-summary2-triplets/L2/all/TA,results_git/B-F-summary2-triplets-s{0..4}/summary_rule_v1~test_L2.json,mean of all.TA over s0..s4,98.48,,yes,
188,"Intro contribution (2), separate-pass record TA upper (ledger2-triplets mean)",99.2,run/B-F-ledger2-triplets/L2/all/TA,results_git/B-F-ledger2-triplets-s{0..4}/summary_rule_v1~test_L2.json,mean of all.TA over s0..s4,99.25,,yes,make_tables prints 99.2 (float mean is 99.2499..)
194,"Intro contribution (3), crossed accuracy of trained verifiers, lower",85,run/B-F-ledger2-triplets/xr_v1:test/xa/XA/min,results_git/B-NS-xr_v1-B-F-ledger2-triplets-s0/scores_xr_v1~test.jsonl; results_git/B-F-ledger2-triplets-s{1..4}/scores_xr_v1~test.jsonl,min of XA over s0..s4 (make_tables computes XA from scores),85.0,55c9461,yes,"Verdict-triplets min is 85.5, summary2-triplets 88.5"
194,"Intro contribution (3), crossed accuracy of trained verifiers, upper",94,run/B-F-ledger2-triplets/xr_v1:test/xa/XA/max,results_git/B-NS-xr_v1-B-F-ledger2-triplets-s0/scores_xr_v1~test.jsonl; results_git/B-F-ledger2-triplets-s{1..4}/scores_xr_v1~test.jsonl,max of XA over s0..s4,94.0,55c9461,yes,"Verdict-triplets max is 91.2, summary2-triplets 92.5"
194,"Intro contribution (3), untrained crossed accuracy",39,run/C-TF-critic/xr_v1:test/top/XA,results_git/C-TF-critic/summary_xr_v1~test.json,XA,39.0,74c90b1,yes,
196,"Intro contribution (3), typed applicability conditions",five,,,"attributes concept, subject, status, time, value (Eq. 1)",5,,yes,kind=design; not a measured value
205,"Intro contribution (4), Med-PRM reward at final step",1.00,,results_git/D-RL-stepcheck-s0/summary_rule_v1~test_L2.json,step.1000.reward,0.999688,a2ceb5c,yes,"Rounds to 1.00 at 2 decimals; Sec. 7 prints 0.9997. Seed 0 only; D-RL-stepcheck-s1 also exists (pair 89.33 -> 54.67, reward 0.9990)."
205,"Intro contribution (4), policy pair accuracy at start",88.0,,results_git/D-RL-stepcheck-s0/summary_rule_v1~test_L2.json,start.pair,88.0,a2ceb5c,yes,"Seed 0 only; D-RL-stepcheck-s1 also exists (pair 89.33 -> 54.67, reward 0.9990)."
206,"Intro contribution (4), policy pair accuracy at step 1000",38.7,,results_git/D-RL-stepcheck-s0/summary_rule_v1~test_L2.json,final.pair,38.6667,a2ceb5c,yes,"Seed 0 only; D-RL-stepcheck-s1 also exists (pair 89.33 -> 54.67, reward 0.9990)."
325,"Sec 3.1, criteria where a past or family finding counts",30.5,,tables/data_stats.json,library_semantics.criteria_past_or_family_pct,30.5,a6cc31a,yes,Stored already rounded; 791 criteria
348,"Sec 3.1, judgments per rule-side item (two rules x three cases)",six,,results_git/C-TF-critic/summary_xr_v1~test.json,n_cells / n_items = 2400 / 400,6,74c90b1,yes,kind=design
349,"Sec 3.1, rule-side items",400,,data/xr_v1/test/MANIFEST.json,n_items,400,2df9308,yes,Also n_items in results_git/C-TF-critic/summary_xr_v1~test.json
383,"Table sources, our stated rules",353,a15/rules_total@int,results/A-D15/summary.json,rules_total,353,e40789b,yes,
409,"Sec 3.2, MedCalc-V clinical scores",19,,,,,,no_source,"No data or result file for MedCalc-Bench Verified in data/, results/, results_git/ or tables/. Only the pin table in docs/INTERFACES.md and STAGE2_SPEC.md says '380 rule-based (230 Extracted, 150 Synthetic), 19 calculators'; configs/medcalc_bench.json pins other MedCalc releases and says 'deferred'. The tier is marked not yet built."
409,"Sec 3.2, MedCalc-V test notes",380,,,,,,no_source,"No data or result file for MedCalc-Bench Verified in data/, results/, results_git/ or tables/. Only the pin table in docs/INTERFACES.md and STAGE2_SPEC.md says '380 rule-based (230 Extracted, 150 Synthetic), 19 calculators'; configs/medcalc_bench.json pins other MedCalc releases and says 'deferred'. The tier is marked not yet built."
409,"Sec 3.2, MedCalc-V human-written notes",230,,,,,,no_source,"No data or result file for MedCalc-Bench Verified in data/, results/, results_git/ or tables/. Only the pin table in docs/INTERFACES.md and STAGE2_SPEC.md says '380 rule-based (230 Extracted, 150 Synthetic), 19 calculators'; configs/medcalc_bench.json pins other MedCalc releases and says 'deferred'. The tier is marked not yet built."
418,"Sec 3.2, TrialGPT patient-criterion pairs","1{,}015",,data/clin_v1/trialgpt_test/MANIFEST.json; data/clin_v1/trialgpt_dev/MANIFEST.json,n_items test 801 + dev 213 + len(dev dropped_items) 1,1015,3069d90,yes,"1,014 items are usable; one released annotation (id 883) is dropped for missing criterion text"
419,"Sec 3.2, TrialGPT pairs whose label makes the patient ineligible",33,,data/clin_v1/trialgpt_test/MANIFEST.json; data/clin_v1/trialgpt_dev/MANIFEST.json,by_type_eligibility: 'inclusion|not included' (16+7) + 'exclusion|excluded' (7+3),33,3069d90,yes,
425,"Sec 3.2, DDXPlus findings",223,,,,,,no_source,kind=external (DDXPlus release size). No DDXPlus knowledge-base file in the repo; only the pin table in docs/INTERFACES.md ('49 conditions; 223 evidences').
425,"Sec 3.2, DDXPlus conditions",49,,,,,,no_source,kind=external (DDXPlus release size). No DDXPlus knowledge-base file in the repo; only the pin table in docs/INTERFACES.md ('49 conditions; 223 evidences').
522,"Sec 5, rules in frozen library",353,a15/rules_total@int,results/A-D15/summary.json,rules_total,353,e40789b,yes,
522,"Sec 5, scoring rules",43,a15/rules_by_kind.score@int,results/A-D15/summary.json,rules_by_kind.score,43,e40789b,yes,
523,"Sec 5, constraint rules compiled from public recommendations",60,d/a15/rules_total|a15/rules_by_kind.score|a15/rules_by_source.grammar_sampled@int,tables/data_stats.json,rules.hand_written_by_kind.constraint (= 353 - 43 - 250),60,a6cc31a,unclear,"The count of hand-written constraint rules is 60, but rules.hand_written_provenance_by_kind.constraint is 54 simplified_source and 6 synthetic, so 'compiled from public recommendations' holds for 54 of the 60"
525,"Sec 5, grammar-sampled rules",250,a15/rules_by_source.grammar_sampled@int,results/A-D15/summary.json,rules_by_source.grammar_sampled,250,e40789b,yes,
527,"Sec 5, signature classes",21,a15/folds.1.n_classes@int,results/A-D15/summary.json,folds.1.n_classes,21,e40789b,yes,
528,"Sec 5, L2 triplets","2{,}000",,data/rule_v1/test_L2/MANIFEST.json,n_groups,2000,e40789b,yes,
528,"Sec 5, L2 rules of held-out signature classes",103,,results/A-D15/summary.json,folds.1.n_l2_rules,103,e40789b,yes,Also 103 distinct rid in data/rule_v1/test_L2/records.jsonl
534,"Sec 5, LoRA rank",64,,results_git/B-F-verdict-blocks-s0/meta.json,train.hp.lora_r,64,a8d4111,yes,kind=design
534,"Sec 5, epochs",one,,results_git/B-F-verdict-blocks-s0/meta.json,train.hp.epochs,1,a8d4111,yes,kind=design
535,"Sec 5, training records","60{,}000",,results_git/B-F-verdict-blocks-s0/meta.json,train.examples,60000,a8d4111,yes,"kind=design. Corpora on disk hold 60,000 (natural, balanced) and 60,004 (blocks, triplets) records (tables/data_stats.json training_corpora_records); training uses 60,000"
535,"Sec 5, number of corpora",Four,,results_git/B-F-*,"distinct corpora in run ids: natural, balanced, blocks, triplets",4,,yes,kind=design
540,"Sec 5, one-stage formats",two,,results_git/B-F-*,"formats verdict, rationale",2,,yes,kind=design
541,"Sec 5, two-stage formats",three,,results_git/B-F-*,"formats summary2, value2, ledger2",3,,yes,kind=design
553,"Sec 5, seeds in key cells",five,run/B-F-verdict-blocks/L2/all/TA/n,"results_git/B-F-{verdict,ledger2}-{blocks,triplets}-s{0..4}/summary_rule_v1~test_L2.json",number of seed runs,5,,yes,summary2-triplets also has 5; summary2-blocks has 4 (s0..s3)
577,"Table audit, MedS3 PRM, Rev",22.6,run/C-AUD-meds3/L2/all/Rev,results_git/C-AUD-meds3/summary_rule_v1~test_L2.json,all.Rev,22.6,b0644bf,yes,
577,"Table audit, MedS3 PRM, Hold",16.4,run/C-AUD-meds3/L2/all/Hold,results_git/C-AUD-meds3/summary_rule_v1~test_L2.json,all.Hold,16.35,b0644bf,yes,
577,"Table audit, MedS3 PRM, TA",10.0,run/C-AUD-meds3/L2/all/TA,results_git/C-AUD-meds3/summary_rule_v1~test_L2.json,all.TA,10.0,b0644bf,yes,
577,"Table audit, MedS3 PRM, TA_c",41.5,run/C-AUD-meds3/L2/step=criterion/TA,results_git/C-AUD-meds3/summary_rule_v1~test_L2.json,step.criterion.TA,41.48550724637681,b0644bf,yes,
577,"Table audit, MedS3 PRM, XA",14.0,run/C-AUD-meds3/xr_v1:test/top/XA,results_git/C-AUD-meds3/summary_xr_v1~test.json,XA,14.0,b0644bf,yes,
577,"Table audit, MedS3 PRM, ME pair",25.1,run/C-AUD-meds3/clin_v1:medeinst_test/top/Reversal,results_git/C-AUD-meds3/summary_clin_v1~medeinst_test.json,Reversal,25.116106260449563,b0644bf,yes,
577,"Table audit, MedS3 PRM, Key pair",39.5,run/C-AUD-meds3/clin_v1:keypairs_medqa_oneway/top/Reversal,results_git/C-AUD-meds3/summary_clin_v1~keypairs_medqa_oneway.json,Reversal,39.49579831932773,b0644bf,yes,
578,"Table audit, Med-PRM, Rev",19.4,run/C-AUD-medprm/L2/all/Rev,results_git/C-AUD-medprm/summary_rule_v1~test_L2.json,all.Rev,19.45,b0644bf,yes,
578,"Table audit, Med-PRM, Hold",86.0,run/C-AUD-medprm/L2/all/Hold,results_git/C-AUD-medprm/summary_rule_v1~test_L2.json,all.Hold,85.95,b0644bf,yes,
578,"Table audit, Med-PRM, TA",11.9,run/C-AUD-medprm/L2/all/TA,results_git/C-AUD-medprm/summary_rule_v1~test_L2.json,all.TA,11.95,b0644bf,yes,
578,"Table audit, Med-PRM, TA_c",64.2,run/C-AUD-medprm/L2/step=criterion/TA,results_git/C-AUD-medprm/summary_rule_v1~test_L2.json,step.criterion.TA,64.19082125603865,b0644bf,yes,
578,"Table audit, Med-PRM, XA",13.5,run/C-AUD-medprm/xr_v1:test/top/XA,results_git/C-AUD-medprm/summary_xr_v1~test.json,XA,13.5,b0644bf,yes,
578,"Table audit, Med-PRM, ME pair",16.2,run/C-AUD-medprm/clin_v1:medeinst_test/top/Reversal,results_git/C-AUD-medprm/summary_clin_v1~medeinst_test.json,Reversal,16.21772245959502,b0644bf,yes,
578,"Table audit, Med-PRM, Key pair",57.7,run/C-AUD-medprm/clin_v1:keypairs_medqa_oneway/top/Reversal,results_git/C-AUD-medprm/summary_clin_v1~keypairs_medqa_oneway.json,Reversal,57.703081232493,b0644bf,yes,
579,"Table audit, FoVer PRM, Rev",49.9,run/C-AUD-fover/L2/all/Rev,results_git/C-AUD-fover/summary_rule_v1~test_L2.json,all.Rev,49.9,b0644bf,yes,
579,"Table audit, FoVer PRM, Hold",61.9,run/C-AUD-fover/L2/all/Hold,results_git/C-AUD-fover/summary_rule_v1~test_L2.json,all.Hold,61.9,b0644bf,yes,
579,"Table audit, FoVer PRM, TA",31.8,run/C-AUD-fover/L2/all/TA,results_git/C-AUD-fover/summary_rule_v1~test_L2.json,all.TA,31.8,b0644bf,yes,
579,"Table audit, FoVer PRM, TA_c",68.4,run/C-AUD-fover/L2/step=criterion/TA,results_git/C-AUD-fover/summary_rule_v1~test_L2.json,step.criterion.TA,68.41787439613526,b0644bf,yes,
579,"Table audit, FoVer PRM, XA",44.5,run/C-AUD-fover/xr_v1:test/top/XA,results_git/C-AUD-fover/summary_xr_v1~test.json,XA,44.5,b0644bf,yes,
579,"Table audit, FoVer PRM, ME pair",21.0,run/C-AUD-fover/clin_v1:medeinst_test/top/Reversal,results_git/C-AUD-fover/summary_clin_v1~medeinst_test.json,Reversal,20.99201188928107,b0644bf,yes,
579,"Table audit, FoVer PRM, Key pair",67.2,run/C-AUD-fover/clin_v1:keypairs_medqa_oneway/top/Reversal,results_git/C-AUD-fover/summary_clin_v1~keypairs_medqa_oneway.json,Reversal,67.22689075630252,b0644bf,yes,
580,"Table audit, ThinkPRM-14B, Rev",96.5,run/C-AUD-thinkprm/L2/all/Rev,results_git/C-AUD-thinkprm/summary_rule_v1~test_L2.json,all.Rev,96.5,74a0929,yes,
580,"Table audit, ThinkPRM-14B, Hold",90.0,run/C-AUD-thinkprm/L2/all/Hold,results_git/C-AUD-thinkprm/summary_rule_v1~test_L2.json,all.Hold,90.0,74a0929,yes,
580,"Table audit, ThinkPRM-14B, TA",87.5,run/C-AUD-thinkprm/L2/all/TA,results_git/C-AUD-thinkprm/summary_rule_v1~test_L2.json,all.TA,87.5,74a0929,yes,
581,"Table audit, GenPRM-7B, ME pair",22.0,run/C-AUD-genprm/clin_v1:medeinst_test/top/Reversal,results_git/C-AUD-genprm/summary_clin_v1~medeinst_test.json,Reversal,22.0,74a0929,yes,
583,"Table audit, Critic, Rev",38.5,run/C-TF-critic/L2/all/Rev,results_git/C-TF-critic/summary_rule_v1~test_L2.json,all.Rev,38.55,74c90b1,yes,
583,"Table audit, Critic, Hold",32.2,run/C-TF-critic/L2/all/Hold,results_git/C-TF-critic/summary_rule_v1~test_L2.json,all.Hold,32.2,74c90b1,yes,
583,"Table audit, Critic, TA",27.1,run/C-TF-critic/L2/all/TA,results_git/C-TF-critic/summary_rule_v1~test_L2.json,all.TA,27.15,74c90b1,yes,
583,"Table audit, Critic, TA_c",83.9,run/C-TF-critic/L2/step=criterion/TA,results_git/C-TF-critic/summary_rule_v1~test_L2.json,step.criterion.TA,83.93719806763285,74c90b1,yes,
583,"Table audit, Critic, XA",39.0,run/C-TF-critic/xr_v1:test/top/XA,results_git/C-TF-critic/summary_xr_v1~test.json,XA,39.0,74c90b1,yes,
583,"Table audit, Critic, ME pair",24.2,run/C-ME-critic/clin_v1:medeinst_test/top/Reversal,results_git/C-ME-critic/summary_clin_v1~medeinst_test.json,Reversal,24.187256176853055,c19d712,yes,
583,"Table audit, Critic, Key pair",79.8,run/C-KP-critic/clin_v1:keypairs_medqa_oneway/top/Reversal,results_git/C-KP-critic/summary_clin_v1~keypairs_medqa_oneway.json,Reversal,79.83193277310924,b0644bf,yes,
584,"Table audit, + default corr., TA",26.4,run/C-TF-defcorr/L2/all/TA,results_git/C-TF-defcorr/summary_rule_v1~test_L2.json,all.TA,26.35,65b079b,yes,
584,"Table audit, + default corr., XA",58.5,run/C-TF-defcorr/xr_v1:test/top/XA,results_git/C-TF-defcorr/summary_xr_v1~test.json,XA,58.5,b022da8,yes,
584,"Table audit, + default corr., ME pair",24.7,run/C-ME-defcorr/clin_v1:medeinst_test/top/Reversal,results_git/C-ME-defcorr/summary_clin_v1~medeinst_test.json,Reversal,24.67025822032324,b022da8,yes,
585,"Table audit, + prompted summary, Rev",74.7,run/C-TF-promptsum/L2/all/Rev,results_git/C-TF-promptsum/summary_rule_v1~test_L2.json @ origin/role-c,all.Rev,74.65,,yes,"only on branch origin/role-c, not merged into the role-d working tree (make_tables prints tbd)"
585,"Table audit, + prompted summary, Hold",89.8,run/C-TF-promptsum/L2/all/Hold,results_git/C-TF-promptsum/summary_rule_v1~test_L2.json @ origin/role-c,all.Hold,89.85,,yes,"only on branch origin/role-c, not merged into the role-d working tree (make_tables prints tbd)"
585,"Table audit, + prompted summary, TA",67.5,run/C-TF-promptsum/L2/all/TA,results_git/C-TF-promptsum/summary_rule_v1~test_L2.json @ origin/role-c,all.TA,67.45,,yes,"only on branch origin/role-c, not merged into the role-d working tree (make_tables prints tbd)"
585,"Table audit, + prompted summary, TA_c",88.8,run/C-TF-promptsum/L2/step=criterion/TA,results_git/C-TF-promptsum/summary_rule_v1~test_L2.json @ origin/role-c,step.criterion.TA,88.76811594202898,,yes,"only on branch origin/role-c, not merged into the role-d working tree (make_tables prints tbd)"
585,"Table audit, + prompted summary, XA",80.5,run/C-TF-promptsum/xr_v1:test/top/XA,results_git/C-TF-promptsum/summary_xr_v1~test.json @ origin/role-c,XA,80.5,,yes,"only on branch origin/role-c, not merged into the role-d working tree (make_tables prints tbd)"
585,"Table audit, + prompted summary, Key pair",79.6,run/C-KP-promptsum/clin_v1:keypairs_medqa_oneway/top/Reversal,results_git/C-KP-promptsum/summary_clin_v1~keypairs_medqa_oneway.json,Reversal,79.55182072829132,b0644bf,yes,
586,"Table audit, + prompted ledger (lenient), Rev",68.0,run/C-TF-promptledger-lenient/L2/all/Rev,results_git/C-TF-promptledger-lenient/summary_rule_v1~test_L2.json,all.Rev,67.95,b0644bf,yes,
586,"Table audit, + prompted ledger (lenient), Hold",87.8,run/C-TF-promptledger-lenient/L2/all/Hold,results_git/C-TF-promptledger-lenient/summary_rule_v1~test_L2.json,all.Hold,87.8,b0644bf,yes,
586,"Table audit, + prompted ledger (lenient), TA",59.5,run/C-TF-promptledger-lenient/L2/all/TA,results_git/C-TF-promptledger-lenient/summary_rule_v1~test_L2.json,all.TA,59.5,b0644bf,yes,
586,"Table audit, + prompted ledger (lenient), TA_c",82.1,run/C-TF-promptledger-lenient/L2/step=criterion/TA,results_git/C-TF-promptledger-lenient/summary_rule_v1~test_L2.json,step.criterion.TA,82.06521739130434,b0644bf,yes,
586,"Table audit, + prompted ledger (lenient), XA",52.5,run/C-TF-promptledger-lenient/xr_v1:test/top/XA,results_git/C-TF-promptledger-lenient/summary_xr_v1~test.json,XA,52.5,b0644bf,yes,
587,"Table audit, Generated program, Rev",93.3,run/C-TF-genprog/L2/all/Rev,results_git/C-TF-genprog/summary_rule_v1~test_L2.json,all.Rev,93.3,b0644bf,yes,
587,"Table audit, Generated program, Hold",94.7,run/C-TF-genprog/L2/all/Hold,results_git/C-TF-genprog/summary_rule_v1~test_L2.json,all.Hold,94.7,b0644bf,yes,
587,"Table audit, Generated program, TA",89.8,run/C-TF-genprog/L2/all/TA,results_git/C-TF-genprog/summary_rule_v1~test_L2.json,all.TA,89.8,b0644bf,yes,
587,"Table audit, Generated program, XA",82.8,run/C-TF-genprog/xr_v1:test/top/XA,results_git/C-TF-genprog/summary_xr_v1~test.json,XA,82.75,b0644bf,yes,
592,"Table audit caption, note a (ThinkPRM subset, triplets)",200,,results_git/C-AUD-thinkprm/summary_rule_v1~test_L2.json,all.n,200,74a0929,yes,
593,"Table audit caption, note b (GenPRM MedEinst subset, pairs)",200,,results_git/C-AUD-genprm/summary_clin_v1~medeinst_test.json,n_pairs,200,74a0929,yes,
593,"Table audit caption, note c, strict share of malformed ledgers",98.8,,results_git/C-TF-promptledger/summary_rule_v1~test_L2.json,100*eval.malformed_units/eval.reader_units (7900/8000; eval.malformed_rate=0.9875),98.75,b0644bf,yes,
594,"Table audit caption, note c, strict TA",0.05,run/C-TF-promptledger/L2/all/TA,results_git/C-TF-promptledger/summary_rule_v1~test_L2.json,all.TA,0.05,b0644bf,yes,
594,"Table audit caption, note d (generated program subset, triplets)","1,000",,results_git/C-TF-genprog/summary_rule_v1~test_L2.json,all.n,1000,b0644bf,yes,
601,"6.1 audit prose, Med-PRM base accuracy",91.2,run/C-AUD-medprm/L2/all/BaseAcc,results_git/C-AUD-medprm/summary_rule_v1~test_L2.json,all.BaseAcc,91.15,b0644bf,yes,
602,"6.1 audit prose, Med-PRM near-misses",86.0,run/C-AUD-medprm/L2/all/Hold,results_git/C-AUD-medprm/summary_rule_v1~test_L2.json,all.Hold,85.95,b0644bf,yes,
602,"6.1 audit prose, Med-PRM reversal",19.4,run/C-AUD-medprm/L2/all/Rev,results_git/C-AUD-medprm/summary_rule_v1~test_L2.json,all.Rev,19.45,b0644bf,yes,
604,"6.1 audit prose, MedS3 prefers the wrong claim on base cases",74.6,,results_git/C-AUD-meds3/summary_rule_v1~test_L2.json,"100 - all.BaseAcc - all.Tie (BaseAcc 25.4, Tie 0.0)",74.6,b0644bf,yes,
604,"6.1 audit prose, three fair coins",12.5,,,"0.5**3*100 (arithmetic, not a result)",12.5,,yes,
606,"6.1 audit prose, backbone criterion claims",83.9,run/C-TF-critic/L2/step=criterion/TA,results_git/C-TF-critic/summary_rule_v1~test_L2.json,step.criterion.TA,83.93719806763285,74c90b1,yes,
607,"6.1 audit prose, backbone conclusion claims",27.1,run/C-TF-critic/L2/all/TA,results_git/C-TF-critic/summary_rule_v1~test_L2.json,all.TA,27.15,74c90b1,yes,
607,"6.1 audit prose, backbone base accuracy",below one half,run/C-TF-critic/L2/all/BaseAcc,results_git/C-TF-critic/summary_rule_v1~test_L2.json,all.BaseAcc,39.55,74c90b1,yes,
610,"6.1 audit prose, prompted summary TA",67.5,run/C-TF-promptsum/L2/all/TA,results_git/C-TF-promptsum/summary_rule_v1~test_L2.json @ origin/role-c,all.TA,67.45,,yes,"only on branch origin/role-c, not merged into the role-d working tree (make_tables prints tbd)"
611,"6.1 audit prose, generated program TA",89.8,run/C-TF-genprog/L2/all/TA,results_git/C-TF-genprog/summary_rule_v1~test_L2.json,all.TA,89.8,b0644bf,yes,
612,"6.1 audit prose, ThinkPRM-14B TA",87.5,run/C-AUD-thinkprm/L2/all/TA,results_git/C-AUD-thinkprm/summary_rule_v1~test_L2.json,all.TA,87.5,74a0929,yes,
612,"6.1 audit prose, ThinkPRM subset size",200,,results_git/C-AUD-thinkprm/summary_rule_v1~test_L2.json,all.n,200,74a0929,yes,
616,"6.1 audit prose, claim-only scorer solves no triplet",no triplet,run/A-D14-claim_only/L2/all/TA,results/A-D14-claim_only/summary_rule_v1__test_L2.json,all.TA,0.0,e40789b,yes,
616,"6.1 audit prose, concept-named scorer solves no triplet",no triplet,run/A-D14-concept_named/L2/all/TA,results/A-D14-concept_named/summary_rule_v1__test_L2.json,all.TA,0.0,e40789b,yes,
616,"6.1 audit prose, trigger lexicon, training cue phrases",54.0,run/A-D14-trigger_train/L2/all/TA,results/A-D14-trigger_train/summary_rule_v1__test_L2.json,all.TA,53.95,e40789b,yes,
617,"6.1 audit prose, trigger lexicon, test cue phrases",99.5,run/A-D14-trigger_all/L2/all/TA,results/A-D14-trigger_all/summary_rule_v1__test_L2.json,all.TA,99.5,e40789b,yes,
633,"Table factorial, Verdict only, Nat. (seed 0)",58.0,run/B-F-verdict-natural/L2/all/TA/s0,results_git/B-F-verdict-natural-s0/summary_rule_v1~test_L2.json,all.TA,58.0,f16555a,yes,
633,"Table factorial, Verdict only, Bal. (seed 0)",49.1,run/B-F-verdict-balanced/L2/all/TA/s0,results_git/B-F-verdict-balanced-s0/summary_rule_v1~test_L2.json,all.TA,49.15,f16555a,yes,
633,"Table factorial, Verdict only, Blocks (seed 0)",58.2,run/B-F-verdict-blocks/L2/all/TA/s0,results_git/B-F-verdict-blocks-s0/summary_rule_v1~test_L2.json,all.TA,58.2,f16555a,yes,
633,"Table factorial, Verdict only, Triplets (seed 0)",91.3,run/B-F-verdict-triplets/L2/all/TA/s0,results_git/B-F-verdict-triplets-s0/summary_rule_v1~test_L2.json,all.TA,91.3,f16555a,yes,
634,"Table factorial, Verdict only seed row, Blocks, mean",53.7,run/B-F-verdict-blocks/L2/all/TA,"results_git/B-F-verdict-blocks-s{0,1,2,3,4}/summary_rule_v1~test_L2.json","mean of all.TA over seeds [0, 1, 2, 3, 4]: [58.2, 53.45, 60.0, 47.65, 49.0]",53.660000000000004,,yes,
634,"Table factorial, Verdict only seed row, Blocks, s.d.",5.4,run/B-F-verdict-blocks/L2/all/TA/sd,"results_git/B-F-verdict-blocks-s{0,1,2,3,4}/summary_rule_v1~test_L2.json","sample sd of all.TA over seeds [0, 1, 2, 3, 4]",5.4471781685566345,,yes,
634,"Table factorial, Verdict only seed row, Triplets, mean",91.8,run/B-F-verdict-triplets/L2/all/TA,"results_git/B-F-verdict-triplets-s{0,1,2,3,4}/summary_rule_v1~test_L2.json","mean of all.TA over seeds [0, 1, 2, 3, 4]: [91.3, 91.75, 92.2, 92.2, 91.75]",91.84,,yes,
634,"Table factorial, Verdict only seed row, Triplets, s.d.",0.4,run/B-F-verdict-triplets/L2/all/TA/sd,"results_git/B-F-verdict-triplets-s{0,1,2,3,4}/summary_rule_v1~test_L2.json","sample sd of all.TA over seeds [0, 1, 2, 3, 4]",0.37649701194033636,,yes,
635,"Table factorial, Rationale, then verdict, Nat. (seed 0)",55.1,run/B-F-rationale-natural/L2/all/TA/s0,results_git/B-F-rationale-natural-s0/summary_rule_v1~test_L2.json,all.TA,55.1,f16555a,yes,
635,"Table factorial, Rationale, then verdict, Bal. (seed 0)",64.7,run/B-F-rationale-balanced/L2/all/TA/s0,results_git/B-F-rationale-balanced-s0/summary_rule_v1~test_L2.json,all.TA,64.7,f16555a,yes,
635,"Table factorial, Rationale, then verdict, Blocks (seed 0)",61.5,run/B-F-rationale-blocks/L2/all/TA/s0,results_git/B-F-rationale-blocks-s0/summary_rule_v1~test_L2.json,all.TA,61.5,f16555a,yes,
635,"Table factorial, Rationale, then verdict, Triplets (seed 0)",91.0,run/B-F-rationale-triplets/L2/all/TA/s0,results_git/B-F-rationale-triplets-s0/summary_rule_v1~test_L2.json,all.TA,91.05,f16555a,yes,
637,"Table factorial, Evidence summary (prose), Nat. (seed 0)",45.7,run/B-F-summary2-natural/L2/all/TA/s0,results_git/B-F-summary2-natural-s0/summary_rule_v1~test_L2.json,all.TA,45.7,8d877d5,yes,
637,"Table factorial, Evidence summary (prose), Bal. (seed 0)",72.5,run/B-F-summary2-balanced/L2/all/TA/s0,results_git/B-F-summary2-balanced-s0/summary_rule_v1~test_L2.json,all.TA,72.5,6710f96,yes,
637,"Table factorial, Evidence summary (prose), Blocks (seed 0)",67.3,run/B-F-summary2-blocks/L2/all/TA/s0,results_git/B-F-summary2-blocks-s0/summary_rule_v1~test_L2.json,all.TA,67.3,f16555a,yes,
637,"Table factorial, Evidence summary (prose), Triplets (seed 0)",98.0,run/B-F-summary2-triplets/L2/all/TA/s0,results_git/B-F-summary2-triplets-s0/summary_rule_v1~test_L2.json,all.TA,98.0,f16555a,yes,
638,"Table factorial, row label ""four and five seeds"" (summary x blocks)",four,run/B-F-summary2-blocks/L2/all/TA/n,results_git/B-F-summary2-blocks-s*/summary_rule_v1~test_L2.json,number of seeds with a test_L2 summary in role-d,5,,no,"seed 4 (TA 69.25) is now in the role-d working tree (untracked files written 8 Oct 16:20; also on origin/role-b), so the files give five seeds; seeds 0-3 alone give 64.9125 sd 6.19, which is what the typed value and tables/factorial.tex (generated 3 Oct) show"
638,"Table factorial, Evidence summary seed row, Blocks, mean",64.9,run/B-F-summary2-blocks/L2/all/TA,"results_git/B-F-summary2-blocks-s{0,1,2,3,4}/summary_rule_v1~test_L2.json","mean of all.TA over seeds [0, 1, 2, 3, 4]: [67.3, 57.9, 72.2, 62.25, 69.25]",65.78,,no,"file says 65.78, which rounds to 65.8; seed 4 (TA 69.25) is now in the role-d working tree (untracked files written 8 Oct 16:20; also on origin/role-b), so the files give five seeds; seeds 0-3 alone give 64.9125 sd 6.19, which is what the typed value and tables/factorial.tex (generated 3 Oct) show"
638,"Table factorial, Evidence summary seed row, Blocks, s.d.",6.2,run/B-F-summary2-blocks/L2/all/TA/sd,"results_git/B-F-summary2-blocks-s{0,1,2,3,4}/summary_rule_v1~test_L2.json","sample sd of all.TA over seeds [0, 1, 2, 3, 4]",5.703573441273463,,no,"file says 5.703573441273463, which rounds to 5.7; seed 4 (TA 69.25) is now in the role-d working tree (untracked files written 8 Oct 16:20; also on origin/role-b), so the files give five seeds; seeds 0-3 alone give 64.9125 sd 6.19, which is what the typed value and tables/factorial.tex (generated 3 Oct) show"
638,"Table factorial, Evidence summary seed row, Triplets, mean",98.5,run/B-F-summary2-triplets/L2/all/TA,"results_git/B-F-summary2-triplets-s{0,1,2,3,4}/summary_rule_v1~test_L2.json","mean of all.TA over seeds [0, 1, 2, 3, 4]: [98.0, 98.1, 97.95, 98.9, 99.45]",98.48,,yes,
638,"Table factorial, Evidence summary seed row, Triplets, s.d.",0.7,run/B-F-summary2-triplets/L2/all/TA/sd,"results_git/B-F-summary2-triplets-s{0,1,2,3,4}/summary_rule_v1~test_L2.json","sample sd of all.TA over seeds [0, 1, 2, 3, 4]",0.6657702306351666,,yes,
639,"Table factorial, Value ledger, Nat. (seed 0)",43.0,run/B-F-value2-natural/L2/all/TA/s0,results_git/B-F-value2-natural-s0/summary_rule_v1~test_L2.json,all.TA,43.0,62835a9,yes,
639,"Table factorial, Value ledger, Bal. (seed 0)",71.9,run/B-F-value2-balanced/L2/all/TA/s0,results_git/B-F-value2-balanced-s0/summary_rule_v1~test_L2.json,all.TA,71.9,62835a9,yes,
639,"Table factorial, Value ledger, Blocks (seed 0)",70.7,run/B-F-value2-blocks/L2/all/TA/s0,results_git/B-F-value2-blocks-s0/summary_rule_v1~test_L2.json,all.TA,70.7,719240b,yes,
639,"Table factorial, Value ledger, Triplets (seed 0)",85.7,run/B-F-value2-triplets/L2/all/TA/s0,results_git/B-F-value2-triplets-s0/summary_rule_v1~test_L2.json,all.TA,85.7,9477ace,yes,
640,"Table factorial, Applicability ledger, Nat. (seed 0)",77.2,run/B-F-ledger2-natural/L2/all/TA/s0,results_git/B-F-ledger2-natural-s0/summary_rule_v1~test_L2.json,all.TA,77.25,c2b41fc,yes,
640,"Table factorial, Applicability ledger, Bal. (seed 0)",49.4,run/B-F-ledger2-balanced/L2/all/TA/s0,results_git/B-F-ledger2-balanced-s0/summary_rule_v1~test_L2.json,all.TA,49.35,da65946,yes,
640,"Table factorial, Applicability ledger, Blocks (seed 0)",75.3,run/B-F-ledger2-blocks/L2/all/TA/s0,results_git/B-F-ledger2-blocks-s0/summary_rule_v1~test_L2.json,all.TA,75.3,f16555a,yes,
640,"Table factorial, Applicability ledger, Triplets (seed 0)",99.2,run/B-F-ledger2-triplets/L2/all/TA/s0,results_git/B-F-ledger2-triplets-s0/summary_rule_v1~test_L2.json,all.TA,99.2,f16555a,yes,
641,"Table factorial, Applicability ledger seed row, Blocks, mean",71.0,run/B-F-ledger2-blocks/L2/all/TA,"results_git/B-F-ledger2-blocks-s{0,1,2,3,4}/summary_rule_v1~test_L2.json","mean of all.TA over seeds [0, 1, 2, 3, 4]: [75.3, 59.45, 74.9, 60.6, 84.5]",70.95,,yes,
641,"Table factorial, Applicability ledger seed row, Blocks, s.d.",10.7,run/B-F-ledger2-blocks/L2/all/TA/sd,"results_git/B-F-ledger2-blocks-s{0,1,2,3,4}/summary_rule_v1~test_L2.json","sample sd of all.TA over seeds [0, 1, 2, 3, 4]",10.694624818103717,,yes,
641,"Table factorial, Applicability ledger seed row, Triplets, mean",99.2,run/B-F-ledger2-triplets/L2/all/TA,"results_git/B-F-ledger2-triplets-s{0,1,2,3,4}/summary_rule_v1~test_L2.json","mean of all.TA over seeds [0, 1, 2, 3, 4]: [99.2, 99.05, 99.15, 99.15, 99.7]",99.25,,yes,
641,"Table factorial, Applicability ledger seed row, Triplets, s.d.",0.3,run/B-F-ledger2-triplets/L2/all/TA/sd,"results_git/B-F-ledger2-triplets-s{0,1,2,3,4}/summary_rule_v1~test_L2.json","sample sd of all.TA over seeds [0, 1, 2, 3, 4]",0.25739075352467555,,yes,
645,"Table factorial caption, training records",60k,,results_git/B-F-ledger2-triplets-s0/meta.json,train_key (contains n60000),ledger2__rule_v1~train_triplets__n60000__p0.3__c0__L1024__v2,c3bdac6,yes,
647,"Table factorial caption, prose judge that also sees the case",98.8,run/B-SC-summary2-triplets/L2/all/TA/s0,results_git/B-SC-summary2-triplets-s0/summary_rule_v1~test_L2.json,all.TA,98.8,f6a3250,yes,
647,"Table factorial caption, largest interval over rules at seed 0",4.9,,results_git/B-F-*-s0/summary_rule_v1~test_L2.json,max over the 20 seed-0 cells of (CI95.TA[1]-CI95.TA[0])/2,4.7309 (working tree) / 4.8635 (HEAD),,unclear,"the stored CI95 differs between the committed files and the working tree (118 summaries overwritten on 8 Oct, uncommitted; only CI95 fields changed). HEAD: largest half-width 4.86 (rationale x natural), largest one-sided distance max(hi-TA, TA-lo) 5.00 (rationale x natural). Working tree: 4.73 (rationale x balanced) and 4.87 (rationale x balanced). ""At most 4.9"" holds as a half-width in both; as a one-sided distance it fails on the committed files"
654,"6.2 prose, cells trained without near-misses",fifteen,,"results_git/B-F-*-{natural,balanced,blocks}-s0/summary_rule_v1~test_L2.json","5 formats x 3 corpora, each with a seed-0 summary",15,,yes,
655,"6.2 prose, seed-0 reversal, lower end",83.2,,"results_git/B-F-*-{natural,balanced,blocks}-s0/summary_rule_v1~test_L2.json",min of all.Rev over the 15 cells (rationale x natural),83.2,,yes,
655,"6.2 prose, seed-0 reversal, upper end",99.6,,"results_git/B-F-*-{natural,balanced,blocks}-s0/summary_rule_v1~test_L2.json",max of all.Rev over the 15 cells (summary2 x balanced),99.6,,yes,
656,"6.2 prose, seed-0 near-miss correctness, lower end",43.9,,"results_git/B-F-*-{natural,balanced,blocks}-s0/summary_rule_v1~test_L2.json",min of all.Hold over the 15 cells (value2 x natural),43.9,,yes,
656,"6.2 prose, seed-0 near-miss correctness, upper end",77.8,,"results_git/B-F-*-{natural,balanced,blocks}-s0/summary_rule_v1~test_L2.json",max of all.Hold over the 15 cells (ledger2 x natural),77.75,,yes,
656,"6.2 prose, seeds of verdict x blocks",five,run/B-F-verdict-blocks/L2/all/TA/n,"results_git/B-F-verdict-blocks-s{0,1,2,3,4}/summary_rule_v1~test_L2.json",number of seeds,5,,yes,
657,"6.2 prose, verdict x blocks reversal over five seeds, lower end",91.8,run/B-F-verdict-blocks/L2/all/Rev/min,"results_git/B-F-verdict-blocks-s{0,1,2,3,4}/summary_rule_v1~test_L2.json","min of all.Rev over seeds [0, 1, 2, 3, 4]: [93.1, 91.8, 92.1, 93.35, 92.45]",91.8,,yes,
657,"6.2 prose, verdict x blocks reversal over five seeds, upper end",93.4,run/B-F-verdict-blocks/L2/all/Rev/max,"results_git/B-F-verdict-blocks-s{0,1,2,3,4}/summary_rule_v1~test_L2.json","max of all.Rev over seeds [0, 1, 2, 3, 4]: [93.1, 91.8, 92.1, 93.35, 92.45]",93.35,,no,"file says 93.35, which rounds to 93.3"
658,"6.2 prose, verdict x blocks near-miss correctness over five seeds, lower end",51.3,run/B-F-verdict-blocks/L2/all/Hold/min,"results_git/B-F-verdict-blocks-s{0,1,2,3,4}/summary_rule_v1~test_L2.json","min of all.Hold over seeds [0, 1, 2, 3, 4]: [61.55, 59.1, 64.85, 51.3, 52.85]",51.3,,yes,
658,"6.2 prose, verdict x blocks near-miss correctness over five seeds, upper end",64.9,run/B-F-verdict-blocks/L2/all/Hold/max,"results_git/B-F-verdict-blocks-s{0,1,2,3,4}/summary_rule_v1~test_L2.json","max of all.Hold over seeds [0, 1, 2, 3, 4]: [61.55, 59.1, 64.85, 51.3, 52.85]",64.85,,no,"file says 64.85, which rounds to 64.8"
658,"6.2 prose, verdict x blocks TA (mean of five seeds)",53.7,run/B-F-verdict-blocks/L2/all/TA,"results_git/B-F-verdict-blocks-s{0,1,2,3,4}/summary_rule_v1~test_L2.json","mean of all.TA: [58.2, 53.45, 60.0, 47.65, 49.0]",53.660000000000004,,yes,
659,"6.2 prose, verdict x blocks criterion-claim TA over five seeds, lower end",53.5,run/B-F-verdict-blocks/L2/step=criterion/TA/min,"results_git/B-F-verdict-blocks-s{0,1,2,3,4}/summary_rule_v1~test_L2.json","min of step.criterion.TA over seeds [0, 1, 2, 3, 4]: [60.628, 60.507, 66.546, 54.227, 53.502]",53.5024154589372,,yes,
659,"6.2 prose, verdict x blocks criterion-claim TA over five seeds, upper end",66.5,run/B-F-verdict-blocks/L2/step=criterion/TA/max,"results_git/B-F-verdict-blocks-s{0,1,2,3,4}/summary_rule_v1~test_L2.json","max of step.criterion.TA over seeds [0, 1, 2, 3, 4]: [60.628, 60.507, 66.546, 54.227, 53.502]",66.54589371980677,,yes,
659,"6.2 prose, backbone criterion-claim TA",83.9,run/C-TF-critic/L2/step=criterion/TA,results_git/C-TF-critic/summary_rule_v1~test_L2.json,step.criterion.TA,83.93719806763285,74c90b1,yes,
662,"6.2 prose, verdict x triplets TA (mean of five seeds)",91.8,run/B-F-verdict-triplets/L2/all/TA,"results_git/B-F-verdict-triplets-s{0,1,2,3,4}/summary_rule_v1~test_L2.json","mean of all.TA: [91.3, 91.75, 92.2, 92.2, 91.75]",91.84,,yes,
662,"6.2 prose, triplets minus blocks, verdict only",+38.2,cmp/p2/diff,"results_git/B-F-verdict-{triplets,blocks}-s{0..4}/summary_rule_v1~test_L2.json",difference of the two five-seed means of all.TA (make_tables --key cmp/p2/diff prints 38.2),38.18,,yes,
662,"6.2 prose, CI lower",34.9,cmp/p2/lo,"tables/primary.tex row (2); computed from scores_rule_v1~test_L2.jsonl of B-F-verdict-{triplets,blocks}-s{0..4}",make_tables --key cmp/p2/lo prints 34.9 (paired bootstrap over rules; the unrounded value is not stored in numbers.json),34.9,,yes,
662,"6.2 prose, CI upper",41.2,cmp/p2/hi,tables/primary.tex row (2); same scores,make_tables --key cmp/p2/hi prints 41.2,41.2,,yes,
663,"6.2 prose, verdict x triplets near-miss correctness over seeds, lower end",96.6,run/B-F-verdict-triplets/L2/all/Hold/min,"results_git/B-F-verdict-triplets-s{0,1,2,3,4}/summary_rule_v1~test_L2.json","min of all.Hold over seeds [0, 1, 2, 3, 4]: [97.65, 96.6, 98.2, 97.2, 98.2]",96.6,,yes,
663,"6.2 prose, verdict x triplets near-miss correctness over seeds, upper end",98.2,run/B-F-verdict-triplets/L2/all/Hold/max,"results_git/B-F-verdict-triplets-s{0,1,2,3,4}/summary_rule_v1~test_L2.json","max of all.Hold over seeds [0, 1, 2, 3, 4]: [97.65, 96.6, 98.2, 97.2, 98.2]",98.2,,yes,
664,"6.2 prose, s.d. over seeds, blocks",5.4,run/B-F-verdict-blocks/L2/all/TA/sd,"results_git/B-F-verdict-blocks-s{0,1,2,3,4}/summary_rule_v1~test_L2.json",sample sd of all.TA,5.4471781685566345,,yes,
664,"6.2 prose, s.d. over seeds, triplets",0.4,run/B-F-verdict-triplets/L2/all/TA/sd,"results_git/B-F-verdict-triplets-s{0,1,2,3,4}/summary_rule_v1~test_L2.json",sample sd of all.TA,0.37649701194033636,,yes,
664,"6.2 prose, summary2 x blocks TA (mean over seeds)",64.9,run/B-F-summary2-blocks/L2/all/TA,"results_git/B-F-summary2-blocks-s{0,1,2,3,4}/summary_rule_v1~test_L2.json","mean of all.TA over seeds [0, 1, 2, 3, 4]: [67.3, 57.9, 72.2, 62.25, 69.25]",65.78,,no,"file says 65.78, which rounds to 65.8; seed 4 (TA 69.25) is now in the role-d working tree (untracked files written 8 Oct 16:20; also on origin/role-b), so the files give five seeds; seeds 0-3 alone give 64.9125 sd 6.19, which is what the typed value and tables/factorial.tex (generated 3 Oct) show"
664,"6.2 prose, summary2 x triplets TA (mean over seeds)",98.5,run/B-F-summary2-triplets/L2/all/TA,"results_git/B-F-summary2-triplets-s{0,1,2,3,4}/summary_rule_v1~test_L2.json","mean of all.TA over seeds [0, 1, 2, 3, 4]: [98.0, 98.1, 97.95, 98.9, 99.45]",98.48,,yes,
665,"6.2 prose, ledger2 x blocks TA (mean over seeds)",71.0,run/B-F-ledger2-blocks/L2/all/TA,"results_git/B-F-ledger2-blocks-s{0,1,2,3,4}/summary_rule_v1~test_L2.json","mean of all.TA over seeds [0, 1, 2, 3, 4]: [75.3, 59.45, 74.9, 60.6, 84.5]",70.95,,yes,
665,"6.2 prose, ledger2 x triplets TA (mean over seeds)",99.2,run/B-F-ledger2-triplets/L2/all/TA,"results_git/B-F-ledger2-triplets-s{0,1,2,3,4}/summary_rule_v1~test_L2.json","mean of all.TA over seeds [0, 1, 2, 3, 4]: [99.2, 99.05, 99.15, 99.15, 99.7]",99.25,,yes,
666,"6.2 prose, verdict x blocks, finding belongs to another person",11.5,run/B-F-verdict-blocks/L2/nm_kind=subject/TA/s0,results_git/B-F-verdict-blocks-s0/summary_rule_v1~test_L2.json,nm_kind=subject.TA (seed 0),11.5,f16555a,unclear,"equals the seed-0 value only; the sentence names no seed, its neighbours are five-seed means, and the five-seed mean is 9.80 ([11.5, 2.25, 24.0, 3.5, 7.75]), which is what the scaffold key run/B-F-verdict-blocks/L2/nm_kind=subject/TA returns"
667,"6.2 prose, verdict x blocks, value on the threshold",33.8,run/B-F-verdict-blocks/L2/nm_kind=boundary/TA/s0,results_git/B-F-verdict-blocks-s0/summary_rule_v1~test_L2.json,nm_kind=boundary.TA (seed 0),33.75,f16555a,unclear,"equals the seed-0 value only; the sentence names no seed, its neighbours are five-seed means, and the five-seed mean is 21.60 ([33.75, 19.75, 32.5, 8.25, 13.75]), which is what the scaffold key run/B-F-verdict-blocks/L2/nm_kind=boundary/TA returns"
668,"6.2 prose, probe re-weighting",55.3,run/B-AB-probe-rw/L2/all/TA/s0,results_git/B-AB-probe-rw-s0/summary_rule_v1~test_L2.json,all.TA,55.3,8162672,yes,
670,"6.2 prose, balanced corpora near-miss correctness, lower end",51.6,,results_git/B-F-*-balanced-s0/summary_rule_v1~test_L2.json,min of all.Hold over the 5 formats at seed 0 (ledger2),51.6,,yes,
670,"6.2 prose, balanced corpora near-miss correctness, upper end",72.8,,results_git/B-F-*-balanced-s0/summary_rule_v1~test_L2.json,max of all.Hold over the 5 formats at seed 0 (summary2),72.85,,yes,
673,"6.2 prose, criterion-claim TA with near-misses, minimum over formats except the value ledger",97.7,,"results_git/B-F-{verdict,rationale,summary2,ledger2}-triplets-s0/summary_rule_v1~test_L2.json","min of step.criterion.TA at seed 0 (summary2); others [(99.09, 'ledger2'), (99.21, 'verdict'), (99.28, 'rationale')]; value ledger 85.39",97.70531400966183,,yes,
675,"6.2 prose, one-stage verdict",91.3,run/B-F-verdict-triplets/L2/all/TA/s0,results_git/B-F-verdict-triplets-s0/summary_rule_v1~test_L2.json,all.TA,91.3,f16555a,yes,
675,"6.2 prose, one-stage rationale",91.0,run/B-F-rationale-triplets/L2/all/TA/s0,results_git/B-F-rationale-triplets-s0/summary_rule_v1~test_L2.json,all.TA,91.05,f16555a,yes,
675,"6.2 prose, two-stage prose",98.0,run/B-F-summary2-triplets/L2/all/TA/s0,results_git/B-F-summary2-triplets-s0/summary_rule_v1~test_L2.json,all.TA,98.0,f16555a,yes,
675,"6.2 prose, two-stage ledger",99.2,run/B-F-ledger2-triplets/L2/all/TA/s0,results_git/B-F-ledger2-triplets-s0/summary_rule_v1~test_L2.json,all.TA,99.2,f16555a,yes,
679,"6.2 prose, typed fields over prose",0.8,cmp/p3/diff,"tables/numbers.json (computed from B-F-{ledger2,summary2}-triplets-s{0..4})",cmp/p3/diff.number,0.77,,yes,"difference of five-seed means; at seed 0 alone it is 99.2 - 98.0 = 1.2, while the sentence before it quotes seed-0 values"
680,"6.2 prose, CI lower",0.3,cmp/p3/lo,tables/numbers.json,cmp/p3/lo.number,0.2679031427099433,c891a7a,yes,
680,"6.2 prose, CI upper",1.3,cmp/p3/hi,tables/numbers.json,cmp/p3/hi.number,1.325115562403698,c891a7a,yes,
680,"6.2 prose, value ledger (no subject/status/time) below the applicability ledger",13.5,d/run/B-F-ledger2-triplets/L2/all/TA/s0|run/B-F-value2-triplets/L2/all/TA/s0,"results_git/B-F-{ledger2,value2}-triplets-s0/summary_rule_v1~test_L2.json",all.TA at seed 0: 99.2 - 85.7,13.5,,yes,seed 0 against seed 0; against the five-seed ledger mean 99.25 the difference is 13.55
688,"6.3 prose, judge sees only the bit",99.3,run/B-AB-bitonly-judge/L2/all/TA/s0,results_git/B-AB-bitonly-judge-s0/summary_rule_v1~test_L2.json,all.TA,99.35,6f8fc91,yes,
689,"6.3 prose, reader writes only the bit",99.95,run/B-AB-bitonly-reader/L2/all/TA/s0,results_git/B-AB-bitonly-reader-s0/summary_rule_v1~test_L2.json,all.TA,99.95,ea0f696,yes,
689,"6.3 prose, XA of the bit-only judge (""both reach"")",97.8,run/B-AB-bitonly-judge/xr_v1:test/xa/XA/s0,results_git/B-AB-bitonly-judge-s0/summary_xr_v1~test.json,xr.conclusion.XA,97.75,6f8fc91,yes,
689,"6.3 prose, XA of the bit-only reader (""both reach"")",97.8,run/B-AB-bitonly-reader/xr_v1:test/xa/XA/s0,results_git/B-AB-bitonly-reader-s0/summary_xr_v1~test.json,xr.conclusion.XA,97.75,ea0f696,yes,
690,"6.3 prose, ledger XA over five seeds, lower end",85.0,run/B-F-ledger2-triplets/xr_v1:test/xa/XA/min,"results_git/B-NS-xr_v1-B-F-ledger2-triplets-s0/summary_xr_v1~test.json and results_git/B-F-ledger2-triplets-s{1,2,3,4}/summary_xr_v1~test.json","min of xr.conclusion.XA: [89.75, 88.75, 91.5, 94.0, 85.0]",85.0,,yes,
690,"6.3 prose, ledger XA over five seeds, upper end",94.0,run/B-F-ledger2-triplets/xr_v1:test/xa/XA/max,"results_git/B-NS-xr_v1-B-F-ledger2-triplets-s0/summary_xr_v1~test.json and results_git/B-F-ledger2-triplets-s{1,2,3,4}/summary_xr_v1~test.json","max of xr.conclusion.XA: [89.75, 88.75, 91.5, 94.0, 85.0]",94.0,,yes,
693,"6.3 prose, time-window items, bit reader",91,run/B-AB-bitonly-reader/xr_v1:test/xa/XA_window/s0,results_git/B-AB-bitonly-reader-s0/summary_xr_v1~test.json,xr.conclusion.XA_window,91.0,ea0f696,yes,
693,"6.3 prose, time-window items, ledger (seed 0)",68,run/B-F-ledger2-triplets/xr_v1:test/xa/XA_window/s0,results_git/B-NS-xr_v1-B-F-ledger2-triplets-s0/summary_xr_v1~test.json,xr.conclusion.XA_window,68.0,f6a3250,yes,
698,"6.3 prose, swapped ledgers followed",99.9,run/B-AE-field-swap/L2/top/agreement,results_git/B-AE-field-swap/summary_rule_v1~test_L2~swap.json,agreement,99.88,f9ead72,yes,tables/numbers.json holds None for this key (the summary file name carries ~swap)
700,"6.3 prose, field edits that should change the verdict, followed",47.8,,results_git/B-AE-field-edit/summary_rule_v1~test_L2~edit.json,by.changed=1.agreement,47.84,f9ead72,yes,
701,"6.3 prose, verdicts that should stay, kept",99.7,,results_git/B-AE-field-edit/summary_rule_v1~test_L2~edit.json,by.changed=0.agreement,99.67,f9ead72,yes,
703,"6.3 prose, rule program on the predicted ledger",99.4,run/B-AE-program-ledger/L2/all/TA,results_git/B-AE-program-ledger/summary_rule_v1~test_L2.json,all.TA,99.4,9b68beb,yes,
703,"6.3 prose, learned judge",99.2,run/B-F-ledger2-triplets/L2/all/TA/s0,results_git/B-F-ledger2-triplets-s0/summary_rule_v1~test_L2.json,all.TA,99.2,f16555a,yes,
703,"6.3 prose, program minus learned judge",+0.2,,"results_git/{B-AE-program-ledger,B-F-ledger2-triplets-s0}/summary_rule_v1~test_L2.json",all.TA 99.4 - 99.2,0.20000000000000284,,yes,
704,"6.3 prose, CI lower",0.0,,"results_git/{B-AE-program-ledger,B-F-ledger2-triplets-s0}/scores_rule_v1~test_L2.jsonl",paired_test lo,0.0,,yes,"no key and no stored JSON hold this interval (docs/ANALYSIS_B.md line 463 prints it); recomputed here from the two score files with selrm.metrics.paired_test(metric TA, unit rid, B 1000, seed 0) = (0.2, 0.0, 0.5514, p 0.238)"
704,"6.3 prose, CI upper",0.6,,"results_git/{B-AE-program-ledger,B-F-ledger2-triplets-s0}/scores_rule_v1~test_L2.jsonl",paired_test hi,0.5513784461152795,,yes,"no key and no stored JSON hold this interval (docs/ANALYSIS_B.md line 463 prints it); recomputed here from the two score files with selrm.metrics.paired_test(metric TA, unit rid, B 1000, seed 0) = (0.2, 0.0, 0.5514, p 0.238)"
708,"6.3 prose, verdict trained without subject near-misses, TA on that kind",7.0,run/B-LOKO-subject-verdict/L2/nm_kind=subject/TA,results_git/B-LOKO-subject-verdict-s0/summary_rule_v1~test_L2.json,nm_kind=subject.TA,7.0,f6a3250,yes,
709,"6.3 prose, verdict trained without time near-misses, TA on that kind",60.2,run/B-LOKO-time-verdict/L2/nm_kind=time/TA,results_git/B-LOKO-time-verdict-s0/summary_rule_v1~test_L2.json,nm_kind=time.TA,60.25,f6a3250,yes,
709,"6.3 prose, verdict trained with subject near-misses, TA on that kind",91.0,run/B-F-verdict-triplets/L2/nm_kind=subject/TA/s0,results_git/B-F-verdict-triplets-s0/summary_rule_v1~test_L2.json,nm_kind=subject.TA,91.0,f16555a,yes,seed 0; tables/loko.tex prints the five-seed mean 90.9
710,"6.3 prose, verdict trained without boundary near-misses, TA on that kind",49.8,run/B-LOKO-boundary-verdict/L2/nm_kind=boundary/TA,results_git/B-LOKO-boundary-verdict-s0/summary_rule_v1~test_L2.json,nm_kind=boundary.TA,49.75,f6a3250,yes,
710,"6.3 prose, ledger2 trained without subject near-misses, TA on that kind",62.5,run/B-LOKO-subject-ledger2/L2/nm_kind=subject/TA,results_git/B-LOKO-subject-ledger2-s0/summary_rule_v1~test_L2.json,nm_kind=subject.TA,62.5,f6a3250,yes,
710,"6.3 prose, ledger2 trained without time near-misses, TA on that kind",86.2,run/B-LOKO-time-ledger2/L2/nm_kind=time/TA,results_git/B-LOKO-time-ledger2-s0/summary_rule_v1~test_L2.json,nm_kind=time.TA,86.25,f6a3250,yes,
710,"6.3 prose, verdict trained with time near-misses, TA on that kind",88.2,run/B-F-verdict-triplets/L2/nm_kind=time/TA/s0,results_git/B-F-verdict-triplets-s0/summary_rule_v1~test_L2.json,nm_kind=time.TA,88.25,f16555a,yes,seed 0; tables/loko.tex prints the five-seed mean 90.7
710,"6.3 prose, verdict trained with boundary near-misses, TA on that kind",93.2,run/B-F-verdict-triplets/L2/nm_kind=boundary/TA/s0,results_git/B-F-verdict-triplets-s0/summary_rule_v1~test_L2.json,nm_kind=boundary.TA,93.25,f16555a,yes,seed 0; tables/loko.tex prints the five-seed mean 93.5
711,"6.3 prose, ledger2 trained without boundary near-misses, TA on that kind",87.0,run/B-LOKO-boundary-ledger2/L2/nm_kind=boundary/TA,results_git/B-LOKO-boundary-ledger2-s0/summary_rule_v1~test_L2.json,nm_kind=boundary.TA,87.0,4c2ee0f,yes,
733,"Table main, Critic, L2",27.1,run/C-TF-critic/L2/all/TA,results_git/C-TF-critic/summary_rule_v1~test_L2.json,all.TA,27.15,74c90b1,yes,
733,"Table main, Critic, L3-inv",33.4,run/C-TF-critic/L3inv/all/TA,results_git/C-TF-critic/summary_rule_v1~test_L3inv.json,all.TA,33.4,74c90b1,yes,
733,"Table main, Critic, XA",39.0,run/C-TF-critic/xr_v1:test/top/XA,results_git/C-TF-critic/summary_xr_v1~test.json,XA,39.0,74c90b1,yes,
733,"Table main, Critic, Hold",32.2,run/C-TF-critic/L2/all/Hold,results_git/C-TF-critic/summary_rule_v1~test_L2.json,all.Hold,32.2,74c90b1,yes,
733,"Table main, Critic, TrialGPT F1",65.7,run/C-TG-critic/clin_v1:trialgpt_test/top/macroF1,results_git/C-TG-critic/summary_clin_v1~trialgpt_test.json,macroF1,65.70071104760866,74c90b1,yes,
733,"Table main, Critic, TrialGPT choice",92.8,run/C-TG-critic/clin_v1:trialgpt_test/top/forced_choice_acc,results_git/C-TG-critic/summary_clin_v1~trialgpt_test.json,forced_choice_acc,92.78937381404175,74c90b1,yes,
733,"Table main, Critic, MedEinst pair",24.2,run/C-ME-critic/clin_v1:medeinst_test/top/Reversal,results_git/C-ME-critic/summary_clin_v1~medeinst_test.json,Reversal,24.187256176853055,c19d712,yes,
733,"Table main, Critic, MedEinst control",71.8,run/C-ME-critic/clin_v1:medeinst_test/top/control_acc,results_git/C-ME-critic/summary_clin_v1~medeinst_test.json,control_acc,71.8372654653539,c19d712,yes,
733,"Table main, Critic, MedEinst trap",51.6,run/C-ME-critic/clin_v1:medeinst_test/top/trap_acc,results_git/C-ME-critic/summary_clin_v1~medeinst_test.json,trap_acc,51.5697566412781,c19d712,yes,
733,"Table main, Critic, Key pairs MedQA",79.8,run/C-KP-critic/clin_v1:keypairs_medqa_oneway/top/Reversal,results_git/C-KP-critic/summary_clin_v1~keypairs_medqa_oneway.json,Reversal,79.83193277310924,b0644bf,yes,
733,"Table main, Critic, Key pairs CareQA",84.4,run/C-KP-critic/clin_v1:keypairs_careqa_oneway/top/Reversal,results_git/C-KP-critic/summary_clin_v1~keypairs_careqa_oneway.json,Reversal,84.44444444444444,b0644bf,yes,
733,"Table main, Critic, NLI4CT-P avg.",80.9,,results_git/C-NL-critic/summary_clin_v1~nli4ct_test.json,"100*mean(Control_F1 0.7833, Faithfulness 0.8484, Consistency 0.7947)",80.88030118000121,4904709,yes,"no key for the average; with macroF1 (the keyed field, equal to Control_macroF1) in place of Control_F1 the mean is 80.84"
734,"Table main, + prompted summary, L2",67.5,run/C-TF-promptsum/L2/all/TA,results_git/C-TF-promptsum/summary_rule_v1~test_L2.json @ origin/role-c,all.TA,67.45,,yes,"only on branch origin/role-c, not merged into the role-d working tree (make_tables prints tbd)"
734,"Table main, + prompted summary, XA",80.5,run/C-TF-promptsum/xr_v1:test/top/XA,results_git/C-TF-promptsum/summary_xr_v1~test.json @ origin/role-c,XA,80.5,,yes,"only on branch origin/role-c, not merged into the role-d working tree (make_tables prints tbd)"
734,"Table main, + prompted summary, Hold",89.8,run/C-TF-promptsum/L2/all/Hold,results_git/C-TF-promptsum/summary_rule_v1~test_L2.json @ origin/role-c,all.Hold,89.85,,yes,"only on branch origin/role-c, not merged into the role-d working tree (make_tables prints tbd)"
734,"Table main, + prompted summary, TrialGPT F1",68.0,run/C-TG-promptsum/clin_v1:trialgpt_test/top/macroF1,results_git/C-TG-promptsum/summary_clin_v1~trialgpt_test.json,macroF1,68.00105445599257,3069d90,yes,
734,"Table main, + prompted summary, TrialGPT choice",91.3,run/C-TG-promptsum/clin_v1:trialgpt_test/top/forced_choice_acc,results_git/C-TG-promptsum/summary_clin_v1~trialgpt_test.json,forced_choice_acc,91.27134724857684,3069d90,yes,
734,"Table main, + prompted summary, Key pairs MedQA",79.6,run/C-KP-promptsum/clin_v1:keypairs_medqa_oneway/top/Reversal,results_git/C-KP-promptsum/summary_clin_v1~keypairs_medqa_oneway.json,Reversal,79.55182072829132,b0644bf,yes,
734,"Table main, + prompted summary, Key pairs CareQA",80.9,run/C-KP-promptsum/clin_v1:keypairs_careqa_oneway/top/Reversal,results_git/C-KP-promptsum/summary_clin_v1~keypairs_careqa_oneway.json,Reversal,80.88888888888889,b0644bf,yes,
736,"Table main, Verdict only, rule blocks, L2",58.2,run/B-F-verdict-blocks/L2/all/TA/s0,results_git/B-F-verdict-blocks-s0/summary_rule_v1~test_L2.json,all.TA,58.2,f16555a,yes,
736,"Table main, Verdict only, rule blocks, L3-inv",62.9,run/B-F-verdict-blocks/L3inv/all/TA/s0,results_git/B-F-verdict-blocks-s0/summary_rule_v1~test_L3inv.json,all.TA,62.9,f16555a,yes,
736,"Table main, Verdict only, rule blocks, XA",60.8,run/B-F-verdict-blocks/xr_v1:test/xa/XA/s0,results_git/B-NS-xr_v1-B-F-verdict-blocks-s0/summary_xr_v1~test.json,xr.conclusion.XA,60.75,f6a3250,yes,
736,"Table main, Verdict only, rule blocks, Hold",61.5,run/B-F-verdict-blocks/L2/all/Hold/s0,results_git/B-F-verdict-blocks-s0/summary_rule_v1~test_L2.json,all.Hold,61.55,f16555a,yes,
736,"Table main, Verdict only, rule blocks, TrialGPT F1",64.8,run/C-TG-verdict-blocks/clin_v1:trialgpt_test/top/macroF1/s0,results_git/C-TG-verdict-blocks-s0/summary_clin_v1~trialgpt_test.json,macroF1,64.83139167213699,3069d90,yes,
736,"Table main, Verdict only, rule blocks, TrialGPT choice",92.8,run/C-TG-verdict-blocks/clin_v1:trialgpt_test/top/forced_choice_acc/s0,results_git/C-TG-verdict-blocks-s0/summary_clin_v1~trialgpt_test.json,forced_choice_acc,92.78937381404175,3069d90,yes,
736,"Table main, Verdict only, rule blocks, MedEinst pair",20.5,run/C-ME-verdict-blocks/clin_v1:medeinst_test/top/Reversal/s0,results_git/C-ME-verdict-blocks-s0/summary_clin_v1~medeinst_test.json,Reversal,20.471855842467026,b0644bf,yes,
736,"Table main, Verdict only, rule blocks, MedEinst control",68.3,run/C-ME-verdict-blocks/clin_v1:medeinst_test/top/control_acc/s0,results_git/C-ME-verdict-blocks-s0/summary_clin_v1~medeinst_test.json,control_acc,68.27048114434331,b0644bf,yes,
736,"Table main, Verdict only, rule blocks, MedEinst trap",51.8,run/C-ME-verdict-blocks/clin_v1:medeinst_test/top/trap_acc/s0,results_git/C-ME-verdict-blocks-s0/summary_clin_v1~medeinst_test.json,trap_acc,51.7555266579974,b0644bf,yes,
736,"Table main, Verdict only, rule blocks, Key pairs MedQA",78.7,run/C-KP-verdict-blocks/clin_v1:keypairs_medqa_oneway/top/Reversal/s0,results_git/C-KP-verdict-blocks-s0/summary_clin_v1~keypairs_medqa_oneway.json,Reversal,78.71148459383754,b0644bf,yes,
736,"Table main, Verdict only, rule blocks, Key pairs CareQA",82.7,run/C-KP-verdict-blocks/clin_v1:keypairs_careqa_oneway/top/Reversal/s0,results_git/C-KP-verdict-blocks-s0/summary_clin_v1~keypairs_careqa_oneway.json,Reversal,82.66666666666667,b0644bf,yes,
736,"Table main, Verdict only, rule blocks, NLI4CT-P avg.",85.6,,results_git/C-NL-verdict-blocks-s0/summary_clin_v1~nli4ct_test.json,"100*mean(Control_F1 0.7923, Faithfulness 0.9375, Consistency 0.8387)",85.61747653306493,4904709,yes,"no key for the average; with macroF1 (the keyed field, equal to Control_macroF1) in place of Control_F1 the mean is 86.05"
737,"Table main, Verdict only, rule triplets, L2",91.3,run/B-F-verdict-triplets/L2/all/TA/s0,results_git/B-F-verdict-triplets-s0/summary_rule_v1~test_L2.json,all.TA,91.3,f16555a,yes,
737,"Table main, Verdict only, rule triplets, L3-inv",96.9,run/B-F-verdict-triplets/L3inv/all/TA/s0,results_git/B-F-verdict-triplets-s0/summary_rule_v1~test_L3inv.json,all.TA,96.9,f16555a,yes,
737,"Table main, Verdict only, rule triplets, XA",90.2,run/B-F-verdict-triplets/xr_v1:test/xa/XA/s0,results_git/B-NS-xr_v1-B-F-verdict-triplets-s0/summary_xr_v1~test.json,xr.conclusion.XA,90.25,f6a3250,yes,
737,"Table main, Verdict only, rule triplets, Hold",97.7,run/B-F-verdict-triplets/L2/all/Hold/s0,results_git/B-F-verdict-triplets-s0/summary_rule_v1~test_L2.json,all.Hold,97.65,f16555a,yes,
737,"Table main, Verdict only, rule triplets, TrialGPT F1",70.8,run/C-TG-verdict-triplets/clin_v1:trialgpt_test/top/macroF1/s0,results_git/C-TG-verdict-triplets-s0/summary_clin_v1~trialgpt_test.json,macroF1,70.84664532321561,3069d90,yes,
737,"Table main, Verdict only, rule triplets, TrialGPT choice",92.8,run/C-TG-verdict-triplets/clin_v1:trialgpt_test/top/forced_choice_acc/s0,results_git/C-TG-verdict-triplets-s0/summary_clin_v1~trialgpt_test.json,forced_choice_acc,92.78937381404175,3069d90,yes,
737,"Table main, Verdict only, rule triplets, MedEinst pair",22.8,run/C-ME-verdict-triplets/clin_v1:medeinst_test/top/Reversal/s0,results_git/C-ME-verdict-triplets-s0/summary_clin_v1~medeinst_test.json,Reversal,22.812558053130225,b0644bf,yes,
737,"Table main, Verdict only, rule triplets, MedEinst control",69.5,run/C-ME-verdict-triplets/clin_v1:medeinst_test/top/control_acc/s0,results_git/C-ME-verdict-triplets-s0/summary_clin_v1~medeinst_test.json,control_acc,69.51514025636263,b0644bf,yes,
737,"Table main, Verdict only, rule triplets, MedEinst trap",52.9,run/C-ME-verdict-triplets/clin_v1:medeinst_test/top/trap_acc/s0,results_git/C-ME-verdict-triplets-s0/summary_clin_v1~medeinst_test.json,trap_acc,52.94445476500093,b0644bf,yes,
737,"Table main, Verdict only, rule triplets, Key pairs MedQA",78.2,run/C-KP-verdict-triplets/clin_v1:keypairs_medqa_oneway/top/Reversal/s0,results_git/C-KP-verdict-triplets-s0/summary_clin_v1~keypairs_medqa_oneway.json,Reversal,78.15126050420169,b0644bf,yes,
737,"Table main, Verdict only, rule triplets, Key pairs CareQA",83.1,run/C-KP-verdict-triplets/clin_v1:keypairs_careqa_oneway/top/Reversal/s0,results_git/C-KP-verdict-triplets-s0/summary_clin_v1~keypairs_careqa_oneway.json,Reversal,83.11111111111111,b0644bf,yes,
737,"Table main, Verdict only, rule triplets, NLI4CT-P avg.",85.4,,results_git/C-NL-verdict-triplets-s0/summary_clin_v1~nli4ct_test.json,"100*mean(Control_F1 0.8104, Faithfulness 0.9062, Consistency 0.8445)",85.37216749608456,4904709,yes,"no key for the average; with macroF1 (the keyed field, equal to Control_macroF1) in place of Control_F1 the mean is 85.36"
738,"Table main, Evidence summary, rule triplets, L2",98.0,run/B-F-summary2-triplets/L2/all/TA/s0,results_git/B-F-summary2-triplets-s0/summary_rule_v1~test_L2.json,all.TA,98.0,f16555a,yes,
738,"Table main, Evidence summary, rule triplets, L3-inv",97.6,run/B-F-summary2-triplets/L3inv/all/TA/s1,results_git/B-F-summary2-triplets-s1/summary_rule_v1~test_L3inv.json,all.TA,97.6,f6a3250,yes,"seed 1, as footnote a says (seed 0 has no L3inv summary)"
738,"Table main, Evidence summary, rule triplets, XA",88.5,run/B-F-summary2-triplets/xr_v1:test/xa/XA/s0,results_git/B-NS-xr_v1-B-F-summary2-triplets-s0/summary_xr_v1~test.json,xr.conclusion.XA,88.5,f6a3250,yes,
738,"Table main, Evidence summary, rule triplets, Hold",99.3,run/B-F-summary2-triplets/L2/all/Hold/s0,results_git/B-F-summary2-triplets-s0/summary_rule_v1~test_L2.json,all.Hold,99.35,f16555a,yes,
738,"Table main, Evidence summary, rule triplets, TrialGPT F1",69.2,run/C-TG-summary2-triplets/clin_v1:trialgpt_test/top/macroF1/s0,results_git/C-TG-summary2-triplets-s0/summary_clin_v1~trialgpt_test.json,macroF1,69.18907390344371,3069d90,yes,
738,"Table main, Evidence summary, rule triplets, TrialGPT choice",87.5,run/C-TG-summary2-triplets/clin_v1:trialgpt_test/top/forced_choice_acc/s0,results_git/C-TG-summary2-triplets-s0/summary_clin_v1~trialgpt_test.json,forced_choice_acc,87.4762808349146,3069d90,yes,
738,"Table main, Evidence summary, rule triplets, MedEinst pair",25.1,run/C-ME-summary2-triplets/clin_v1:medeinst_test/top/Reversal/s0,results_git/C-ME-summary2-triplets-s0/summary_clin_v1~medeinst_test.json,Reversal,25.134683262121495,b0644bf,yes,
738,"Table main, Evidence summary, rule triplets, MedEinst control",73.2,run/C-ME-summary2-triplets/clin_v1:medeinst_test/top/control_acc/s0,results_git/C-ME-summary2-triplets-s0/summary_clin_v1~medeinst_test.json,control_acc,73.23054059074866,b0644bf,yes,
738,"Table main, Evidence summary, rule triplets, MedEinst trap",47.3,run/C-ME-summary2-triplets/clin_v1:medeinst_test/top/trap_acc/s0,results_git/C-ME-summary2-triplets-s0/summary_clin_v1~medeinst_test.json,trap_acc,47.31562325840609,b0644bf,yes,
738,"Table main, Evidence summary, rule triplets, Key pairs MedQA",33.3,run/C-KP-summary2-triplets/clin_v1:keypairs_medqa_oneway/top/Reversal/s0,results_git/C-KP-summary2-triplets-s0/summary_clin_v1~keypairs_medqa_oneway.json,Reversal,33.333333333333336,b0644bf,yes,
738,"Table main, Evidence summary, rule triplets, Key pairs CareQA",55.6,run/C-KP-summary2-triplets/clin_v1:keypairs_careqa_oneway/top/Reversal/s0,results_git/C-KP-summary2-triplets-s0/summary_clin_v1~keypairs_careqa_oneway.json,Reversal,55.55555555555556,b0644bf,yes,
738,"Table main, Evidence summary, rule triplets, NLI4CT-P avg.",73.2,,results_git/C-NL-summary2-triplets-s0/summary_clin_v1~nli4ct_test.json,"100*mean(Control_F1 0.6578, Faithfulness 0.8600, Consistency 0.6796)",73.24775048798698,4904709,yes,"no key for the average; with macroF1 (the keyed field, equal to Control_macroF1) in place of Control_F1 the mean is 74.23"
739,"Table main, Ledger-RM, rule blocks, L2",75.3,run/B-F-ledger2-blocks/L2/all/TA/s0,results_git/B-F-ledger2-blocks-s0/summary_rule_v1~test_L2.json,all.TA,75.3,f16555a,yes,
739,"Table main, Ledger-RM, rule blocks, L3-inv",70.1,run/B-F-ledger2-blocks/L3inv/all/TA/s0,results_git/B-F-ledger2-blocks-s0/summary_rule_v1~test_L3inv.json,all.TA,70.1,f16555a,yes,
739,"Table main, Ledger-RM, rule blocks, XA",76.0,run/B-F-ledger2-blocks/xr_v1:test/xa/XA/s0,results_git/B-NS-xr_v1-B-F-ledger2-blocks-s0/summary_xr_v1~test.json,xr.conclusion.XA,76.0,84cb463,yes,
739,"Table main, Ledger-RM, rule blocks, Hold",76.2,run/B-F-ledger2-blocks/L2/all/Hold/s0,results_git/B-F-ledger2-blocks-s0/summary_rule_v1~test_L2.json,all.Hold,76.15,f16555a,yes,
739,"Table main, Ledger-RM, rule blocks, TrialGPT F1",70.9,run/C-TG-ledger2-blocks/clin_v1:trialgpt_test/top/macroF1/s0,results_git/C-TG-ledger2-blocks-s0/summary_clin_v1~trialgpt_test.json,macroF1,70.87562116631884,3069d90,yes,
739,"Table main, Ledger-RM, rule blocks, TrialGPT choice",85.8,run/C-TG-ledger2-blocks/clin_v1:trialgpt_test/top/forced_choice_acc/s0,results_git/C-TG-ledger2-blocks-s0/summary_clin_v1~trialgpt_test.json,forced_choice_acc,85.7685009487666,3069d90,yes,
739,"Table main, Ledger-RM, rule blocks, Key pairs MedQA",35.9,run/C-KP-ledger2-blocks/clin_v1:keypairs_medqa_oneway/top/Reversal/s0,results_git/C-KP-ledger2-blocks-s0/summary_clin_v1~keypairs_medqa_oneway.json,Reversal,35.85434173669468,b0644bf,yes,
739,"Table main, Ledger-RM, rule blocks, Key pairs CareQA",44.0,run/C-KP-ledger2-blocks/clin_v1:keypairs_careqa_oneway/top/Reversal/s0,results_git/C-KP-ledger2-blocks-s0/summary_clin_v1~keypairs_careqa_oneway.json,Reversal,44.0,b0644bf,yes,
740,"Table main, Ledger-RM, rule triplets, L2",99.2,run/B-F-ledger2-triplets/L2/all/TA/s0,results_git/B-F-ledger2-triplets-s0/summary_rule_v1~test_L2.json,all.TA,99.2,f16555a,yes,
740,"Table main, Ledger-RM, rule triplets, L3-inv",97.9,run/B-F-ledger2-triplets/L3inv/all/TA/s0,results_git/B-F-ledger2-triplets-s0/summary_rule_v1~test_L3inv.json,all.TA,97.9,f16555a,yes,
740,"Table main, Ledger-RM, rule triplets, XA",89.8,run/B-F-ledger2-triplets/xr_v1:test/xa/XA/s0,results_git/B-NS-xr_v1-B-F-ledger2-triplets-s0/summary_xr_v1~test.json,xr.conclusion.XA,89.75,f6a3250,yes,
740,"Table main, Ledger-RM, rule triplets, Hold",99.95,run/B-F-ledger2-triplets/L2/all/Hold/s0,results_git/B-F-ledger2-triplets-s0/summary_rule_v1~test_L2.json,all.Hold,99.95,f16555a,yes,
740,"Table main, Ledger-RM, rule triplets, TrialGPT F1",69.1,run/C-TG-ledger2-triplets/clin_v1:trialgpt_test/top/macroF1/s0,results_git/C-TG-ledger2-triplets-s0/summary_clin_v1~trialgpt_test.json,macroF1,69.09251785304396,3069d90,yes,
740,"Table main, Ledger-RM, rule triplets, TrialGPT choice",87.7,run/C-TG-ledger2-triplets/clin_v1:trialgpt_test/top/forced_choice_acc/s0,results_git/C-TG-ledger2-triplets-s0/summary_clin_v1~trialgpt_test.json,forced_choice_acc,87.66603415559773,3069d90,yes,
740,"Table main, Ledger-RM, rule triplets, MedEinst pair",15.7,run/C-ME-ledger2-triplets/clin_v1:medeinst_test/top/Reversal/s0,results_git/C-ME-ledger2-triplets-s0/summary_clin_v1~medeinst_test.json,Reversal,15.734720416124837,b0644bf,yes,
740,"Table main, Ledger-RM, rule triplets, MedEinst control",44.4,run/C-ME-ledger2-triplets/clin_v1:medeinst_test/top/control_acc/s0,results_git/C-ME-ledger2-triplets-s0/summary_clin_v1~medeinst_test.json,control_acc,44.41761099758499,b0644bf,yes,
740,"Table main, Ledger-RM, rule triplets, MedEinst trap",35.1,run/C-ME-ledger2-triplets/clin_v1:medeinst_test/top/trap_acc/s0,results_git/C-ME-ledger2-triplets-s0/summary_clin_v1~medeinst_test.json,trap_acc,35.073379156604126,b0644bf,yes,
740,"Table main, Ledger-RM, rule triplets, Key pairs MedQA",30.5,run/C-KP-ledger2-triplets/clin_v1:keypairs_medqa_oneway/top/Reversal/s0,results_git/C-KP-ledger2-triplets-s0/summary_clin_v1~keypairs_medqa_oneway.json,Reversal,30.532212885154063,b0644bf,yes,
740,"Table main, Ledger-RM, rule triplets, Key pairs CareQA",38.2,run/C-KP-ledger2-triplets/clin_v1:keypairs_careqa_oneway/top/Reversal/s0,results_git/C-KP-ledger2-triplets-s0/summary_clin_v1~keypairs_careqa_oneway.json,Reversal,38.22222222222222,b0644bf,yes,
742,"Table main, Program on the trained reader's ledger, L2",99.4,run/B-AE-program-ledger/L2/all/TA,results_git/B-AE-program-ledger/summary_rule_v1~test_L2.json,all.TA,99.4,9b68beb,yes,
742,"Table main, Program on the trained reader's ledger, Hold",100.0,run/B-AE-program-ledger/L2/all/Hold,results_git/B-AE-program-ledger/summary_rule_v1~test_L2.json,all.Hold,100.0,9b68beb,yes,
758,"6.4 prose, Ledger-RM L2",99.2,run/B-F-ledger2-triplets/L2/all/TA/s0,results_git/B-F-ledger2-triplets-s0/summary_rule_v1~test_L2.json,all.TA,99.2,f16555a,yes,
759,"6.4 prose, B-F-ledger2-triplets-s0 L3-inv",97.9,run/B-F-ledger2-triplets/L3inv/all/TA/s0,results_git/B-F-ledger2-triplets-s0/summary_rule_v1~test_L3inv.json,all.TA,97.9,f16555a,yes,
760,"6.4 prose, B-F-verdict-triplets-s0 L3-inv",96.9,run/B-F-verdict-triplets/L3inv/all/TA/s0,results_git/B-F-verdict-triplets-s0/summary_rule_v1~test_L3inv.json,all.TA,96.9,f16555a,yes,
760,"6.4 prose, verdict-only L2",91.3,run/B-F-verdict-triplets/L2/all/TA/s0,results_git/B-F-verdict-triplets-s0/summary_rule_v1~test_L2.json,all.TA,91.3,f16555a,yes,
762,"6.4 prose, ledger XA over five seeds, lower end",85.0,run/B-F-ledger2-triplets/xr_v1:test/xa/XA/min,"results_git/B-NS-xr_v1-B-F-ledger2-triplets-s0/summary_xr_v1~test.json and results_git/B-F-ledger2-triplets-s{1,2,3,4}/summary_xr_v1~test.json","min of xr.conclusion.XA: [89.75, 88.75, 91.5, 94.0, 85.0]",85.0,,yes,
762,"6.4 prose, ledger XA over five seeds, upper end",94.0,run/B-F-ledger2-triplets/xr_v1:test/xa/XA/max,"results_git/B-NS-xr_v1-B-F-ledger2-triplets-s0/summary_xr_v1~test.json and results_git/B-F-ledger2-triplets-s{1,2,3,4}/summary_xr_v1~test.json","max of xr.conclusion.XA: [89.75, 88.75, 91.5, 94.0, 85.0]",94.0,,yes,
762,"6.4 prose, verdict XA over five seeds, lower end",85.5,run/B-F-verdict-triplets/xr_v1:test/xa/XA/min,"results_git/B-NS-xr_v1-B-F-verdict-triplets-s{0,1}/summary_xr_v1~test.json and results_git/B-F-verdict-triplets-s{2,3,4}/summary_xr_v1~test.json","min of xr.conclusion.XA: [90.25, 91.25, 90.0, 87.25, 85.5]",85.5,,yes,
762,"6.4 prose, verdict XA over five seeds, upper end",91.2,run/B-F-verdict-triplets/xr_v1:test/xa/XA/max,"results_git/B-NS-xr_v1-B-F-verdict-triplets-s{0,1}/summary_xr_v1~test.json and results_git/B-F-verdict-triplets-s{2,3,4}/summary_xr_v1~test.json","max of xr.conclusion.XA: [90.25, 91.25, 90.0, 87.25, 85.5]",91.25,,yes,
763,"6.4 prose, seeds behind the XA ranges",five,,results_git/*/summary_xr_v1~test.json,"seeds with an xr summary: ledger 5, verdict 5",5,,yes,
763,"6.4 prose, untrained backbone XA",39.0,run/C-TF-critic/xr_v1:test/top/XA,results_git/C-TF-critic/summary_xr_v1~test.json,XA,39.0,74c90b1,yes,
764,"6.4 prose, Med-PRM XA",13.5,run/C-AUD-medprm/xr_v1:test/top/XA,results_git/C-AUD-medprm/summary_xr_v1~test.json,XA,13.5,b0644bf,yes,
765,"6.4 prose, time-window clause, Ledger-RM seed 0",68,run/B-F-ledger2-triplets/xr_v1:test/xa/XA_window/s0,results_git/B-NS-xr_v1-B-F-ledger2-triplets-s0/summary_xr_v1~test.json,xr.conclusion.XA_window,68.0,f6a3250,yes,
766,"6.4 prose, other clauses, lower end",93,,results_git/B-NS-xr_v1-B-F-ledger2-triplets-s0/summary_xr_v1~test.json,"min of xr.conclusion.XA_{subject,currency,inclusivity} = [98.0, 93.0, 100.0]",93.0,f6a3250,yes,
766,"6.4 prose, other clauses, upper end",100,,results_git/B-NS-xr_v1-B-F-ledger2-triplets-s0/summary_xr_v1~test.json,"max of xr.conclusion.XA_{subject,currency,inclusivity} = [98.0, 93.0, 100.0]",100.0,f6a3250,yes,
771,"6.4 prose, TrialGPT macro-F1 of triplet-trained systems, lower end",69.1,,"results_git/C-TG-{verdict,summary2,ledger2}-triplets-s0/summary_clin_v1~trialgpt_test.json","min of macroF1 (ledger2-triplets-s0); all: [(69.09, 'ledger2-triplets-s0'), (69.19, 'summary2-triplets-s0'), (70.85, 'verdict-triplets-s0')]",69.09251785304396,,yes,
771,"6.4 prose, TrialGPT macro-F1 of triplet-trained systems, upper end",70.8,,"results_git/C-TG-{verdict,summary2,ledger2}-triplets-s0/summary_clin_v1~trialgpt_test.json",max of macroF1 (verdict-triplets-s0),70.84664532321561,,yes,
771,"6.4 prose, TrialGPT macro-F1, backbone",65.7,run/C-TG-critic/clin_v1:trialgpt_test/top/macroF1,results_git/C-TG-critic/summary_clin_v1~trialgpt_test.json,macroF1,65.70071104760866,74c90b1,yes,
772,"6.4 prose, TrialGPT macro-F1, ledger2-triplets - critic, diff",+3.4,cmp/p6a/diff,results_git/C-TG-comparisons_test.json,"[""ledger2-triplets - critic""].diff",3.3918068054352943,2e6c33d,yes,
772,"6.4 prose, TrialGPT macro-F1, ledger2-triplets - critic, lo",-2.6,cmp/p6a/lo,results_git/C-TG-comparisons_test.json,"[""ledger2-triplets - critic""].lo",-2.5721668821440176,2e6c33d,yes,
772,"6.4 prose, TrialGPT macro-F1, ledger2-triplets - critic, hi",9.2,cmp/p6a/hi,results_git/C-TG-comparisons_test.json,"[""ledger2-triplets - critic""].hi",9.247817393016227,2e6c33d,yes,
773,"6.4 prose, TrialGPT macro-F1, ledger2-triplets - ledger2-blocks, diff",-1.8,cmp/p6b/diff,results_git/C-TG-comparisons_test.json,"[""ledger2-triplets - ledger2-blocks""].diff",-1.7831033132748786,2e6c33d,yes,
773,"6.4 prose, TrialGPT macro-F1, ledger2-triplets - ledger2-blocks, lo",-4.8,cmp/p6b/lo,results_git/C-TG-comparisons_test.json,"[""ledger2-triplets - ledger2-blocks""].lo",-4.821296138629478,2e6c33d,yes,
773,"6.4 prose, TrialGPT macro-F1, ledger2-triplets - ledger2-blocks, hi",1.1,cmp/p6b/hi,results_git/C-TG-comparisons_test.json,"[""ledger2-triplets - ledger2-blocks""].hi",1.1492931703488694,2e6c33d,yes,
775,"6.4 prose, decided-label accuracy of the two-stage systems, lower end",84.4,,"results_git/C-TG-{summary2,ledger2}-{blocks,triplets}-s0/summary_clin_v1~trialgpt_test.json","min of forced_choice_acc (summary2-blocks-s0); all four: [(84.44, 'summary2-blocks-s0'), (85.77, 'ledger2-blocks-s0'), (87.48, 'summary2-triplets-s0'), (87.67, 'ledger2-triplets-s0')]",84.44022770398482,,yes,
775,"6.4 prose, decided-label accuracy of the two-stage systems, upper end",87.7,,"results_git/C-TG-{summary2,ledger2}-{blocks,triplets}-s0/summary_clin_v1~trialgpt_test.json",max of forced_choice_acc (ledger2-triplets-s0),87.66603415559773,,yes,
776,"6.4 prose, decided-label accuracy, backbone",92.8,run/C-TG-critic/clin_v1:trialgpt_test/top/forced_choice_acc,results_git/C-TG-critic/summary_clin_v1~trialgpt_test.json,forced_choice_acc,92.78937381404175,74c90b1,yes,
780,"6.4 prose, MedEinst backbone pair",24.2,run/C-ME-critic/clin_v1:medeinst_test/top/Reversal,results_git/C-ME-critic/summary_clin_v1~medeinst_test.json,Reversal,24.187256176853055,c19d712,yes,
781,"6.4 prose, MedEinst backbone control",71.8,run/C-ME-critic/clin_v1:medeinst_test/top/control_acc,results_git/C-ME-critic/summary_clin_v1~medeinst_test.json,control_acc,71.8372654653539,c19d712,yes,
781,"6.4 prose, MedEinst backbone trap",51.6,run/C-ME-critic/clin_v1:medeinst_test/top/trap_acc,results_git/C-ME-critic/summary_clin_v1~medeinst_test.json,trap_acc,51.5697566412781,c19d712,yes,
782,"6.4 prose, backbone gives the same diagnosis to both members",75.0,,results_git/C-ME-critic/summary_clin_v1~medeinst_test.json,control_acc + trap_acc - 2*Reversal (tie_rate 0.0),75.03250975292588,c19d712,yes,derived from three stored fields; no stored field or key
783,"6.4 prose, backbone wrong on both",0.8,,results_git/C-ME-critic/summary_clin_v1~medeinst_test.json,100 - control_acc - trap_acc + Reversal (tie_rate 0.0),0.7802340702210628,c19d712,yes,derived from three stored fields; no stored field or key
785,"6.4 prose, verdict x triplets, same diagnosis to both",76.8,,results_git/C-ME-verdict-triplets-s0/summary_clin_v1~medeinst_test.json,control_acc + trap_acc - 2*Reversal (tie_rate 0.0),76.8344789151031,b0644bf,yes,derived; no stored field or key
785,"6.4 prose, verdict x triplets pair accuracy",22.8,run/C-ME-verdict-triplets/clin_v1:medeinst_test/top/Reversal/s0,results_git/C-ME-verdict-triplets-s0/summary_clin_v1~medeinst_test.json,Reversal,22.812558053130225,b0644bf,yes,
786,"6.4 prose, Ledger-RM pair accuracy",15.7,run/C-ME-ledger2-triplets/clin_v1:medeinst_test/top/Reversal/s0,results_git/C-ME-ledger2-triplets-s0/summary_clin_v1~medeinst_test.json,Reversal,15.734720416124837,b0644bf,yes,
786,"6.4 prose, Ledger-RM reader outputs malformed",35.9,,results_git/C-ME-ledger2-triplets-s0/summary_clin_v1~medeinst_test.json,100*eval.malformed_units/eval.reader_units (3866/10766; eval.malformed_rate 0.3591),35.90934423184098,b0644bf,yes,
788,"6.4 prose, key pairs, verdict-only models, lower end",78.2,,"results_git/C-KP-verdict-{blocks,triplets}-s0/summary_clin_v1~keypairs_medqa_oneway.json",min of Reversal (verdict-triplets-s0),78.15126050420169,,yes,
788,"6.4 prose, key pairs, verdict-only models, upper end",78.7,,"results_git/C-KP-verdict-{blocks,triplets}-s0/summary_clin_v1~keypairs_medqa_oneway.json",max of Reversal (verdict-blocks-s0),78.71148459383754,,yes,
788,"6.4 prose, key pairs, backbone",79.8,run/C-KP-critic/clin_v1:keypairs_medqa_oneway/top/Reversal,results_git/C-KP-critic/summary_clin_v1~keypairs_medqa_oneway.json,Reversal,79.83193277310924,b0644bf,yes,
789,"6.4 prose, key pairs, two-stage systems, lower end",30.5,,"results_git/C-KP-{summary2-triplets,ledger2-blocks,ledger2-triplets}-s0/summary_clin_v1~keypairs_medqa_oneway.json","min of Reversal (ledger2-triplets-s0); all: [(30.53, 'ledger2-triplets-s0'), (33.33, 'summary2-triplets-s0'), (35.85, 'ledger2-blocks-s0')]",30.532212885154063,,yes,
789,"6.4 prose, key pairs, two-stage systems, upper end",35.9,,"results_git/C-KP-{summary2-triplets,ledger2-blocks,ledger2-triplets}-s0/summary_clin_v1~keypairs_medqa_oneway.json",max of Reversal (ledger2-blocks-s0),35.85434173669468,,yes,
822,"6.6 selection, samples reranked",16,,results_git/D-SEL-combined/summary_sel~medqa.json,N,16,0c851c5,yes,
826,"6.6 selection, combined minus step check, MedQA",-0.9,d/run/D-SEL-combined/sel:medqa/top/acc|run/D-SEL-stepcheck/sel:medqa/top/acc,results_git/D-SEL-comparisons.json,sel-mqa-comb-step.diff,-0.864100549882167,a61dc94,yes,
826,"6.6 selection, CI lower",-2.1,cmp/sel-mqa-comb-step/lo,results_git/D-SEL-comparisons.json,sel-mqa-comb-step.lo,-2.120974076983501,a61dc94,yes,
826,"6.6 selection, CI upper",0.2,cmp/sel-mqa-comb-step/hi,results_git/D-SEL-comparisons.json,sel-mqa-comb-step.hi,0.15710919088766673,a61dc94,yes,
828,"6.6 selection, AUC of the ledger score for answer correctness",0.51,sum/D-CAL/auc.ledger2-triplets,results_git/D-CAL/summary.json,auc.ledger2-triplets,0.5097469795223625,eec3cdb,yes,pool is medqa_dev (5578 traces); the auc_alt variants in the same file are 0.537-0.540
828,"6.6 selection, AUC of Med-PRM",0.65,sum/D-CAL/auc.medprm,results_git/D-CAL/summary.json,auc.medprm,0.6536655224728907,eec3cdb,yes,
833,"6.6 policy, GRPO steps","1,000",,results_git/D-RL-outcome-s0/meta.json,steps,1000,86f6ebd,yes,
834,"6.6 policy, held-out L2 pairs",150,,results_git/D-RL-outcome-s0/summary_rule_v1~test_L2.json,n_triplets,150,a2ceb5c,yes,
834,"6.6 policy, number of seeds",one,,"results_git/D-RL-{outcome,stepcheck}-s{0,1}/summary_rule_v1~test_L2.json",seeds with a finished summary,2,,no,"file says two seeds are finished for rewards ['outcome', 'stepcheck', 'ledger2-blocks', 'ledger2-triplets']; seed 1 pair accuracy: outcome 89.3 -> 98.0, step check 89.3 -> 54.7; tables/policy.tex pools them (outcome 97.3 sd 0.9, step check 46.7 sd 11.3)"
836,"6.6 policy, outcome reward, pair accuracy before",88.7,,results_git/D-RL-outcome-s0/summary_rule_v1~test_L2.json,start.pair,88.66666666666667,a2ceb5c,yes,seed 0
836,"6.6 policy, outcome reward, pair accuracy after",96.7,run/D-RL-outcome/L2/top/acc_pair/s0,results_git/D-RL-outcome-s0/summary_rule_v1~test_L2.json,final.pair,96.66666666666667,a2ceb5c,yes,"seed 0; seed 1 is 98.0, two-seed mean 97.3 (tables/policy.tex)"
837,"6.6 policy, reference-graph reward, pair accuracy after",98.0,run/D-RL-refgraph/L2/top/acc_pair/s0,results_git/D-RL-refgraph-s0/summary_rule_v1~test_L2.json,final.pair,98.0,a2ceb5c,yes,
838,"6.6 policy, Med-PRM reward, pair accuracy before",88.0,,results_git/D-RL-stepcheck-s0/summary_rule_v1~test_L2.json,start.pair,88.0,a2ceb5c,yes,seed 0
838,"6.6 policy, Med-PRM reward, pair accuracy after",38.7,run/D-RL-stepcheck/L2/top/acc_pair/s0,results_git/D-RL-stepcheck-s0/summary_rule_v1~test_L2.json,final.pair,38.666666666666664,a2ceb5c,yes,"seed 0; seed 1 is 54.7, two-seed mean 46.7 (tables/policy.tex)"
838,"6.6 policy, Med-PRM reward, mean reward",0.9997,,results_git/D-RL-stepcheck-s0/summary_rule_v1~test_L2.json,step.1000.reward,0.999688092470169,a2ceb5c,yes,seed 0 at step 1000; seed 1: 0.9990
839,"6.6 policy, within-group correlation of the Med-PRM reward with correctness",-0.05,,results_git/D-RL-stepcheck-s0/groups.jsonl,mean of corr_with_outcome over the 451 of 1000 steps where it is defined,-0.05280394600996182,86f6ebd,yes,computed here; no summary field or key holds it; seed 0
840,"6.6 policy, Med-PRM reversal rate",19.4,run/C-AUD-medprm/L2/all/Rev,results_git/C-AUD-medprm/summary_rule_v1~test_L2.json,all.Rev,19.45,b0644bf,yes,
893,"Limitations, criterion subexpressions also in training rules",76.3,a15/folds.1.overlap_train_vs_L2.criterion_subexpressions,results/A-D15/summary.json,folds.1.overlap_train_vs_L2.criterion_subexpressions,76.28865979381443,e40789b,yes,
903,"Limitations, reader outputs malformed on long diagnostic narratives",over a third,,results_git/C-ME-ledger2-triplets-s0/summary_clin_v1~medeinst_test.json,100*eval.malformed_units/eval.reader_units,35.90934423184098,b0644bf,yes,
911,"Limitations, policy experiment seeds",one seed,,"results_git/D-RL-{outcome,stepcheck,ledger2-blocks,ledger2-triplets}-s{0,1}/summary_rule_v1~test_L2.json",finished seeds per reward,2,,no,"file says seed 1 runs are finished for ['outcome', 'stepcheck', 'ledger2-blocks', 'ledger2-triplets']; ""one policy"" (Qwen3.5-4B) is correct"
915,"Limitations, seeds for the key cells",five,,"results_git/B-F-{verdict,summary2,ledger2}-{blocks,triplets}-s*/summary_rule_v1~test_L2.json","seeds with a test_L2 summary: {'verdict x blocks': 5, 'verdict x triplets': 5, 'summary2 x blocks': 5, 'summary2 x triplets': 5, 'ledger2 x blocks': 5, 'ledger2 x triplets': 5}",5,,yes,"all six cells have five (summary2 x blocks seed 4 arrived in the working tree on 8 Oct, untracked)"
974,App A tab:primary (1) diff,-8.8,cmp/p1/diff,results_git/B-F-verdict-balanced-s0/summary_rule_v1~test_L2.json; results_git/B-F-verdict-natural-s0/summary_rule_v1~test_L2.json,all.TA 49.15 - 58.0; make_tables --key,-8.85 (prints -8.8),f16555a,yes,
974,App A tab:primary (1) lo,-11.9,cmp/p1/lo,tables/primary.tex,make_tables --key cmp/p1/lo,-11.9,8e9c1b9,yes,
974,App A tab:primary (1) hi,-5.8,cmp/p1/hi,tables/primary.tex,make_tables --key cmp/p1/hi,-5.8,8e9c1b9,yes,
974,App A tab:primary (1) p,<0.001,cmp/p1/p,tables/primary.tex,make_tables --key cmp/p1/p,<0.001 (p=0),8e9c1b9,yes,
975,App A tab:primary (2) diff,+38.2,cmp/p2/diff,tables/numbers.json; tables/primary.tex,"run/B-F-verdict-triplets/L2/all/TA - run/B-F-verdict-blocks/L2/all/TA, seed means",38.18 (91.84 - 53.66),c891a7a,yes,
975,App A tab:primary (2) lo,34.9,cmp/p2/lo,tables/primary.tex,make_tables --key,34.9,8e9c1b9,yes,
975,App A tab:primary (2) hi,41.2,cmp/p2/hi,tables/primary.tex,make_tables --key,41.2,8e9c1b9,yes,
975,App A tab:primary (2) p,<0.001,cmp/p2/p,tables/primary.tex,make_tables --key,<0.001,8e9c1b9,yes,
975,App A tab:primary (2) outcome: five seeds,five,cmp/p2/n,"results_git/B-F-verdict-{blocks,triplets}-s0..s4",number of seed runs,"5 (cmp/p2/n = 10,000 = 5 x 2,000)",,yes,
976,App A tab:primary (3) diff,+0.8,cmp/p3/diff,tables/numbers.json,cmp/p3/diff,0.77,c891a7a,yes,
976,App A tab:primary (3) lo,0.3,cmp/p3/lo,tables/numbers.json,cmp/p3/lo,0.2679,c891a7a,yes,
976,App A tab:primary (3) hi,1.3,cmp/p3/hi,tables/numbers.json,cmp/p3/hi,1.3251,c891a7a,yes,
976,App A tab:primary (3) p,0.004,cmp/p3/p,tables/primary.tex,make_tables --key cmp/p3/p,0.004,8e9c1b9,yes,
976,App A tab:primary (3) outcome,0.8,cmp/p3/diff,tables/numbers.json,cmp/p3/diff,0.77,c891a7a,yes,
977,App A tab:primary (4) diff,-8.5,cmp/p4/diff,"[origin/role-c only, not in role-d tree] results_git/C-ME-comparisons.json",'ledger2-triplets-s0 - critic'.diff,-8.4525,,yes,file is not in the role-d working tree; make_tables prints tbd for it
977,App A tab:primary (4) lo (label pairs),-20.1,cmp/p4/lo,"[origin/role-c only, not in role-d tree] results_git/C-ME-comparisons.json",'ledger2-triplets-s0 - critic'.label_pairs.lo,-20.0557,,yes,file is not in the role-d working tree; make_tables prints tbd for it
977,App A tab:primary (4) hi (label pairs),1.7,cmp/p4/hi,"[origin/role-c only, not in role-d tree] results_git/C-ME-comparisons.json",...label_pairs.hi,1.7123,,yes,file is not in the role-d working tree; make_tables prints tbd for it
977,App A tab:primary (4) p (label pairs),0.104,cmp/p4/p,"[origin/role-c only, not in role-d tree] results_git/C-ME-comparisons.json",...label_pairs.p,0.104,,yes,file is not in the role-d working tree; make_tables prints tbd for it; pair-level p in the same file is 0.0
978,App A tab:primary (5) diff,-9.4,cmp/p5/diff,"[origin/role-c only, not in role-d tree] results_git/C-ME-comparisons.json",'ledger2-triplets-s0 - summary2-triplets-s0'.diff,-9.4000,,yes,file is not in the role-d working tree; make_tables prints tbd for it
978,App A tab:primary (5) lo (label pairs),-19.5,cmp/p5/lo,"[origin/role-c only, not in role-d tree] results_git/C-ME-comparisons.json",...label_pairs.lo,-19.4625,,yes,file is not in the role-d working tree; make_tables prints tbd for it
978,App A tab:primary (5) hi (label pairs),-0.8,cmp/p5/hi,"[origin/role-c only, not in role-d tree] results_git/C-ME-comparisons.json",...label_pairs.hi,-0.7673,,yes,file is not in the role-d working tree; make_tables prints tbd for it
978,App A tab:primary (5) p (label pairs),0.026,cmp/p5/p,"[origin/role-c only, not in role-d tree] results_git/C-ME-comparisons.json",...label_pairs.p,0.026,,yes,file is not in the role-d working tree; make_tables prints tbd for it
979,App A tab:primary (6a) diff,+3.4,cmp/p6a/diff,results_git/C-TG-comparisons_test.json,'ledger2-triplets - critic'.diff,3.3918,2e6c33d,yes,
979,App A tab:primary (6a) lo,-2.6,cmp/p6a/lo,results_git/C-TG-comparisons_test.json,.lo,-2.5722,2e6c33d,yes,
979,App A tab:primary (6a) hi,9.2,cmp/p6a/hi,results_git/C-TG-comparisons_test.json,.hi,9.2478,2e6c33d,yes,
979,App A tab:primary (6a) p,0.244,cmp/p6a/p,results_git/C-TG-comparisons_test.json,.p,0.244,2e6c33d,yes,
980,App A tab:primary (6b) diff,-1.8,cmp/p6b/diff,results_git/C-TG-comparisons_test.json,'ledger2-triplets - ledger2-blocks'.diff,-1.7831,2e6c33d,yes,
980,App A tab:primary (6b) lo,-4.8,cmp/p6b/lo,results_git/C-TG-comparisons_test.json,.lo,-4.8213,2e6c33d,yes,
980,App A tab:primary (6b) hi,1.1,cmp/p6b/hi,results_git/C-TG-comparisons_test.json,.hi,1.1493,2e6c33d,yes,
980,App A tab:primary (6b) p,0.214,cmp/p6b/p,results_git/C-TG-comparisons_test.json,.p,0.214,2e6c33d,yes,
984,App A tab:primary caption: label pairs,134,,"[origin/role-c only, not in role-d tree] results_git/C-ME-comparisons.json",label_pairs.n_clusters,134,,yes,file is not in the role-d working tree; make_tables prints tbd for it
985,App A tab:primary caption (4) pairs lo,-9.8,,"[origin/role-c only, not in role-d tree] results_git/C-ME-comparisons.json",'ledger2-triplets-s0 - critic'.lo,-9.8087,,yes,file is not in the role-d working tree; make_tables prints tbd for it
985,App A tab:primary caption (4) pairs hi,-7.0,,"[origin/role-c only, not in role-d tree] results_git/C-ME-comparisons.json",.hi,-7.0035,,yes,file is not in the role-d working tree; make_tables prints tbd for it
985,App A tab:primary caption (5) pairs lo,-10.7,,"[origin/role-c only, not in role-d tree] results_git/C-ME-comparisons.json",'ledger2-triplets-s0 - summary2-triplets-s0'.lo,-10.7189,,yes,file is not in the role-d working tree; make_tables prints tbd for it
985,App A tab:primary caption (5) pairs hi,-8.1,,"[origin/role-c only, not in role-d tree] results_git/C-ME-comparisons.json",.hi,-8.0810,,yes,file is not in the role-d working tree; make_tables prints tbd for it
993,App A decision rules: ledger above prose,0.8,cmp/p3/diff,tables/numbers.json,cmp/p3/diff,0.77,c891a7a,yes,
1044,App B tab:rules published scores,43,a15/rules_by_kind.score@int,results/A-D15/summary.json,rules_by_kind.score,43,e40789b,yes,
1045,App B tab:rules constraint rules from public recommendations,60,d/a15/rules_total|a15/rules_by_kind.score|a15/rules_by_source.grammar_sampled@int,results/A-D15/summary.json,rules_total - score - grammar_sampled = 353-43-250; also data_stats rules.hand_written_by_kind.constraint,60,e40789b,yes,"6 of these 60 are synthetic (data_stats rules.hand_written_provenance_by_kind.constraint), so 'from public recommendations' holds for 54; the caption says so"
1046,App B tab:rules grammar-sampled,250,a15/rules_by_source.grammar_sampled@int,results/A-D15/summary.json,rules_by_source.grammar_sampled,250,e40789b,yes,
1048,App B tab:rules total,353,a15/rules_total@int,results/A-D15/summary.json,rules_total,353,e40789b,yes,
1048,App B tab:rules signature classes,21,a15/folds.1.n_classes@int,results/A-D15/summary.json,folds.1.n_classes,21,e40789b,yes,
1049,App B tab:rules invented rules,60,,results/A-D15/summary.json,invented_rules_L3inv; data_stats rules.invented_test_only,60,e40789b,yes,
1053,App B tab:rules caption: rules written from sources,103,,tables/data_stats.json,rules.hand_written,103,a6cc31a,yes,
1054,App B tab:rules caption: simplified source,97,,tables/data_stats.json,rules.hand_written_provenance.simplified_source,97,a6cc31a,yes,
1054,App B tab:rules caption: synthetic,6,,tables/data_stats.json,rules.hand_written_provenance.synthetic,6,a6cc31a,yes,
1054,App B tab:rules caption: deviate from source,53,,tables/data_stats.json,rules.sources_with_contradictions,53,a6cc31a,yes,
1070,App B tab:validity violations,0,,tables/data_stats.json,target_claim_check.violations,0,a6cc31a,yes,
1070,App B tab:validity records,"203,014",,tables/data_stats.json,target_claim_check.records_total (also results/A-AUDIT/summary.json),203014,a6cc31a,yes,
1087,App B manifest: criteria without scope,146,,tables/data_stats.json,known_semantic_limits.criterion_claim_without_scope,146,a6cc31a,yes,
1087,App B manifest: of them invented,26,,tables/data_stats.json,known_semantic_limits.criterion_claim_without_scope_invented,26,a6cc31a,yes,
1088,App B manifest: cases with contradicting general line,7,,tables/data_stats.json,known_semantic_limits.general_line_contradicts_condition.cases,7,a6cc31a,yes,7 cases in 4 groups
1092,App B rendering audit: groups,450,,tables/data_stats.json,reviewers.groups,450,a6cc31a,yes,
1092,App B rendering audit: sessions,six,,tables/data_stats.json,reviewers.sessions,6,a6cc31a,yes,
1093,App B rendering audit: round 1 groups,300,,tables/data_stats.json,reviewers.groups_round1,300,a6cc31a,yes,
1093,App B rendering audit: round 1 sessions,four,,tables/data_stats.json,reviewers.rounds.1,4,a6cc31a,yes,
1094,App B rendering audit: disputed labels session 1,11,,audit/model_review/summary.json,round 1 part 1 label_disputed (also results/A-AUDIT/summary.json label_disputed_round1),11,6966837,yes,
1094,App B rendering audit: disputed labels session 2,9,,audit/model_review/summary.json,round 1 part 2 label_disputed (also results/A-AUDIT/summary.json label_disputed_round1),9,6966837,yes,
1094,App B rendering audit: disputed labels session 3,10,,audit/model_review/summary.json,round 1 part 3 label_disputed (also results/A-AUDIT/summary.json label_disputed_round1),10,6966837,yes,
1094,App B rendering audit: disputed labels session 4,12,,audit/model_review/summary.json,round 1 part 4 label_disputed (also results/A-AUDIT/summary.json label_disputed_round1),12,6966837,yes,
1095,App B rendering audit: round 2 groups,150,,tables/data_stats.json,reviewers.groups_round2,150,a6cc31a,yes,
1095,App B rendering audit: round 2 sessions,two,,tables/data_stats.json,reviewers.rounds.2,2,a6cc31a,yes,
1095,App B rendering audit: round 2 disputed,none,,audit/model_review/summary.json,"round 2 parts A, B label_disputed","0, 0",6966837,yes,
1127,App B tab:structure rules train,223,,tables/data_stats.json,rules.fold1.train_rules (A-D15 folds.1.n_train_rules),223,a6cc31a,yes,
1127,App B tab:structure rules L2,103,,tables/data_stats.json,rules.fold1.l2_rules,103,a6cc31a,yes,
1134,App B tab:structure past or family finding counts (library),30.5,,tables/data_stats.json,library_semantics.criteria_past_or_family_pct,30.5,a6cc31a,yes,"tbd cells of this table have values in data_stats.json structure.{train_triplets,test_L2} (not checked: red)"
1142,App B splits folds,three,,tables/data_stats.json,rules.folds,3,a6cc31a,yes,
1142,App B splits fold 1 train rules,223,,results/A-D15/summary.json,folds.1.n_train_rules,223,e40789b,yes,
1142,App B splits fold 1 L1 rules,27,,results/A-D15/summary.json,folds.1.n_l1_rules,27,e40789b,yes,
1143,App B splits fold 1 L2 rules,103,,results/A-D15/summary.json,folds.1.n_l2_rules,103,e40789b,yes,
1146,App B splits subexpression overlap fold 1,76.3,a15/folds.1.overlap_train_vs_L2.criterion_subexpressions,results/A-D15/summary.json,folds.1.overlap_train_vs_L2.criterion_subexpressions,76.2887,e40789b,yes,
1147,App B splits subexpression overlap fold 2,72.1,,results/A-D15/summary.json,folds.2.overlap_train_vs_L2.criterion_subexpressions,72.0588,e40789b,yes,
1147,App B splits subexpression overlap fold 3,85.3,,tables/data_stats.json,overlap.rule_v1_fold3/test_L2.subexpression_pct,"85.3 (data_stats, 1 decimal)",a6cc31a,yes,
1149,App B splits templates train,"1,032",,results/A-D15/summary.json,templates.templates_train,1032,e40789b,yes,
1149,App B splits templates test,516,,results/A-D15/summary.json,templates.templates_test,516,e40789b,yes,
1151,App B splits fold 2 verdict-only blocks L2 TA,63.1,,"[origin/role-b only, not in role-d tree] results_git/B-FOLD2-verdict-blocks-s0/summary_rule_v1_fold2~test_L2.json",all.TA,"63.1 (seed 0; s1 68.7, s2 67.35)",,yes,seed 0 only; role-d has only CLAIMED_B for this run; three seeds are finished on origin/role-b (mean 66.38)
1152,App B splits fold 1 verdict-only blocks L2 TA,58.2,run/B-F-verdict-blocks/L2/all/TA/s0,results_git/B-F-verdict-blocks-s0/summary_rule_v1~test_L2.json,all.TA,58.2 (seed 0); mean of s0..s4 = 53.66,f16555a,yes,"matches seed 0 only; text does not say seed 0, and the five-seed mean the paper reports elsewhere is 53.7"
1154,App B splits L3-alt untrained backbone,83.9,run/C-TF-critic/L3alt/all/TA,results_git/C-TF-critic/summary_rule_v1~test_L3alt.json,all.TA,83.9,74c90b1,yes,
1155,App B splits L3-alt verdict-only blocks,94.6,run/B-F-verdict-blocks/L3alt/all/TA/s0,results_git/B-F-verdict-blocks-s0/summary_rule_v1~test_L3alt.json,all.TA,94.6 (seed 0); mean of s0..s4 = 89.84,f16555a,yes,"matches seed 0 only (s1 90.1, s2 92.0, s3 88.4, s4 84.1); text does not say seed 0; generated main table prints 89.8"
1162,App B versions rule-side items,400,,data/xr_v1/test/MANIFEST.json,n_items,400,2df9308,yes,
1163,App B versions items with known issue,38,,data/xr_v1/KNOWN_ISSUES.json,len(issues[0].items)+len(issues[1].items),38,d212ab4,yes,
1163,App B versions age inclusivity,23,,data/xr_v1/KNOWN_ISSUES.json,issues[age_completed_years].items,23,d212ab4,yes,
1164,App B versions diabetes currency,15,,data/xr_v1/KNOWN_ISSUES.json,issues[diabetes_remission].items,15,d212ab4,yes,
1174,App C invariants groups,"16,200",,tables/data_stats.json,target_claim_check.groups_total,16200,a6cc31a,yes,
1174,App C invariants records,"203,014",,tables/data_stats.json,target_claim_check.records_total,203014,a6cc31a,yes,
1175,App C invariants reject rate triplet corpus,1.1,,results/A-D15/summary.json,datasets.rule_v1/train_triplets.reject_rate (65/5688),1.1428,e40789b,yes,
1175,App C invariants rejected,65,,data/rule_v1/train_triplets/MANIFEST.json,rejected (data_stats rejects.logged.rule_v1/train_triplets),65,e40789b,yes,
1175,App C invariants proposed,"5,688",,data/rule_v1/train_triplets/MANIFEST.json,proposed,5688,e40789b,yes,
1176,App C invariants proposed L2 groups,"2,000",,tables/data_stats.json,rejects.logged.rule_v1/test_L2,"2000 proposed, 0 rejected",a6cc31a,yes,
1177,App C invariants records per training corpus,"60,000",,tables/data_stats.json,training_corpora_records (A-D15 datasets.*.n_records),"natural 60000, balanced 60000, blocks 60004, triplets 60004",a6cc31a,no,"blocks and triplets corpora have 60,004 records, not 60,000 (fold 2: 60,000/60,004; fold 3: 60,008/60,002)"
1177,App C invariants L2 triplets,"2,000",,results/A-D15/summary.json,datasets.rule_v1/test_L2.n_groups,2000,e40789b,yes,
1178,App C invariants dev triplets,300,,results/A-D15/summary.json,datasets.rule_v1/dev.n_groups,300,e40789b,yes,
1201,App C proposition: flips introducing a finding,47,,tables/data_stats.json,semantics.test_L2.finding_bases / 2000 = 932/2000 (numeric_flips 1068),46.6,a6cc31a,yes,integer rounding of 46.6
1231,App C missing twins false rejection level,5,,scripts/make_tables.py (derived: M.mr_threshold),threshold from dev at 5% FR,design (5% on dev_missing),,yes,"design; measured FR on the test set differs per system (e.g. critic 11.0, Med-PRM 6.5 in summary_rule_v1~missing.json)"
1232,App C missing twins MR Med-PRM,0.0,run/C-AUD-medprm/missing/top/MR,"[origin/role-c only, not in role-d tree] results_git/C-AUD-medprm/summary_rule_v1~missing.json",MR,0.0,,yes,file is not in the role-d working tree; make_tables prints tbd for it
1233,App C missing twins MR MedS3 PRM,0.6,run/C-AUD-meds3/missing/top/MR,"[origin/role-c only, not in role-d tree] results_git/C-AUD-meds3/summary_rule_v1~missing.json",MR,0.6,,yes,file is not in the role-d working tree; make_tables prints tbd for it
1233,App C missing twins MR FoVer PRM,14.8,run/C-AUD-fover/missing/top/MR,"[origin/role-c only, not in role-d tree] results_git/C-AUD-fover/summary_rule_v1~missing.json",MR,14.8,,yes,file is not in the role-d working tree; make_tables prints tbd for it
1233,App C missing twins MR untrained critic,7.7,run/C-TF-critic/missing/top/MR,results_git/C-TF-critic/summary_rule_v1~missing.json,MR,7.7,74c90b1,yes,
1234,App C missing twins MR prompted summary,37.8,run/C-TF-promptsum/missing/top/MR,"[origin/role-c only, not in role-d tree] results_git/C-TF-promptsum/summary_rule_v1~missing.json",MR,37.8,,yes,file is not in the role-d working tree; make_tables prints tbd for it
1234,"App C missing twins MR trained models, lower bound",99.2,run/B-F-<fmt>-<corpus>/missing/top/MR/min,results_git/B-F-*-s*/scores_rule_v1~missing.jsonl + scores_rule_v1~dev_missing.jsonl,"make_tables derived MR (selrm.metrics.missing_rejection), min over runs","98.7 (B-F-rationale-natural-s0); 98.8 (B-F-rationale-blocks-s0); 99.2 (rationale-balanced, rationale-triplets); all verdict/summary2/ledger2 runs 99.9-100.0",,no,"'every trained model': the minimum over trained B-F runs with scores is 98.7, not 99.2; 99.2 is the minimum only if rationale-natural and rationale-blocks are left out"
1235,"App C missing twins MR trained models, upper bound",100.0,run/B-F-verdict-blocks/missing/top/MR/max,results_git/B-F-*-s*/scores_rule_v1~missing.jsonl,"make_tables derived MR, max over runs",100.0,,yes,
1236,App C missing twins share of missing records per corpus,15,,results/A-D15/summary.json,datasets.rule_v1/train_*.record_share.missing,"0.1488 (natural), 0.1501 (balanced), 0.1501 (blocks), 0.1497 (triplets)",e40789b,yes,
1246,App C rule-side items items per dimension,100,,data/xr_v1/test/MANIFEST.json,by_dimension,"100 each (currency, inclusivity, subject, window)",2df9308,yes,
1246,App C rule-side items records,"9,600",,data/xr_v1/test/MANIFEST.json,n_records,9600,2df9308,yes,
1251,App C rule-side items uniformly random preferences,1.5,,,,,,no_source,"no random scorer in data/xr_v1/test/MANIFEST.json validation.crossed_accuracy (only always/never/ignore-rule scorers = 0.0 and program = 100.0), tables/xr.tex, selrm/xr.py, results_git; analytic value for six independent fair judgments is 1/64 = 1.5625%, which the draft's rounding rule prints as 1.6"
1254,App C text without renderer: kit size,160,,challenge_v1/specs.jsonl,number of lines (docs/DECISIONS_A.md 2 Oct challenge_v1 row),160,b3e6315,yes,
1264,App D TrialGPT data annotations,"1,015",,data/clin_v1/trialgpt_test/MANIFEST.json; data/clin_v1/trialgpt_dev/MANIFEST.json,n_items (test) + n_items (dev) + len(dropped_items),801 + 213 + 1 dropped = 1015,3069d90,yes,
1264,App D TrialGPT data patient summaries,53,,data/clin_v1/trialgpt_test/MANIFEST.json; data/clin_v1/trialgpt_dev/MANIFEST.json,len(patients); split_rule 'sorted 53 patient ids',43 + 10 = 53,3069d90,yes,
1265,App D TrialGPT data trials,103,,"data/clin_v1/trialgpt_{test,dev}/records.jsonl",distinct meta.trial_id over both sets (manifests: n_trials 83 + 20),103,,yes,the dropped annotation 883 (NCT02213809) is not in the records; count is over kept items
1265,App D TrialGPT data inclusion criteria,356,,data/clin_v1/trialgpt_test/MANIFEST.json; data/clin_v1/trialgpt_dev/MANIFEST.json,sum of by_type_eligibility 'inclusion|*',287 + 69 = 356,3069d90,yes,
1265,App D TrialGPT data exclusion criteria,659,,data/clin_v1/trialgpt_test/MANIFEST.json; data/clin_v1/trialgpt_dev/MANIFEST.json,sum of by_type_eligibility 'exclusion|*' + dropped_items,"514 + 144 = 658 in the sets, + 1 dropped item = 659",3069d90,yes,the type of the dropped item is not recorded in the manifest (label 'not excluded' implies exclusion)
1268,App D TrialGPT data label included,150,,data/clin_v1/trialgpt_test/MANIFEST.json; data/clin_v1/trialgpt_dev/MANIFEST.json,by_type_eligibility inclusion|included,131 + 19 = 150,3069d90,yes,
1268,App D TrialGPT data label not included,23,,data/clin_v1/trialgpt_test/MANIFEST.json; data/clin_v1/trialgpt_dev/MANIFEST.json,by_type_eligibility inclusion|not included,16 + 7 = 23,3069d90,yes,
1268,App D TrialGPT data label excluded,10,,data/clin_v1/trialgpt_test/MANIFEST.json; data/clin_v1/trialgpt_dev/MANIFEST.json,by_type_eligibility exclusion|excluded,7 + 3 = 10,3069d90,yes,
1268,App D TrialGPT data label not excluded,484,,data/clin_v1/trialgpt_test/MANIFEST.json; data/clin_v1/trialgpt_dev/MANIFEST.json,by_type_eligibility exclusion|not excluded + dropped_items[0],373 + 110 + 1 dropped = 484,3069d90,yes,
1269,App D TrialGPT data label not enough information,293,,data/clin_v1/trialgpt_test/MANIFEST.json; data/clin_v1/trialgpt_dev/MANIFEST.json,by_type_eligibility *|not enough information,99 + 133 + 41 + 20 = 293,3069d90,yes,
1269,App D TrialGPT data label not applicable,55,,data/clin_v1/trialgpt_test/MANIFEST.json; data/clin_v1/trialgpt_dev/MANIFEST.json,by_type_eligibility *|not applicable,7 + 35 + 11 + 2 = 55,3069d90,yes,
1277,App D TrialGPT data dev items,200,,results_git/C-TG-critic-dev/summary_clin_v1~trialgpt_dev.json,n_scored (manifest n_items 213 incl. 13 not applicable),200,e20f004,yes,
1277,App D TrialGPT data dev patients,10,,data/clin_v1/trialgpt_dev/MANIFEST.json,len(patients),10,3069d90,yes,
1277,App D TrialGPT data test items,759,,results_git/C-TG-critic/summary_clin_v1~trialgpt_test.json,n_scored (manifest n_items 801 incl. 42 not applicable),759,74c90b1,yes,
1278,App D TrialGPT data test patients,43,,data/clin_v1/trialgpt_test/MANIFEST.json,len(patients),43,3069d90,yes,
1289,"App D tab:trialgpt always met, macro-F1",10.3,,data/clin_v1/trialgpt_test/MANIFEST.json,shortcut_validation.predictors['always met'].macroF1,10.2564,3069d90,yes,
1289,"App D tab:trialgpt always met, acc",18.2,,data/clin_v1/trialgpt_test/MANIFEST.json,...['always met'].acc,18.1818,3069d90,yes,
1290,"App D tab:trialgpt always not met, macro-F1",22.6,,data/clin_v1/trialgpt_test/MANIFEST.json,...['always not_met'].macroF1,22.5900,3069d90,yes,
1290,"App D tab:trialgpt always not met, acc",51.2,,data/clin_v1/trialgpt_test/MANIFEST.json,...['always not_met'].acc,51.2516,3069d90,no,"round(51.2516, 1) = 51.3"
1291,"App D tab:trialgpt always not enough inf., macro-F1",15.6,,data/clin_v1/trialgpt_test/MANIFEST.json,...['always nei'].macroF1,15.6071,3069d90,yes,
1291,"App D tab:trialgpt always not enough inf., acc",30.6,,data/clin_v1/trialgpt_test/MANIFEST.json,...['always nei'].acc,30.5665,3069d90,yes,
1292,"App D tab:trialgpt criterion-type prior, macro-F1",46.0,,data/clin_v1/trialgpt_test/MANIFEST.json,...['type prior from dev ...'].macroF1,45.9659,3069d90,yes,
1292,"App D tab:trialgpt criterion-type prior, acc",66.7,,data/clin_v1/trialgpt_test/MANIFEST.json,...['type prior from dev ...'].acc,66.6667,3069d90,yes,
1294,"App D tab:trialgpt critic, macro-F1",65.7,run/C-TG-critic/clin_v1:trialgpt_test/top/macroF1,results_git/C-TG-critic/summary_clin_v1~trialgpt_test.json,macroF1,65.701,74c90b1,yes,
1294,"App D tab:trialgpt critic, acc",70.4,run/C-TG-critic/clin_v1:trialgpt_test/top/acc,results_git/C-TG-critic/summary_clin_v1~trialgpt_test.json,acc,70.356,74c90b1,yes,
1294,"App D tab:trialgpt critic, choice",92.8,,results_git/C-TG-critic/summary_clin_v1~trialgpt_test.json,forced_choice_acc (n_forced 527),92.789,74c90b1,yes,
1295,"App D tab:trialgpt + prompted summary, macro-F1",68.0,run/C-TG-promptsum/clin_v1:trialgpt_test/top/macroF1,results_git/C-TG-promptsum/summary_clin_v1~trialgpt_test.json,macroF1,68.001,3069d90,yes,
1295,"App D tab:trialgpt + prompted summary, acc",71.4,run/C-TG-promptsum/clin_v1:trialgpt_test/top/acc,results_git/C-TG-promptsum/summary_clin_v1~trialgpt_test.json,acc,71.410,3069d90,yes,
1295,"App D tab:trialgpt + prompted summary, choice",91.3,,results_git/C-TG-promptsum/summary_clin_v1~trialgpt_test.json,forced_choice_acc (n_forced 527),91.271,3069d90,yes,
1296,"App D tab:trialgpt + prompted ledger (lenient), macro-F1",54.0,run/C-TG-promptledger-lenient/clin_v1:trialgpt_test/top/macroF1,results_git/C-TG-promptledger-lenient/summary_clin_v1~trialgpt_test.json,macroF1,54.035,f0bc2c4,yes,
1296,"App D tab:trialgpt + prompted ledger (lenient), acc",62.3,run/C-TG-promptledger-lenient/clin_v1:trialgpt_test/top/acc,results_git/C-TG-promptledger-lenient/summary_clin_v1~trialgpt_test.json,acc,62.319,f0bc2c4,yes,
1296,"App D tab:trialgpt + prompted ledger (lenient), choice",86.0,,results_git/C-TG-promptledger-lenient/summary_clin_v1~trialgpt_test.json,forced_choice_acc (n_forced 527),85.958,f0bc2c4,yes,
1297,"App D tab:trialgpt verdict only, blocks (s0), macro-F1",64.8,run/C-TG-verdict-blocks/clin_v1:trialgpt_test/top/macroF1,results_git/C-TG-verdict-blocks-s0/summary_clin_v1~trialgpt_test.json,macroF1,64.831,3069d90,yes,
1297,"App D tab:trialgpt verdict only, blocks (s0), acc",65.7,run/C-TG-verdict-blocks/clin_v1:trialgpt_test/top/acc,results_git/C-TG-verdict-blocks-s0/summary_clin_v1~trialgpt_test.json,acc,65.744,3069d90,yes,
1297,"App D tab:trialgpt verdict only, blocks (s0), choice",92.8,,results_git/C-TG-verdict-blocks-s0/summary_clin_v1~trialgpt_test.json,forced_choice_acc (n_forced 527),92.789,3069d90,yes,
1298,"App D tab:trialgpt verdict only, blocks seed 2, macro-F1",68.6,run/C-TG-verdict-blocks/clin_v1:trialgpt_test/top/macroF1,results_git/C-TG-verdict-blocks-s2/summary_clin_v1~trialgpt_test.json,macroF1,68.631,ee16ba5,yes,
1298,"App D tab:trialgpt verdict only, blocks seed 2, acc",69.2,run/C-TG-verdict-blocks/clin_v1:trialgpt_test/top/acc,results_git/C-TG-verdict-blocks-s2/summary_clin_v1~trialgpt_test.json,acc,69.170,ee16ba5,yes,
1298,"App D tab:trialgpt verdict only, blocks seed 2, choice",92.0,,results_git/C-TG-verdict-blocks-s2/summary_clin_v1~trialgpt_test.json,forced_choice_acc (n_forced 527),92.030,ee16ba5,yes,
1299,"App D tab:trialgpt verdict only, triplets (s0), macro-F1",70.8,run/C-TG-verdict-triplets/clin_v1:trialgpt_test/top/macroF1,results_git/C-TG-verdict-triplets-s0/summary_clin_v1~trialgpt_test.json,macroF1,70.847,3069d90,yes,
1299,"App D tab:trialgpt verdict only, triplets (s0), acc",71.1,run/C-TG-verdict-triplets/clin_v1:trialgpt_test/top/acc,results_git/C-TG-verdict-triplets-s0/summary_clin_v1~trialgpt_test.json,acc,71.146,3069d90,yes,
1299,"App D tab:trialgpt verdict only, triplets (s0), choice",92.8,,results_git/C-TG-verdict-triplets-s0/summary_clin_v1~trialgpt_test.json,forced_choice_acc (n_forced 527),92.789,3069d90,yes,
1300,"App D tab:trialgpt verdict only, triplets seed 1, macro-F1",70.1,run/C-TG-verdict-triplets/clin_v1:trialgpt_test/top/macroF1,results_git/C-TG-verdict-triplets-s1/summary_clin_v1~trialgpt_test.json,macroF1,70.102,5a1afd7,yes,
1300,"App D tab:trialgpt verdict only, triplets seed 1, acc",70.6,run/C-TG-verdict-triplets/clin_v1:trialgpt_test/top/acc,results_git/C-TG-verdict-triplets-s1/summary_clin_v1~trialgpt_test.json,acc,70.619,5a1afd7,yes,
1300,"App D tab:trialgpt verdict only, triplets seed 1, choice",91.1,,results_git/C-TG-verdict-triplets-s1/summary_clin_v1~trialgpt_test.json,forced_choice_acc (n_forced 527),91.082,5a1afd7,yes,
1301,"App D tab:trialgpt evidence summary, blocks, macro-F1",68.2,run/C-TG-summary2-blocks/clin_v1:trialgpt_test/top/macroF1,results_git/C-TG-summary2-blocks-s0/summary_clin_v1~trialgpt_test.json,macroF1,68.161,5a1afd7,yes,
1301,"App D tab:trialgpt evidence summary, blocks, acc",69.2,run/C-TG-summary2-blocks/clin_v1:trialgpt_test/top/acc,results_git/C-TG-summary2-blocks-s0/summary_clin_v1~trialgpt_test.json,acc,69.170,5a1afd7,yes,
1301,"App D tab:trialgpt evidence summary, blocks, choice",84.4,,results_git/C-TG-summary2-blocks-s0/summary_clin_v1~trialgpt_test.json,forced_choice_acc (n_forced 527),84.440,5a1afd7,yes,
1302,"App D tab:trialgpt evidence summary, triplets, macro-F1",69.2,run/C-TG-summary2-triplets/clin_v1:trialgpt_test/top/macroF1,results_git/C-TG-summary2-triplets-s0/summary_clin_v1~trialgpt_test.json,macroF1,69.189,3069d90,yes,
1302,"App D tab:trialgpt evidence summary, triplets, acc",69.0,run/C-TG-summary2-triplets/clin_v1:trialgpt_test/top/acc,results_git/C-TG-summary2-triplets-s0/summary_clin_v1~trialgpt_test.json,acc,69.038,3069d90,yes,
1302,"App D tab:trialgpt evidence summary, triplets, choice",87.5,,results_git/C-TG-summary2-triplets-s0/summary_clin_v1~trialgpt_test.json,forced_choice_acc (n_forced 527),87.476,3069d90,yes,
1303,"App D tab:trialgpt method, blocks, macro-F1",70.9,run/C-TG-ledger2-blocks/clin_v1:trialgpt_test/top/macroF1,results_git/C-TG-ledger2-blocks-s0/summary_clin_v1~trialgpt_test.json,macroF1,70.876,3069d90,yes,
1303,"App D tab:trialgpt method, blocks, acc",71.8,run/C-TG-ledger2-blocks/clin_v1:trialgpt_test/top/acc,results_git/C-TG-ledger2-blocks-s0/summary_clin_v1~trialgpt_test.json,acc,71.805,3069d90,yes,
1303,"App D tab:trialgpt method, blocks, choice",85.8,,results_git/C-TG-ledger2-blocks-s0/summary_clin_v1~trialgpt_test.json,forced_choice_acc (n_forced 527),85.769,3069d90,yes,
1304,"App D tab:trialgpt method, triplets, macro-F1",69.1,run/C-TG-ledger2-triplets/clin_v1:trialgpt_test/top/macroF1,results_git/C-TG-ledger2-triplets-s0/summary_clin_v1~trialgpt_test.json,macroF1,69.093,3069d90,yes,
1304,"App D tab:trialgpt method, triplets, acc",70.6,run/C-TG-ledger2-triplets/clin_v1:trialgpt_test/top/acc,results_git/C-TG-ledger2-triplets-s0/summary_clin_v1~trialgpt_test.json,acc,70.619,3069d90,yes,
1304,"App D tab:trialgpt method, triplets, choice",87.7,,results_git/C-TG-ledger2-triplets-s0/summary_clin_v1~trialgpt_test.json,forced_choice_acc (n_forced 527),87.666,3069d90,yes,
1307,App D tab:trialgpt caption items,759,,results_git/C-TG-critic/summary_clin_v1~trialgpt_test.json,n_scored,759,74c90b1,yes,
1307,App D tab:trialgpt caption patients,43,,results_git/C-TG-critic/summary_clin_v1~trialgpt_test.json,n_patients,43,74c90b1,yes,
1310,App D tab:trialgpt caption CI critic lo,61.8,,results_git/C-TG-critic/summary_clin_v1~trialgpt_test.json,macroF1_CI95[0],61.761,74c90b1,yes,
1310,App D tab:trialgpt caption CI critic hi,69.7,,results_git/C-TG-critic/summary_clin_v1~trialgpt_test.json,macroF1_CI95[1],69.723,74c90b1,yes,
1311,App D tab:trialgpt caption CI prompted summary lo,64.8,,results_git/C-TG-promptsum/summary_clin_v1~trialgpt_test.json,macroF1_CI95[0],64.846,3069d90,yes,
1311,App D tab:trialgpt caption CI prompted summary hi,70.8,,results_git/C-TG-promptsum/summary_clin_v1~trialgpt_test.json,macroF1_CI95[1],70.844,3069d90,yes,
1311,App D tab:trialgpt caption CI verdict only blocks lo,60.3,,results_git/C-TG-verdict-blocks-s0/summary_clin_v1~trialgpt_test.json,macroF1_CI95[0],60.317,3069d90,yes,
1311,App D tab:trialgpt caption CI verdict only blocks hi,69.2,,results_git/C-TG-verdict-blocks-s0/summary_clin_v1~trialgpt_test.json,macroF1_CI95[1],69.220,3069d90,yes,
1311,App D tab:trialgpt caption CI verdict only triplets lo,66.3,,results_git/C-TG-verdict-triplets-s0/summary_clin_v1~trialgpt_test.json,macroF1_CI95[0],66.254,3069d90,yes,
1311,App D tab:trialgpt caption CI verdict only triplets hi,75.3,,results_git/C-TG-verdict-triplets-s0/summary_clin_v1~trialgpt_test.json,macroF1_CI95[1],75.279,3069d90,yes,
1312,App D tab:trialgpt caption CI evidence summary blocks lo,63.9,,results_git/C-TG-summary2-blocks-s0/summary_clin_v1~trialgpt_test.json,macroF1_CI95[0],63.895,5a1afd7,yes,
1312,App D tab:trialgpt caption CI evidence summary blocks hi,71.7,,results_git/C-TG-summary2-blocks-s0/summary_clin_v1~trialgpt_test.json,macroF1_CI95[1],71.693,5a1afd7,yes,
1312,App D tab:trialgpt caption CI evidence summary triplets lo,65.1,,results_git/C-TG-summary2-triplets-s0/summary_clin_v1~trialgpt_test.json,macroF1_CI95[0],65.080,3069d90,yes,
1312,App D tab:trialgpt caption CI evidence summary triplets hi,72.9,,results_git/C-TG-summary2-triplets-s0/summary_clin_v1~trialgpt_test.json,macroF1_CI95[1],72.907,3069d90,yes,
1312,App D tab:trialgpt caption CI method blocks lo,66.7,,results_git/C-TG-ledger2-blocks-s0/summary_clin_v1~trialgpt_test.json,macroF1_CI95[0],66.678,3069d90,yes,
1312,App D tab:trialgpt caption CI method blocks hi,74.6,,results_git/C-TG-ledger2-blocks-s0/summary_clin_v1~trialgpt_test.json,macroF1_CI95[1],74.553,3069d90,yes,
1313,App D tab:trialgpt caption CI method triplets lo,64.3,,results_git/C-TG-ledger2-triplets-s0/summary_clin_v1~trialgpt_test.json,macroF1_CI95[0],64.253,3069d90,yes,
1313,App D tab:trialgpt caption CI method triplets hi,73.5,,results_git/C-TG-ledger2-triplets-s0/summary_clin_v1~trialgpt_test.json,macroF1_CI95[1],73.547,3069d90,yes,
1313,"App D tab:trialgpt caption malformed reader outputs, method blocks",1.9,,results_git/C-TG-ledger2-blocks-s0/reader_audit.json,sets['clin_v1/trialgpt_test'].malformed_rate_strict,0.0187 (= 1.87%),2e6c33d,yes,share of 801 units (incl. not-applicable items)
1313,"App D tab:trialgpt caption malformed reader outputs, method triplets",4.0,,results_git/C-TG-ledger2-triplets-s0/reader_audit.json,sets['clin_v1/trialgpt_test'].malformed_rate_strict,0.04 (= 4.0%),2e6c33d,yes,
1319,App D TrialGPT text dev diff method triplets - critic,+13.7,,results_git/C-TG-comparisons_dev.json,'ledger2-triplets - critic'.diff,13.7459,51e3125,yes,
1319,App D TrialGPT text dev lo,5.0,,results_git/C-TG-comparisons_dev.json,.lo,5.0092,51e3125,yes,
1319,App D TrialGPT text dev hi,20.6,,results_git/C-TG-comparisons_dev.json,.hi,20.5953,51e3125,yes,
1319,App D TrialGPT text dev patients,10,,results_git/C-TG-comparisons_dev.json,.n_clusters,10,51e3125,yes,
1320,App D TrialGPT text test patients,43,,results_git/C-TG-comparisons_test.json,'ledger2-triplets - critic'.n_clusters,43,2e6c33d,yes,
1320,App D TrialGPT text test diff,+3.4,cmp/p6a/diff,results_git/C-TG-comparisons_test.json,.diff,3.3918,2e6c33d,yes,
1320,App D TrialGPT text test lo,-2.6,cmp/p6a/lo,results_git/C-TG-comparisons_test.json,.lo,-2.5722,2e6c33d,yes,
1320,App D TrialGPT text test hi,9.2,cmp/p6a/hi,results_git/C-TG-comparisons_test.json,.hi,9.2478,2e6c33d,yes,
1322,"App D TrialGPT text evidence precision, method blocks",57.8,run/C-TG-ledger2-blocks/clin_v1:trialgpt_test/evidence/precision,results_git/C-TG-ledger2-blocks-s0/summary_clin_v1~trialgpt_test.json,evidence.precision,57.7540,3069d90,yes,"the red tbd for triplets has a value in the files: precision 55.625, recall 67.939 (tables/numbers.json)"
1322,"App D TrialGPT text evidence recall, method blocks",61.8,run/C-TG-ledger2-blocks/clin_v1:trialgpt_test/evidence/recall,results_git/C-TG-ledger2-blocks-s0/summary_clin_v1~trialgpt_test.json,evidence.recall,61.8321,3069d90,yes,
1327,App D MedEinst text test pairs,"5,383",,data/clin_v1/medeinst_test/MANIFEST.json,n_pairs,5383,ac8eb3b,yes,
1328,App D MedEinst text served reference pairs,"10,609",,data/clin_v1/medeinst_ref_train/MANIFEST.json,ref_pairs_released,10609,ac8eb3b,yes,
1328,App D MedEinst text reference pairs as stated by the MedEinst paper,"10,689",,,,,,unclear,"kind=external: figure from the MedEinst paper, not in any repo result file"
1332,App D MedEinst text random both-right rate,25,,,design/analytic,analytic (1/2 x 1/2),,yes,kind=design
1333,App D MedEinst text always-control scorer,0,,,design/analytic,analytic,,yes,kind=design
1342,"App D tab:medeinst Med-PRM, pair",16.2,,"[origin/role-c only, not in role-d tree] results_git/C-AUD-medprm/summary_clin_v1~medeinst_test.json",Reversal,16.2177,,yes,file is not in the role-d working tree; make_tables prints tbd for it
1342,"App D tab:medeinst Med-PRM, control",67.5,,"[origin/role-c only, not in role-d tree] results_git/C-AUD-medprm/summary_clin_v1~medeinst_test.json",control_acc,67.4531,,yes,file is not in the role-d working tree; make_tables prints tbd for it
1342,"App D tab:medeinst Med-PRM, trap",45.4,,"[origin/role-c only, not in role-d tree] results_git/C-AUD-medprm/summary_clin_v1~medeinst_test.json",trap_acc,45.4208,,yes,file is not in the role-d working tree; make_tables prints tbd for it
1342,"App D tab:medeinst Med-PRM, same",80.5,,"[origin/role-c only, not in role-d tree] results_git/C-AUD-medprm/summary_clin_v1~medeinst_test.json",control_acc + trap_acc - 2*Reversal (unrounded),80.439,,no,file is not in the role-d working tree; make_tables prints tbd for it; from the unrounded file values Same = 80.44 -> 80.4; the typed value comes from the three rounded cells
1343,"App D tab:medeinst MedS3 PRM, pair",25.1,,"[origin/role-c only, not in role-d tree] results_git/C-AUD-meds3/summary_clin_v1~medeinst_test.json",Reversal,25.1161,,yes,file is not in the role-d working tree; make_tables prints tbd for it
1343,"App D tab:medeinst MedS3 PRM, control",79.1,,"[origin/role-c only, not in role-d tree] results_git/C-AUD-meds3/summary_clin_v1~medeinst_test.json",control_acc,79.1380,,yes,file is not in the role-d working tree; make_tables prints tbd for it
1343,"App D tab:medeinst MedS3 PRM, trap",44.2,,"[origin/role-c only, not in role-d tree] results_git/C-AUD-meds3/summary_clin_v1~medeinst_test.json",trap_acc,44.1575,,yes,file is not in the role-d working tree; make_tables prints tbd for it
1343,"App D tab:medeinst MedS3 PRM, same",73.1,,"[origin/role-c only, not in role-d tree] results_git/C-AUD-meds3/summary_clin_v1~medeinst_test.json",control_acc + trap_acc - 2*Reversal (unrounded),73.063,,yes,file is not in the role-d working tree; make_tables prints tbd for it
1344,"App D tab:medeinst FoVer PRM, pair",21.0,,"[origin/role-c only, not in role-d tree] results_git/C-AUD-fover/summary_clin_v1~medeinst_test.json",Reversal,20.9920,,yes,file is not in the role-d working tree; make_tables prints tbd for it
1344,"App D tab:medeinst FoVer PRM, control",71.8,,"[origin/role-c only, not in role-d tree] results_git/C-AUD-fover/summary_clin_v1~medeinst_test.json",control_acc,71.8001,,yes,file is not in the role-d working tree; make_tables prints tbd for it
1344,"App D tab:medeinst FoVer PRM, trap",48.1,,"[origin/role-c only, not in role-d tree] results_git/C-AUD-fover/summary_clin_v1~medeinst_test.json",trap_acc,48.0959,,yes,file is not in the role-d working tree; make_tables prints tbd for it
1344,"App D tab:medeinst FoVer PRM, same",77.9,,"[origin/role-c only, not in role-d tree] results_git/C-AUD-fover/summary_clin_v1~medeinst_test.json",control_acc + trap_acc - 2*Reversal (unrounded),77.912,,yes,file is not in the role-d working tree; make_tables prints tbd for it
1345,"App D tab:medeinst GenPRM-7B, pair",22.0,,"[only in sibling clone D:/NAACL27/selrm-role-c, not in role-d or origin/role-c] results_git/C-AUD-genprm/summary_clin_v1~medeinst_test.json",Reversal,22.0,,yes,result file exists only in the role-C clone (docs/MEDEINST_RESULTS.md on origin/role-c lists it as C-AUD-genprm--p3); not reachable by make_tables in role-d
1345,"App D tab:medeinst GenPRM-7B, control",58.0,,"[only in sibling clone D:/NAACL27/selrm-role-c, not in role-d or origin/role-c] results_git/C-AUD-genprm/summary_clin_v1~medeinst_test.json",control_acc,58.0,,yes,result file exists only in the role-C clone (docs/MEDEINST_RESULTS.md on origin/role-c lists it as C-AUD-genprm--p3); not reachable by make_tables in role-d
1345,"App D tab:medeinst GenPRM-7B, trap",46.5,,"[only in sibling clone D:/NAACL27/selrm-role-c, not in role-d or origin/role-c] results_git/C-AUD-genprm/summary_clin_v1~medeinst_test.json",trap_acc,46.5,,yes,result file exists only in the role-C clone (docs/MEDEINST_RESULTS.md on origin/role-c lists it as C-AUD-genprm--p3); not reachable by make_tables in role-d
1346,"App D tab:medeinst critic, pair",24.2,,results_git/C-ME-critic/summary_clin_v1~medeinst_test.json,Reversal,24.1873,c19d712,yes,
1346,"App D tab:medeinst critic, control",71.8,,results_git/C-ME-critic/summary_clin_v1~medeinst_test.json,control_acc,71.8373,c19d712,yes,
1346,"App D tab:medeinst critic, trap",51.6,,results_git/C-ME-critic/summary_clin_v1~medeinst_test.json,trap_acc,51.5698,c19d712,yes,
1346,"App D tab:medeinst critic, same",75.0,,results_git/C-ME-critic/summary_clin_v1~medeinst_test.json,control_acc + trap_acc - 2*Reversal (unrounded),75.032,c19d712,yes,
1347,"App D tab:medeinst + default correction, pair",24.7,,results_git/C-ME-defcorr/summary_clin_v1~medeinst_test.json,Reversal,24.6703,b022da8,yes,
1347,"App D tab:medeinst + default correction, control",70.4,,results_git/C-ME-defcorr/summary_clin_v1~medeinst_test.json,control_acc,70.3511,b022da8,yes,
1347,"App D tab:medeinst + default correction, trap",53.3,,results_git/C-ME-defcorr/summary_clin_v1~medeinst_test.json,trap_acc,53.3346,b022da8,yes,
1347,"App D tab:medeinst + default correction, same",74.3,,results_git/C-ME-defcorr/summary_clin_v1~medeinst_test.json,control_acc + trap_acc - 2*Reversal (unrounded),74.345,b022da8,yes,
1348,"App D tab:medeinst verdict only, blocks (s0), pair",20.5,,"[origin/role-c only, not in role-d tree] results_git/C-ME-verdict-blocks-s0/summary_clin_v1~medeinst_test.json",Reversal,20.4719,,yes,file is not in the role-d working tree; make_tables prints tbd for it
1348,"App D tab:medeinst verdict only, blocks (s0), control",68.3,,"[origin/role-c only, not in role-d tree] results_git/C-ME-verdict-blocks-s0/summary_clin_v1~medeinst_test.json",control_acc,68.2705,,yes,file is not in the role-d working tree; make_tables prints tbd for it
1348,"App D tab:medeinst verdict only, blocks (s0), trap",51.8,,"[origin/role-c only, not in role-d tree] results_git/C-ME-verdict-blocks-s0/summary_clin_v1~medeinst_test.json",trap_acc,51.7555,,yes,file is not in the role-d working tree; make_tables prints tbd for it
1348,"App D tab:medeinst verdict only, blocks (s0), same",79.1,,"[origin/role-c only, not in role-d tree] results_git/C-ME-verdict-blocks-s0/summary_clin_v1~medeinst_test.json",control_acc + trap_acc - 2*Reversal (unrounded),79.082,,yes,file is not in the role-d working tree; make_tables prints tbd for it
1349,"App D tab:medeinst verdict only, blocks seed 2, pair",18.2,,"[origin/role-c only, not in role-d tree] results_git/C-ME-verdict-blocks-s2/summary_clin_v1~medeinst_test.json",Reversal,18.1683,,yes,file is not in the role-d working tree; make_tables prints tbd for it
1349,"App D tab:medeinst verdict only, blocks seed 2, control",65.2,,"[origin/role-c only, not in role-d tree] results_git/C-ME-verdict-blocks-s2/summary_clin_v1~medeinst_test.json",control_acc,65.2424,,yes,file is not in the role-d working tree; make_tables prints tbd for it
1349,"App D tab:medeinst verdict only, blocks seed 2, trap",52.3,,"[origin/role-c only, not in role-d tree] results_git/C-ME-verdict-blocks-s2/summary_clin_v1~medeinst_test.json",trap_acc,52.3128,,yes,file is not in the role-d working tree; make_tables prints tbd for it
1349,"App D tab:medeinst verdict only, blocks seed 2, same",81.1,,"[origin/role-c only, not in role-d tree] results_git/C-ME-verdict-blocks-s2/summary_clin_v1~medeinst_test.json",control_acc + trap_acc - 2*Reversal (unrounded),81.219,,no,file is not in the role-d working tree; make_tables prints tbd for it; from the unrounded file values Same = 81.22 -> 81.2; the typed value comes from the three rounded cells
1350,"App D tab:medeinst verdict only, triplets (s0), pair",22.8,,"[origin/role-c only, not in role-d tree] results_git/C-ME-verdict-triplets-s0/summary_clin_v1~medeinst_test.json",Reversal,22.8126,,yes,file is not in the role-d working tree; make_tables prints tbd for it
1350,"App D tab:medeinst verdict only, triplets (s0), control",69.5,,"[origin/role-c only, not in role-d tree] results_git/C-ME-verdict-triplets-s0/summary_clin_v1~medeinst_test.json",control_acc,69.5151,,yes,file is not in the role-d working tree; make_tables prints tbd for it
1350,"App D tab:medeinst verdict only, triplets (s0), trap",52.9,,"[origin/role-c only, not in role-d tree] results_git/C-ME-verdict-triplets-s0/summary_clin_v1~medeinst_test.json",trap_acc,52.9445,,yes,file is not in the role-d working tree; make_tables prints tbd for it
1350,"App D tab:medeinst verdict only, triplets (s0), same",76.8,,"[origin/role-c only, not in role-d tree] results_git/C-ME-verdict-triplets-s0/summary_clin_v1~medeinst_test.json",control_acc + trap_acc - 2*Reversal (unrounded),76.834,,yes,file is not in the role-d working tree; make_tables prints tbd for it
1351,"App D tab:medeinst verdict only, triplets seed 1, pair",18.7,,"[origin/role-c only, not in role-d tree] results_git/C-ME-verdict-triplets-s1/summary_clin_v1~medeinst_test.json",Reversal,18.7442,,yes,file is not in the role-d working tree; make_tables prints tbd for it
1351,"App D tab:medeinst verdict only, triplets seed 1, control",67.6,,"[origin/role-c only, not in role-d tree] results_git/C-ME-verdict-triplets-s1/summary_clin_v1~medeinst_test.json",control_acc,67.6017,,yes,file is not in the role-d working tree; make_tables prints tbd for it
1351,"App D tab:medeinst verdict only, triplets seed 1, trap",50.8,,"[origin/role-c only, not in role-d tree] results_git/C-ME-verdict-triplets-s1/summary_clin_v1~medeinst_test.json",trap_acc,50.8267,,yes,file is not in the role-d working tree; make_tables prints tbd for it
1351,"App D tab:medeinst verdict only, triplets seed 1, same",81.0,,"[origin/role-c only, not in role-d tree] results_git/C-ME-verdict-triplets-s1/summary_clin_v1~medeinst_test.json",control_acc + trap_acc - 2*Reversal (unrounded),80.940,,no,file is not in the role-d working tree; make_tables prints tbd for it; from the unrounded file values Same = 80.94 -> 80.9; the typed value comes from the three rounded cells
1352,"App D tab:medeinst evidence summary, blocks, pair",22.8,,"[origin/role-c only, not in role-d tree] results_git/C-ME-summary2-blocks-s0/summary_clin_v1~medeinst_test.json",Reversal,22.7940,,yes,file is not in the role-d working tree; make_tables prints tbd for it
1352,"App D tab:medeinst evidence summary, blocks, control",61.6,,"[origin/role-c only, not in role-d tree] results_git/C-ME-summary2-blocks-s0/summary_clin_v1~medeinst_test.json",control_acc,61.6199,,yes,file is not in the role-d working tree; make_tables prints tbd for it
1352,"App D tab:medeinst evidence summary, blocks, trap",56.1,,"[origin/role-c only, not in role-d tree] results_git/C-ME-summary2-blocks-s0/summary_clin_v1~medeinst_test.json",trap_acc,56.0840,,yes,file is not in the role-d working tree; make_tables prints tbd for it
1352,"App D tab:medeinst evidence summary, blocks, same",72.1,,"[origin/role-c only, not in role-d tree] results_git/C-ME-summary2-blocks-s0/summary_clin_v1~medeinst_test.json",control_acc + trap_acc - 2*Reversal (unrounded),72.116,,yes,file is not in the role-d working tree; make_tables prints tbd for it
1353,"App D tab:medeinst evidence summary, triplets, pair",25.1,,"[origin/role-c only, not in role-d tree] results_git/C-ME-summary2-triplets-s0/summary_clin_v1~medeinst_test.json",Reversal,25.1347,,yes,file is not in the role-d working tree; make_tables prints tbd for it
1353,"App D tab:medeinst evidence summary, triplets, control",73.2,,"[origin/role-c only, not in role-d tree] results_git/C-ME-summary2-triplets-s0/summary_clin_v1~medeinst_test.json",control_acc,73.2305,,yes,file is not in the role-d working tree; make_tables prints tbd for it
1353,"App D tab:medeinst evidence summary, triplets, trap",47.3,,"[origin/role-c only, not in role-d tree] results_git/C-ME-summary2-triplets-s0/summary_clin_v1~medeinst_test.json",trap_acc,47.3156,,yes,file is not in the role-d working tree; make_tables prints tbd for it
1353,"App D tab:medeinst evidence summary, triplets, same",70.3,,"[origin/role-c only, not in role-d tree] results_git/C-ME-summary2-triplets-s0/summary_clin_v1~medeinst_test.json",control_acc + trap_acc - 2*Reversal (unrounded),70.277,,yes,file is not in the role-d working tree; make_tables prints tbd for it
1354,"App D tab:medeinst method, triplets, pair",15.7,,"[origin/role-c only, not in role-d tree] results_git/C-ME-ledger2-triplets-s0/summary_clin_v1~medeinst_test.json",Reversal,15.7347,,yes,file is not in the role-d working tree; make_tables prints tbd for it
1354,"App D tab:medeinst method, triplets, control",44.4,,"[origin/role-c only, not in role-d tree] results_git/C-ME-ledger2-triplets-s0/summary_clin_v1~medeinst_test.json",control_acc,44.4176,,yes,file is not in the role-d working tree; make_tables prints tbd for it
1354,"App D tab:medeinst method, triplets, trap",35.1,,"[origin/role-c only, not in role-d tree] results_git/C-ME-ledger2-triplets-s0/summary_clin_v1~medeinst_test.json",trap_acc,35.0734,,yes,file is not in the role-d working tree; make_tables prints tbd for it
1359,App D tab:medeinst caption GenPRM pairs,200,,"[only in sibling clone D:/NAACL27/selrm-role-c, not in role-d or origin/role-c] results_git/C-AUD-genprm/summary_clin_v1~medeinst_test.json",n_pairs,200,,yes,result file exists only in the role-C clone (docs/MEDEINST_RESULTS.md on origin/role-c lists it as C-AUD-genprm--p3); not reachable by make_tables in role-d
1359,App D tab:medeinst caption GenPRM ties,5.5,,"[only in sibling clone D:/NAACL27/selrm-role-c, not in role-d or origin/role-c] results_git/C-AUD-genprm/summary_clin_v1~medeinst_test.json",tie_rate,5.5,,yes,result file exists only in the role-C clone (docs/MEDEINST_RESULTS.md on origin/role-c lists it as C-AUD-genprm--p3); not reachable by make_tables in role-d
1360,App D tab:medeinst caption method ties,48.2,,"[origin/role-c only, not in role-d tree] results_git/C-ME-ledger2-triplets-s0/summary_clin_v1~medeinst_test.json",tie_rate,48.2445,,yes,file is not in the role-d working tree; make_tables prints tbd for it
1360,App D tab:medeinst caption interval half-width over pairs,1.2,,"results_git/C-ME-critic/summary_clin_v1~medeinst_test.json (+ origin/role-c C-ME-*, C-AUD-*)",(CI95[1]-CI95[0])/2,critic 1.21; range over systems 0.96-1.22,,yes,approximate statement ('about')
1361,App D tab:medeinst caption critic CI lo,23.0,,results_git/C-ME-critic/summary_clin_v1~medeinst_test.json,CI95[0],22.9798,c19d712,yes,
1361,App D tab:medeinst caption critic CI hi,25.4,,results_git/C-ME-critic/summary_clin_v1~medeinst_test.json,CI95[1],25.3948,c19d712,yes,
1361,App D tab:medeinst caption method CI lo,14.7,,"[origin/role-c only, not in role-d tree] results_git/C-ME-ledger2-triplets-s0/summary_clin_v1~medeinst_test.json",CI95[0],14.7130,,yes,file is not in the role-d working tree; make_tables prints tbd for it
1361,App D tab:medeinst caption method CI hi,16.7,,"[origin/role-c only, not in role-d tree] results_git/C-ME-ledger2-triplets-s0/summary_clin_v1~medeinst_test.json",CI95[1],16.7007,,yes,file is not in the role-d working tree; make_tables prints tbd for it
1361,App D tab:medeinst caption label pairs,134,,"[origin/role-c only, not in role-d tree] results_git/C-ME-comparisons.json",label_pairs.n_clusters,134,,yes,file is not in the role-d working tree; make_tables prints tbd for it
1362,App D tab:medeinst caption label-pair half-width,10,,results_git/C-ME-critic/summary_clin_v1~medeinst_test.json (+ origin/role-c),(CI95_label_pairs[1]-CI95_label_pairs[0])/2,critic 10.6; range over systems 7.2 (MedS3) to 10.8 (summary2-triplets),,yes,approximate statement ('about'); for the PRMs and the method it is 7-8 points
1367,"App D MedEinst text after table same-diagnosis share, low",70,,"[origin/role-c only, not in role-d tree] results_git/C-ME-summary2-triplets-s0/summary_clin_v1~medeinst_test.json","control_acc + trap_acc - 2*Reversal, min over no-tie systems",70.28 (summary2-triplets),,yes,file is not in the role-d working tree; make_tables prints tbd for it
1367,"App D MedEinst text after table same-diagnosis share, high",81,,"[origin/role-c only, not in role-d tree] results_git/C-ME-verdict-blocks-s2/summary_clin_v1~medeinst_test.json","same, max over no-tie systems",81.22 (verdict-blocks-s2),,yes,file is not in the role-d working tree; make_tables prints tbd for it
1367,"App D MedEinst text after table wrong on both, max",5.1,,"[origin/role-c only, not in role-d tree] results_git/C-ME-summary2-blocks-s0/summary_clin_v1~medeinst_test.json","100 - control_acc - trap_acc + Reversal, max over no-tie systems",5.090 (summary2-blocks),,yes,file is not in the role-d working tree; make_tables prints tbd for it
1368,App D MedEinst text after table malformed reader outputs,35.9,,"[origin/role-c only, not in role-d tree] results_git/C-ME-ledger2-triplets-s0/summary_clin_v1~medeinst_test.json",eval.malformed_rate,0.3591 (3866/10766 = 35.91%),,yes,file is not in the role-d working tree; make_tables prints tbd for it
1369,App D MedEinst text after table malformed units,"3,866",,"[origin/role-c only, not in role-d tree] results_git/C-ME-ledger2-triplets-s0/summary_clin_v1~medeinst_test.json",eval.malformed_units,3866,,yes,"file is not in the role-d working tree; make_tables prints tbd for it; docs/DECISIONS_C.md says 3,863 and malformed_reasons_*.json has 10766 - 6903 = 3863 not well formed; the summary file says 3866"
1369,App D MedEinst text after table reader units,"10,766",,"[origin/role-c only, not in role-d tree] results_git/C-ME-ledger2-triplets-s0/summary_clin_v1~medeinst_test.json",eval.reader_units,10766,,yes,file is not in the role-d working tree; make_tables prints tbd for it
1370,App D MedEinst text after table reader outputs with an entry longer than five lines,30.2,,"[only in sibling clone D:/NAACL27/selrm-role-c, not in role-d or origin/role-c] results_git/C-ME-ledger2-triplets-s0/malformed_reasons_clin_v1~medeinst_test.json",shares['entry not five lines'],30.1969 (3251 of 10766),,yes,"a result file now exists in the role-C clone (commit 4904709), so the red note 'not reproducible from a result file' is outdated; the category is 'entry not five lines', not 'longer than five lines'"
1372,App D MedEinst text after table MedEinst reference pairs for training,"7,807",,data/clin_v1/clinpairs_medeinst/MANIFEST.json,n_groups,7807,74c90b1,yes,
1372,App D MedEinst text after table key pairs from MedQA training questions,122,,data/clin_v1/clinpairs_medqa/MANIFEST.json,pairs_kept,122,74c90b1,yes,
1374,App D MedEinst text after table held-out disease test pairs,115,,data/clin_v1/medeinst_dis_test/MANIFEST.json,n_groups,115,74c90b1,yes,
1374,App D MedEinst text after table pair accuracy seed a,7.8,,"[origin/role-b only, not in role-d tree] results_git/B-DIS-s0/summary_clin_v1~medeinst_dis_test.json",pairs.Reversal,7.8261 (s0),,yes,role-d has only CLAIMED_B for B-DIS; summaries are on origin/role-b
1374,App D MedEinst text after table pair accuracy seed b,43.5,,"[origin/role-b only, not in role-d tree] results_git/B-DIS-s1/summary_clin_v1~medeinst_dis_test.json",pairs.Reversal,43.4783 (s1),,yes,role-d has only CLAIMED_B for B-DIS; summaries are on origin/role-b
1374,App D MedEinst text after table number of seeds,two,,"[origin/role-b only, not in role-d tree] results_git/B-DIS-s{0,1,2}/summary_clin_v1~medeinst_dis_test.json",count of runs with DONE and a summary,"3 finished seeds (s0 7.83, s1 43.48, s2 48.70)",,no,"a third seed is finished on origin/role-b: pair 48.7, control 53.9, trap 94.8"
1375,App D MedEinst text after table trap accuracy bound,95,,"[origin/role-b only, not in role-d tree] results_git/B-DIS-s0/summary_clin_v1~medeinst_dis_test.json",pairs.trap_correct,"97.39 (s0), 95.65 (s1); 94.78 (s2)",,unclear,"true for the two seeds cited; the third finished seed (s2) is at 94.8, below 95"
1375,App D MedEinst text after table control accuracy seed a,9.6,,"[origin/role-b only, not in role-d tree] results_git/B-DIS-s0/summary_clin_v1~medeinst_dis_test.json",pairs.control_correct,9.5652 (s0),,yes,role-d has only CLAIMED_B for B-DIS; summaries are on origin/role-b
1376,App D MedEinst text after table control accuracy seed b,47.0,,"[origin/role-b only, not in role-d tree] results_git/B-DIS-s1/summary_clin_v1~medeinst_dis_test.json",pairs.control_correct,46.9565 (s1),,yes,role-d has only CLAIMED_B for B-DIS; summaries are on origin/role-b
1383,App D key pairs mutual MedQA pairs,13,,data/clin_v1/keypairs_medqa/MANIFEST.json,n_pairs,13,602f552,yes,
1383,App D key pairs mutual CareQA pairs,3,,data/clin_v1/keypairs_careqa/MANIFEST.json,n_pairs,3,602f552,yes,
1384,App D key pairs one-directional MedQA pairs,357,,data/clin_v1/keypairs_medqa_oneway/MANIFEST.json,n_pairs,357,602f552,yes,
1384,App D key pairs one-directional CareQA pairs,225,,data/clin_v1/keypairs_careqa_oneway/MANIFEST.json,n_pairs,225,602f552,yes,
1385,"App D key pairs critic, MedQA",79.8,,"[origin/role-c only, not in role-d tree] results_git/C-KP-critic/summary_clin_v1~keypairs_medqa_oneway.json",Reversal,79.8319,,yes,file is not in the role-d working tree; make_tables prints tbd for it
1385,App D key pairs critic MedQA CI lo,75.6,,"[origin/role-c only, not in role-d tree] results_git/C-KP-critic/summary_clin_v1~keypairs_medqa_oneway.json",CI95[0],75.6303,,yes,file is not in the role-d working tree; make_tables prints tbd for it
1385,App D key pairs critic MedQA CI hi,84.0,,"[origin/role-c only, not in role-d tree] results_git/C-KP-critic/summary_clin_v1~keypairs_medqa_oneway.json",CI95[1],84.0336,,yes,file is not in the role-d working tree; make_tables prints tbd for it
1386,"App D key pairs critic, CareQA",84.4,,"[origin/role-c only, not in role-d tree] results_git/C-KP-critic/summary_clin_v1~keypairs_careqa_oneway.json",Reversal,84.4444,,yes,file is not in the role-d working tree; make_tables prints tbd for it
1386,"App D key pairs prompted summary, MedQA",79.6,,"[origin/role-c only, not in role-d tree] results_git/C-KP-promptsum/summary_clin_v1~keypairs_medqa_oneway.json",Reversal,79.5518,,yes,file is not in the role-d working tree; make_tables prints tbd for it
1386,"App D key pairs prompted summary, CareQA",80.9,,"[origin/role-c only, not in role-d tree] results_git/C-KP-promptsum/summary_clin_v1~keypairs_careqa_oneway.json",Reversal,80.8889,,yes,file is not in the role-d working tree; make_tables prints tbd for it
1386,"App D key pairs verdict only blocks, MedQA",78.7,,"[origin/role-c only, not in role-d tree] results_git/C-KP-verdict-blocks-s0/summary_clin_v1~keypairs_medqa_oneway.json",Reversal,78.7115,,yes,file is not in the role-d working tree; make_tables prints tbd for it
1386,"App D key pairs verdict only blocks, CareQA",82.7,,"[origin/role-c only, not in role-d tree] results_git/C-KP-verdict-blocks-s0/summary_clin_v1~keypairs_careqa_oneway.json",Reversal,82.6667,,yes,file is not in the role-d working tree; make_tables prints tbd for it
1386,App D key pairs critic CareQA CI lo,79.6,,"[origin/role-c only, not in role-d tree] results_git/C-KP-critic/summary_clin_v1~keypairs_careqa_oneway.json",CI95[0],79.5556,,yes,file is not in the role-d working tree; make_tables prints tbd for it
1386,App D key pairs critic CareQA CI hi,88.9,,"[origin/role-c only, not in role-d tree] results_git/C-KP-critic/summary_clin_v1~keypairs_careqa_oneway.json",CI95[1],88.8889,,yes,file is not in the role-d working tree; make_tables prints tbd for it
1387,"App D key pairs verdict only triplets, MedQA",78.2,,"[origin/role-c only, not in role-d tree] results_git/C-KP-verdict-triplets-s0/summary_clin_v1~keypairs_medqa_oneway.json",Reversal,78.1513,,yes,file is not in the role-d working tree; make_tables prints tbd for it
1387,"App D key pairs verdict only triplets, CareQA",83.1,,"[origin/role-c only, not in role-d tree] results_git/C-KP-verdict-triplets-s0/summary_clin_v1~keypairs_careqa_oneway.json",Reversal,83.1111,,yes,file is not in the role-d working tree; make_tables prints tbd for it
1387,"App D key pairs prose pipeline triplets, MedQA",33.3,,"[origin/role-c only, not in role-d tree] results_git/C-KP-summary2-triplets-s0/summary_clin_v1~keypairs_medqa_oneway.json",Reversal,33.3333,,yes,file is not in the role-d working tree; make_tables prints tbd for it
1388,"App D key pairs prose pipeline triplets, CareQA",55.6,,"[origin/role-c only, not in role-d tree] results_git/C-KP-summary2-triplets-s0/summary_clin_v1~keypairs_careqa_oneway.json",Reversal,55.5556,,yes,file is not in the role-d working tree; make_tables prints tbd for it
1388,"App D key pairs method blocks, MedQA",35.9,,"[origin/role-c only, not in role-d tree] results_git/C-KP-ledger2-blocks-s0/summary_clin_v1~keypairs_medqa_oneway.json",Reversal,35.8543,,yes,file is not in the role-d working tree; make_tables prints tbd for it
1388,"App D key pairs method blocks, CareQA",44.0,,"[origin/role-c only, not in role-d tree] results_git/C-KP-ledger2-blocks-s0/summary_clin_v1~keypairs_careqa_oneway.json",Reversal,44.0000,,yes,file is not in the role-d working tree; make_tables prints tbd for it
1388,"App D key pairs method triplets, MedQA",30.5,,"[origin/role-c only, not in role-d tree] results_git/C-KP-ledger2-triplets-s0/summary_clin_v1~keypairs_medqa_oneway.json",Reversal,30.5322,,yes,file is not in the role-d working tree; make_tables prints tbd for it
1388,"App D key pairs method triplets, CareQA",38.2,,"[origin/role-c only, not in role-d tree] results_git/C-KP-ledger2-triplets-s0/summary_clin_v1~keypairs_careqa_oneway.json",Reversal,38.2222,,yes,file is not in the role-d working tree; make_tables prints tbd for it
1389,"App D key pairs Med-PRM, MedQA",57.7,,"[origin/role-c only, not in role-d tree] results_git/C-AUD-medprm/summary_clin_v1~keypairs_medqa_oneway.json",Reversal,57.7031,,yes,file is not in the role-d working tree; make_tables prints tbd for it
1389,"App D key pairs method triplets ties, MedQA",25.8,,"[origin/role-c only, not in role-d tree] results_git/C-KP-ledger2-triplets-s0/summary_clin_v1~keypairs_medqa_oneway.json",tie_rate,25.7703,,yes,file is not in the role-d working tree; make_tables prints tbd for it
1389,"App D key pairs method triplets ties, CareQA",38.2,,"[origin/role-c only, not in role-d tree] results_git/C-KP-ledger2-triplets-s0/summary_clin_v1~keypairs_careqa_oneway.json",tie_rate,38.2222,,yes,file is not in the role-d working tree; make_tables prints tbd for it
1389,"App D key pairs method triplets malformed, MedQA",14.8,,"[origin/role-c only, not in role-d tree] results_git/C-KP-ledger2-triplets-s0/summary_clin_v1~keypairs_medqa_oneway.json",eval.malformed_units / eval.reader_units,106/714 = 14.846 (malformed_rate 0.1485),,yes,file is not in the role-d working tree; make_tables prints tbd for it
1389,"App D key pairs method triplets malformed, CareQA",25.1,,"[origin/role-c only, not in role-d tree] results_git/C-KP-ledger2-triplets-s0/summary_clin_v1~keypairs_careqa_oneway.json",eval.malformed_units / eval.reader_units,113/450 = 25.111,,yes,file is not in the role-d working tree; make_tables prints tbd for it
1390,"App D key pairs Med-PRM, CareQA",56.0,,"[origin/role-c only, not in role-d tree] results_git/C-AUD-medprm/summary_clin_v1~keypairs_careqa_oneway.json",Reversal,56.0000,,yes,file is not in the role-d working tree; make_tables prints tbd for it
1390,"App D key pairs MedS3 PRM, MedQA",39.5,,"[origin/role-c only, not in role-d tree] results_git/C-AUD-meds3/summary_clin_v1~keypairs_medqa_oneway.json",Reversal,39.4958,,yes,file is not in the role-d working tree; make_tables prints tbd for it
1390,"App D key pairs MedS3 PRM, CareQA",49.8,,"[origin/role-c only, not in role-d tree] results_git/C-AUD-meds3/summary_clin_v1~keypairs_careqa_oneway.json",Reversal,49.7778,,yes,file is not in the role-d working tree; make_tables prints tbd for it
1390,"App D key pairs FoVer PRM, MedQA",67.2,,"[origin/role-c only, not in role-d tree] results_git/C-AUD-fover/summary_clin_v1~keypairs_medqa_oneway.json",Reversal,67.2269,,yes,file is not in the role-d working tree; make_tables prints tbd for it
1390,"App D key pairs FoVer PRM, CareQA",69.3,,"[origin/role-c only, not in role-d tree] results_git/C-AUD-fover/summary_clin_v1~keypairs_careqa_oneway.json",Reversal,69.3333,,yes,file is not in the role-d working tree; make_tables prints tbd for it
1402,"App D tab:nli critic, mean",80.9,,"[origin/role-c only, not in role-d tree] results_git/C-NL-critic/summary_clin_v1~nli4ct_test.json","100 * mean(Control_F1, Faithfulness, Consistency)",80.8803,,yes,file is not in the role-d working tree; make_tables prints tbd for it
1402,"App D tab:nli critic, control F1",78.3,,"[origin/role-c only, not in role-d tree] results_git/C-NL-critic/summary_clin_v1~nli4ct_test.json",100 * Control_F1,78.3300,,yes,"file is not in the role-d working tree; make_tables prints tbd for it; this is the binary Control_F1; the keyed field macroF1 of the same file differs (critic 78.20, v-blocks 80.52, v-triplets 81.00, summary 68.72); file stores fractions, RESULT_KEYS says percentages"
1402,"App D tab:nli critic, faithfulness",84.8,,"[origin/role-c only, not in role-d tree] results_git/C-NL-critic/summary_clin_v1~nli4ct_test.json",100 * Faithfulness,84.8380,,yes,file is not in the role-d working tree; make_tables prints tbd for it
1402,"App D tab:nli critic, consistency",79.5,,"[origin/role-c only, not in role-d tree] results_git/C-NL-critic/summary_clin_v1~nli4ct_test.json",100 * Consistency,79.4729,,yes,file is not in the role-d working tree; make_tables prints tbd for it
1403,"App D tab:nli verdict only, blocks, mean",85.6,,"[origin/role-c only, not in role-d tree] results_git/C-NL-verdict-blocks-s0/summary_clin_v1~nli4ct_test.json","100 * mean(Control_F1, Faithfulness, Consistency)",85.6175,,yes,file is not in the role-d working tree; make_tables prints tbd for it
1403,"App D tab:nli verdict only, blocks, control F1",79.2,,"[origin/role-c only, not in role-d tree] results_git/C-NL-verdict-blocks-s0/summary_clin_v1~nli4ct_test.json",100 * Control_F1,79.2291,,yes,"file is not in the role-d working tree; make_tables prints tbd for it; this is the binary Control_F1; the keyed field macroF1 of the same file differs (critic 78.20, v-blocks 80.52, v-triplets 81.00, summary 68.72); file stores fractions, RESULT_KEYS says percentages"
1403,"App D tab:nli verdict only, blocks, faithfulness",93.8,,"[origin/role-c only, not in role-d tree] results_git/C-NL-verdict-blocks-s0/summary_clin_v1~nli4ct_test.json",100 * Faithfulness,93.7500,,yes,file is not in the role-d working tree; make_tables prints tbd for it
1403,"App D tab:nli verdict only, blocks, consistency",83.9,,"[origin/role-c only, not in role-d tree] results_git/C-NL-verdict-blocks-s0/summary_clin_v1~nli4ct_test.json",100 * Consistency,83.8733,,yes,file is not in the role-d working tree; make_tables prints tbd for it
1404,"App D tab:nli verdict only, triplets, mean",85.4,,"[origin/role-c only, not in role-d tree] results_git/C-NL-verdict-triplets-s0/summary_clin_v1~nli4ct_test.json","100 * mean(Control_F1, Faithfulness, Consistency)",85.3722,,yes,file is not in the role-d working tree; make_tables prints tbd for it
1404,"App D tab:nli verdict only, triplets, control F1",81.0,,"[origin/role-c only, not in role-d tree] results_git/C-NL-verdict-triplets-s0/summary_clin_v1~nli4ct_test.json",100 * Control_F1,81.0379,,yes,"file is not in the role-d working tree; make_tables prints tbd for it; this is the binary Control_F1; the keyed field macroF1 of the same file differs (critic 78.20, v-blocks 80.52, v-triplets 81.00, summary 68.72); file stores fractions, RESULT_KEYS says percentages"
1404,"App D tab:nli verdict only, triplets, faithfulness",90.6,,"[origin/role-c only, not in role-d tree] results_git/C-NL-verdict-triplets-s0/summary_clin_v1~nli4ct_test.json",100 * Faithfulness,90.6250,,yes,file is not in the role-d working tree; make_tables prints tbd for it
1404,"App D tab:nli verdict only, triplets, consistency",84.5,,"[origin/role-c only, not in role-d tree] results_git/C-NL-verdict-triplets-s0/summary_clin_v1~nli4ct_test.json",100 * Consistency,84.4536,,yes,file is not in the role-d working tree; make_tables prints tbd for it
1405,"App D tab:nli evidence summary, triplets, mean",73.2,,"[origin/role-c only, not in role-d tree] results_git/C-NL-summary2-triplets-s0/summary_clin_v1~nli4ct_test.json","100 * mean(Control_F1, Faithfulness, Consistency)",73.2478,,yes,file is not in the role-d working tree; make_tables prints tbd for it
1405,"App D tab:nli evidence summary, triplets, control F1",65.8,,"[origin/role-c only, not in role-d tree] results_git/C-NL-summary2-triplets-s0/summary_clin_v1~nli4ct_test.json",100 * Control_F1,65.7837,,yes,"file is not in the role-d working tree; make_tables prints tbd for it; this is the binary Control_F1; the keyed field macroF1 of the same file differs (critic 78.20, v-blocks 80.52, v-triplets 81.00, summary 68.72); file stores fractions, RESULT_KEYS says percentages"
1405,"App D tab:nli evidence summary, triplets, faithfulness",86.0,,"[origin/role-c only, not in role-d tree] results_git/C-NL-summary2-triplets-s0/summary_clin_v1~nli4ct_test.json",100 * Faithfulness,85.9954,,yes,file is not in the role-d working tree; make_tables prints tbd for it
1405,"App D tab:nli evidence summary, triplets, consistency",68.0,,"[origin/role-c only, not in role-d tree] results_git/C-NL-summary2-triplets-s0/summary_clin_v1~nli4ct_test.json",100 * Consistency,67.9642,,yes,file is not in the role-d working tree; make_tables prints tbd for it
1409,App D tab:nli caption control statements,500,,"[origin/role-c only, not in role-d tree] results_git/C-NL-critic/summary_clin_v1~nli4ct_test.json",n_control (data/clin_v1/nli4ct_test/MANIFEST.json by_intervention.Original),500,,yes,"the tbd row 'method, triplets' has a file on origin/role-c (C-NL-ledger2-triplets-s0: control F1 57.08, faithfulness 84.95, consistency 74.30)"
1436,"App E tab:sources-full, Rule triplets, library size",353,a15/rules_total,results/A-D15/summary.json,rules_total,353,e40789b,yes,
1445,"App E tab:sources-full, TrialGPT, case text",53,,data/clin_v1/trialgpt_dev/MANIFEST.json + data/clin_v1/trialgpt_test/MANIFEST.json,len(patients) dev + test = 10 + 43,53,,yes,"kind=external (dataset size); the scored test split has 43 patients (summary n_patients=43), 10 are dev"
1519,"App E Registered criteria, earlier set: criteria",95,,results/A-SETS/summary.json,ec_v1_prepare.kept,95,f820a67,yes,
1520,"App E Registered criteria, earlier set: trials",85,,results/A-SETS/summary.json,ec_v1_prepare.trials,85,f820a67,yes,
1608,"App E tab:ground, TrialGPT (F1), Critic st.",65.7,run/C-TG-critic/clin_v1:trialgpt_test/top/macroF1,results_git/C-TG-critic/summary_clin_v1~trialgpt_test.json,macroF1,65.70071104760866,74c90b1,yes,
1612,"App E tab:ground, MedEinst (pair), Critic none",24.2,run/C-ME-critic/clin_v1:medeinst_test/top/Reversal,results_git/C-ME-critic/summary_clin_v1~medeinst_test.json,Reversal,24.187256176853055,c19d712,yes,
1614,"App E tab:ground, Key pairs MedQA (pair), Critic none",79.8,run/C-KP-critic/clin_v1:keypairs_medqa_oneway/top/Reversal,../selrm-role-c/results_git/C-KP-critic/summary_clin_v1~keypairs_medqa_oneway.json,Reversal (n_pairs 357),79.83193277310924,,yes,(not in selrm-role-d; read from sibling clone D:/NAACL27/selrm-role-c) C-KP-* runs are not merged into selrm-role-d (no key resolves there)
1648,App E What is compared: verdict-only verifier on key pairs,78.2,run/C-KP-verdict-triplets/clin_v1:keypairs_medqa_oneway/top/Reversal,../selrm-role-c/results_git/C-KP-verdict-triplets-s0/summary_clin_v1~keypairs_medqa_oneway.json,"Reversal, seed 0 only (n_pairs 357)",78.15126050420169,,yes,(not in selrm-role-d; read from sibling clone D:/NAACL27/selrm-role-c) one seed only; verdict x blocks s0 is 78.71. Same value 78.15 is also D-SEL-combined-product pair_acc (results_git/D-SEL-combined-product/summary_sel~keypairs.json)
1680,"App F malformed ledgers, rule tier, main model (at most)",0.2,max/run/B-F-ledger2-triplets/<rule_v1 sets>/eval/malformed_rate/max@pct2,results_git/B-F-ledger2-triplets-s{0..4}/summary_rule_v1~*.json,max over seeds and rule_v1 sets of eval.malformed_units/reader_units,0.1667 (1/600 dev_missing s0; 2/1200 dev s1),,unclear,"holds on the 10 rule_v1 sets (max 0.17%); on the rule-side set xr_v1/test the same model reaches 1.42% (s4, 34/2400) and 0.67% (s1); s0 xr 0.08%. Whether 'rule-tier' includes xr_v1 is not stated"
1681,"App F malformed ledgers, TrialGPT, lower bound",1.9,,results_git/C-TG-ledger2-blocks-s0/summary_clin_v1~trialgpt_test.json,eval.malformed_units/reader_units = 15/801,1.8727,3069d90,no,"1.9 is the blocks model (C-TG-ledger2-blocks-s0), not 'the main model'. Main model (ledger2 x triplets) on trialgpt_test: s0 4.00 (role-d); s1 2.25, s2 0.75, s3 1.25, s4 3.75 (role-c clone only) -> range 0.7-4.0; dev (strict) s0 5.63"
1681,"App F malformed ledgers, TrialGPT, upper bound",4.0,,results_git/C-TG-ledger2-triplets-s0/summary_clin_v1~trialgpt_test.json,eval.malformed_units/reader_units = 32/801,3.995,3069d90,yes,seed 0; also the max over s0..s4 (s1..s4 only in role-c clone)
1681,"App F malformed ledgers, key pairs, lower bound",14.8,,../selrm-role-c/results_git/C-KP-ledger2-triplets-s0/summary_clin_v1~keypairs_medqa_oneway.json,eval.malformed_units/reader_units = 106/714,14.846,,yes,(not in selrm-role-d; read from sibling clone D:/NAACL27/selrm-role-c) MedQA one-way
1681,"App F malformed ledgers, key pairs, upper bound",25.1,,../selrm-role-c/results_git/C-KP-ledger2-triplets-s0/summary_clin_v1~keypairs_careqa_oneway.json,eval.malformed_units/reader_units = 113/450,25.111,,yes,(not in selrm-role-d; read from sibling clone D:/NAACL27/selrm-role-c) CareQA one-way; the 13-pair two-way MedQA set has 26.9% (7/26)
1682,"App F malformed ledgers, MedEinst",35.9,,../selrm-role-c/results_git/C-ME-ledger2-triplets-s0/summary_clin_v1~medeinst_test.json,eval.malformed_units/reader_units = 3866/10766,35.909,,yes,(not in selrm-role-d; read from sibling clone D:/NAACL27/selrm-role-c) 
1686,"App F verdict leakage check, number of two-stage runs",27,,"results_git/B-F-{summary2,value2,ledger2}-*-s*/ (DONE + scores_*.jsonl reader_output)","count of finished two-stage factorial runs checked by scripts/analysis_b.py leakage_section recomputed over results_git/B-F-{summary2,value2,ledger2}-*-s*/scores_*.jsonl (reader_output)",27,,yes,11 summary2 + 4 value2 + 12 ledger2 finished runs; 0 claim sentences and 0 decision phrases in every one. 17 further run directories of these formats exist without DONE and are not checked; ablation/LOKO/SC two-stage runs are not in the count
1687,App F donor ledger share in judge training examples,30.2,meta/B-F-ledger2-triplets/pretok_stats.pairs_swapped,results_git/B-F-ledger2-triplets-s0/meta.json,pretok_stats.pairs_swapped / (pretok_stats.judge/2) = 4530/15000,30.2,c3bdac6,yes,"ledger2 x triplets (all seeds 4530). Other corpora differ: blocks 30.5, natural/balanced 30.1 (docs/ANALYSIS_B.md sec. 8)"
1687,"App F verdict leakage check, summaries of one run","37,497",,results_git/B-F-summary2-blocks-s0/scores_rule_v1~*.jsonl,"distinct (case, condition) reader outputs over the run's eval sets, scripts/analysis_b.py leakage_section recomputed over results_git/B-F-{summary2,value2,ledger2}-*-s*/scores_*.jsonl (reader_output)",37497,,yes,"B-F-summary2-blocks-s0, 0 hits; the main summary run B-F-summary2-triplets-s0 has 10,500 outputs, seeds 1-4 have 39,897"
1689,"App F verification pass, TA gain",0.6,,results_git/B-AB-verify-s0/scores_rule_v1~test_L2.jsonl vs results_git/B-F-ledger2-triplets-s0/scores_rule_v1~test_L2.jsonl,"selrm.metrics.paired_test(TA), rules as clusters, B=1000, seed 0 (recomputed)",0.6,,yes,"L2, seed 0"
1690,"App F verification pass, CI lo",0.1,,same,paired_test lo,0.1473,,yes,
1690,"App F verification pass, CI hi",1.2,,same,paired_test hi,1.1825,,yes,
1690,"App F verification pass, p",0.012,,same,paired_test p,0.012,,yes,unadjusted bootstrap p
1738,"tab:shortcuts, Always default, Rev",0,run/A-D14-always_default/L2/all/Rev,results/A-D14-always_default/summary_rule_v1__test_L2.json,all.Rev,0.0,e40789b,yes,
1738,"tab:shortcuts, Always default, Hold",100,run/A-D14-always_default/L2/all/Hold,results/A-D14-always_default/summary_rule_v1__test_L2.json,all.Hold,100.0,e40789b,yes,
1738,"tab:shortcuts, Always default, TA",0,run/A-D14-always_default/L2/all/TA,results/A-D14-always_default/summary_rule_v1__test_L2.json,all.TA,0.0,e40789b,yes,
1739,"tab:shortcuts, Claim only, Rev",0,run/A-D14-claim_only/L2/all/Rev,results/A-D14-claim_only/summary_rule_v1__test_L2.json,all.Rev,0.0,e40789b,yes,
1739,"tab:shortcuts, Claim only, Hold",--,run/A-D14-claim_only/L2/all/Hold,results/A-D14-claim_only/summary_rule_v1__test_L2.json,all.Hold,91.8,e40789b,unclear,the draft prints a dash; the file has a measured Hold of 91.8 (Tie 6.65); tables/shortcuts.tex prints 91.8
1739,"tab:shortcuts, Claim only, TA",0,run/A-D14-claim_only/L2/all/TA,results/A-D14-claim_only/summary_rule_v1__test_L2.json,all.TA,0.0,e40789b,yes,
1740,"tab:shortcuts, Concept named, Rev",47,run/A-D14-concept_named/L2/all/Rev,results/A-D14-concept_named/summary_rule_v1__test_L2.json,all.Rev,46.6,e40789b,yes,0 decimals shown; generated table prints 46.6
1740,"tab:shortcuts, Concept named, Hold",0,run/A-D14-concept_named/L2/all/Hold,results/A-D14-concept_named/summary_rule_v1__test_L2.json,all.Hold,0.0,e40789b,yes,
1740,"tab:shortcuts, Concept named, TA",0,run/A-D14-concept_named/L2/all/TA,results/A-D14-concept_named/summary_rule_v1__test_L2.json,all.TA,0.0,e40789b,yes,
1741,"tab:shortcuts, Bag of words, TA",7.0,run/A-D14-bag_of_words/L2/all/TA,results/A-D14-bag_of_words/summary_rule_v1__test_L2.json,all.TA,7.05,e40789b,yes,"round(7.05,1)=7.0"
1742,"tab:shortcuts, Attribute-blind logistic, TA",40.0,run/A-D14-attribute_blind/L2/all/TA,results/A-D14-attribute_blind/summary_rule_v1__test_L2.json,all.TA,40.0,e40789b,yes,
1743,"tab:shortcuts, Trigger lexicon training cues, TA",54.0,run/A-D14-trigger_train/L2/all/TA,results/A-D14-trigger_train/summary_rule_v1__test_L2.json,all.TA,53.95,e40789b,yes,"round(53.95,1)=54.0"
1744,"tab:shortcuts, Trigger lexicon test cues, TA",99.5,run/A-D14-trigger_all/L2/all/TA,results/A-D14-trigger_all/summary_rule_v1__test_L2.json,all.TA,99.5,e40789b,yes,
1745,"tab:shortcuts, Clinical trigger tagger, Rev",96.7,run/C-SC-gptrigger/L2/all/Rev,results_git/C-SC-gptrigger/summary_rule_v1~test_L2.json,all.Rev,96.65,221afba,yes,"round(96.65,1)=96.7"
1745,"tab:shortcuts, Clinical trigger tagger, Hold",81.0,run/C-SC-gptrigger/L2/all/Hold,results_git/C-SC-gptrigger/summary_rule_v1~test_L2.json,all.Hold,81.05,221afba,yes,"round(81.05,1)=81.0"
1745,"tab:shortcuts, Clinical trigger tagger, TA",77.7,run/C-SC-gptrigger/L2/all/TA,results_git/C-SC-gptrigger/summary_rule_v1~test_L2.json,all.TA,77.7,221afba,yes,
1767,"App G Parts and whole, untrained backbone, n pairs","1,000",,results_git/C-TF-critic/diagnostics.json,pk.n,1000,74c90b1,yes,
1768,"App G Parts and whole, untrained backbone, P",97.7,,results_git/C-TF-critic/diagnostics.json,pk.P,97.7,74c90b1,yes,
1768,"App G Parts and whole, untrained backbone, K",96.0,,results_git/C-TF-critic/diagnostics.json,pk.K,96.0,74c90b1,yes,
1768,"App G Parts and whole, untrained backbone, U",88.9,,results_git/C-TF-critic/diagnostics.json,pk.U,88.9,74c90b1,yes,
1768,"App G Parts and whole, untrained backbone, G",7.9,,results_git/C-TF-critic/diagnostics.json,pk.G,7.944915254237284,74c90b1,yes,
1768,"App G Parts and whole, untrained backbone, pairs with P and K",944,,results_git/C-TF-critic/diagnostics.json,pk.n_P_and_K,944,74c90b1,yes,
1769,"App G Parts and whole, untrained backbone, L0 base accuracy",68.6,,results_git/C-TF-critic/diagnostics.json,pk.L0_BaseAcc,68.6,74c90b1,yes,
1770,"App G Parts and whole, untrained backbone, L0 unnecessary reversal given correct base",34.0,,results_git/C-TF-critic/diagnostics.json,pk.L0_UR,33.965014577259474,74c90b1,yes,
1770,"App G Parts and whole, untrained backbone, UR denominator n",686,,results_git/C-TF-critic/diagnostics.json,pk.L0_UR_n,686,74c90b1,yes,
1781,"tab:kinds, Verdict only, blocks, thr.",33.8,run/B-F-verdict-blocks/L2/nm_kind=boundary/TA/s0,results_git/B-F-verdict-blocks-s0/summary_rule_v1~test_L2.json,nm_kind=boundary.TA (n=400),33.75,f16555a,yes,seed 0 as captioned (generated tables/kinds.tex prints 5-seed means)
1781,"tab:kinds, Verdict only, blocks, neg.",93.2,run/B-F-verdict-blocks/L2/nm_kind=negation/TA/s0,results_git/B-F-verdict-blocks-s0/summary_rule_v1~test_L2.json,nm_kind=negation.TA (n=400),93.25,f16555a,yes,seed 0 as captioned (generated tables/kinds.tex prints 5-seed means)
1781,"tab:kinds, Verdict only, blocks, num.",92.0,run/B-F-verdict-blocks/L2/nm_kind=numeric/TA/s0,results_git/B-F-verdict-blocks-s0/summary_rule_v1~test_L2.json,nm_kind=numeric.TA (n=400),92.0,f16555a,yes,seed 0 as captioned (generated tables/kinds.tex prints 5-seed means)
1781,"tab:kinds, Verdict only, blocks, subj.",11.5,run/B-F-verdict-blocks/L2/nm_kind=subject/TA/s0,results_git/B-F-verdict-blocks-s0/summary_rule_v1~test_L2.json,nm_kind=subject.TA (n=400),11.5,f16555a,yes,seed 0 as captioned (generated tables/kinds.tex prints 5-seed means)
1781,"tab:kinds, Verdict only, blocks, time",60.5,run/B-F-verdict-blocks/L2/nm_kind=time/TA/s0,results_git/B-F-verdict-blocks-s0/summary_rule_v1~test_L2.json,nm_kind=time.TA (n=400),60.5,f16555a,yes,seed 0 as captioned (generated tables/kinds.tex prints 5-seed means)
1782,"tab:kinds, SelRM, blocks, thr.",72.0,run/B-F-ledger2-blocks/L2/nm_kind=boundary/TA/s0,results_git/B-F-ledger2-blocks-s0/summary_rule_v1~test_L2.json,nm_kind=boundary.TA (n=400),72.0,f16555a,yes,seed 0 as captioned (generated tables/kinds.tex prints 5-seed means)
1782,"tab:kinds, SelRM, blocks, neg.",97.5,run/B-F-ledger2-blocks/L2/nm_kind=negation/TA/s0,results_git/B-F-ledger2-blocks-s0/summary_rule_v1~test_L2.json,nm_kind=negation.TA (n=400),97.5,f16555a,yes,seed 0 as captioned (generated tables/kinds.tex prints 5-seed means)
1782,"tab:kinds, SelRM, blocks, num.",99.8,run/B-F-ledger2-blocks/L2/nm_kind=numeric/TA/s0,results_git/B-F-ledger2-blocks-s0/summary_rule_v1~test_L2.json,nm_kind=numeric.TA (n=400),99.75,f16555a,yes,seed 0 as captioned (generated tables/kinds.tex prints 5-seed means)
1782,"tab:kinds, SelRM, blocks, subj.",48.5,run/B-F-ledger2-blocks/L2/nm_kind=subject/TA/s0,results_git/B-F-ledger2-blocks-s0/summary_rule_v1~test_L2.json,nm_kind=subject.TA (n=400),48.5,f16555a,yes,seed 0 as captioned (generated tables/kinds.tex prints 5-seed means)
1782,"tab:kinds, SelRM, blocks, time",58.8,run/B-F-ledger2-blocks/L2/nm_kind=time/TA/s0,results_git/B-F-ledger2-blocks-s0/summary_rule_v1~test_L2.json,nm_kind=time.TA (n=400),58.75,f16555a,yes,seed 0 as captioned (generated tables/kinds.tex prints 5-seed means)
1783,"tab:kinds, Verdict only, triplets, thr.",93.2,run/B-F-verdict-triplets/L2/nm_kind=boundary/TA/s0,results_git/B-F-verdict-triplets-s0/summary_rule_v1~test_L2.json,nm_kind=boundary.TA (n=400),93.25,f16555a,yes,seed 0 as captioned (generated tables/kinds.tex prints 5-seed means)
1783,"tab:kinds, Verdict only, triplets, neg.",91.2,run/B-F-verdict-triplets/L2/nm_kind=negation/TA/s0,results_git/B-F-verdict-triplets-s0/summary_rule_v1~test_L2.json,nm_kind=negation.TA (n=400),91.25,f16555a,yes,seed 0 as captioned (generated tables/kinds.tex prints 5-seed means)
1783,"tab:kinds, Verdict only, triplets, num.",92.8,run/B-F-verdict-triplets/L2/nm_kind=numeric/TA/s0,results_git/B-F-verdict-triplets-s0/summary_rule_v1~test_L2.json,nm_kind=numeric.TA (n=400),92.75,f16555a,yes,seed 0 as captioned (generated tables/kinds.tex prints 5-seed means)
1783,"tab:kinds, Verdict only, triplets, subj.",91.0,run/B-F-verdict-triplets/L2/nm_kind=subject/TA/s0,results_git/B-F-verdict-triplets-s0/summary_rule_v1~test_L2.json,nm_kind=subject.TA (n=400),91.0,f16555a,yes,seed 0 as captioned (generated tables/kinds.tex prints 5-seed means)
1783,"tab:kinds, Verdict only, triplets, time",88.2,run/B-F-verdict-triplets/L2/nm_kind=time/TA/s0,results_git/B-F-verdict-triplets-s0/summary_rule_v1~test_L2.json,nm_kind=time.TA (n=400),88.25,f16555a,yes,seed 0 as captioned (generated tables/kinds.tex prints 5-seed means)
1784,"tab:kinds, SelRM triplets, every kind (minimum)",97.8,min/run/B-F-ledger2-triplets/L2/nm_kind=*/TA/s0,results_git/B-F-ledger2-triplets-s0/summary_rule_v1~test_L2.json,"min over kinds of nm_kind=k.TA: boundary 100.0, negation 98.25, numeric 100.0, subject 97.75, time 100.0",97.75,f16555a,yes,seed 0; minimum is subject 97.75 -> 97.8
1804,"tab:loko, Other person, Verdict out",7.0,run/B-LOKO-subject-verdict/L2/nm_kind=subject/TA,results_git/B-LOKO-subject-verdict-s0/summary_rule_v1~test_L2.json,nm_kind=subject.TA (n=400),7.0,f6a3250,yes,
1804,"tab:loko, Other person, Verdict in",91.0,run/B-F-verdict-triplets/L2/nm_kind=subject/TA/s0,results_git/B-F-verdict-triplets-s0/summary_rule_v1~test_L2.json,nm_kind=subject.TA (n=400),91.0,f16555a,yes,seed 0
1804,"tab:loko, Other person, Prose out",89.2,run/B-LOKO-subject-summary2/L2/nm_kind=subject/TA,results_git/B-LOKO-subject-summary2-s0/summary_rule_v1~test_L2.json,nm_kind=subject.TA (n=400),89.25,f6a3250,yes,
1804,"tab:loko, Other person, Prose in",93.2,run/B-F-summary2-triplets/L2/nm_kind=subject/TA/s0,results_git/B-F-summary2-triplets-s0/summary_rule_v1~test_L2.json,nm_kind=subject.TA (n=400),93.25,f16555a,yes,seed 0
1804,"tab:loko, Other person, SelRM out",62.5,run/B-LOKO-subject-ledger2/L2/nm_kind=subject/TA,results_git/B-LOKO-subject-ledger2-s0/summary_rule_v1~test_L2.json,nm_kind=subject.TA (n=400),62.5,f6a3250,yes,
1804,"tab:loko, Other person, SelRM in",97.8,run/B-F-ledger2-triplets/L2/nm_kind=subject/TA/s0,results_git/B-F-ledger2-triplets-s0/summary_rule_v1~test_L2.json,nm_kind=subject.TA (n=400),97.75,f16555a,yes,seed 0
1805,"tab:loko, Past, Verdict out",60.2,run/B-LOKO-time-verdict/L2/nm_kind=time/TA,results_git/B-LOKO-time-verdict-s0/summary_rule_v1~test_L2.json,nm_kind=time.TA (n=400),60.25,f6a3250,yes,
1805,"tab:loko, Past, Verdict in",88.2,run/B-F-verdict-triplets/L2/nm_kind=time/TA/s0,results_git/B-F-verdict-triplets-s0/summary_rule_v1~test_L2.json,nm_kind=time.TA (n=400),88.25,f16555a,yes,seed 0
1805,"tab:loko, Past, Prose out",61.5,run/B-LOKO-time-summary2/L2/nm_kind=time/TA,results_git/B-LOKO-time-summary2-s0/summary_rule_v1~test_L2.json,nm_kind=time.TA (n=400),61.5,55c9461,yes,
1805,"tab:loko, Past, Prose in",99.8,run/B-F-summary2-triplets/L2/nm_kind=time/TA/s0,results_git/B-F-summary2-triplets-s0/summary_rule_v1~test_L2.json,nm_kind=time.TA (n=400),99.75,f16555a,yes,seed 0
1805,"tab:loko, Past, SelRM out",86.2,run/B-LOKO-time-ledger2/L2/nm_kind=time/TA,results_git/B-LOKO-time-ledger2-s0/summary_rule_v1~test_L2.json,nm_kind=time.TA (n=400),86.25,f6a3250,yes,
1805,"tab:loko, Past, SelRM in",100.0,run/B-F-ledger2-triplets/L2/nm_kind=time/TA/s0,results_git/B-F-ledger2-triplets-s0/summary_rule_v1~test_L2.json,nm_kind=time.TA (n=400),100.0,f16555a,yes,seed 0
1806,"tab:loko, Threshold, Verdict out",49.8,run/B-LOKO-boundary-verdict/L2/nm_kind=boundary/TA,results_git/B-LOKO-boundary-verdict-s0/summary_rule_v1~test_L2.json,nm_kind=boundary.TA (n=400),49.75,f6a3250,yes,
1806,"tab:loko, Threshold, Verdict in",93.2,run/B-F-verdict-triplets/L2/nm_kind=boundary/TA/s0,results_git/B-F-verdict-triplets-s0/summary_rule_v1~test_L2.json,nm_kind=boundary.TA (n=400),93.25,f16555a,yes,seed 0
1806,"tab:loko, Threshold, Prose out",99.0,run/B-LOKO-boundary-summary2/L2/nm_kind=boundary/TA,results_git/B-LOKO-boundary-summary2-s0/summary_rule_v1~test_L2.json,nm_kind=boundary.TA (n=400),99.0,4444d7d,yes,
1806,"tab:loko, Threshold, Prose in",100.0,run/B-F-summary2-triplets/L2/nm_kind=boundary/TA/s0,results_git/B-F-summary2-triplets-s0/summary_rule_v1~test_L2.json,nm_kind=boundary.TA (n=400),100.0,f16555a,yes,seed 0
1806,"tab:loko, Threshold, SelRM out",87.0,run/B-LOKO-boundary-ledger2/L2/nm_kind=boundary/TA,results_git/B-LOKO-boundary-ledger2-s0/summary_rule_v1~test_L2.json,nm_kind=boundary.TA (n=400),87.0,4c2ee0f,yes,
1806,"tab:loko, Threshold, SelRM in",100.0,run/B-F-ledger2-triplets/L2/nm_kind=boundary/TA/s0,results_git/B-F-ledger2-triplets-s0/summary_rule_v1~test_L2.json,nm_kind=boundary.TA (n=400),100.0,f16555a,yes,seed 0
1812,"tab:loko caption, paired diff other person / verdict (largest drop)",-84.0,,results_git/B-LOKO-subject-verdict-s0/scores_rule_v1~test_L2.jsonl vs results_git/B-F-verdict-triplets-s0/scores_rule_v1~test_L2.jsonl,"selrm.metrics.paired_test(TA) on the 400 triplets of the kind, rules as clusters, B=1000, seed 0 (recomputed) diff",-84.0,,yes,is the minimum of the 9 differences
1812,"tab:loko caption, CI lo",-89.2,,same,"selrm.metrics.paired_test(TA) on the 400 triplets of the kind, rules as clusters, B=1000, seed 0 (recomputed) lo",-89.2344,,yes,
1812,"tab:loko caption, CI hi",-78.2,,same,"selrm.metrics.paired_test(TA) on the 400 triplets of the kind, rules as clusters, B=1000, seed 0 (recomputed) hi",-78.2051,,yes,
1812,"tab:loko caption, paired diff threshold / prose (smallest drop)",-1.0,,results_git/B-LOKO-boundary-summary2-s0/scores_rule_v1~test_L2.jsonl vs results_git/B-F-summary2-triplets-s0/scores_rule_v1~test_L2.jsonl,"selrm.metrics.paired_test(TA) on the 400 triplets of the kind, rules as clusters, B=1000, seed 0 (recomputed) diff",-1.0,,yes,is the maximum of the 9 differences; p=0.69
1812,"tab:loko caption, CI lo",-3.2,,same,"selrm.metrics.paired_test(TA) on the 400 triplets of the kind, rules as clusters, B=1000, seed 0 (recomputed) lo",-3.2432,,yes,
1812,"tab:loko caption, CI hi",0.0,,same,"selrm.metrics.paired_test(TA) on the 400 triplets of the kind, rules as clusters, B=1000, seed 0 (recomputed) hi",0.0,,yes,
1814,"tab:loko caption, TA on all L2 triplets, Verdict, subject removed",76.2,run/B-LOKO-subject-verdict/L2/all/TA,results_git/B-LOKO-subject-verdict-s0/summary_rule_v1~test_L2.json,all.TA (n=2000),76.2,f6a3250,yes,
1814,"tab:loko caption, TA on all L2 triplets, Verdict, time removed",86.1,run/B-LOKO-time-verdict/L2/all/TA,results_git/B-LOKO-time-verdict-s0/summary_rule_v1~test_L2.json,all.TA (n=2000),86.1,f6a3250,yes,
1814,"tab:loko caption, TA on all L2 triplets, Verdict, boundary removed",82.8,run/B-LOKO-boundary-verdict/L2/all/TA,results_git/B-LOKO-boundary-verdict-s0/summary_rule_v1~test_L2.json,all.TA (n=2000),82.85,f6a3250,yes,
1815,"tab:loko caption, TA on all L2 triplets, Prose, subject removed",97.2,run/B-LOKO-subject-summary2/L2/all/TA,results_git/B-LOKO-subject-summary2-s0/summary_rule_v1~test_L2.json,all.TA (n=2000),97.25,f6a3250,yes,
1815,"tab:loko caption, TA on all L2 triplets, Prose, time removed",91.5,run/B-LOKO-time-summary2/L2/all/TA,results_git/B-LOKO-time-summary2-s0/summary_rule_v1~test_L2.json,all.TA (n=2000),91.55,55c9461,yes,
1815,"tab:loko caption, TA on all L2 triplets, Prose, boundary removed",99.3,run/B-LOKO-boundary-summary2/L2/all/TA,results_git/B-LOKO-boundary-summary2-s0/summary_rule_v1~test_L2.json,all.TA (n=2000),99.35,4444d7d,yes,
1815,"tab:loko caption, TA on all L2 triplets, SelRM, subject removed",91.2,run/B-LOKO-subject-ledger2/L2/all/TA,results_git/B-LOKO-subject-ledger2-s0/summary_rule_v1~test_L2.json,all.TA (n=2000),91.2,f6a3250,yes,
1815,"tab:loko caption, TA on all L2 triplets, SelRM, time removed",96.8,run/B-LOKO-time-ledger2/L2/all/TA,results_git/B-LOKO-time-ledger2-s0/summary_rule_v1~test_L2.json,all.TA (n=2000),96.8,f6a3250,yes,
1815,"tab:loko caption, TA on all L2 triplets, SelRM, boundary removed",96.5,run/B-LOKO-boundary-ledger2/L2/all/TA,results_git/B-LOKO-boundary-ledger2-s0/summary_rule_v1~test_L2.json,all.TA (n=2000),96.5,4c2ee0f,yes,
1827,"tab:xr, Med-PRM, XA",13.5,run/C-AUD-medprm/xr_v1:test/xa/XA,../selrm-role-c/results_git/C-AUD-medprm/summary_xr_v1~test.json,XA,13.5,,yes,(not in selrm-role-d; read from sibling clone D:/NAACL27/selrm-role-c) summary fields; C-AUD-* not merged
1827,"tab:xr, Med-PRM, XA-",14.6,run/C-AUD-medprm/xr_v1:test/xa/XA362,../selrm-role-c/results_git/C-AUD-medprm/summary_xr_v1~test.json,without_known_issues.XA (362 items),14.640883977900552,,yes,(not in selrm-role-d; read from sibling clone D:/NAACL27/selrm-role-c) summary fields; C-AUD-* not merged
1827,"tab:xr, Med-PRM, window",12,run/C-AUD-medprm/xr_v1:test/xa/XA_window,../selrm-role-c/results_git/C-AUD-medprm/summary_xr_v1~test.json,XA_window,12.0,,yes,(not in selrm-role-d; read from sibling clone D:/NAACL27/selrm-role-c) summary fields; C-AUD-* not merged
1827,"tab:xr, Med-PRM, curr.",16,run/C-AUD-medprm/xr_v1:test/xa/XA_currency,../selrm-role-c/results_git/C-AUD-medprm/summary_xr_v1~test.json,XA_currency,16.0,,yes,(not in selrm-role-d; read from sibling clone D:/NAACL27/selrm-role-c) summary fields; C-AUD-* not merged
1827,"tab:xr, Med-PRM, subj.",10,run/C-AUD-medprm/xr_v1:test/xa/XA_subject,../selrm-role-c/results_git/C-AUD-medprm/summary_xr_v1~test.json,XA_subject,10.0,,yes,(not in selrm-role-d; read from sibling clone D:/NAACL27/selrm-role-c) summary fields; C-AUD-* not merged
1827,"tab:xr, Med-PRM, incl.",16,run/C-AUD-medprm/xr_v1:test/xa/XA_inclusivity,../selrm-role-c/results_git/C-AUD-medprm/summary_xr_v1~test.json,XA_inclusivity,16.0,,yes,(not in selrm-role-d; read from sibling clone D:/NAACL27/selrm-role-c) summary fields; C-AUD-* not merged
1828,"tab:xr, MedS3 PRM, XA",14.0,run/C-AUD-meds3/xr_v1:test/xa/XA,../selrm-role-c/results_git/C-AUD-meds3/summary_xr_v1~test.json,XA,14.0,,yes,(not in selrm-role-d; read from sibling clone D:/NAACL27/selrm-role-c) summary fields; C-AUD-* not merged
1828,"tab:xr, MedS3 PRM, XA-",15.2,run/C-AUD-meds3/xr_v1:test/xa/XA362,../selrm-role-c/results_git/C-AUD-meds3/summary_xr_v1~test.json,without_known_issues.XA (362 items),15.193370165745856,,yes,(not in selrm-role-d; read from sibling clone D:/NAACL27/selrm-role-c) summary fields; C-AUD-* not merged
1828,"tab:xr, MedS3 PRM, window",16,run/C-AUD-meds3/xr_v1:test/xa/XA_window,../selrm-role-c/results_git/C-AUD-meds3/summary_xr_v1~test.json,XA_window,16.0,,yes,(not in selrm-role-d; read from sibling clone D:/NAACL27/selrm-role-c) summary fields; C-AUD-* not merged
1828,"tab:xr, MedS3 PRM, curr.",17,run/C-AUD-meds3/xr_v1:test/xa/XA_currency,../selrm-role-c/results_git/C-AUD-meds3/summary_xr_v1~test.json,XA_currency,17.0,,yes,(not in selrm-role-d; read from sibling clone D:/NAACL27/selrm-role-c) summary fields; C-AUD-* not merged
1828,"tab:xr, MedS3 PRM, subj.",17,run/C-AUD-meds3/xr_v1:test/xa/XA_subject,../selrm-role-c/results_git/C-AUD-meds3/summary_xr_v1~test.json,XA_subject,17.0,,yes,(not in selrm-role-d; read from sibling clone D:/NAACL27/selrm-role-c) summary fields; C-AUD-* not merged
1828,"tab:xr, MedS3 PRM, incl.",6,run/C-AUD-meds3/xr_v1:test/xa/XA_inclusivity,../selrm-role-c/results_git/C-AUD-meds3/summary_xr_v1~test.json,XA_inclusivity,6.0,,yes,(not in selrm-role-d; read from sibling clone D:/NAACL27/selrm-role-c) summary fields; C-AUD-* not merged
1829,"tab:xr, FoVer PRM, XA",44.5,run/C-AUD-fover/xr_v1:test/xa/XA,../selrm-role-c/results_git/C-AUD-fover/summary_xr_v1~test.json,XA,44.5,,yes,(not in selrm-role-d; read from sibling clone D:/NAACL27/selrm-role-c) summary fields; C-AUD-* not merged
1829,"tab:xr, FoVer PRM, XA-",46.7,run/C-AUD-fover/xr_v1:test/xa/XA362,../selrm-role-c/results_git/C-AUD-fover/summary_xr_v1~test.json,without_known_issues.XA (362 items),46.68508287292818,,yes,(not in selrm-role-d; read from sibling clone D:/NAACL27/selrm-role-c) summary fields; C-AUD-* not merged
1829,"tab:xr, FoVer PRM, window",42,run/C-AUD-fover/xr_v1:test/xa/XA_window,../selrm-role-c/results_git/C-AUD-fover/summary_xr_v1~test.json,XA_window,42.0,,yes,(not in selrm-role-d; read from sibling clone D:/NAACL27/selrm-role-c) summary fields; C-AUD-* not merged
1829,"tab:xr, FoVer PRM, curr.",66,run/C-AUD-fover/xr_v1:test/xa/XA_currency,../selrm-role-c/results_git/C-AUD-fover/summary_xr_v1~test.json,XA_currency,66.0,,yes,(not in selrm-role-d; read from sibling clone D:/NAACL27/selrm-role-c) summary fields; C-AUD-* not merged
1829,"tab:xr, FoVer PRM, subj.",51,run/C-AUD-fover/xr_v1:test/xa/XA_subject,../selrm-role-c/results_git/C-AUD-fover/summary_xr_v1~test.json,XA_subject,51.0,,yes,(not in selrm-role-d; read from sibling clone D:/NAACL27/selrm-role-c) summary fields; C-AUD-* not merged
1829,"tab:xr, FoVer PRM, incl.",19,run/C-AUD-fover/xr_v1:test/xa/XA_inclusivity,../selrm-role-c/results_git/C-AUD-fover/summary_xr_v1~test.json,XA_inclusivity,19.0,,yes,(not in selrm-role-d; read from sibling clone D:/NAACL27/selrm-role-c) summary fields; C-AUD-* not merged
1830,"tab:xr, Critic, XA",39.0,run/C-TF-critic/xr_v1:test/xa/XA,results_git/C-TF-critic/scores_xr_v1~test.jsonl,XA,39.0,74c90b1,yes,selrm.metrics.crossed_accuracy on scores (make_tables derived)
1830,"tab:xr, Critic, XA-",42.5,run/C-TF-critic/xr_v1:test/xa/XA362,results_git/C-TF-critic/scores_xr_v1~test.jsonl,without_known_issues.XA (362 items),42.5414364640884,74c90b1,yes,selrm.metrics.crossed_accuracy on scores (make_tables derived)
1830,"tab:xr, Critic, window",35,run/C-TF-critic/xr_v1:test/xa/XA_window,results_git/C-TF-critic/scores_xr_v1~test.jsonl,XA_window,35.0,74c90b1,yes,selrm.metrics.crossed_accuracy on scores (make_tables derived)
1830,"tab:xr, Critic, curr.",42,run/C-TF-critic/xr_v1:test/xa/XA_currency,results_git/C-TF-critic/scores_xr_v1~test.jsonl,XA_currency,42.0,74c90b1,yes,selrm.metrics.crossed_accuracy on scores (make_tables derived)
1830,"tab:xr, Critic, subj.",66,run/C-TF-critic/xr_v1:test/xa/XA_subject,results_git/C-TF-critic/scores_xr_v1~test.jsonl,XA_subject,66.0,74c90b1,yes,selrm.metrics.crossed_accuracy on scores (make_tables derived)
1830,"tab:xr, Critic, incl.",13,run/C-TF-critic/xr_v1:test/xa/XA_inclusivity,results_git/C-TF-critic/scores_xr_v1~test.jsonl,XA_inclusivity,13.0,74c90b1,yes,selrm.metrics.crossed_accuracy on scores (make_tables derived)
1831,"tab:xr, + default correction, XA",58.5,run/C-TF-defcorr/xr_v1:test/xa/XA,results_git/C-TF-defcorr/scores_xr_v1~test.jsonl,XA,58.5,b022da8,yes,selrm.metrics.crossed_accuracy on scores (make_tables derived)
1831,"tab:xr, + default correction, XA-",59.9,run/C-TF-defcorr/xr_v1:test/xa/XA362,results_git/C-TF-defcorr/scores_xr_v1~test.jsonl,without_known_issues.XA (362 items),59.94475138121547,b022da8,yes,selrm.metrics.crossed_accuracy on scores (make_tables derived)
1831,"tab:xr, + default correction, window",38,run/C-TF-defcorr/xr_v1:test/xa/XA_window,results_git/C-TF-defcorr/scores_xr_v1~test.jsonl,XA_window,38.0,b022da8,yes,selrm.metrics.crossed_accuracy on scores (make_tables derived)
1831,"tab:xr, + default correction, curr.",74,run/C-TF-defcorr/xr_v1:test/xa/XA_currency,results_git/C-TF-defcorr/scores_xr_v1~test.jsonl,XA_currency,74.0,b022da8,yes,selrm.metrics.crossed_accuracy on scores (make_tables derived)
1831,"tab:xr, + default correction, subj.",93,run/C-TF-defcorr/xr_v1:test/xa/XA_subject,results_git/C-TF-defcorr/scores_xr_v1~test.jsonl,XA_subject,93.0,b022da8,yes,selrm.metrics.crossed_accuracy on scores (make_tables derived)
1831,"tab:xr, + default correction, incl.",29,run/C-TF-defcorr/xr_v1:test/xa/XA_inclusivity,results_git/C-TF-defcorr/scores_xr_v1~test.jsonl,XA_inclusivity,29.0,b022da8,yes,selrm.metrics.crossed_accuracy on scores (make_tables derived)
1832,"tab:xr, + prompted summary, XA",80.5,run/C-TF-promptsum/xr_v1:test/xa/XA,../selrm-role-c/results_git/C-TF-promptsum/scores_xr_v1~test.jsonl,XA,80.5,,yes,(not in selrm-role-d; read from sibling clone D:/NAACL27/selrm-role-c) crossed_accuracy recomputed from scores
1832,"tab:xr, + prompted summary, XA-",83.1,run/C-TF-promptsum/xr_v1:test/xa/XA362,../selrm-role-c/results_git/C-TF-promptsum/scores_xr_v1~test.jsonl,without_known_issues.XA (362 items),83.14917127071823,,yes,(not in selrm-role-d; read from sibling clone D:/NAACL27/selrm-role-c) crossed_accuracy recomputed from scores
1832,"tab:xr, + prompted summary, window",65,run/C-TF-promptsum/xr_v1:test/xa/XA_window,../selrm-role-c/results_git/C-TF-promptsum/scores_xr_v1~test.jsonl,XA_window,65.0,,yes,(not in selrm-role-d; read from sibling clone D:/NAACL27/selrm-role-c) crossed_accuracy recomputed from scores
1832,"tab:xr, + prompted summary, curr.",88,run/C-TF-promptsum/xr_v1:test/xa/XA_currency,../selrm-role-c/results_git/C-TF-promptsum/scores_xr_v1~test.jsonl,XA_currency,88.0,,yes,(not in selrm-role-d; read from sibling clone D:/NAACL27/selrm-role-c) crossed_accuracy recomputed from scores
1832,"tab:xr, + prompted summary, subj.",98,run/C-TF-promptsum/xr_v1:test/xa/XA_subject,../selrm-role-c/results_git/C-TF-promptsum/scores_xr_v1~test.jsonl,XA_subject,98.0,,yes,(not in selrm-role-d; read from sibling clone D:/NAACL27/selrm-role-c) crossed_accuracy recomputed from scores
1832,"tab:xr, + prompted summary, incl.",71,run/C-TF-promptsum/xr_v1:test/xa/XA_inclusivity,../selrm-role-c/results_git/C-TF-promptsum/scores_xr_v1~test.jsonl,XA_inclusivity,71.0,,yes,(not in selrm-role-d; read from sibling clone D:/NAACL27/selrm-role-c) crossed_accuracy recomputed from scores
1833,"tab:xr, Generated-program verifier, XA",82.8,run/C-TF-genprog/xr_v1:test/xa/XA,../selrm-role-c/results_git/C-TF-genprog/summary_xr_v1~test.json,XA,82.75,,yes,(not in selrm-role-d; read from sibling clone D:/NAACL27/selrm-role-c) summary fields
1833,"tab:xr, Generated-program verifier, XA-",83.1,run/C-TF-genprog/xr_v1:test/xa/XA362,../selrm-role-c/results_git/C-TF-genprog/summary_xr_v1~test.json,without_known_issues.XA (362 items),83.14917127071823,,yes,(not in selrm-role-d; read from sibling clone D:/NAACL27/selrm-role-c) summary fields
1833,"tab:xr, Generated-program verifier, window",67,run/C-TF-genprog/xr_v1:test/xa/XA_window,../selrm-role-c/results_git/C-TF-genprog/summary_xr_v1~test.json,XA_window,67.0,,yes,(not in selrm-role-d; read from sibling clone D:/NAACL27/selrm-role-c) summary fields
1833,"tab:xr, Generated-program verifier, curr.",93,run/C-TF-genprog/xr_v1:test/xa/XA_currency,../selrm-role-c/results_git/C-TF-genprog/summary_xr_v1~test.json,XA_currency,93.0,,yes,(not in selrm-role-d; read from sibling clone D:/NAACL27/selrm-role-c) summary fields
1833,"tab:xr, Generated-program verifier, subj.",88,run/C-TF-genprog/xr_v1:test/xa/XA_subject,../selrm-role-c/results_git/C-TF-genprog/summary_xr_v1~test.json,XA_subject,88.0,,yes,(not in selrm-role-d; read from sibling clone D:/NAACL27/selrm-role-c) summary fields
1833,"tab:xr, Generated-program verifier, incl.",83,run/C-TF-genprog/xr_v1:test/xa/XA_inclusivity,../selrm-role-c/results_git/C-TF-genprog/summary_xr_v1~test.json,XA_inclusivity,83.0,,yes,(not in selrm-role-d; read from sibling clone D:/NAACL27/selrm-role-c) summary fields
1834,"tab:xr, Verdict only, blocks, XA",60.8,run/B-F-verdict-blocks/xr_v1:test/xa/XA/s0,results_git/B-NS-xr_v1-B-F-verdict-blocks-s0/scores_xr_v1~test.jsonl,XA,60.75,f6a3250,yes,selrm.metrics.crossed_accuracy on scores (make_tables derived); seed 0 as captioned
1834,"tab:xr, Verdict only, blocks, window",44,run/B-F-verdict-blocks/xr_v1:test/xa/XA_window/s0,results_git/B-NS-xr_v1-B-F-verdict-blocks-s0/scores_xr_v1~test.jsonl,XA_window,44.0,f6a3250,yes,selrm.metrics.crossed_accuracy on scores (make_tables derived); seed 0 as captioned
1834,"tab:xr, Verdict only, blocks, curr.",75,run/B-F-verdict-blocks/xr_v1:test/xa/XA_currency/s0,results_git/B-NS-xr_v1-B-F-verdict-blocks-s0/scores_xr_v1~test.jsonl,XA_currency,75.0,f6a3250,yes,selrm.metrics.crossed_accuracy on scores (make_tables derived); seed 0 as captioned
1834,"tab:xr, Verdict only, blocks, subj.",47,run/B-F-verdict-blocks/xr_v1:test/xa/XA_subject/s0,results_git/B-NS-xr_v1-B-F-verdict-blocks-s0/scores_xr_v1~test.jsonl,XA_subject,47.0,f6a3250,yes,selrm.metrics.crossed_accuracy on scores (make_tables derived); seed 0 as captioned
1834,"tab:xr, Verdict only, blocks, incl.",77,run/B-F-verdict-blocks/xr_v1:test/xa/XA_inclusivity/s0,results_git/B-NS-xr_v1-B-F-verdict-blocks-s0/scores_xr_v1~test.jsonl,XA_inclusivity,77.0,f6a3250,yes,selrm.metrics.crossed_accuracy on scores (make_tables derived); seed 0 as captioned
1835,"tab:xr, Verdict only, triplets, XA",90.2,run/B-F-verdict-triplets/xr_v1:test/xa/XA/s0,results_git/B-NS-xr_v1-B-F-verdict-triplets-s0/scores_xr_v1~test.jsonl,XA,90.25,f6a3250,yes,selrm.metrics.crossed_accuracy on scores (make_tables derived); seed 0 as captioned
1835,"tab:xr, Verdict only, triplets, window",66,run/B-F-verdict-triplets/xr_v1:test/xa/XA_window/s0,results_git/B-NS-xr_v1-B-F-verdict-triplets-s0/scores_xr_v1~test.jsonl,XA_window,66.0,f6a3250,yes,selrm.metrics.crossed_accuracy on scores (make_tables derived); seed 0 as captioned
1835,"tab:xr, Verdict only, triplets, curr.",100,run/B-F-verdict-triplets/xr_v1:test/xa/XA_currency/s0,results_git/B-NS-xr_v1-B-F-verdict-triplets-s0/scores_xr_v1~test.jsonl,XA_currency,100.0,f6a3250,yes,selrm.metrics.crossed_accuracy on scores (make_tables derived); seed 0 as captioned
1835,"tab:xr, Verdict only, triplets, subj.",95,run/B-F-verdict-triplets/xr_v1:test/xa/XA_subject/s0,results_git/B-NS-xr_v1-B-F-verdict-triplets-s0/scores_xr_v1~test.jsonl,XA_subject,95.0,f6a3250,yes,selrm.metrics.crossed_accuracy on scores (make_tables derived); seed 0 as captioned
1835,"tab:xr, Verdict only, triplets, incl.",100,run/B-F-verdict-triplets/xr_v1:test/xa/XA_inclusivity/s0,results_git/B-NS-xr_v1-B-F-verdict-triplets-s0/scores_xr_v1~test.jsonl,XA_inclusivity,100.0,f6a3250,yes,selrm.metrics.crossed_accuracy on scores (make_tables derived); seed 0 as captioned
1836,"tab:xr, Evidence summary, triplets, XA",88.5,run/B-F-summary2-triplets/xr_v1:test/xa/XA/s0,results_git/B-NS-xr_v1-B-F-summary2-triplets-s0/scores_xr_v1~test.jsonl,XA,88.5,f6a3250,yes,selrm.metrics.crossed_accuracy on scores (make_tables derived); seed 0 as captioned
1836,"tab:xr, Evidence summary, triplets, window",54,run/B-F-summary2-triplets/xr_v1:test/xa/XA_window/s0,results_git/B-NS-xr_v1-B-F-summary2-triplets-s0/scores_xr_v1~test.jsonl,XA_window,54.0,f6a3250,yes,selrm.metrics.crossed_accuracy on scores (make_tables derived); seed 0 as captioned
1836,"tab:xr, Evidence summary, triplets, curr.",100,run/B-F-summary2-triplets/xr_v1:test/xa/XA_currency/s0,results_git/B-NS-xr_v1-B-F-summary2-triplets-s0/scores_xr_v1~test.jsonl,XA_currency,100.0,f6a3250,yes,selrm.metrics.crossed_accuracy on scores (make_tables derived); seed 0 as captioned
1836,"tab:xr, Evidence summary, triplets, subj.",100,run/B-F-summary2-triplets/xr_v1:test/xa/XA_subject/s0,results_git/B-NS-xr_v1-B-F-summary2-triplets-s0/scores_xr_v1~test.jsonl,XA_subject,100.0,f6a3250,yes,selrm.metrics.crossed_accuracy on scores (make_tables derived); seed 0 as captioned
1836,"tab:xr, Evidence summary, triplets, incl.",100,run/B-F-summary2-triplets/xr_v1:test/xa/XA_inclusivity/s0,results_git/B-NS-xr_v1-B-F-summary2-triplets-s0/scores_xr_v1~test.jsonl,XA_inclusivity,100.0,f6a3250,yes,selrm.metrics.crossed_accuracy on scores (make_tables derived); seed 0 as captioned
1837,"tab:xr, judge also sees the case, XA",91.5,run/B-SC-summary2-triplets/xr_v1:test/xa/XA/s0,results_git/B-SC-summary2-triplets-s0/scores_xr_v1~test.jsonl,XA,91.5,bdfba61,yes,selrm.metrics.crossed_accuracy on scores (make_tables derived); seed 0 as captioned
1837,"tab:xr, judge also sees the case, window",72,run/B-SC-summary2-triplets/xr_v1:test/xa/XA_window/s0,results_git/B-SC-summary2-triplets-s0/scores_xr_v1~test.jsonl,XA_window,72.0,bdfba61,yes,selrm.metrics.crossed_accuracy on scores (make_tables derived); seed 0 as captioned
1837,"tab:xr, judge also sees the case, curr.",96,run/B-SC-summary2-triplets/xr_v1:test/xa/XA_currency/s0,results_git/B-SC-summary2-triplets-s0/scores_xr_v1~test.jsonl,XA_currency,96.0,bdfba61,yes,selrm.metrics.crossed_accuracy on scores (make_tables derived); seed 0 as captioned
1837,"tab:xr, judge also sees the case, subj.",98,run/B-SC-summary2-triplets/xr_v1:test/xa/XA_subject/s0,results_git/B-SC-summary2-triplets-s0/scores_xr_v1~test.jsonl,XA_subject,98.0,bdfba61,yes,selrm.metrics.crossed_accuracy on scores (make_tables derived); seed 0 as captioned
1837,"tab:xr, judge also sees the case, incl.",100,run/B-SC-summary2-triplets/xr_v1:test/xa/XA_inclusivity/s0,results_git/B-SC-summary2-triplets-s0/scores_xr_v1~test.jsonl,XA_inclusivity,100.0,bdfba61,yes,selrm.metrics.crossed_accuracy on scores (make_tables derived); seed 0 as captioned
1838,"tab:xr, SelRM, triplets, XA",89.8,run/B-F-ledger2-triplets/xr_v1:test/xa/XA/s0,results_git/B-NS-xr_v1-B-F-ledger2-triplets-s0/scores_xr_v1~test.jsonl,XA,89.75,55c9461,yes,selrm.metrics.crossed_accuracy on scores (make_tables derived); seed 0 as captioned
1838,"tab:xr, SelRM, triplets, window",68,run/B-F-ledger2-triplets/xr_v1:test/xa/XA_window/s0,results_git/B-NS-xr_v1-B-F-ledger2-triplets-s0/scores_xr_v1~test.jsonl,XA_window,68.0,55c9461,yes,selrm.metrics.crossed_accuracy on scores (make_tables derived); seed 0 as captioned
1838,"tab:xr, SelRM, triplets, curr.",93,run/B-F-ledger2-triplets/xr_v1:test/xa/XA_currency/s0,results_git/B-NS-xr_v1-B-F-ledger2-triplets-s0/scores_xr_v1~test.jsonl,XA_currency,93.0,55c9461,yes,selrm.metrics.crossed_accuracy on scores (make_tables derived); seed 0 as captioned
1838,"tab:xr, SelRM, triplets, subj.",98,run/B-F-ledger2-triplets/xr_v1:test/xa/XA_subject/s0,results_git/B-NS-xr_v1-B-F-ledger2-triplets-s0/scores_xr_v1~test.jsonl,XA_subject,98.0,55c9461,yes,selrm.metrics.crossed_accuracy on scores (make_tables derived); seed 0 as captioned
1838,"tab:xr, SelRM, triplets, incl.",100,run/B-F-ledger2-triplets/xr_v1:test/xa/XA_inclusivity/s0,results_git/B-NS-xr_v1-B-F-ledger2-triplets-s0/scores_xr_v1~test.jsonl,XA_inclusivity,100.0,55c9461,yes,selrm.metrics.crossed_accuracy on scores (make_tables derived); seed 0 as captioned
1839,"tab:xr, + decision field, XA",98.8,run/B-AB-decfield/xr_v1:test/xa/XA/s0,results_git/B-AB-decfield-s0/scores_xr_v1~test.jsonl,XA,98.75,d8f5550,yes,selrm.metrics.crossed_accuracy on scores (make_tables derived); seed 0 as captioned
1839,"tab:xr, + decision field, window",95,run/B-AB-decfield/xr_v1:test/xa/XA_window/s0,results_git/B-AB-decfield-s0/scores_xr_v1~test.jsonl,XA_window,95.0,d8f5550,yes,selrm.metrics.crossed_accuracy on scores (make_tables derived); seed 0 as captioned
1839,"tab:xr, + decision field, curr.",100,run/B-AB-decfield/xr_v1:test/xa/XA_currency/s0,results_git/B-AB-decfield-s0/scores_xr_v1~test.jsonl,XA_currency,100.0,d8f5550,yes,selrm.metrics.crossed_accuracy on scores (make_tables derived); seed 0 as captioned
1839,"tab:xr, + decision field, subj.",100,run/B-AB-decfield/xr_v1:test/xa/XA_subject/s0,results_git/B-AB-decfield-s0/scores_xr_v1~test.jsonl,XA_subject,100.0,d8f5550,yes,selrm.metrics.crossed_accuracy on scores (make_tables derived); seed 0 as captioned
1839,"tab:xr, + decision field, incl.",100,run/B-AB-decfield/xr_v1:test/xa/XA_inclusivity/s0,results_git/B-AB-decfield-s0/scores_xr_v1~test.jsonl,XA_inclusivity,100.0,d8f5550,yes,selrm.metrics.crossed_accuracy on scores (make_tables derived); seed 0 as captioned
1840,"tab:xr, reader writes bit only, XA",97.8,run/B-AB-bitonly-reader/xr_v1:test/xa/XA/s0,results_git/B-AB-bitonly-reader-s0/scores_xr_v1~test.jsonl,XA,97.75,ea0f696,yes,selrm.metrics.crossed_accuracy on scores (make_tables derived); seed 0 as captioned; B-AB-bitonly-judge-s0 gives identical values
1840,"tab:xr, reader writes bit only, window",91,run/B-AB-bitonly-reader/xr_v1:test/xa/XA_window/s0,results_git/B-AB-bitonly-reader-s0/scores_xr_v1~test.jsonl,XA_window,91.0,ea0f696,yes,selrm.metrics.crossed_accuracy on scores (make_tables derived); seed 0 as captioned; B-AB-bitonly-judge-s0 gives identical values
1840,"tab:xr, reader writes bit only, curr.",100,run/B-AB-bitonly-reader/xr_v1:test/xa/XA_currency/s0,results_git/B-AB-bitonly-reader-s0/scores_xr_v1~test.jsonl,XA_currency,100.0,ea0f696,yes,selrm.metrics.crossed_accuracy on scores (make_tables derived); seed 0 as captioned; B-AB-bitonly-judge-s0 gives identical values
1840,"tab:xr, reader writes bit only, subj.",100,run/B-AB-bitonly-reader/xr_v1:test/xa/XA_subject/s0,results_git/B-AB-bitonly-reader-s0/scores_xr_v1~test.jsonl,XA_subject,100.0,ea0f696,yes,selrm.metrics.crossed_accuracy on scores (make_tables derived); seed 0 as captioned; B-AB-bitonly-judge-s0 gives identical values
1840,"tab:xr, reader writes bit only, incl.",100,run/B-AB-bitonly-reader/xr_v1:test/xa/XA_inclusivity/s0,results_git/B-AB-bitonly-reader-s0/scores_xr_v1~test.jsonl,XA_inclusivity,100.0,ea0f696,yes,selrm.metrics.crossed_accuracy on scores (make_tables derived); seed 0 as captioned; B-AB-bitonly-judge-s0 gives identical values
1841,"tab:xr, condition derived by the reader, XA",86.5,run/B-AB-conddrv/xr_v1:test/xa/XA/s0,results_git/B-AB-conddrv-s0/scores_xr_v1~test.jsonl,XA,86.5,d8f5550,yes,selrm.metrics.crossed_accuracy on scores (make_tables derived); seed 0 as captioned
1841,"tab:xr, condition derived by the reader, window",49,run/B-AB-conddrv/xr_v1:test/xa/XA_window/s0,results_git/B-AB-conddrv-s0/scores_xr_v1~test.jsonl,XA_window,49.0,d8f5550,yes,selrm.metrics.crossed_accuracy on scores (make_tables derived); seed 0 as captioned
1841,"tab:xr, condition derived by the reader, curr.",99,run/B-AB-conddrv/xr_v1:test/xa/XA_currency/s0,results_git/B-AB-conddrv-s0/scores_xr_v1~test.jsonl,XA_currency,99.0,d8f5550,yes,selrm.metrics.crossed_accuracy on scores (make_tables derived); seed 0 as captioned
1841,"tab:xr, condition derived by the reader, subj.",98,run/B-AB-conddrv/xr_v1:test/xa/XA_subject/s0,results_git/B-AB-conddrv-s0/scores_xr_v1~test.jsonl,XA_subject,98.0,d8f5550,yes,selrm.metrics.crossed_accuracy on scores (make_tables derived); seed 0 as captioned
1841,"tab:xr, condition derived by the reader, incl.",100,run/B-AB-conddrv/xr_v1:test/xa/XA_inclusivity/s0,results_git/B-AB-conddrv-s0/scores_xr_v1~test.jsonl,XA_inclusivity,100.0,d8f5550,yes,selrm.metrics.crossed_accuracy on scores (make_tables derived); seed 0 as captioned
1842,"tab:xr, - ledger resampling, XA",78.8,run/B-AB-noresamp/xr_v1:test/xa/XA/s0,results_git/B-AB-noresamp-s0/scores_xr_v1~test.jsonl,XA,78.75,5fd9924,yes,selrm.metrics.crossed_accuracy on scores (make_tables derived); seed 0 as captioned
1842,"tab:xr, - ledger resampling, window",55,run/B-AB-noresamp/xr_v1:test/xa/XA_window/s0,results_git/B-AB-noresamp-s0/scores_xr_v1~test.jsonl,XA_window,55.0,5fd9924,yes,selrm.metrics.crossed_accuracy on scores (make_tables derived); seed 0 as captioned
1842,"tab:xr, - ledger resampling, curr.",96,run/B-AB-noresamp/xr_v1:test/xa/XA_currency/s0,results_git/B-AB-noresamp-s0/scores_xr_v1~test.jsonl,XA_currency,96.0,5fd9924,yes,selrm.metrics.crossed_accuracy on scores (make_tables derived); seed 0 as captioned
1842,"tab:xr, - ledger resampling, subj.",64,run/B-AB-noresamp/xr_v1:test/xa/XA_subject/s0,results_git/B-AB-noresamp-s0/scores_xr_v1~test.jsonl,XA_subject,64.0,5fd9924,yes,selrm.metrics.crossed_accuracy on scores (make_tables derived); seed 0 as captioned
1842,"tab:xr, - ledger resampling, incl.",100,run/B-AB-noresamp/xr_v1:test/xa/XA_inclusivity/s0,results_git/B-AB-noresamp-s0/scores_xr_v1~test.jsonl,XA_inclusivity,100.0,5fd9924,yes,selrm.metrics.crossed_accuracy on scores (make_tables derived); seed 0 as captioned
1845,"tab:xr caption, items",400,,results/A-SETS/summary.json,xr_v1.n_items,400,f820a67,yes,
1846,"tab:xr caption, items with a known issue",38,,data/xr_v1/KNOWN_ISSUES.json,distinct item ids over issues[].items,38,d212ab4,yes,
1847,"tab:xr caption, items per clause",100,,results/A-SETS/summary.json,"xr_v1.by_dimension (currency, inclusivity, subject, window)",100 each,f820a67,yes,
1847,"tab:xr caption, seeds",five,run/B-F-verdict-triplets/xr_v1:test/xa/XA_window/n,"results_git/B-(NS-xr_v1-)B-F-{verdict,ledger2}-triplets-s{0..4}/scores_xr_v1~test.jsonl",n seeds,5,,yes,
1848,"tab:xr caption, window range verdict-only triplets, min",43,run/B-F-verdict-triplets/xr_v1:test/xa/XA_window/min,results_git/B-F-verdict-triplets-s4/scores_xr_v1~test.jsonl,"XA_window per seed: 66, 71, 60, 50, 43",43.0,15b3e0c,yes,
1848,"tab:xr caption, window range verdict-only triplets, max",71,run/B-F-verdict-triplets/xr_v1:test/xa/XA_window/max,results_git/B-NS-xr_v1-B-F-verdict-triplets-s1/scores_xr_v1~test.jsonl,"XA_window per seed: 66, 71, 60, 50, 43",71.0,4444d7d,yes,
1848,"tab:xr caption, window range SelRM triplets, min",67,run/B-F-ledger2-triplets/xr_v1:test/xa/XA_window/min,results_git/B-F-ledger2-triplets-s2/scores_xr_v1~test.jsonl,"XA_window per seed: 68, 68, 67, 76, 68",67.0,d78ff3c,yes,
1848,"tab:xr caption, window range SelRM triplets, max",76,run/B-F-ledger2-triplets/xr_v1:test/xa/XA_window/max,results_git/B-F-ledger2-triplets-s3/scores_xr_v1~test.jsonl,"XA_window per seed: 68, 68, 67, 76, 68",76.0,81697d5,yes,
1863,"App G Shift, untrained backbone, crossed",43.1,run/C-DG-shift/L0/signal=C-AUD-qwen35-9b/crossed,results_git/C-DG-shift/summary_rule_v1~test_L0.json,signal=C-AUD-qwen35-9b.crossed (n_opposed 496),43.145161290322584,4904709,yes,same values in results_git/C-TF-critic/diagnostics.json shift.shares_of_opposed
1864,"App G Shift, untrained backbone, short",17.3,run/C-DG-shift/L0/signal=C-AUD-qwen35-9b/short,results_git/C-DG-shift/summary_rule_v1~test_L0.json,signal=C-AUD-qwen35-9b.short (n_opposed 496),17.338709677419356,4904709,yes,same values in results_git/C-TF-critic/diagnostics.json shift.shares_of_opposed
1864,"App G Shift, untrained backbone, unmoved",23.6,run/C-DG-shift/L0/signal=C-AUD-qwen35-9b/unmoved,results_git/C-DG-shift/summary_rule_v1~test_L0.json,signal=C-AUD-qwen35-9b.unmoved (n_opposed 496),23.588709677419356,4904709,yes,same values in results_git/C-TF-critic/diagnostics.json shift.shares_of_opposed
1864,"App G Shift, untrained backbone, wrong",15.9,run/C-DG-shift/L0/signal=C-AUD-qwen35-9b/wrong,results_git/C-DG-shift/summary_rule_v1~test_L0.json,signal=C-AUD-qwen35-9b.wrong (n_opposed 496),15.92741935483871,4904709,yes,same values in results_git/C-TF-critic/diagnostics.json shift.shares_of_opposed
1864,"App G Shift, untrained backbone, kappa",0.50,run/C-DG-shift/L0/signal=C-AUD-qwen35-9b/kappa@2,results_git/C-DG-shift/summary_rule_v1~test_L0.json,signal=C-AUD-qwen35-9b.kappa,0.5015805921710157,4904709,yes,
1865,"App G Shift, Med-PRM, crossed",21.8,run/C-DG-shift/L0/signal=C-AUD-medprm/crossed,../selrm-role-c/results_git/C-DG-shift/summary_rule_v1~test_L0.json,signal=C-AUD-medprm.crossed (n_opposed 513),21.832358674463936,,yes,(not in selrm-role-d; read from sibling clone D:/NAACL27/selrm-role-c) the role-d copy of C-DG-shift has no signal=C-AUD-medprm slice; tables/numbers.json holds \ph{tbd} for these keys
1865,"App G Shift, Med-PRM, short",40.9,run/C-DG-shift/L0/signal=C-AUD-medprm/short,../selrm-role-c/results_git/C-DG-shift/summary_rule_v1~test_L0.json,signal=C-AUD-medprm.short (n_opposed 513),40.93567251461988,,yes,(not in selrm-role-d; read from sibling clone D:/NAACL27/selrm-role-c) the role-d copy of C-DG-shift has no signal=C-AUD-medprm slice; tables/numbers.json holds \ph{tbd} for these keys
1865,"App G Shift, Med-PRM, unmoved",31.2,run/C-DG-shift/L0/signal=C-AUD-medprm/unmoved,../selrm-role-c/results_git/C-DG-shift/summary_rule_v1~test_L0.json,signal=C-AUD-medprm.unmoved (n_opposed 513),31.189083820662766,,yes,(not in selrm-role-d; read from sibling clone D:/NAACL27/selrm-role-c) the role-d copy of C-DG-shift has no signal=C-AUD-medprm slice; tables/numbers.json holds \ph{tbd} for these keys
1865,"App G Shift, Med-PRM, kappa",0.71,run/C-DG-shift/L0/signal=C-AUD-medprm/kappa@2,../selrm-role-c/results_git/C-DG-shift/summary_rule_v1~test_L0.json,signal=C-AUD-medprm.kappa,0.7130398873529128,,yes,(not in selrm-role-d; read from sibling clone D:/NAACL27/selrm-role-c) the role-d copy of C-DG-shift has no signal=C-AUD-medprm slice; tables/numbers.json holds \ph{tbd} for these keys
1866,"App G Shift, verdict only blocks, crossed",95.8,run/C-DG-shift/L0/signal=B-F-verdict-blocks/crossed,results_git/C-DG-shift/summary_rule_v1~test_L0.json,signal=B-F-verdict-blocks.crossed (n_opposed 499; source B-F-verdict-blocks-s0),95.79158316633267,4904709,yes,seed 0 only
1866,"App G Shift, verdict only blocks, kappa",1.01,run/C-DG-shift/L0/signal=B-F-verdict-blocks/kappa@2,results_git/C-DG-shift/summary_rule_v1~test_L0.json,signal=B-F-verdict-blocks.kappa,1.0075502877018347,4904709,yes,
1867,"App G Shift, Med-PRM stops short in 'two of five' conflicting cases",two of five,run/C-DG-shift/L0/signal=C-AUD-medprm/short,../selrm-role-c/results_git/C-DG-shift/summary_rule_v1~test_L0.json,signal=C-AUD-medprm.short = 210/513,40.93567251461988,,yes,(not in selrm-role-d; read from sibling clone D:/NAACL27/selrm-role-c) the role-d copy of C-DG-shift has no signal=C-AUD-medprm slice; tables/numbers.json holds \ph{tbd} for these keys
1873,"App G Readouts, untrained backbone L2 TA, full-precision run",27.1,run/C-TF-critic/L2/all/TA,results_git/C-TF-critic/summary_rule_v1~test_L2.json,all.TA,27.15,74c90b1,yes,"round(27.15,1)=27.1"
1873,"App G Readouts, L2 TA from log-odds of second pass",25.4,,results_git/C-DG-noise/noise_check.json,logodds.TA,25.45,74c90b1,yes,"round(25.45,1)=25.4"
1875,"App G Readouts, number of sampling repetitions",ten,,results_git/C-DG-noise/noise_check.json,seeds (samples_per_record = 32),10,74c90b1,yes,"10 seeds, each with 32 draws per record"
1875,"App G Readouts, sampled TA at T=0.7",24.8,,results_git/C-DG-noise/noise_check.json,sampled.TA.mean,24.815,74c90b1,yes,
1875,"App G Readouts, sd at T=0.7",0.4,,results_git/C-DG-noise/noise_check.json,sampled.TA.sd,0.3793635020223564,74c90b1,yes,
1875,"App G Readouts, temperature",0.7,,results_git/C-DG-noise/noise_check.json,temperature (top_p 0.95),0.7,74c90b1,yes,kind=design
1875,"App G Readouts, sampled TA at T=1.0",24.0,,results_git/C-DG-noise/noise_check_T1.json,sampled.TA.mean,24.045,d09ca35,yes,
1876,"App G Readouts, sd at T=1.0",0.7,,results_git/C-DG-noise/noise_check_T1.json,sampled.TA.sd,0.6660205202043953,d09ca35,yes,
1876,"App G Readouts, temperature",1.0,,results_git/C-DG-noise/noise_check_T1.json,temperature (top_p 1.0),1.0,d09ca35,yes,kind=design
1877,"App G Readouts, spread 'up to three points'",three,,results_git/C-DG-noise/noise_check_T1.json + results_git/C-TF-critic/summary_rule_v1~test_L2.json,27.15 - 24.045,3.105,,yes,approximate statement; largest gap is 3.1 points
1882,"App G Default correction, dev TA at alpha=0.0",39.7,,results_git/C-TF-defcorr/meta.json,dev_TA_by_alpha['0.0'],39.666666666666664,65b079b,yes,"dev n=300; grid is 0, 0.25, 0.5, 1, 2, 4, 8, 16, 32, 64, inf; selected alpha = inf"
1882,"App G Default correction, dev TA at alpha=1.0",47.3,,results_git/C-TF-defcorr/meta.json,dev_TA_by_alpha['1.0'],47.333333333333336,65b079b,yes,
1882,"App G Default correction, dev TA at alpha=4.0",50.7,,results_git/C-TF-defcorr/meta.json,dev_TA_by_alpha['4.0'],50.666666666666664,65b079b,yes,
1882,"App G Default correction, dev TA at alpha=16.0",52.0,,results_git/C-TF-defcorr/meta.json,dev_TA_by_alpha['16.0'],52.0,65b079b,yes,
1883,"App G Default correction, dev TA at alpha=inf",53.0,,results_git/C-TF-defcorr/meta.json,dev_TA_by_alpha['inf'],53.0,65b079b,yes,
1885,"App G Default correction, L2 TA",26.4,run/C-TF-defcorr/L2/all/TA,results_git/C-TF-defcorr/summary_rule_v1~test_L2.json,all.TA,26.35,65b079b,yes,"round(26.35,1)=26.4 (float 26.350000000000001)"
1885,"App G Default correction, L2 TA CI lo",20.3,run/C-TF-defcorr/L2/all/TA/lo,results_git/C-TF-defcorr/summary_rule_v1~test_L2.json,CI95.TA[0],20.260727865290605,65b079b,yes,
1885,"App G Default correction, L2 TA CI hi",32.7,run/C-TF-defcorr/L2/all/TA/hi,results_git/C-TF-defcorr/summary_rule_v1~test_L2.json,CI95.TA[1],32.746311280342695,65b079b,yes,
1886,"App G Default correction, L2 TA without correction",27.1,run/C-TF-critic/L2/all/TA,results_git/C-TF-critic/summary_rule_v1~test_L2.json,all.TA,27.15,74c90b1,yes,"round(27.15,1)=27.1"
1890,"App G Exploratory probe, accuracy (train L0, test L2)",86.9,,../selrm-role-c/results_git/C-DG-probe/probe.json,"probe.acc (layer 24, n_test 4000)",86.875,,yes,(not in selrm-role-d; read from sibling clone D:/NAACL27/selrm-role-c) C-DG-probe is not in selrm-role-d (present on origin/role-c)
1891,"App G Exploratory probe, control task",69.8,,../selrm-role-c/results_git/C-DG-probe/probe.json,control.acc (layer 31),69.85,,yes,"(not in selrm-role-d; read from sibling clone D:/NAACL27/selrm-role-c) C-DG-probe is not in selrm-role-d (present on origin/role-c); round(69.85,1)=69.8"
1891,"App G Exploratory probe, unseen conditions",94.5,,../selrm-role-c/results_git/C-DG-probe/probe.json,probe.unseen_conditions.acc (n=380),94.47368421052632,,yes,(not in selrm-role-d; read from sibling clone D:/NAACL27/selrm-role-c) C-DG-probe is not in selrm-role-d (present on origin/role-c)
1892,"App G Exploratory probe, control on unseen conditions",41.3,,../selrm-role-c/results_git/C-DG-probe/probe.json,control.unseen_conditions.acc (n=380),41.31578947368421,,yes,(not in selrm-role-d; read from sibling clone D:/NAACL27/selrm-role-c) C-DG-probe is not in selrm-role-d (present on origin/role-c)
1917,"App. H Systems, share of missing-input cases, train_natural",15,,data/rule_v1/train_natural/MANIFEST.json,cases_by_kind.missing / sum(cases_by_kind) x100,14.99408946680769,e40789b,yes,"share of cases (2410 of 16073); the manifest counts cases, the sentence says records"
1917,"App. H Systems, share of missing-input cases, train_balanced",15,,data/rule_v1/train_balanced/MANIFEST.json,cases_by_kind.missing / sum(cases_by_kind) x100,14.99408946680769,e40789b,yes,"share of cases (2410 of 16073); the manifest counts cases, the sentence says records"
1917,"App. H Systems, share of missing-input cases, train_blocks",15,,data/rule_v1/train_blocks/MANIFEST.json,cases_by_kind.missing / sum(cases_by_kind) x100,14.997819178765033,e40789b,yes,"share of cases (2407 of 16049); the manifest counts cases, the sentence says records"
1917,"App. H Systems, share of missing-input cases, train_triplets",15,,data/rule_v1/train_triplets/MANIFEST.json,cases_by_kind.missing / sum(cases_by_kind) x100,15.000622432466077,e40789b,yes,"share of cases (2410 of 16066); the manifest counts cases, the sentence says records"
1918,"App. H Systems, share of presentation cases, train_natural",15,,data/rule_v1/train_natural/MANIFEST.json,cases_by_kind.pres / sum(cases_by_kind) x100,15.006532694580974,e40789b,yes,share of cases (2412 of 16073)
1918,"App. H Systems, share of presentation cases, train_balanced",15,,data/rule_v1/train_balanced/MANIFEST.json,cases_by_kind.pres / sum(cases_by_kind) x100,15.006532694580974,e40789b,yes,share of cases (2412 of 16073)
1918,"App. H Systems, share of presentation cases, train_blocks",15,,data/rule_v1/train_blocks/MANIFEST.json,cases_by_kind.pres / sum(cases_by_kind) x100,15.004050096579226,e40789b,yes,share of cases (2408 of 16049)
1918,"App. H Systems, share of presentation cases, train_triplets",15,,data/rule_v1/train_triplets/MANIFEST.json,cases_by_kind.pres / sum(cases_by_kind) x100,15.000622432466077,e40789b,yes,share of cases (2410 of 16066)
1938,"tab:main-full, Critic, L2",27.1,run/C-TF-critic/L2/all/TA,results_git/C-TF-critic/summary_rule_v1~test_L2.json,all.TA,27.15,74c90b1,yes,
1938,"tab:main-full, Critic, L3-inv",33.4,run/C-TF-critic/L3inv/all/TA,results_git/C-TF-critic/summary_rule_v1~test_L3inv.json,all.TA,33.4,74c90b1,yes,
1938,"tab:main-full, Critic, XA",39.0,,results_git/C-TF-critic/summary_xr_v1~test.json,XA,39.0,74c90b1,yes,
1938,"tab:main-full, Critic, Hold (L2)",32.2,run/C-TF-critic/L2/all/Hold,results_git/C-TF-critic/summary_rule_v1~test_L2.json,all.Hold,32.2,74c90b1,yes,
1938,"tab:main-full, Critic, TrialGPT F1",65.7,run/C-TG-critic/clin_v1:trialgpt_test/top/macroF1,results_git/C-TG-critic/summary_clin_v1~trialgpt_test.json,macroF1,65.70071104760866,74c90b1,yes,
1938,"tab:main-full, Critic, TrialGPT choice",92.8,,results_git/C-TG-critic/summary_clin_v1~trialgpt_test.json,forced_choice_acc,92.78937381404175,74c90b1,yes,
1938,"tab:main-full, Critic, MedEinst pair",24.2,,results_git/C-ME-critic/summary_clin_v1~medeinst_test.json,Reversal,24.187256176853055,c19d712,yes,
1938,"tab:main-full, Critic, MedEinst control",71.8,,results_git/C-ME-critic/summary_clin_v1~medeinst_test.json,control_acc,71.8372654653539,c19d712,yes,
1938,"tab:main-full, Critic, MedEinst trap",51.6,,results_git/C-ME-critic/summary_clin_v1~medeinst_test.json,trap_acc,51.5697566412781,c19d712,yes,
1938,"tab:main-full, Critic, key pairs medqa",79.8,,results_git/C-KP-critic/summary_clin_v1~keypairs_medqa_oneway.json,Reversal,79.83193277310924,b0644bf,yes,
1938,"tab:main-full, Critic, key pairs careqa",84.4,,results_git/C-KP-critic/summary_clin_v1~keypairs_careqa_oneway.json,Reversal,84.44444444444444,b0644bf,yes,
1938,"tab:main-full, Critic, NLI4CT-P avg",80.9,,results_git/C-NL-critic/summary_clin_v1~nli4ct_test.json,"mean(Control_F1,faithfulness,consistency) x100 (= Average)",80.88030118000121,4904709,yes,
1939,"tab:main-full, default correction, L2",26.4,run/C-TF-defcorr/L2/all/TA,results_git/C-TF-defcorr/summary_rule_v1~test_L2.json,all.TA,26.35,65b079b,yes,
1939,"tab:main-full, default correction, XA",58.5,,results_git/C-TF-defcorr/summary_xr_v1~test.json,XA,58.5,b022da8,yes,
1939,"tab:main-full, default correction, MedEinst pair",24.7,,results_git/C-ME-defcorr/summary_clin_v1~medeinst_test.json,Reversal,24.67025822032324,b022da8,yes,
1939,"tab:main-full, default correction, MedEinst control",70.4,,results_git/C-ME-defcorr/summary_clin_v1~medeinst_test.json,control_acc,70.35110533159948,b022da8,yes,
1939,"tab:main-full, default correction, MedEinst trap",53.3,,results_git/C-ME-defcorr/summary_clin_v1~medeinst_test.json,trap_acc,53.33457180011146,b022da8,yes,
1940,"tab:main-full, prompted summary, L2",67.5,run/C-TF-promptsum/L2/all/TA,results_git/C-TF-promptsum/summary_rule_v1~test_L2.json,all.TA,67.45,b0644bf,yes,
1940,"tab:main-full, prompted summary, XA",80.5,,results_git/C-TF-promptsum/summary_xr_v1~test.json,XA,80.5,b0644bf,yes,
1940,"tab:main-full, prompted summary, Hold (L2)",89.8,run/C-TF-promptsum/L2/all/Hold,results_git/C-TF-promptsum/summary_rule_v1~test_L2.json,all.Hold,89.85,b0644bf,yes,
1940,"tab:main-full, prompted summary, TrialGPT F1",68.0,run/C-TG-promptsum/clin_v1:trialgpt_test/top/macroF1,results_git/C-TG-promptsum/summary_clin_v1~trialgpt_test.json,macroF1,68.00105445599257,3069d90,yes,
1940,"tab:main-full, prompted summary, TrialGPT choice",91.3,,results_git/C-TG-promptsum/summary_clin_v1~trialgpt_test.json,forced_choice_acc,91.27134724857684,3069d90,yes,
1940,"tab:main-full, prompted summary, key pairs medqa",79.6,,results_git/C-KP-promptsum/summary_clin_v1~keypairs_medqa_oneway.json,Reversal,79.55182072829132,b0644bf,yes,
1940,"tab:main-full, prompted summary, key pairs careqa",80.9,,results_git/C-KP-promptsum/summary_clin_v1~keypairs_careqa_oneway.json,Reversal,80.88888888888889,b0644bf,yes,
1941,"tab:main-full, prompted ledger (lenient), L2",59.5,run/C-TF-promptledger-lenient/L2/all/TA,results_git/C-TF-promptledger-lenient/summary_rule_v1~test_L2.json,all.TA,59.5,b0644bf,yes,
1941,"tab:main-full, prompted ledger (lenient), XA",52.5,,results_git/C-TF-promptledger-lenient/summary_xr_v1~test.json,XA,52.5,b0644bf,yes,
1941,"tab:main-full, prompted ledger (lenient), Hold (L2)",87.8,run/C-TF-promptledger-lenient/L2/all/Hold,results_git/C-TF-promptledger-lenient/summary_rule_v1~test_L2.json,all.Hold,87.8,b0644bf,yes,
1941,"tab:main-full, prompted ledger (lenient), TrialGPT F1",54.0,run/C-TG-promptledger-lenient/clin_v1:trialgpt_test/top/macroF1,results_git/C-TG-promptledger-lenient/summary_clin_v1~trialgpt_test.json,macroF1,54.03533446375877,f0bc2c4,yes,
1941,"tab:main-full, prompted ledger (lenient), TrialGPT choice",86.0,,results_git/C-TG-promptledger-lenient/summary_clin_v1~trialgpt_test.json,forced_choice_acc,85.95825426944971,f0bc2c4,yes,
1942,"tab:main-full, generated-program verifier, L2",89.8,run/C-TF-genprog/L2/all/TA,results_git/C-TF-genprog/summary_rule_v1~test_L2.json,all.TA,89.8,b0644bf,yes,
1942,"tab:main-full, generated-program verifier, XA",82.8,,results_git/C-TF-genprog/summary_xr_v1~test.json,XA,82.75,b0644bf,yes,
1942,"tab:main-full, generated-program verifier, Hold (L2)",94.7,run/C-TF-genprog/L2/all/Hold,results_git/C-TF-genprog/summary_rule_v1~test_L2.json,all.Hold,94.7,b0644bf,yes,
1944,"tab:main-full, verdict FoVer, L2",38.5,run/B-TR-fover/L2/all/TA/s0,results_git/B-TR-fover-s0/summary_rule_v1~test_L2.json,all.TA,38.45,a462eff,yes,
1944,"tab:main-full, verdict FoVer, XA",67.0,,results_git/B-TR-fover-s0/summary_xr_v1~test.json,xr.conclusion.XA,67.0,a462eff,yes,
1944,"tab:main-full, verdict FoVer, Hold (L2)",44.1,run/B-TR-fover/L2/all/Hold/s0,results_git/B-TR-fover-s0/summary_rule_v1~test_L2.json,all.Hold,44.15,a462eff,yes,
1945,"tab:main-full, verdict blocks, L2",58.2,run/B-F-verdict-blocks/L2/all/TA/s0,results_git/B-F-verdict-blocks-s0/summary_rule_v1~test_L2.json,all.TA,58.2,f16555a,yes,
1945,"tab:main-full, verdict blocks, L3-inv",62.9,run/B-F-verdict-blocks/L3inv/all/TA/s0,results_git/B-F-verdict-blocks-s0/summary_rule_v1~test_L3inv.json,all.TA,62.9,f16555a,yes,
1945,"tab:main-full, verdict blocks, XA",60.8,,results_git/B-NS-xr_v1-B-F-verdict-blocks-s0/summary_xr_v1~test.json,xr.conclusion.XA,60.75,f6a3250,yes,
1945,"tab:main-full, verdict blocks, Hold (L2)",61.5,run/B-F-verdict-blocks/L2/all/Hold/s0,results_git/B-F-verdict-blocks-s0/summary_rule_v1~test_L2.json,all.Hold,61.55,f16555a,yes,
1945,"tab:main-full, verdict blocks, TrialGPT F1",64.8,run/C-TG-verdict-blocks-s0/clin_v1:trialgpt_test/top/macroF1,results_git/C-TG-verdict-blocks-s0/summary_clin_v1~trialgpt_test.json,macroF1,64.83139167213699,3069d90,yes,
1945,"tab:main-full, verdict blocks, TrialGPT choice",92.8,,results_git/C-TG-verdict-blocks-s0/summary_clin_v1~trialgpt_test.json,forced_choice_acc,92.78937381404175,3069d90,yes,
1945,"tab:main-full, verdict blocks, MedEinst pair",20.5,,results_git/C-ME-verdict-blocks-s0/summary_clin_v1~medeinst_test.json,Reversal,20.471855842467026,b0644bf,yes,
1945,"tab:main-full, verdict blocks, MedEinst control",68.3,,results_git/C-ME-verdict-blocks-s0/summary_clin_v1~medeinst_test.json,control_acc,68.27048114434331,b0644bf,yes,
1945,"tab:main-full, verdict blocks, MedEinst trap",51.8,,results_git/C-ME-verdict-blocks-s0/summary_clin_v1~medeinst_test.json,trap_acc,51.7555266579974,b0644bf,yes,
1945,"tab:main-full, verdict blocks, key pairs medqa",78.7,,results_git/C-KP-verdict-blocks-s0/summary_clin_v1~keypairs_medqa_oneway.json,Reversal,78.71148459383754,b0644bf,yes,
1945,"tab:main-full, verdict blocks, key pairs careqa",82.7,,results_git/C-KP-verdict-blocks-s0/summary_clin_v1~keypairs_careqa_oneway.json,Reversal,82.66666666666667,b0644bf,yes,
1945,"tab:main-full, verdict blocks, NLI4CT-P avg",85.6,,results_git/C-NL-verdict-blocks-s0/summary_clin_v1~nli4ct_test.json,"mean(Control_F1,faithfulness,consistency) x100 (= Average)",85.61747653306494,4904709,yes,
1946,"tab:main-full, verdict triplets, L2",91.3,run/B-F-verdict-triplets/L2/all/TA/s0,results_git/B-F-verdict-triplets-s0/summary_rule_v1~test_L2.json,all.TA,91.3,f16555a,yes,
1946,"tab:main-full, verdict triplets, L3-inv",96.9,run/B-F-verdict-triplets/L3inv/all/TA/s0,results_git/B-F-verdict-triplets-s0/summary_rule_v1~test_L3inv.json,all.TA,96.9,f16555a,yes,
1946,"tab:main-full, verdict triplets, XA",90.2,,results_git/B-NS-xr_v1-B-F-verdict-triplets-s0/summary_xr_v1~test.json,xr.conclusion.XA,90.25,f6a3250,yes,
1946,"tab:main-full, verdict triplets, Hold (L2)",97.7,run/B-F-verdict-triplets/L2/all/Hold/s0,results_git/B-F-verdict-triplets-s0/summary_rule_v1~test_L2.json,all.Hold,97.65,f16555a,yes,
1946,"tab:main-full, verdict triplets, TrialGPT F1",70.8,run/C-TG-verdict-triplets-s0/clin_v1:trialgpt_test/top/macroF1,results_git/C-TG-verdict-triplets-s0/summary_clin_v1~trialgpt_test.json,macroF1,70.84664532321561,3069d90,yes,
1946,"tab:main-full, verdict triplets, TrialGPT choice",92.8,,results_git/C-TG-verdict-triplets-s0/summary_clin_v1~trialgpt_test.json,forced_choice_acc,92.78937381404175,3069d90,yes,
1946,"tab:main-full, verdict triplets, MedEinst pair",22.8,,results_git/C-ME-verdict-triplets-s0/summary_clin_v1~medeinst_test.json,Reversal,22.812558053130225,b0644bf,yes,
1946,"tab:main-full, verdict triplets, MedEinst control",69.5,,results_git/C-ME-verdict-triplets-s0/summary_clin_v1~medeinst_test.json,control_acc,69.51514025636263,b0644bf,yes,
1946,"tab:main-full, verdict triplets, MedEinst trap",52.9,,results_git/C-ME-verdict-triplets-s0/summary_clin_v1~medeinst_test.json,trap_acc,52.94445476500093,b0644bf,yes,
1946,"tab:main-full, verdict triplets, key pairs medqa",78.2,,results_git/C-KP-verdict-triplets-s0/summary_clin_v1~keypairs_medqa_oneway.json,Reversal,78.15126050420169,b0644bf,yes,
1946,"tab:main-full, verdict triplets, key pairs careqa",83.1,,results_git/C-KP-verdict-triplets-s0/summary_clin_v1~keypairs_careqa_oneway.json,Reversal,83.11111111111111,b0644bf,yes,
1946,"tab:main-full, verdict triplets, NLI4CT-P avg",85.4,,results_git/C-NL-verdict-triplets-s0/summary_clin_v1~nli4ct_test.json,"mean(Control_F1,faithfulness,consistency) x100 (= Average)",85.37216749608456,4904709,yes,
1947,"tab:main-full, rationale triplets, L2",91.0,run/B-F-rationale-triplets/L2/all/TA/s0,results_git/B-F-rationale-triplets-s0/summary_rule_v1~test_L2.json,all.TA,91.05,f16555a,yes,
1947,"tab:main-full, rationale triplets, L3-inv",96.5,run/B-F-rationale-triplets/L3inv/all/TA/s0,results_git/B-F-rationale-triplets-s0/summary_rule_v1~test_L3inv.json,all.TA,96.5,f16555a,yes,
1947,"tab:main-full, rationale triplets, XA",92.8,,results_git/B-NS-xr_v1-B-F-rationale-triplets-s0/summary_xr_v1~test.json,xr.conclusion.XA,92.75,f6a3250,yes,
1947,"tab:main-full, rationale triplets, Hold (L2)",99.6,run/B-F-rationale-triplets/L2/all/Hold/s0,results_git/B-F-rationale-triplets-s0/summary_rule_v1~test_L2.json,all.Hold,99.6,f16555a,yes,
1948,"tab:main-full, summary blocks, L2",67.3,run/B-F-summary2-blocks/L2/all/TA/s0,results_git/B-F-summary2-blocks-s0/summary_rule_v1~test_L2.json,all.TA,67.3,f16555a,yes,
1948,"tab:main-full, summary blocks, L3-inv",73.6,run/B-F-summary2-blocks/L3inv/all/TA/s0,results_git/B-F-summary2-blocks-s0/summary_rule_v1~test_L3inv.json,all.TA,73.6,f16555a,yes,
1948,"tab:main-full, summary blocks, XA",80.2,,results_git/B-NS-xr_v1-B-F-summary2-blocks-s0/summary_xr_v1~test.json,xr.conclusion.XA,80.25,f6a3250,yes,
1948,"tab:main-full, summary blocks, Hold (L2)",70.1,run/B-F-summary2-blocks/L2/all/Hold/s0,results_git/B-F-summary2-blocks-s0/summary_rule_v1~test_L2.json,all.Hold,70.1,f16555a,yes,
1948,"tab:main-full, summary blocks, TrialGPT F1",68.2,run/C-TG-summary2-blocks-s0/clin_v1:trialgpt_test/top/macroF1,results_git/C-TG-summary2-blocks-s0/summary_clin_v1~trialgpt_test.json,macroF1,68.16067653413988,5a1afd7,yes,
1948,"tab:main-full, summary blocks, TrialGPT choice",84.4,,results_git/C-TG-summary2-blocks-s0/summary_clin_v1~trialgpt_test.json,forced_choice_acc,84.44022770398482,5a1afd7,yes,
1948,"tab:main-full, summary blocks, MedEinst pair",22.8,,results_git/C-ME-summary2-blocks-s0/summary_clin_v1~medeinst_test.json,Reversal,22.793981051458296,b0644bf,yes,
1948,"tab:main-full, summary blocks, MedEinst control",61.6,,results_git/C-ME-summary2-blocks-s0/summary_clin_v1~medeinst_test.json,control_acc,61.61991454579231,b0644bf,yes,
1948,"tab:main-full, summary blocks, MedEinst trap",56.1,,results_git/C-ME-summary2-blocks-s0/summary_clin_v1~medeinst_test.json,trap_acc,56.08396804755712,b0644bf,yes,
1949,"tab:main-full, summary triplets, L2",98.0,run/B-F-summary2-triplets/L2/all/TA/s0,results_git/B-F-summary2-triplets-s0/summary_rule_v1~test_L2.json,all.TA,98.0,f16555a,yes,
1949,"tab:main-full, summary triplets, L3-inv",97.6$^{a}$,run/B-F-summary2-triplets/L3inv/all/TA/s1,results_git/B-F-summary2-triplets-s1/summary_rule_v1~test_L3inv.json,all.TA,97.6,f6a3250,yes,
1949,"tab:main-full, summary triplets, XA",88.5,,results_git/B-NS-xr_v1-B-F-summary2-triplets-s0/summary_xr_v1~test.json,xr.conclusion.XA,88.5,f6a3250,yes,
1949,"tab:main-full, summary triplets, Hold (L2)",99.3,run/B-F-summary2-triplets/L2/all/Hold/s0,results_git/B-F-summary2-triplets-s0/summary_rule_v1~test_L2.json,all.Hold,99.35,f16555a,yes,
1949,"tab:main-full, summary triplets, TrialGPT F1",69.2,run/C-TG-summary2-triplets-s0/clin_v1:trialgpt_test/top/macroF1,results_git/C-TG-summary2-triplets-s0/summary_clin_v1~trialgpt_test.json,macroF1,69.18907390344371,3069d90,yes,
1949,"tab:main-full, summary triplets, TrialGPT choice",87.5,,results_git/C-TG-summary2-triplets-s0/summary_clin_v1~trialgpt_test.json,forced_choice_acc,87.4762808349146,3069d90,yes,
1949,"tab:main-full, summary triplets, MedEinst pair",25.1,,results_git/C-ME-summary2-triplets-s0/summary_clin_v1~medeinst_test.json,Reversal,25.134683262121495,b0644bf,yes,
1949,"tab:main-full, summary triplets, MedEinst control",73.2,,results_git/C-ME-summary2-triplets-s0/summary_clin_v1~medeinst_test.json,control_acc,73.23054059074866,b0644bf,yes,
1949,"tab:main-full, summary triplets, MedEinst trap",47.3,,results_git/C-ME-summary2-triplets-s0/summary_clin_v1~medeinst_test.json,trap_acc,47.31562325840609,b0644bf,yes,
1949,"tab:main-full, summary triplets, key pairs medqa",33.3,,results_git/C-KP-summary2-triplets-s0/summary_clin_v1~keypairs_medqa_oneway.json,Reversal,33.333333333333336,b0644bf,yes,
1949,"tab:main-full, summary triplets, key pairs careqa",55.6,,results_git/C-KP-summary2-triplets-s0/summary_clin_v1~keypairs_careqa_oneway.json,Reversal,55.55555555555556,b0644bf,yes,
1949,"tab:main-full, summary triplets, NLI4CT-P avg",73.2,,results_git/C-NL-summary2-triplets-s0/summary_clin_v1~nli4ct_test.json,"mean(Control_F1,faithfulness,consistency) x100 (= Average)",73.24775048798698,4904709,yes,
1950,"tab:main-full, ledger natural, L2",77.2,run/B-F-ledger2-natural/L2/all/TA/s0,results_git/B-F-ledger2-natural-s0/summary_rule_v1~test_L2.json,all.TA,77.25,c2b41fc,yes,
1950,"tab:main-full, ledger natural, XA",86.0,,results_git/B-F-ledger2-natural-s0/summary_xr_v1~test.json,xr.conclusion.XA,86.0,c2b41fc,yes,
1950,"tab:main-full, ledger natural, Hold (L2)",77.8,run/B-F-ledger2-natural/L2/all/Hold/s0,results_git/B-F-ledger2-natural-s0/summary_rule_v1~test_L2.json,all.Hold,77.75,c2b41fc,yes,
1951,"tab:main-full, ledger balanced, L2",49.4,run/B-F-ledger2-balanced/L2/all/TA/s0,results_git/B-F-ledger2-balanced-s0/summary_rule_v1~test_L2.json,all.TA,49.35,da65946,yes,
1951,"tab:main-full, ledger balanced, XA",54.5,,results_git/B-F-ledger2-balanced-s0/summary_xr_v1~test.json,xr.conclusion.XA,54.5,da65946,yes,
1951,"tab:main-full, ledger balanced, Hold (L2)",51.6,run/B-F-ledger2-balanced/L2/all/Hold/s0,results_git/B-F-ledger2-balanced-s0/summary_rule_v1~test_L2.json,all.Hold,51.6,da65946,yes,
1952,"tab:main-full, ledger blocks, L2",75.3,run/B-F-ledger2-blocks/L2/all/TA/s0,results_git/B-F-ledger2-blocks-s0/summary_rule_v1~test_L2.json,all.TA,75.3,f16555a,yes,
1952,"tab:main-full, ledger blocks, L3-inv",70.1,run/B-F-ledger2-blocks/L3inv/all/TA/s0,results_git/B-F-ledger2-blocks-s0/summary_rule_v1~test_L3inv.json,all.TA,70.1,f16555a,yes,
1952,"tab:main-full, ledger blocks, XA",76.0,,results_git/B-NS-xr_v1-B-F-ledger2-blocks-s0/summary_xr_v1~test.json,xr.conclusion.XA,76.0,84cb463,yes,
1952,"tab:main-full, ledger blocks, Hold (L2)",76.2,run/B-F-ledger2-blocks/L2/all/Hold/s0,results_git/B-F-ledger2-blocks-s0/summary_rule_v1~test_L2.json,all.Hold,76.15,f16555a,yes,
1952,"tab:main-full, ledger blocks, TrialGPT F1",70.9,run/C-TG-ledger2-blocks-s0/clin_v1:trialgpt_test/top/macroF1,results_git/C-TG-ledger2-blocks-s0/summary_clin_v1~trialgpt_test.json,macroF1,70.87562116631884,3069d90,yes,
1952,"tab:main-full, ledger blocks, TrialGPT choice",85.8,,results_git/C-TG-ledger2-blocks-s0/summary_clin_v1~trialgpt_test.json,forced_choice_acc,85.7685009487666,3069d90,yes,
1952,"tab:main-full, ledger blocks, key pairs medqa",35.9,,results_git/C-KP-ledger2-blocks-s0/summary_clin_v1~keypairs_medqa_oneway.json,Reversal,35.85434173669468,b0644bf,yes,
1952,"tab:main-full, ledger blocks, key pairs careqa",44.0,,results_git/C-KP-ledger2-blocks-s0/summary_clin_v1~keypairs_careqa_oneway.json,Reversal,44.0,b0644bf,yes,
1953,"tab:main-full, ledger triplets, L2",\textbf{99.2},run/B-F-ledger2-triplets/L2/all/TA/s0,results_git/B-F-ledger2-triplets-s0/summary_rule_v1~test_L2.json,all.TA,99.2,f16555a,yes,
1953,"tab:main-full, ledger triplets, L3-inv",97.9,run/B-F-ledger2-triplets/L3inv/all/TA/s0,results_git/B-F-ledger2-triplets-s0/summary_rule_v1~test_L3inv.json,all.TA,97.9,f16555a,yes,
1953,"tab:main-full, ledger triplets, XA",89.8,,results_git/B-NS-xr_v1-B-F-ledger2-triplets-s0/summary_xr_v1~test.json,xr.conclusion.XA,89.75,f6a3250,yes,
1953,"tab:main-full, ledger triplets, Hold (L2)",99.95,run/B-F-ledger2-triplets/L2/all/Hold/s0,results_git/B-F-ledger2-triplets-s0/summary_rule_v1~test_L2.json,all.Hold,99.95,f16555a,yes,
1953,"tab:main-full, ledger triplets, TrialGPT F1",69.1,run/C-TG-ledger2-triplets-s0/clin_v1:trialgpt_test/top/macroF1,results_git/C-TG-ledger2-triplets-s0/summary_clin_v1~trialgpt_test.json,macroF1,69.09251785304396,3069d90,yes,
1953,"tab:main-full, ledger triplets, TrialGPT choice",87.7,,results_git/C-TG-ledger2-triplets-s0/summary_clin_v1~trialgpt_test.json,forced_choice_acc,87.66603415559773,3069d90,yes,
1953,"tab:main-full, ledger triplets, MedEinst pair",15.7,,results_git/C-ME-ledger2-triplets-s0/summary_clin_v1~medeinst_test.json,Reversal,15.734720416124837,b0644bf,yes,
1953,"tab:main-full, ledger triplets, MedEinst control",44.4,,results_git/C-ME-ledger2-triplets-s0/summary_clin_v1~medeinst_test.json,control_acc,44.41761099758499,b0644bf,yes,
1953,"tab:main-full, ledger triplets, MedEinst trap",35.1,,results_git/C-ME-ledger2-triplets-s0/summary_clin_v1~medeinst_test.json,trap_acc,35.073379156604126,b0644bf,yes,
1953,"tab:main-full, ledger triplets, key pairs medqa",30.5,,results_git/C-KP-ledger2-triplets-s0/summary_clin_v1~keypairs_medqa_oneway.json,Reversal,30.532212885154063,b0644bf,yes,
1953,"tab:main-full, ledger triplets, key pairs careqa",38.2,,results_git/C-KP-ledger2-triplets-s0/summary_clin_v1~keypairs_careqa_oneway.json,Reversal,38.22222222222222,b0644bf,yes,
1955,"tab:main-full, clinical pairs only, L2",77.5,run/B-TR-clinonly/L2/all/TA/s0,results_git/B-TR-clinonly-s0/summary_rule_v1~test_L2.json,all.TA,77.45,9686502,yes,
1955,"tab:main-full, clinical pairs only, XA",35.5,,results_git/B-TR-clinonly-s0/summary_xr_v1~test.json,xr.conclusion.XA,35.5,9686502,yes,
1955,"tab:main-full, clinical pairs only, Hold (L2)",85.0,run/B-TR-clinonly/L2/all/Hold/s0,results_git/B-TR-clinonly-s0/summary_rule_v1~test_L2.json,all.Hold,84.95,9686502,yes,
1958,"tab:main-full, trigger tagger + program, L2",77.7,run/C-SC-gptrigger/L2/all/TA,results_git/C-SC-gptrigger/summary_rule_v1~test_L2.json,all.TA,77.7,221afba,yes,
1958,"tab:main-full, trigger tagger + program, Hold (L2)",81.0,run/C-SC-gptrigger/L2/all/Hold,results_git/C-SC-gptrigger/summary_rule_v1~test_L2.json,all.Hold,81.05,221afba,yes,
1959,"tab:main-full, program on reader ledger, L2",99.4,run/B-AE-program-ledger/L2/all/TA,results_git/B-AE-program-ledger/summary_rule_v1~test_L2.json,all.TA,99.4,9b68beb,yes,
1959,"tab:main-full, program on reader ledger, Hold (L2)",100.0,run/B-AE-program-ledger/L2/all/Hold,results_git/B-AE-program-ledger/summary_rule_v1~test_L2.json,all.Hold,100.0,9b68beb,yes,
1970,"App. H Further ablations, condition derived TA",86.5,run/B-AB-conddrv/L2/all/TA,results_git/B-AB-conddrv-s0/summary_rule_v1~test_L2.json,all.TA,86.55,d8f5550,yes,
1971,"App. H Further ablations, B-AB-conddrv-s0 minus B-F-ledger2-triplets-s0, diff",-12.7,,results_git/B-AB-conddrv-s0/scores_rule_v1~test_L2.jsonl vs results_git/B-F-ledger2-triplets-s0/scores_rule_v1~test_L2.jsonl (+ data/rule_v1/test_L2/records.jsonl),"selrm.metrics.paired_test(TA, unit=rule, B=1000, seed=0) as in scripts/analysis_b.py: diff",-12.650000000000006,,yes,recomputed from scores; no stored JSON holds this difference (docs/ANALYSIS_B.md prints it)
1971,"App. H Further ablations, B-AB-conddrv-s0 minus B-F-ledger2-triplets-s0, lo",-16.8,,results_git/B-AB-conddrv-s0/scores_rule_v1~test_L2.jsonl vs results_git/B-F-ledger2-triplets-s0/scores_rule_v1~test_L2.jsonl (+ data/rule_v1/test_L2/records.jsonl),"selrm.metrics.paired_test(TA, unit=rule, B=1000, seed=0) as in scripts/analysis_b.py: lo",-16.75865529352734,,yes,recomputed from scores; no stored JSON holds this difference (docs/ANALYSIS_B.md prints it)
1971,"App. H Further ablations, B-AB-conddrv-s0 minus B-F-ledger2-triplets-s0, hi",-8.9,,results_git/B-AB-conddrv-s0/scores_rule_v1~test_L2.jsonl vs results_git/B-F-ledger2-triplets-s0/scores_rule_v1~test_L2.jsonl (+ data/rule_v1/test_L2/records.jsonl),"selrm.metrics.paired_test(TA, unit=rule, B=1000, seed=0) as in scripts/analysis_b.py: hi",-8.919935518538423,,yes,recomputed from scores; no stored JSON holds this difference (docs/ANALYSIS_B.md prints it)
1971,"App. H Further ablations, condition derived near-miss correctness (Hold)",98.6,,results_git/B-AB-conddrv-s0/summary_rule_v1~test_L2.json,all.Hold,98.6,d8f5550,yes,
1972,"App. H Further ablations, condition derived reversal",87.0,,results_git/B-AB-conddrv-s0/summary_rule_v1~test_L2.json,all.Rev,86.95,d8f5550,yes,
1973,"App. H Further ablations, blocks-trained XA, min over formats and seeds",35.8,,results_git/B-F-summary2-blocks-s3/summary_xr_v1~test.json,"xr.conclusion.XA, min over B-F-*-blocks-s* runs with xr_v1 scores (16 runs)",35.75,2a25d0c,yes,min at B-F-summary2-blocks-s3; on other branches only: none
1973,"App. H Further ablations, blocks-trained XA, max over formats and seeds",82.2,,results_git/B-F-ledger2-blocks-s4/summary_xr_v1~test.json,"xr.conclusion.XA, max over B-F-*-blocks-s* runs",82.25,f9c3940,yes,max at B-F-ledger2-blocks-s4
1974,"App. H Further ablations, window-clause XA range, low",43,,results_git/B-F-verdict-triplets-s4/summary_xr_v1~test.json,"xr.conclusion.XA_window, min over B-F-*-triplets-s* (excl. value2)",43.0,15b3e0c,unclear,typed range equals the range over triplet-trained verdict/rationale/summary2/ledger2 cells (B-F-verdict-triplets-s4=43.0 .. B-F-ledger2-triplets-s3=76.0); over ALL B-F cells incl. blocks/natural/balanced it is 17.0 (B-F-verdict-blocks-s3) .. 76.0 (B-F-ledger2-triplets-s3); the sentence does not say which set
1974,"App. H Further ablations, window-clause XA range, high",76,,results_git/B-F-ledger2-triplets-s3/summary_xr_v1~test.json,"xr.conclusion.XA_window, max over B-F-*-triplets-s* (excl. value2)",76.0,81697d5,unclear,typed range equals the range over triplet-trained verdict/rationale/summary2/ledger2 cells (B-F-verdict-triplets-s4=43.0 .. B-F-ledger2-triplets-s3=76.0); over ALL B-F cells incl. blocks/natural/balanced it is 17.0 (B-F-verdict-blocks-s3) .. 76.0 (B-F-ledger2-triplets-s3); the sentence does not say which set
1976,"App. H Further ablations, crossed accuracy with donor ledgers",89.8,run/B-F-ledger2-triplets/xr_v1:test/xa/XA,results_git/B-NS-xr_v1-B-F-ledger2-triplets-s0/summary_xr_v1~test.json,xr.conclusion.XA,89.75,f6a3250,yes,
1976,"App. H Further ablations, crossed accuracy without donor ledgers",78.8,,results_git/B-AB-noresamp-s0/summary_xr_v1~test.json,xr.conclusion.XA,78.75,5fd9924,yes,
1976,"App. H Further ablations, L2 TA without donor ledgers",98.8,,results_git/B-AB-noresamp-s0/summary_rule_v1~test_L2.json,all.TA,98.8,5fd9924,yes,
1978,"App. H Further ablations, rationale reversal",91.3,run/B-F-rationale-triplets/L2/all/Rev,results_git/B-F-rationale-triplets-s0/summary_rule_v1~test_L2.json,all.Rev,91.3,f16555a,yes,
1978,"App. H Further ablations, rationale holding",99.6,run/B-F-rationale-triplets/L2/all/Hold,results_git/B-F-rationale-triplets-s0/summary_rule_v1~test_L2.json,all.Hold,99.6,f16555a,yes,
1979,"App. H Further ablations case-visible vs case-blind prose, B-SC-summary2-triplets-s0 minus B-F-summary2-triplets-s0, diff",0.8,,results_git/B-SC-summary2-triplets-s0/scores_rule_v1~test_L2.jsonl vs results_git/B-F-summary2-triplets-s0/scores_rule_v1~test_L2.jsonl (+ data/rule_v1/test_L2/records.jsonl),"selrm.metrics.paired_test(TA, unit=rule, B=1000, seed=0) as in scripts/analysis_b.py: diff",0.7999999999999972,,yes,recomputed from scores; no stored JSON holds this difference (docs/ANALYSIS_B.md prints it)
1979,"App. H Further ablations case-visible vs case-blind prose, B-SC-summary2-triplets-s0 minus B-F-summary2-triplets-s0, lo",0.1,,results_git/B-SC-summary2-triplets-s0/scores_rule_v1~test_L2.jsonl vs results_git/B-F-summary2-triplets-s0/scores_rule_v1~test_L2.jsonl (+ data/rule_v1/test_L2/records.jsonl),"selrm.metrics.paired_test(TA, unit=rule, B=1000, seed=0) as in scripts/analysis_b.py: lo",0.0990589400693409,,yes,recomputed from scores; no stored JSON holds this difference (docs/ANALYSIS_B.md prints it)
1979,"App. H Further ablations case-visible vs case-blind prose, B-SC-summary2-triplets-s0 minus B-F-summary2-triplets-s0, hi",1.5,,results_git/B-SC-summary2-triplets-s0/scores_rule_v1~test_L2.jsonl vs results_git/B-F-summary2-triplets-s0/scores_rule_v1~test_L2.jsonl (+ data/rule_v1/test_L2/records.jsonl),"selrm.metrics.paired_test(TA, unit=rule, B=1000, seed=0) as in scripts/analysis_b.py: hi",1.527846229669791,,yes,recomputed from scores; no stored JSON holds this difference (docs/ANALYSIS_B.md prints it)
1980,"App. H Further ablations case-visible prose vs ledger, B-SC-summary2-triplets-s0 minus B-F-ledger2-triplets-s0, diff",-0.4,,results_git/B-SC-summary2-triplets-s0/scores_rule_v1~test_L2.jsonl vs results_git/B-F-ledger2-triplets-s0/scores_rule_v1~test_L2.jsonl (+ data/rule_v1/test_L2/records.jsonl),"selrm.metrics.paired_test(TA, unit=rule, B=1000, seed=0) as in scripts/analysis_b.py: diff",-0.4000000000000057,,yes,recomputed from scores; no stored JSON holds this difference (docs/ANALYSIS_B.md prints it)
1980,"App. H Further ablations case-visible prose vs ledger, B-SC-summary2-triplets-s0 minus B-F-ledger2-triplets-s0, lo",-1.1,,results_git/B-SC-summary2-triplets-s0/scores_rule_v1~test_L2.jsonl vs results_git/B-F-ledger2-triplets-s0/scores_rule_v1~test_L2.jsonl (+ data/rule_v1/test_L2/records.jsonl),"selrm.metrics.paired_test(TA, unit=rule, B=1000, seed=0) as in scripts/analysis_b.py: lo",-1.102060373742205,,yes,recomputed from scores; no stored JSON holds this difference (docs/ANALYSIS_B.md prints it)
1980,"App. H Further ablations case-visible prose vs ledger, B-SC-summary2-triplets-s0 minus B-F-ledger2-triplets-s0, hi",0.3,,results_git/B-SC-summary2-triplets-s0/scores_rule_v1~test_L2.jsonl vs results_git/B-F-ledger2-triplets-s0/scores_rule_v1~test_L2.jsonl (+ data/rule_v1/test_L2/records.jsonl),"selrm.metrics.paired_test(TA, unit=rule, B=1000, seed=0) as in scripts/analysis_b.py: hi",0.29411764705882604,,yes,recomputed from scores; no stored JSON holds this difference (docs/ANALYSIS_B.md prints it)
1980,"App. H Further ablations, blocks: ledger minus prose, pooled seeds, diff",2.7,,results_git/B-F-ledger2-blocks-s{0..3}/scores_rule_v1~test_L2.jsonl vs results_git/B-F-summary2-blocks-s{0..3}/scores_rule_v1~test_L2.jsonl,"same-seed pairs of seeds 0-3 pooled, rules as clusters, selrm.metrics.paired_cluster_bootstrap(B=1000, seed=0), as scripts/analysis_b.py section 1: diff",2.6500000000000057,,yes,"recomputed from scores; no stored JSON. results_git now also holds seed pair(s) [4]; pooled over seeds [0, 1, 2, 3, 4] the value is +5.17 [+2.58, +7.87]"
1981,"App. H Further ablations, blocks: ledger minus prose, number of seeds pooled",four,,"results_git/B-F-{ledger2,summary2}-blocks-s*/DONE",seeds with both runs finished,5,,no,"finished seed pairs in results_git: [0, 1, 2, 3, 4]. recomputed from scores; no stored JSON. results_git now also holds seed pair(s) [4]; pooled over seeds [0, 1, 2, 3, 4] the value is +5.17 [+2.58, +7.87]"
1981,"App. H Further ablations, blocks: ledger minus prose, lo",-0.1,,results_git/B-F-ledger2-blocks-s{0..3}/scores_rule_v1~test_L2.jsonl vs results_git/B-F-summary2-blocks-s{0..3}/scores_rule_v1~test_L2.jsonl,"same-seed pairs of seeds 0-3 pooled, rules as clusters, selrm.metrics.paired_cluster_bootstrap(B=1000, seed=0), as scripts/analysis_b.py section 1: lo",-0.06486766995328708,,yes,"recomputed from scores; no stored JSON. results_git now also holds seed pair(s) [4]; pooled over seeds [0, 1, 2, 3, 4] the value is +5.17 [+2.58, +7.87]"
1981,"App. H Further ablations, blocks: ledger minus prose, hi",5.6,,results_git/B-F-ledger2-blocks-s{0..3}/scores_rule_v1~test_L2.jsonl vs results_git/B-F-summary2-blocks-s{0..3}/scores_rule_v1~test_L2.jsonl,"same-seed pairs of seeds 0-3 pooled, rules as clusters, selrm.metrics.paired_cluster_bootstrap(B=1000, seed=0), as scripts/analysis_b.py section 1: hi",5.557050592034443,,yes,"recomputed from scores; no stored JSON. results_git now also holds seed pair(s) [4]; pooled over seeds [0, 1, 2, 3, 4] the value is +5.17 [+2.58, +7.87]"
1981,"App. H Further ablations ledger vs value ledger, triplets, B-F-ledger2-triplets-s0 minus B-F-value2-triplets-s0, diff",13.5,,results_git/B-F-ledger2-triplets-s0/scores_rule_v1~test_L2.jsonl vs results_git/B-F-value2-triplets-s0/scores_rule_v1~test_L2.jsonl (+ data/rule_v1/test_L2/records.jsonl),"selrm.metrics.paired_test(TA, unit=rule, B=1000, seed=0) as in scripts/analysis_b.py: diff",13.5,,yes,recomputed from scores; no stored JSON holds this difference (docs/ANALYSIS_B.md prints it)
1982,"App. H Further ablations ledger vs value ledger, triplets, B-F-ledger2-triplets-s0 minus B-F-value2-triplets-s0, lo",11.3,,results_git/B-F-ledger2-triplets-s0/scores_rule_v1~test_L2.jsonl vs results_git/B-F-value2-triplets-s0/scores_rule_v1~test_L2.jsonl (+ data/rule_v1/test_L2/records.jsonl),"selrm.metrics.paired_test(TA, unit=rule, B=1000, seed=0) as in scripts/analysis_b.py: lo",11.257953989231524,,yes,recomputed from scores; no stored JSON holds this difference (docs/ANALYSIS_B.md prints it)
1982,"App. H Further ablations ledger vs value ledger, triplets, B-F-ledger2-triplets-s0 minus B-F-value2-triplets-s0, hi",15.9,,results_git/B-F-ledger2-triplets-s0/scores_rule_v1~test_L2.jsonl vs results_git/B-F-value2-triplets-s0/scores_rule_v1~test_L2.jsonl (+ data/rule_v1/test_L2/records.jsonl),"selrm.metrics.paired_test(TA, unit=rule, B=1000, seed=0) as in scripts/analysis_b.py: hi",15.89403973509934,,yes,recomputed from scores; no stored JSON holds this difference (docs/ANALYSIS_B.md prints it)
1982,"App. H Further ablations ledger vs value ledger, blocks, B-F-ledger2-blocks-s0 minus B-F-value2-blocks-s0, diff",4.6,,results_git/B-F-ledger2-blocks-s0/scores_rule_v1~test_L2.jsonl vs results_git/B-F-value2-blocks-s0/scores_rule_v1~test_L2.jsonl (+ data/rule_v1/test_L2/records.jsonl),"selrm.metrics.paired_test(TA, unit=rule, B=1000, seed=0) as in scripts/analysis_b.py: diff",4.599999999999994,,yes,recomputed from scores; no stored JSON holds this difference (docs/ANALYSIS_B.md prints it)
1983,"App. H Further ablations ledger vs value ledger, blocks, B-F-ledger2-blocks-s0 minus B-F-value2-blocks-s0, lo",1.3,,results_git/B-F-ledger2-blocks-s0/scores_rule_v1~test_L2.jsonl vs results_git/B-F-value2-blocks-s0/scores_rule_v1~test_L2.jsonl (+ data/rule_v1/test_L2/records.jsonl),"selrm.metrics.paired_test(TA, unit=rule, B=1000, seed=0) as in scripts/analysis_b.py: lo",1.3196480938416357,,yes,recomputed from scores; no stored JSON holds this difference (docs/ANALYSIS_B.md prints it)
1983,"App. H Further ablations ledger vs value ledger, blocks, B-F-ledger2-blocks-s0 minus B-F-value2-blocks-s0, hi",7.6,,results_git/B-F-ledger2-blocks-s0/scores_rule_v1~test_L2.jsonl vs results_git/B-F-value2-blocks-s0/scores_rule_v1~test_L2.jsonl (+ data/rule_v1/test_L2/records.jsonl),"selrm.metrics.paired_test(TA, unit=rule, B=1000, seed=0) as in scripts/analysis_b.py: hi",7.5879396984924625,,yes,recomputed from scores; no stored JSON holds this difference (docs/ANALYSIS_B.md prints it)
1983,"App. H Further ablations, program-supplied ledger TA",99.8,run/B-AE-oracle-ledger/L2/all/TA,results_git/B-AE-oracle-ledger/summary_rule_v1~test_L2.json,all.TA,99.8,f16555a,yes,
1984,"App. H Further ablations, errors rescued by program-supplied ledger",12,,results_git/B-F-ledger2-triplets-s0/scores_rule_v1~test_L2.jsonl vs results_git/B-AE-oracle-ledger/scores_rule_v1~test_L2.jsonl,"count triplets: TA fails with own ledger, solved with program ledger (analysis_b section 3)",12,,yes,
1984,"App. H Further ablations, errors introduced",none,,results_git/B-F-ledger2-triplets-s0/scores_rule_v1~test_L2.jsonl vs results_git/B-AE-oracle-ledger/scores_rule_v1~test_L2.jsonl,"count triplets: solved with own ledger, fails with program ledger",0,,yes,
1985,"App. H Further ablations, errors remaining",4,,results_git/B-F-ledger2-triplets-s0/scores_rule_v1~test_L2.jsonl vs results_git/B-AE-oracle-ledger/scores_rule_v1~test_L2.jsonl,count triplets failing with both,4,,yes,
1986,"App. H Further ablations, seed-0 TA range over natural/balanced/blocks cells, low",43.0,,results_git/B-F-value2-natural-s0/summary_rule_v1~test_L2.json,"all.TA, min over 15 seed-0 cells (5 formats x 3 corpora)",43.0,62835a9,yes,min at B-F-value2-natural-s0
1986,"App. H Further ablations, seed-0 TA range over natural/balanced/blocks cells, high",77.2,,results_git/B-F-ledger2-natural-s0/summary_rule_v1~test_L2.json,"all.TA, max over seed-0 cells",77.25,c2b41fc,yes,max at B-F-ledger2-natural-s0
1987,"App. H Further ablations, s.d. of block cells, low",5.4,run/B-F-verdict-blocks/L2/all/TA/sd,results_git/B-F-verdict-blocks-s{0..4}/summary_rule_v1~test_L2.json,sample sd of all.TA over seeds,5.4471781685566345,,yes,"sds: verdict 5.45 (n=5), summary2 5.70 (n=5), ledger2 10.69 (n=5)"
1987,"App. H Further ablations, s.d. of block cells, high",10.7,run/B-F-ledger2-blocks/L2/all/TA/sd,results_git/B-F-ledger2-blocks-s{0..4}/summary_rule_v1~test_L2.json,sample sd of all.TA over seeds,10.694624818103717,,yes,
1989,"App. H Further ablations, 4B verdict-only blocks TA",49.9,run/B-BB-qwen3.5-4b-verdict-blocks/L2/all/TA,results_git/B-BB-qwen3.5-4b-verdict-blocks-s0/summary_rule_v1~test_L2.json,all.TA (seed 0),49.85,f16555a,yes,"seed 0 = 49.85; Python round(49.85,1) gives 49.9; numbers.json prints 49.9 via format. s1/s2 dirs exist: [None, None]"
1990,"App. H Further ablations, 9B verdict-only blocks TA, same seed",58.2,run/B-F-verdict-blocks/L2/all/TA/s0,results_git/B-F-verdict-blocks-s0/summary_rule_v1~test_L2.json,all.TA,58.2,f16555a,yes,
1992,"App. H Further ablations, FoVer-data verdict TA",38.5,run/B-TR-fover/L2/all/TA,results_git/B-TR-fover-s0/summary_rule_v1~test_L2.json,all.TA,38.45,a462eff,yes,
1993,"App. H Further ablations, FoVer-data base accuracy",49.3,,results_git/B-TR-fover-s0/summary_rule_v1~test_L2.json,all.BaseAcc,49.3,a462eff,yes,
1994,"App. H Further ablations, ThinkPRM-14B TA",87.5,run/C-AUD-thinkprm/L2/all/TA,results_git/C-AUD-thinkprm/summary_rule_v1~test_L2.json,all.TA,87.5,74a0929,yes,
1994,"App. H Further ablations, ThinkPRM subset size",200,,results_git/C-AUD-thinkprm/summary_rule_v1~test_L2.json,all.n,200,74a0929,yes,
1995,"App. H Further ablations, attribute-blind logistic TA",40.0,run/A-D14-attribute_blind/L2/all/TA,results/A-D14-attribute_blind/summary_rule_v1__test_L2.json,all.TA,40.0,e40789b,yes,
1997,"App. H Further ablations, trigger tagger + program TA",77.7,,results_git/C-SC-gptrigger/summary_rule_v1~test_L2.json,all.TA,77.7,221afba,yes,
2008,"tab:ablation, facts only, Rev",99.2,run/B-F-ledger2-triplets/L2/all/Rev/s0,results_git/B-F-ledger2-triplets-s0/summary_rule_v1~test_L2.json,all.Rev,99.25,f16555a,yes,
2008,"tab:ablation, facts only, Hold",99.95,run/B-F-ledger2-triplets/L2/all/Hold/s0,results_git/B-F-ledger2-triplets-s0/summary_rule_v1~test_L2.json,all.Hold,99.95,f16555a,yes,
2008,"tab:ablation, facts only, TA",99.2,run/B-F-ledger2-triplets/L2/all/TA/s0,results_git/B-F-ledger2-triplets-s0/summary_rule_v1~test_L2.json,all.TA,99.2,f16555a,yes,
2008,"tab:ablation, facts only, XA",89.8,,results_git/B-NS-xr_v1-B-F-ledger2-triplets-s0/summary_xr_v1~test.json,xr.conclusion.XA,89.75,f6a3250,yes,
2009,"tab:ablation, + decision field, Rev",99.7,run/B-AB-decfield/L2/all/Rev/s0,results_git/B-AB-decfield-s0/summary_rule_v1~test_L2.json,all.Rev,99.7,d8f5550,yes,
2009,"tab:ablation, + decision field, Hold",99.8,run/B-AB-decfield/L2/all/Hold/s0,results_git/B-AB-decfield-s0/summary_rule_v1~test_L2.json,all.Hold,99.8,d8f5550,yes,
2009,"tab:ablation, + decision field, TA",99.5,run/B-AB-decfield/L2/all/TA/s0,results_git/B-AB-decfield-s0/summary_rule_v1~test_L2.json,all.TA,99.5,d8f5550,yes,
2009,"tab:ablation, + decision field, XA",98.8,,results_git/B-AB-decfield-s0/summary_xr_v1~test.json,xr.conclusion.XA,98.75,d8f5550,yes,
2010,"tab:ablation, decision field only, Rev",99.5,run/B-AB-bitonly-judge/L2/all/Rev/s0,results_git/B-AB-bitonly-judge-s0/summary_rule_v1~test_L2.json,all.Rev,99.45,6f8fc91,yes,
2010,"tab:ablation, decision field only, Hold",99.9,run/B-AB-bitonly-judge/L2/all/Hold/s0,results_git/B-AB-bitonly-judge-s0/summary_rule_v1~test_L2.json,all.Hold,99.9,6f8fc91,yes,
2010,"tab:ablation, decision field only, TA",99.3,run/B-AB-bitonly-judge/L2/all/TA/s0,results_git/B-AB-bitonly-judge-s0/summary_rule_v1~test_L2.json,all.TA,99.35,6f8fc91,yes,
2010,"tab:ablation, decision field only, XA",97.8,,results_git/B-AB-bitonly-judge-s0/summary_xr_v1~test.json,xr.conclusion.XA,97.75,6f8fc91,yes,
2011,"tab:ablation, program on predicted bit, Rev",99.7,run/B-AE-pred-bit-program/L2/all/Rev,results_git/B-AE-pred-bit-program/summary_rule_v1~test_L2.json,all.Rev,99.7,88e83fa,yes,
2011,"tab:ablation, program on predicted bit, Hold",99.8,run/B-AE-pred-bit-program/L2/all/Hold,results_git/B-AE-pred-bit-program/summary_rule_v1~test_L2.json,all.Hold,99.8,88e83fa,yes,
2011,"tab:ablation, program on predicted bit, TA",99.5,run/B-AE-pred-bit-program/L2/all/TA,results_git/B-AE-pred-bit-program/summary_rule_v1~test_L2.json,all.TA,99.5,88e83fa,yes,
2012,"tab:ablation, reader writes bit only, Rev",99.95,run/B-AB-bitonly-reader/L2/all/Rev/s0,results_git/B-AB-bitonly-reader-s0/summary_rule_v1~test_L2.json,all.Rev,99.95,ea0f696,yes,
2012,"tab:ablation, reader writes bit only, Hold",100.0,run/B-AB-bitonly-reader/L2/all/Hold/s0,results_git/B-AB-bitonly-reader-s0/summary_rule_v1~test_L2.json,all.Hold,100.0,ea0f696,yes,
2012,"tab:ablation, reader writes bit only, TA",99.95,run/B-AB-bitonly-reader/L2/all/TA/s0,results_git/B-AB-bitonly-reader-s0/summary_rule_v1~test_L2.json,all.TA,99.95,ea0f696,yes,
2012,"tab:ablation, reader writes bit only, XA",97.8,,results_git/B-AB-bitonly-reader-s0/summary_xr_v1~test.json,xr.conclusion.XA,97.75,ea0f696,yes,
2013,"tab:ablation, condition derived by the reader, Rev",87.0,run/B-AB-conddrv/L2/all/Rev/s0,results_git/B-AB-conddrv-s0/summary_rule_v1~test_L2.json,all.Rev,86.95,d8f5550,yes,
2013,"tab:ablation, condition derived by the reader, Hold",98.6,run/B-AB-conddrv/L2/all/Hold/s0,results_git/B-AB-conddrv-s0/summary_rule_v1~test_L2.json,all.Hold,98.6,d8f5550,yes,
2013,"tab:ablation, condition derived by the reader, TA",86.5,run/B-AB-conddrv/L2/all/TA/s0,results_git/B-AB-conddrv-s0/summary_rule_v1~test_L2.json,all.TA,86.55,d8f5550,yes,
2013,"tab:ablation, condition derived by the reader, XA",86.5,,results_git/B-AB-conddrv-s0/summary_xr_v1~test.json,xr.conclusion.XA,86.5,d8f5550,yes,
2014,"tab:ablation, + verification pass, Rev",99.8,run/B-AB-verify/L2/all/Rev/s0,results_git/B-AB-verify-s0/summary_rule_v1~test_L2.json,all.Rev,99.8,6188e27,yes,
2014,"tab:ablation, + verification pass, Hold",100.0,run/B-AB-verify/L2/all/Hold/s0,results_git/B-AB-verify-s0/summary_rule_v1~test_L2.json,all.Hold,100.0,6188e27,yes,
2014,"tab:ablation, + verification pass, TA",99.8,run/B-AB-verify/L2/all/TA/s0,results_git/B-AB-verify-s0/summary_rule_v1~test_L2.json,all.TA,99.8,6188e27,yes,
2014,"tab:ablation, + verification pass, XA",91.5,,results_git/B-AB-verify-s0/summary_xr_v1~test.json,xr.conclusion.XA,91.5,6188e27,yes,
2015,"tab:ablation, program-supplied ledger, Rev",99.8,run/B-AE-oracle-ledger/L2/all/Rev,results_git/B-AE-oracle-ledger/summary_rule_v1~test_L2.json,all.Rev,99.85,f16555a,yes,
2015,"tab:ablation, program-supplied ledger, Hold",99.95,run/B-AE-oracle-ledger/L2/all/Hold,results_git/B-AE-oracle-ledger/summary_rule_v1~test_L2.json,all.Hold,99.95,f16555a,yes,
2015,"tab:ablation, program-supplied ledger, TA",99.8,run/B-AE-oracle-ledger/L2/all/TA,results_git/B-AE-oracle-ledger/summary_rule_v1~test_L2.json,all.TA,99.8,f16555a,yes,
2016,"tab:ablation, program on predicted ledger, Rev",99.4,run/B-AE-program-ledger/L2/all/Rev,results_git/B-AE-program-ledger/summary_rule_v1~test_L2.json,all.Rev,99.4,9b68beb,yes,
2016,"tab:ablation, program on predicted ledger, Hold",100.0,run/B-AE-program-ledger/L2/all/Hold,results_git/B-AE-program-ledger/summary_rule_v1~test_L2.json,all.Hold,100.0,9b68beb,yes,
2016,"tab:ablation, program on predicted ledger, TA",99.4,run/B-AE-program-ledger/L2/all/TA,results_git/B-AE-program-ledger/summary_rule_v1~test_L2.json,all.TA,99.4,9b68beb,yes,
2017,"tab:ablation, one-stage ledger (rationale), Rev",91.3,run/B-F-rationale-triplets/L2/all/Rev/s0,results_git/B-F-rationale-triplets-s0/summary_rule_v1~test_L2.json,all.Rev,91.3,f16555a,yes,
2017,"tab:ablation, one-stage ledger (rationale), Hold",99.6,run/B-F-rationale-triplets/L2/all/Hold/s0,results_git/B-F-rationale-triplets-s0/summary_rule_v1~test_L2.json,all.Hold,99.6,f16555a,yes,
2017,"tab:ablation, one-stage ledger (rationale), TA",91.0,run/B-F-rationale-triplets/L2/all/TA/s0,results_git/B-F-rationale-triplets-s0/summary_rule_v1~test_L2.json,all.TA,91.05,f16555a,yes,
2017,"tab:ablation, one-stage ledger (rationale), XA",92.8,,results_git/B-NS-xr_v1-B-F-rationale-triplets-s0/summary_xr_v1~test.json,xr.conclusion.XA,92.75,f6a3250,yes,
2018,"tab:ablation, value ledger, Rev",99.1,run/B-F-value2-triplets/L2/all/Rev/s0,results_git/B-F-value2-triplets-s0/summary_rule_v1~test_L2.json,all.Rev,99.1,9477ace,yes,
2018,"tab:ablation, value ledger, Hold",86.6,run/B-F-value2-triplets/L2/all/Hold/s0,results_git/B-F-value2-triplets-s0/summary_rule_v1~test_L2.json,all.Hold,86.6,9477ace,yes,
2018,"tab:ablation, value ledger, TA",85.7,run/B-F-value2-triplets/L2/all/TA/s0,results_git/B-F-value2-triplets-s0/summary_rule_v1~test_L2.json,all.TA,85.7,9477ace,yes,
2018,"tab:ablation, value ledger, XA",70.5,,results_git/B-F-value2-triplets-s0/summary_xr_v1~test.json,xr.conclusion.XA,70.5,9477ace,yes,
2019,"tab:ablation, evidence summary, Rev",98.5,run/B-F-summary2-triplets/L2/all/Rev/s0,results_git/B-F-summary2-triplets-s0/summary_rule_v1~test_L2.json,all.Rev,98.55,f16555a,yes,
2019,"tab:ablation, evidence summary, Hold",99.3,run/B-F-summary2-triplets/L2/all/Hold/s0,results_git/B-F-summary2-triplets-s0/summary_rule_v1~test_L2.json,all.Hold,99.35,f16555a,yes,
2019,"tab:ablation, evidence summary, TA",98.0,run/B-F-summary2-triplets/L2/all/TA/s0,results_git/B-F-summary2-triplets-s0/summary_rule_v1~test_L2.json,all.TA,98.0,f16555a,yes,
2019,"tab:ablation, evidence summary, XA",88.5,,results_git/B-NS-xr_v1-B-F-summary2-triplets-s0/summary_xr_v1~test.json,xr.conclusion.XA,88.5,f6a3250,yes,
2020,"tab:ablation, judge also sees the case, Rev",99.0,run/B-SC-summary2-triplets/L2/all/Rev/s0,results_git/B-SC-summary2-triplets-s0/summary_rule_v1~test_L2.json,all.Rev,98.95,f6a3250,yes,
2020,"tab:ablation, judge also sees the case, Hold",99.8,run/B-SC-summary2-triplets/L2/all/Hold/s0,results_git/B-SC-summary2-triplets-s0/summary_rule_v1~test_L2.json,all.Hold,99.85,f6a3250,yes,
2020,"tab:ablation, judge also sees the case, TA",98.8,run/B-SC-summary2-triplets/L2/all/TA/s0,results_git/B-SC-summary2-triplets-s0/summary_rule_v1~test_L2.json,all.TA,98.8,f6a3250,yes,
2020,"tab:ablation, judge also sees the case, XA",91.5,,results_git/B-SC-summary2-triplets-s0/summary_xr_v1~test.json,xr.conclusion.XA,91.5,f6a3250,yes,
2021,"tab:ablation, concept scorer, Rev",34.4,run/B-AB-concept/L2/all/Rev/s0,results_git/B-AB-concept-s0/summary_rule_v1~test_L2.json,all.Rev,34.4,81697d5,yes,
2021,"tab:ablation, concept scorer, Hold",58.4,run/B-AB-concept/L2/all/Hold/s0,results_git/B-AB-concept-s0/summary_rule_v1~test_L2.json,all.Hold,58.35,81697d5,yes,
2021,"tab:ablation, concept scorer, TA",26.8,run/B-AB-concept/L2/all/TA/s0,results_git/B-AB-concept-s0/summary_rule_v1~test_L2.json,all.TA,26.75,81697d5,yes,
2021,"tab:ablation, concept scorer, XA",12.0,,results_git/B-AB-concept-s0/summary_xr_v1~test.json,xr.conclusion.XA,12.0,81697d5,yes,
2023,"tab:ablation, - near-misses, Rev",98.7,run/B-F-ledger2-blocks/L2/all/Rev/s0,results_git/B-F-ledger2-blocks-s0/summary_rule_v1~test_L2.json,all.Rev,98.7,f16555a,yes,
2023,"tab:ablation, - near-misses, Hold",76.2,run/B-F-ledger2-blocks/L2/all/Hold/s0,results_git/B-F-ledger2-blocks-s0/summary_rule_v1~test_L2.json,all.Hold,76.15,f16555a,yes,
2023,"tab:ablation, - near-misses, TA",75.3,run/B-F-ledger2-blocks/L2/all/TA/s0,results_git/B-F-ledger2-blocks-s0/summary_rule_v1~test_L2.json,all.TA,75.3,f16555a,yes,
2023,"tab:ablation, - near-misses, XA",76.0,,results_git/B-NS-xr_v1-B-F-ledger2-blocks-s0/summary_xr_v1~test.json,xr.conclusion.XA,76.0,84cb463,yes,
2024,"tab:ablation, + probe re-weighting, Rev",98.6,run/B-AB-probe-rw/L2/all/Rev/s0,results_git/B-AB-probe-rw-s0/summary_rule_v1~test_L2.json,all.Rev,98.6,8162672,yes,
2024,"tab:ablation, + probe re-weighting, Hold",56.0,run/B-AB-probe-rw/L2/all/Hold/s0,results_git/B-AB-probe-rw-s0/summary_rule_v1~test_L2.json,all.Hold,56.0,8162672,yes,
2024,"tab:ablation, + probe re-weighting, TA",55.3,run/B-AB-probe-rw/L2/all/TA/s0,results_git/B-AB-probe-rw-s0/summary_rule_v1~test_L2.json,all.TA,55.3,8162672,yes,
2024,"tab:ablation, + probe re-weighting, XA",25.8,,results_git/B-AB-probe-rw-s0/summary_xr_v1~test.json,xr.conclusion.XA,25.75,8162672,yes,
2025,"tab:ablation, - other-person near-misses, Rev",97.5,run/B-LOKO-subject-ledger2/L2/all/Rev/s0,results_git/B-LOKO-subject-ledger2-s0/summary_rule_v1~test_L2.json,all.Rev,97.45,f6a3250,yes,
2025,"tab:ablation, - other-person near-misses, Hold",93.5,run/B-LOKO-subject-ledger2/L2/all/Hold/s0,results_git/B-LOKO-subject-ledger2-s0/summary_rule_v1~test_L2.json,all.Hold,93.5,f6a3250,yes,
2025,"tab:ablation, - other-person near-misses, TA",91.2,run/B-LOKO-subject-ledger2/L2/all/TA/s0,results_git/B-LOKO-subject-ledger2-s0/summary_rule_v1~test_L2.json,all.TA,91.2,f6a3250,yes,
2025,"tab:ablation, - other-person near-misses, XA",90.8,,results_git/B-LOKO-subject-ledger2-s0/summary_xr_v1~test.json,xr.conclusion.XA,90.75,f6a3250,yes,
2026,"tab:ablation, - past near-misses, Rev",99.5,run/B-LOKO-time-ledger2/L2/all/Rev/s0,results_git/B-LOKO-time-ledger2-s0/summary_rule_v1~test_L2.json,all.Rev,99.55,f6a3250,yes,
2026,"tab:ablation, - past near-misses, Hold",97.2,run/B-LOKO-time-ledger2/L2/all/Hold/s0,results_git/B-LOKO-time-ledger2-s0/summary_rule_v1~test_L2.json,all.Hold,97.25,f6a3250,yes,
2026,"tab:ablation, - past near-misses, TA",96.8,run/B-LOKO-time-ledger2/L2/all/TA/s0,results_git/B-LOKO-time-ledger2-s0/summary_rule_v1~test_L2.json,all.TA,96.8,f6a3250,yes,
2026,"tab:ablation, - past near-misses, XA",84.2,,results_git/B-LOKO-time-ledger2-s0/summary_xr_v1~test.json,xr.conclusion.XA,84.25,f6a3250,yes,
2027,"tab:ablation, - threshold near-misses, Rev",99.2,run/B-LOKO-boundary-ledger2/L2/all/Rev/s0,results_git/B-LOKO-boundary-ledger2-s0/summary_rule_v1~test_L2.json,all.Rev,99.2,4c2ee0f,yes,
2027,"tab:ablation, - threshold near-misses, Hold",97.3,run/B-LOKO-boundary-ledger2/L2/all/Hold/s0,results_git/B-LOKO-boundary-ledger2-s0/summary_rule_v1~test_L2.json,all.Hold,97.3,4c2ee0f,yes,
2027,"tab:ablation, - threshold near-misses, TA",96.5,run/B-LOKO-boundary-ledger2/L2/all/TA/s0,results_git/B-LOKO-boundary-ledger2-s0/summary_rule_v1~test_L2.json,all.TA,96.5,4c2ee0f,yes,
2027,"tab:ablation, - threshold near-misses, XA",85.8,,results_git/B-LOKO-boundary-ledger2-s0/summary_xr_v1~test.json,xr.conclusion.XA,85.75,4c2ee0f,yes,
2028,"tab:ablation, - presentation edits, Rev",99.3,run/B-AB-nopres/L2/all/Rev/s0,results_git/B-AB-nopres-s0/summary_rule_v1~test_L2.json,all.Rev,99.3,cf5c144,yes,
2028,"tab:ablation, - presentation edits, Hold",99.3,run/B-AB-nopres/L2/all/Hold/s0,results_git/B-AB-nopres-s0/summary_rule_v1~test_L2.json,all.Hold,99.35,cf5c144,yes,
2028,"tab:ablation, - presentation edits, TA",98.7,run/B-AB-nopres/L2/all/TA/s0,results_git/B-AB-nopres-s0/summary_rule_v1~test_L2.json,all.TA,98.65,cf5c144,yes,
2028,"tab:ablation, - presentation edits, XA",90.0,,results_git/B-AB-nopres-s0/summary_xr_v1~test.json,xr.conclusion.XA,90.0,cf5c144,yes,
2029,"tab:ablation, - ledger resampling, Rev",98.8,run/B-AB-noresamp/L2/all/Rev/s0,results_git/B-AB-noresamp-s0/summary_rule_v1~test_L2.json,all.Rev,98.8,5fd9924,yes,
2029,"tab:ablation, - ledger resampling, Hold",100.0,run/B-AB-noresamp/L2/all/Hold/s0,results_git/B-AB-noresamp-s0/summary_rule_v1~test_L2.json,all.Hold,100.0,5fd9924,yes,
2029,"tab:ablation, - ledger resampling, TA",98.8,run/B-AB-noresamp/L2/all/TA/s0,results_git/B-AB-noresamp-s0/summary_rule_v1~test_L2.json,all.TA,98.8,5fd9924,yes,
2029,"tab:ablation, - ledger resampling, XA",78.8,,results_git/B-AB-noresamp-s0/summary_xr_v1~test.json,xr.conclusion.XA,78.75,5fd9924,yes,
2030,"tab:ablation, verdict only, pairwise loss, Rev",91.8,run/B-AB-pairwise/L2/all/Rev/s0,results_git/B-AB-pairwise-s0/summary_rule_v1~test_L2.json,all.Rev,91.85,56b24c4,yes,
2030,"tab:ablation, verdict only, pairwise loss, Hold",98.2,run/B-AB-pairwise/L2/all/Hold/s0,results_git/B-AB-pairwise-s0/summary_rule_v1~test_L2.json,all.Hold,98.2,56b24c4,yes,
2030,"tab:ablation, verdict only, pairwise loss, TA",91.4,run/B-AB-pairwise/L2/all/TA/s0,results_git/B-AB-pairwise-s0/summary_rule_v1~test_L2.json,all.TA,91.4,56b24c4,yes,
2030,"tab:ablation, verdict only, pairwise loss, XA",92.5,,results_git/B-AB-pairwise-s0/summary_xr_v1~test.json,xr.conclusion.XA,92.5,56b24c4,yes,
2047,"tab:ablation caption verification pass, B-AB-verify-s0 minus B-F-ledger2-triplets-s0, diff",+0.6,,results_git/B-AB-verify-s0/scores_rule_v1~test_L2.jsonl vs results_git/B-F-ledger2-triplets-s0/scores_rule_v1~test_L2.jsonl (+ data/rule_v1/test_L2/records.jsonl),"selrm.metrics.paired_test(TA, unit=rule, B=1000, seed=0) as in scripts/analysis_b.py: diff",0.5999999999999943,,yes,recomputed from scores; no stored JSON holds this difference (docs/ANALYSIS_B.md prints it)
2047,"tab:ablation caption verification pass, B-AB-verify-s0 minus B-F-ledger2-triplets-s0, lo",0.1,,results_git/B-AB-verify-s0/scores_rule_v1~test_L2.jsonl vs results_git/B-F-ledger2-triplets-s0/scores_rule_v1~test_L2.jsonl (+ data/rule_v1/test_L2/records.jsonl),"selrm.metrics.paired_test(TA, unit=rule, B=1000, seed=0) as in scripts/analysis_b.py: lo",0.14734774066796774,,yes,recomputed from scores; no stored JSON holds this difference (docs/ANALYSIS_B.md prints it)
2047,"tab:ablation caption verification pass, B-AB-verify-s0 minus B-F-ledger2-triplets-s0, hi",1.2,,results_git/B-AB-verify-s0/scores_rule_v1~test_L2.jsonl vs results_git/B-F-ledger2-triplets-s0/scores_rule_v1~test_L2.jsonl (+ data/rule_v1/test_L2/records.jsonl),"selrm.metrics.paired_test(TA, unit=rule, B=1000, seed=0) as in scripts/analysis_b.py: hi",1.1825192802056677,,yes,recomputed from scores; no stored JSON holds this difference (docs/ANALYSIS_B.md prints it)
2048,"tab:ablation caption bit-only reader, B-AB-bitonly-reader-s0 minus B-F-ledger2-triplets-s0, diff",+0.8,,results_git/B-AB-bitonly-reader-s0/scores_rule_v1~test_L2.jsonl vs results_git/B-F-ledger2-triplets-s0/scores_rule_v1~test_L2.jsonl (+ data/rule_v1/test_L2/records.jsonl),"selrm.metrics.paired_test(TA, unit=rule, B=1000, seed=0) as in scripts/analysis_b.py: diff",0.75,,yes,recomputed from scores; no stored JSON holds this difference (docs/ANALYSIS_B.md prints it)
2048,"tab:ablation caption bit-only reader, B-AB-bitonly-reader-s0 minus B-F-ledger2-triplets-s0, lo",0.3,,results_git/B-AB-bitonly-reader-s0/scores_rule_v1~test_L2.jsonl vs results_git/B-F-ledger2-triplets-s0/scores_rule_v1~test_L2.jsonl (+ data/rule_v1/test_L2/records.jsonl),"selrm.metrics.paired_test(TA, unit=rule, B=1000, seed=0) as in scripts/analysis_b.py: lo",0.3004506760140231,,yes,recomputed from scores; no stored JSON holds this difference (docs/ANALYSIS_B.md prints it)
2048,"tab:ablation caption bit-only reader, B-AB-bitonly-reader-s0 minus B-F-ledger2-triplets-s0, hi",1.4,,results_git/B-AB-bitonly-reader-s0/scores_rule_v1~test_L2.jsonl vs results_git/B-F-ledger2-triplets-s0/scores_rule_v1~test_L2.jsonl (+ data/rule_v1/test_L2/records.jsonl),"selrm.metrics.paired_test(TA, unit=rule, B=1000, seed=0) as in scripts/analysis_b.py: hi",1.3648293963254616,,yes,recomputed from scores; no stored JSON holds this difference (docs/ANALYSIS_B.md prints it)
2048,"tab:ablation caption condition derived, B-AB-conddrv-s0 minus B-F-ledger2-triplets-s0, diff",-12.7,,results_git/B-AB-conddrv-s0/scores_rule_v1~test_L2.jsonl vs results_git/B-F-ledger2-triplets-s0/scores_rule_v1~test_L2.jsonl (+ data/rule_v1/test_L2/records.jsonl),"selrm.metrics.paired_test(TA, unit=rule, B=1000, seed=0) as in scripts/analysis_b.py: diff",-12.650000000000006,,yes,recomputed from scores; no stored JSON holds this difference (docs/ANALYSIS_B.md prints it)
2048,"tab:ablation caption condition derived, B-AB-conddrv-s0 minus B-F-ledger2-triplets-s0, lo",-16.8,,results_git/B-AB-conddrv-s0/scores_rule_v1~test_L2.jsonl vs results_git/B-F-ledger2-triplets-s0/scores_rule_v1~test_L2.jsonl (+ data/rule_v1/test_L2/records.jsonl),"selrm.metrics.paired_test(TA, unit=rule, B=1000, seed=0) as in scripts/analysis_b.py: lo",-16.75865529352734,,yes,recomputed from scores; no stored JSON holds this difference (docs/ANALYSIS_B.md prints it)
2048,"tab:ablation caption condition derived, B-AB-conddrv-s0 minus B-F-ledger2-triplets-s0, hi",-8.9,,results_git/B-AB-conddrv-s0/scores_rule_v1~test_L2.jsonl vs results_git/B-F-ledger2-triplets-s0/scores_rule_v1~test_L2.jsonl (+ data/rule_v1/test_L2/records.jsonl),"selrm.metrics.paired_test(TA, unit=rule, B=1000, seed=0) as in scripts/analysis_b.py: hi",-8.919935518538423,,yes,recomputed from scores; no stored JSON holds this difference (docs/ANALYSIS_B.md prints it)
2049,"tab:ablation caption pairwise loss, B-AB-pairwise-s0 minus B-F-ledger2-triplets-s0, diff",-7.8,,results_git/B-AB-pairwise-s0/scores_rule_v1~test_L2.jsonl vs results_git/B-F-ledger2-triplets-s0/scores_rule_v1~test_L2.jsonl (+ data/rule_v1/test_L2/records.jsonl),"selrm.metrics.paired_test(TA, unit=rule, B=1000, seed=0) as in scripts/analysis_b.py: diff",-7.799999999999997,,yes,recomputed from scores; no stored JSON holds this difference (docs/ANALYSIS_B.md prints it)
2049,"tab:ablation caption pairwise loss, B-AB-pairwise-s0 minus B-F-ledger2-triplets-s0, lo",-12.3,,results_git/B-AB-pairwise-s0/scores_rule_v1~test_L2.jsonl vs results_git/B-F-ledger2-triplets-s0/scores_rule_v1~test_L2.jsonl (+ data/rule_v1/test_L2/records.jsonl),"selrm.metrics.paired_test(TA, unit=rule, B=1000, seed=0) as in scripts/analysis_b.py: lo",-12.293488824101075,,yes,recomputed from scores; no stored JSON holds this difference (docs/ANALYSIS_B.md prints it)
2049,"tab:ablation caption pairwise loss, B-AB-pairwise-s0 minus B-F-ledger2-triplets-s0, hi",-4.0,,results_git/B-AB-pairwise-s0/scores_rule_v1~test_L2.jsonl vs results_git/B-F-ledger2-triplets-s0/scores_rule_v1~test_L2.jsonl (+ data/rule_v1/test_L2/records.jsonl),"selrm.metrics.paired_test(TA, unit=rule, B=1000, seed=0) as in scripts/analysis_b.py: hi",-4.002223457476376,,yes,recomputed from scores; no stored JSON holds this difference (docs/ANALYSIS_B.md prints it)
2049,"tab:ablation caption concept scorer, B-AB-concept-s0 minus B-F-ledger2-triplets-s0, diff",-72.5,,results_git/B-AB-concept-s0/scores_rule_v1~test_L2.jsonl vs results_git/B-F-ledger2-triplets-s0/scores_rule_v1~test_L2.jsonl (+ data/rule_v1/test_L2/records.jsonl),"selrm.metrics.paired_test(TA, unit=rule, B=1000, seed=0) as in scripts/analysis_b.py: diff",-72.45,,yes,recomputed from scores; no stored JSON holds this difference (docs/ANALYSIS_B.md prints it)
2049,"tab:ablation caption concept scorer, B-AB-concept-s0 minus B-F-ledger2-triplets-s0, lo",-76.0,,results_git/B-AB-concept-s0/scores_rule_v1~test_L2.jsonl vs results_git/B-F-ledger2-triplets-s0/scores_rule_v1~test_L2.jsonl (+ data/rule_v1/test_L2/records.jsonl),"selrm.metrics.paired_test(TA, unit=rule, B=1000, seed=0) as in scripts/analysis_b.py: lo",-76.04639435199192,,yes,recomputed from scores; no stored JSON holds this difference (docs/ANALYSIS_B.md prints it)
2049,"tab:ablation caption concept scorer, B-AB-concept-s0 minus B-F-ledger2-triplets-s0, hi",-68.4,,results_git/B-AB-concept-s0/scores_rule_v1~test_L2.jsonl vs results_git/B-F-ledger2-triplets-s0/scores_rule_v1~test_L2.jsonl (+ data/rule_v1/test_L2/records.jsonl),"selrm.metrics.paired_test(TA, unit=rule, B=1000, seed=0) as in scripts/analysis_b.py: hi",-68.44636844636845,,yes,recomputed from scores; no stored JSON holds this difference (docs/ANALYSIS_B.md prints it)
2061,"tab:ladder, Critic, Dev",39.7,,results_git/C-TF-critic/summary_rule_v1~dev.json,all.TA,39.666666666666664,74c90b1,yes,
2061,"tab:ladder, Critic, L0",44.4,,results_git/C-TF-critic/summary_rule_v1~test_L0.json,all.TA,44.4,74c90b1,yes,
2061,"tab:ladder, Critic, L1",42.8,,results_git/C-TF-critic/summary_rule_v1~test_L1.json,all.TA,42.8,74c90b1,yes,
2061,"tab:ladder, Critic, L2",27.1,,results_git/C-TF-critic/summary_rule_v1~test_L2.json,all.TA,27.15,74c90b1,yes,
2061,"tab:ladder, Critic, L3-inv",33.4,,results_git/C-TF-critic/summary_rule_v1~test_L3inv.json,all.TA,33.4,74c90b1,yes,
2061,"tab:ladder, Critic, Hard",24.6,,results_git/C-TF-critic/summary_rule_v1~test_hard.json,all.TA,24.6,74c90b1,yes,
2061,"tab:ladder, Critic, Re-apply",61.1,,results_git/C-TF-critic/summary_rule_v1~readapply.json,all.TA,61.1,74c90b1,yes,
2061,"tab:ladder, Critic, L3-alt",83.9,,results_git/C-TF-critic/summary_rule_v1~test_L3alt.json,all.TA,83.9,74c90b1,yes,
2062,"tab:ladder, Verdict only, blocks, Dev",67.3,,results_git/B-F-verdict-blocks-s0/summary_rule_v1~dev.json,all.TA,67.33333333333333,f16555a,yes,
2062,"tab:ladder, Verdict only, blocks, L0",68.8,,results_git/B-F-verdict-blocks-s0/summary_rule_v1~test_L0.json,all.TA,68.8,f16555a,yes,
2062,"tab:ladder, Verdict only, blocks, L1",73.8,,results_git/B-F-verdict-blocks-s0/summary_rule_v1~test_L1.json,all.TA,73.8,f16555a,yes,
2062,"tab:ladder, Verdict only, blocks, L2",58.2,,results_git/B-F-verdict-blocks-s0/summary_rule_v1~test_L2.json,all.TA,58.2,f16555a,yes,
2062,"tab:ladder, Verdict only, blocks, L3-inv",62.9,,results_git/B-F-verdict-blocks-s0/summary_rule_v1~test_L3inv.json,all.TA,62.9,f16555a,yes,
2062,"tab:ladder, Verdict only, blocks, Hard",59.1,,results_git/B-F-verdict-blocks-s0/summary_rule_v1~test_hard.json,all.TA,59.1,f16555a,yes,
2062,"tab:ladder, Verdict only, blocks, Re-apply",77.7,,results_git/B-F-verdict-blocks-s0/summary_rule_v1~readapply.json,all.TA,77.7,f16555a,yes,
2062,"tab:ladder, Verdict only, blocks, L3-alt",94.6,,results_git/B-F-verdict-blocks-s0/summary_rule_v1~test_L3alt.json,all.TA,94.6,f16555a,yes,
2063,"tab:ladder, method, blocks, Dev",70.3,,results_git/B-F-ledger2-blocks-s0/summary_rule_v1~dev.json,all.TA,70.33333333333333,f16555a,yes,
2063,"tab:ladder, method, blocks, L0",73.5,,results_git/B-F-ledger2-blocks-s0/summary_rule_v1~test_L0.json,all.TA,73.5,f16555a,yes,
2063,"tab:ladder, method, blocks, L1",78.2,,results_git/B-F-ledger2-blocks-s0/summary_rule_v1~test_L1.json,all.TA,78.2,f16555a,yes,
2063,"tab:ladder, method, blocks, L2",75.3,,results_git/B-F-ledger2-blocks-s0/summary_rule_v1~test_L2.json,all.TA,75.3,f16555a,yes,
2063,"tab:ladder, method, blocks, L3-inv",70.1,,results_git/B-F-ledger2-blocks-s0/summary_rule_v1~test_L3inv.json,all.TA,70.1,f16555a,yes,
2063,"tab:ladder, method, blocks, Hard",76.4,,results_git/B-F-ledger2-blocks-s0/summary_rule_v1~test_hard.json,all.TA,76.4,f16555a,yes,
2063,"tab:ladder, method, blocks, Re-apply",76.0,,results_git/B-F-ledger2-blocks-s0/summary_rule_v1~readapply.json,all.TA,76.0,f16555a,yes,
2063,"tab:ladder, method, blocks, L3-alt",85.3,,results_git/B-F-ledger2-blocks-s0/summary_rule_v1~test_L3alt.json,all.TA,85.3,f16555a,yes,
2064,"tab:ladder, Verdict only, triplets, Dev",99.7,,results_git/B-F-verdict-triplets-s0/summary_rule_v1~dev.json,all.TA,99.66666666666667,f16555a,yes,
2064,"tab:ladder, Verdict only, triplets, L0",99.0,,results_git/B-F-verdict-triplets-s0/summary_rule_v1~test_L0.json,all.TA,99.0,f16555a,yes,
2064,"tab:ladder, Verdict only, triplets, L1",97.6,,results_git/B-F-verdict-triplets-s0/summary_rule_v1~test_L1.json,all.TA,97.6,f16555a,yes,
2064,"tab:ladder, Verdict only, triplets, L2",91.3,,results_git/B-F-verdict-triplets-s0/summary_rule_v1~test_L2.json,all.TA,91.3,f16555a,yes,
2064,"tab:ladder, Verdict only, triplets, L3-inv",96.9,,results_git/B-F-verdict-triplets-s0/summary_rule_v1~test_L3inv.json,all.TA,96.9,f16555a,yes,
2064,"tab:ladder, Verdict only, triplets, Hard",90.5,,results_git/B-F-verdict-triplets-s0/summary_rule_v1~test_hard.json,all.TA,90.5,f16555a,yes,
2064,"tab:ladder, Verdict only, triplets, Re-apply",99.4,,results_git/B-F-verdict-triplets-s0/summary_rule_v1~readapply.json,all.TA,99.4,f16555a,yes,
2064,"tab:ladder, Verdict only, triplets, L3-alt",100.0,,results_git/B-F-verdict-triplets-s0/summary_rule_v1~test_L3alt.json,all.TA,100.0,a8d4111,yes,
2065,"tab:ladder, Rationale, triplets, Dev",98.0,,results_git/B-F-rationale-triplets-s0/summary_rule_v1~dev.json,all.TA,98.0,f16555a,yes,
2065,"tab:ladder, Rationale, triplets, L0",98.1,,results_git/B-F-rationale-triplets-s0/summary_rule_v1~test_L0.json,all.TA,98.1,f16555a,yes,
2065,"tab:ladder, Rationale, triplets, L1",97.7,,results_git/B-F-rationale-triplets-s0/summary_rule_v1~test_L1.json,all.TA,97.7,f16555a,yes,
2065,"tab:ladder, Rationale, triplets, L2",91.0,,results_git/B-F-rationale-triplets-s0/summary_rule_v1~test_L2.json,all.TA,91.05,f16555a,yes,
2065,"tab:ladder, Rationale, triplets, L3-inv",96.5,,results_git/B-F-rationale-triplets-s0/summary_rule_v1~test_L3inv.json,all.TA,96.5,f16555a,yes,
2065,"tab:ladder, Rationale, triplets, Hard",90.4,,results_git/B-F-rationale-triplets-s0/summary_rule_v1~test_hard.json,all.TA,90.4,f16555a,yes,
2065,"tab:ladder, Rationale, triplets, Re-apply",99.3,,results_git/B-F-rationale-triplets-s0/summary_rule_v1~readapply.json,all.TA,99.3,f16555a,yes,
2065,"tab:ladder, Rationale, triplets, L3-alt",100.0,,results_git/B-F-rationale-triplets-s0/summary_rule_v1~test_L3alt.json,all.TA,100.0,f16af67,yes,
2066,"tab:ladder, Evidence summary, triplets (seed 1), Dev",98.7,,results_git/B-F-summary2-triplets-s1/summary_rule_v1~dev.json,all.TA,98.66666666666667,f6a3250,yes,
2066,"tab:ladder, Evidence summary, triplets (seed 1), L0",98.4,,results_git/B-F-summary2-triplets-s1/summary_rule_v1~test_L0.json,all.TA,98.4,f6a3250,yes,
2066,"tab:ladder, Evidence summary, triplets (seed 1), L1",97.4,,results_git/B-F-summary2-triplets-s1/summary_rule_v1~test_L1.json,all.TA,97.4,f6a3250,yes,
2066,"tab:ladder, Evidence summary, triplets (seed 1), L2",98.1,,results_git/B-F-summary2-triplets-s1/summary_rule_v1~test_L2.json,all.TA,98.1,f6a3250,yes,
2066,"tab:ladder, Evidence summary, triplets (seed 1), L3-inv",97.6,,results_git/B-F-summary2-triplets-s1/summary_rule_v1~test_L3inv.json,all.TA,97.6,f6a3250,yes,
2066,"tab:ladder, Evidence summary, triplets (seed 1), Hard",98.1,,results_git/B-F-summary2-triplets-s1/summary_rule_v1~test_hard.json,all.TA,98.1,f6a3250,yes,
2066,"tab:ladder, Evidence summary, triplets (seed 1), Re-apply",98.8,,results_git/B-F-summary2-triplets-s1/summary_rule_v1~readapply.json,all.TA,98.8,f6a3250,yes,
2066,"tab:ladder, Evidence summary, triplets (seed 1), L3-alt",100.0,,results_git/B-F-summary2-triplets-s1/summary_rule_v1~test_L3alt.json,all.TA,100.0,c4dd27c,yes,
2067,"tab:ladder, method, triplets, Dev",99.7,,results_git/B-F-ledger2-triplets-s0/summary_rule_v1~dev.json,all.TA,99.66666666666667,f16555a,yes,
2067,"tab:ladder, method, triplets, L0",99.7,,results_git/B-F-ledger2-triplets-s0/summary_rule_v1~test_L0.json,all.TA,99.7,f16555a,yes,
2067,"tab:ladder, method, triplets, L1",99.1,,results_git/B-F-ledger2-triplets-s0/summary_rule_v1~test_L1.json,all.TA,99.1,f16555a,yes,
2067,"tab:ladder, method, triplets, L2",99.2,,results_git/B-F-ledger2-triplets-s0/summary_rule_v1~test_L2.json,all.TA,99.2,f16555a,yes,
2067,"tab:ladder, method, triplets, L3-inv",97.9,,results_git/B-F-ledger2-triplets-s0/summary_rule_v1~test_L3inv.json,all.TA,97.9,f16555a,yes,
2067,"tab:ladder, method, triplets, Hard",98.3,,results_git/B-F-ledger2-triplets-s0/summary_rule_v1~test_hard.json,all.TA,98.3,f16555a,yes,
2067,"tab:ladder, method, triplets, Re-apply",99.7,,results_git/B-F-ledger2-triplets-s0/summary_rule_v1~readapply.json,all.TA,99.7,f16555a,yes,
2067,"tab:ladder, method, triplets, L3-alt",100.0,,results_git/B-F-ledger2-triplets-s0/summary_rule_v1~test_L3alt.json,all.TA,100.0,c3bdac6,yes,
2074,"tab:ladder caption, untrained backbone on L3-alt",83.9,,results_git/C-TF-critic/summary_rule_v1~test_L3alt.json,all.TA,83.9,74c90b1,yes,
2089,"tab:seeds, L2 TA, Verdict only, blocks, seed 0",58.2,run/B-F-verdict-blocks/L2/all/TA/s0,results_git/B-F-verdict-blocks-s0/summary_rule_v1~test_L2.json,all.TA,58.2,f16555a,yes,
2089,"tab:seeds, L2 TA, Verdict only, blocks, seed 1",53.5,run/B-F-verdict-blocks/L2/all/TA/s1,results_git/B-F-verdict-blocks-s1/summary_rule_v1~test_L2.json,all.TA,53.45,f16555a,yes,
2089,"tab:seeds, L2 TA, Verdict only, blocks, seed 2",60.0,run/B-F-verdict-blocks/L2/all/TA/s2,results_git/B-F-verdict-blocks-s2/summary_rule_v1~test_L2.json,all.TA,60.0,f16555a,yes,
2089,"tab:seeds, L2 TA, Verdict only, blocks, seed 3",47.6,run/B-F-verdict-blocks/L2/all/TA/s3,results_git/B-F-verdict-blocks-s3/summary_rule_v1~test_L2.json,all.TA,47.65,4c96856,yes,
2089,"tab:seeds, L2 TA, Verdict only, blocks, seed 4",49.0,run/B-F-verdict-blocks/L2/all/TA/s4,results_git/B-F-verdict-blocks-s4/summary_rule_v1~test_L2.json,all.TA,49.0,9052460,yes,
2089,"tab:seeds, L2 TA, Verdict only, blocks, mean",53.7,run/B-F-verdict-blocks/L2/all/TA,results_git/B-F-verdict-blocks-s*/summary_rule_v1~test_L2.json,mean of all.TA over 5 seeds,53.660000000000004,,yes,
2089,"tab:seeds, L2 TA, Verdict only, blocks, s.d.",5.4,run/B-F-verdict-blocks/L2/all/TA/sd,results_git/B-F-verdict-blocks-s*/summary_rule_v1~test_L2.json,sample sd of all.TA over 5 seeds,5.4471781685566345,,yes,
2090,"tab:seeds, L2 TA, Verdict only, triplets, seed 0",91.3,run/B-F-verdict-triplets/L2/all/TA/s0,results_git/B-F-verdict-triplets-s0/summary_rule_v1~test_L2.json,all.TA,91.3,f16555a,yes,
2090,"tab:seeds, L2 TA, Verdict only, triplets, seed 1",91.8,run/B-F-verdict-triplets/L2/all/TA/s1,results_git/B-F-verdict-triplets-s1/summary_rule_v1~test_L2.json,all.TA,91.75,f16555a,yes,
2090,"tab:seeds, L2 TA, Verdict only, triplets, seed 2",92.2,run/B-F-verdict-triplets/L2/all/TA/s2,results_git/B-F-verdict-triplets-s2/summary_rule_v1~test_L2.json,all.TA,92.2,c84cb27,yes,
2090,"tab:seeds, L2 TA, Verdict only, triplets, seed 3",92.2,run/B-F-verdict-triplets/L2/all/TA/s3,results_git/B-F-verdict-triplets-s3/summary_rule_v1~test_L2.json,all.TA,92.2,9052460,yes,
2090,"tab:seeds, L2 TA, Verdict only, triplets, seed 4",91.8,run/B-F-verdict-triplets/L2/all/TA/s4,results_git/B-F-verdict-triplets-s4/summary_rule_v1~test_L2.json,all.TA,91.75,15b3e0c,yes,
2090,"tab:seeds, L2 TA, Verdict only, triplets, mean",91.8,run/B-F-verdict-triplets/L2/all/TA,results_git/B-F-verdict-triplets-s*/summary_rule_v1~test_L2.json,mean of all.TA over 5 seeds,91.84,,yes,
2090,"tab:seeds, L2 TA, Verdict only, triplets, s.d.",0.4,run/B-F-verdict-triplets/L2/all/TA/sd,results_git/B-F-verdict-triplets-s*/summary_rule_v1~test_L2.json,sample sd of all.TA over 5 seeds,0.37649701194033636,,yes,
2091,"tab:seeds, L2 TA, Evidence summary, blocks, seed 0",67.3,run/B-F-summary2-blocks/L2/all/TA/s0,results_git/B-F-summary2-blocks-s0/summary_rule_v1~test_L2.json,all.TA,67.3,f16555a,yes,
2091,"tab:seeds, L2 TA, Evidence summary, blocks, seed 1",57.9,run/B-F-summary2-blocks/L2/all/TA/s1,results_git/B-F-summary2-blocks-s1/summary_rule_v1~test_L2.json,all.TA,57.9,da65946,yes,
2091,"tab:seeds, L2 TA, Evidence summary, blocks, seed 2",72.2,run/B-F-summary2-blocks/L2/all/TA/s2,results_git/B-F-summary2-blocks-s2/summary_rule_v1~test_L2.json,all.TA,72.2,f6a3250,yes,
2091,"tab:seeds, L2 TA, Evidence summary, blocks, seed 3",62.2,run/B-F-summary2-blocks/L2/all/TA/s3,results_git/B-F-summary2-blocks-s3/summary_rule_v1~test_L2.json,all.TA,62.25,2a25d0c,yes,
2091,"tab:seeds, L2 TA, Evidence summary, blocks, mean",64.9,run/B-F-summary2-blocks/L2/all/TA,results_git/B-F-summary2-blocks-s*/summary_rule_v1~test_L2.json,mean of all.TA over 5 seeds,65.78,,no,"files now hold 5 seeds [67.3, 57.9, 72.2, 62.25, 69.25] -> mean 65.78, sd 5.70; the typed value is the mean/sd of the 4 seeds printed in the row (64.91, 6.19); the remaining seed cell is red in the paper"
2091,"tab:seeds, L2 TA, Evidence summary, blocks, s.d.",6.2,run/B-F-summary2-blocks/L2/all/TA/sd,results_git/B-F-summary2-blocks-s*/summary_rule_v1~test_L2.json,sample sd of all.TA over 5 seeds,5.703573441273463,,no,"files now hold 5 seeds [67.3, 57.9, 72.2, 62.25, 69.25] -> mean 65.78, sd 5.70; the typed value is the mean/sd of the 4 seeds printed in the row (64.91, 6.19); the remaining seed cell is red in the paper"
2092,"tab:seeds, L2 TA, Evidence summary, triplets, seed 0",98.0,run/B-F-summary2-triplets/L2/all/TA/s0,results_git/B-F-summary2-triplets-s0/summary_rule_v1~test_L2.json,all.TA,98.0,f16555a,yes,
2092,"tab:seeds, L2 TA, Evidence summary, triplets, seed 1",98.1,run/B-F-summary2-triplets/L2/all/TA/s1,results_git/B-F-summary2-triplets-s1/summary_rule_v1~test_L2.json,all.TA,98.1,f6a3250,yes,
2092,"tab:seeds, L2 TA, Evidence summary, triplets, seed 2",98.0,run/B-F-summary2-triplets/L2/all/TA/s2,results_git/B-F-summary2-triplets-s2/summary_rule_v1~test_L2.json,all.TA,97.95,f6a3250,yes,
2092,"tab:seeds, L2 TA, Evidence summary, triplets, seed 3",98.9,run/B-F-summary2-triplets/L2/all/TA/s3,results_git/B-F-summary2-triplets-s3/summary_rule_v1~test_L2.json,all.TA,98.9,1e25e61,yes,
2092,"tab:seeds, L2 TA, Evidence summary, triplets, seed 4",99.5,run/B-F-summary2-triplets/L2/all/TA/s4,results_git/B-F-summary2-triplets-s4/summary_rule_v1~test_L2.json,all.TA,99.45,89042e5,yes,
2092,"tab:seeds, L2 TA, Evidence summary, triplets, mean",98.5,run/B-F-summary2-triplets/L2/all/TA,results_git/B-F-summary2-triplets-s*/summary_rule_v1~test_L2.json,mean of all.TA over 5 seeds,98.48,,yes,
2092,"tab:seeds, L2 TA, Evidence summary, triplets, s.d.",0.7,run/B-F-summary2-triplets/L2/all/TA/sd,results_git/B-F-summary2-triplets-s*/summary_rule_v1~test_L2.json,sample sd of all.TA over 5 seeds,0.6657702306351666,,yes,
2093,"tab:seeds, L2 TA, method, blocks, seed 0",75.3,run/B-F-ledger2-blocks/L2/all/TA/s0,results_git/B-F-ledger2-blocks-s0/summary_rule_v1~test_L2.json,all.TA,75.3,f16555a,yes,
2093,"tab:seeds, L2 TA, method, blocks, seed 1",59.5,run/B-F-ledger2-blocks/L2/all/TA/s1,results_git/B-F-ledger2-blocks-s1/summary_rule_v1~test_L2.json,all.TA,59.45,f6a3250,yes,
2093,"tab:seeds, L2 TA, method, blocks, seed 2",74.9,run/B-F-ledger2-blocks/L2/all/TA/s2,results_git/B-F-ledger2-blocks-s2/summary_rule_v1~test_L2.json,all.TA,74.9,a45d3bb,yes,
2093,"tab:seeds, L2 TA, method, blocks, seed 3",60.6,run/B-F-ledger2-blocks/L2/all/TA/s3,results_git/B-F-ledger2-blocks-s3/summary_rule_v1~test_L2.json,all.TA,60.6,8ce3d87,yes,
2093,"tab:seeds, L2 TA, method, blocks, seed 4",84.5,run/B-F-ledger2-blocks/L2/all/TA/s4,results_git/B-F-ledger2-blocks-s4/summary_rule_v1~test_L2.json,all.TA,84.5,f9c3940,yes,
2093,"tab:seeds, L2 TA, method, blocks, mean",71.0,run/B-F-ledger2-blocks/L2/all/TA,results_git/B-F-ledger2-blocks-s*/summary_rule_v1~test_L2.json,mean of all.TA over 5 seeds,70.95,,yes,
2093,"tab:seeds, L2 TA, method, blocks, s.d.",10.7,run/B-F-ledger2-blocks/L2/all/TA/sd,results_git/B-F-ledger2-blocks-s*/summary_rule_v1~test_L2.json,sample sd of all.TA over 5 seeds,10.694624818103717,,yes,
2094,"tab:seeds, L2 TA, method, triplets, seed 0",99.2,run/B-F-ledger2-triplets/L2/all/TA/s0,results_git/B-F-ledger2-triplets-s0/summary_rule_v1~test_L2.json,all.TA,99.2,f16555a,yes,
2094,"tab:seeds, L2 TA, method, triplets, seed 1",99.0,run/B-F-ledger2-triplets/L2/all/TA/s1,results_git/B-F-ledger2-triplets-s1/summary_rule_v1~test_L2.json,all.TA,99.05,f6a3250,yes,
2094,"tab:seeds, L2 TA, method, triplets, seed 2",99.2,run/B-F-ledger2-triplets/L2/all/TA/s2,results_git/B-F-ledger2-triplets-s2/summary_rule_v1~test_L2.json,all.TA,99.15,f6a3250,yes,
2094,"tab:seeds, L2 TA, method, triplets, seed 3",99.2,run/B-F-ledger2-triplets/L2/all/TA/s3,results_git/B-F-ledger2-triplets-s3/summary_rule_v1~test_L2.json,all.TA,99.15,81697d5,yes,
2094,"tab:seeds, L2 TA, method, triplets, seed 4",99.7,run/B-F-ledger2-triplets/L2/all/TA/s4,results_git/B-F-ledger2-triplets-s4/summary_rule_v1~test_L2.json,all.TA,99.7,660e339,yes,
2094,"tab:seeds, L2 TA, method, triplets, mean",99.2,run/B-F-ledger2-triplets/L2/all/TA,results_git/B-F-ledger2-triplets-s*/summary_rule_v1~test_L2.json,mean of all.TA over 5 seeds,99.25,,yes,
2094,"tab:seeds, L2 TA, method, triplets, s.d.",0.3,run/B-F-ledger2-triplets/L2/all/TA/sd,results_git/B-F-ledger2-triplets-s*/summary_rule_v1~test_L2.json,sample sd of all.TA over 5 seeds,0.25739075352467555,,yes,
2096,"tab:seeds, XA, Verdict only, blocks, seed 0",60.8,,results_git/B-NS-xr_v1-B-F-verdict-blocks-s0/summary_xr_v1~test.json,xr.conclusion.XA,60.75,f6a3250,yes,
2096,"tab:seeds, XA, Verdict only, blocks, seed 1",47.2,,results_git/B-NS-xr_v1-B-F-verdict-blocks-s1/summary_xr_v1~test.json,xr.conclusion.XA,47.25,f6a3250,yes,
2096,"tab:seeds, XA, Verdict only, blocks, seed 2",66.2,,results_git/B-NS-xr_v1-B-F-verdict-blocks-s2/summary_xr_v1~test.json,xr.conclusion.XA,66.25,f6a3250,yes,
2096,"tab:seeds, XA, Verdict only, blocks, seed 3",40.2,,results_git/B-F-verdict-blocks-s3/summary_xr_v1~test.json,xr.conclusion.XA,40.25,4c96856,yes,
2096,"tab:seeds, XA, Verdict only, blocks, seed 4",37.8,,results_git/B-F-verdict-blocks-s4/summary_xr_v1~test.json,xr.conclusion.XA,37.75,9052460,yes,
2097,"tab:seeds, XA, Verdict only, triplets, seed 0",90.2,,results_git/B-NS-xr_v1-B-F-verdict-triplets-s0/summary_xr_v1~test.json,xr.conclusion.XA,90.25,f6a3250,yes,
2097,"tab:seeds, XA, Verdict only, triplets, seed 1",91.2,,results_git/B-NS-xr_v1-B-F-verdict-triplets-s1/summary_xr_v1~test.json,xr.conclusion.XA,91.25,4444d7d,yes,
2097,"tab:seeds, XA, Verdict only, triplets, seed 2",90.0,,results_git/B-F-verdict-triplets-s2/summary_xr_v1~test.json,xr.conclusion.XA,90.0,c84cb27,yes,
2097,"tab:seeds, XA, Verdict only, triplets, seed 3",87.2,,results_git/B-F-verdict-triplets-s3/summary_xr_v1~test.json,xr.conclusion.XA,87.25,9052460,yes,
2097,"tab:seeds, XA, Verdict only, triplets, seed 4",85.5,,results_git/B-F-verdict-triplets-s4/summary_xr_v1~test.json,xr.conclusion.XA,85.5,15b3e0c,yes,
2098,"tab:seeds, XA, Evidence summary, blocks, seed 0",80.2,,results_git/B-NS-xr_v1-B-F-summary2-blocks-s0/summary_xr_v1~test.json,xr.conclusion.XA,80.25,f6a3250,yes,
2098,"tab:seeds, XA, Evidence summary, blocks, seed 1",51.0,,results_git/B-F-summary2-blocks-s1/summary_xr_v1~test.json,xr.conclusion.XA,51.0,da65946,yes,
2098,"tab:seeds, XA, Evidence summary, blocks, seed 2",62.5,,results_git/B-F-summary2-blocks-s2/summary_xr_v1~test.json,xr.conclusion.XA,62.5,f6a3250,yes,
2098,"tab:seeds, XA, Evidence summary, blocks, seed 3",35.8,,results_git/B-F-summary2-blocks-s3/summary_xr_v1~test.json,xr.conclusion.XA,35.75,2a25d0c,yes,
2099,"tab:seeds, XA, Evidence summary, triplets, seed 0",88.5,,results_git/B-NS-xr_v1-B-F-summary2-triplets-s0/summary_xr_v1~test.json,xr.conclusion.XA,88.5,f6a3250,yes,
2099,"tab:seeds, XA, Evidence summary, triplets, seed 1",92.5,,results_git/B-F-summary2-triplets-s1/summary_xr_v1~test.json,xr.conclusion.XA,92.5,f6a3250,yes,
2099,"tab:seeds, XA, Evidence summary, triplets, seed 2",90.2,,results_git/B-F-summary2-triplets-s2/summary_xr_v1~test.json,xr.conclusion.XA,90.25,f6a3250,yes,
2099,"tab:seeds, XA, Evidence summary, triplets, seed 3",89.2,,results_git/B-F-summary2-triplets-s3/summary_xr_v1~test.json,xr.conclusion.XA,89.25,1e25e61,yes,
2099,"tab:seeds, XA, Evidence summary, triplets, seed 4",91.8,,results_git/B-F-summary2-triplets-s4/summary_xr_v1~test.json,xr.conclusion.XA,91.75,89042e5,yes,
2100,"tab:seeds, XA, method, blocks, seed 0",76.0,,results_git/B-NS-xr_v1-B-F-ledger2-blocks-s0/summary_xr_v1~test.json,xr.conclusion.XA,76.0,84cb463,yes,
2100,"tab:seeds, XA, method, blocks, seed 1",37.8,,results_git/B-F-ledger2-blocks-s1/summary_xr_v1~test.json,xr.conclusion.XA,37.75,f6a3250,yes,
2100,"tab:seeds, XA, method, blocks, seed 2",71.0,,results_git/B-F-ledger2-blocks-s2/summary_xr_v1~test.json,xr.conclusion.XA,71.0,a45d3bb,yes,
2100,"tab:seeds, XA, method, blocks, seed 3",44.5,,results_git/B-F-ledger2-blocks-s3/summary_xr_v1~test.json,xr.conclusion.XA,44.5,8ce3d87,yes,
2100,"tab:seeds, XA, method, blocks, seed 4",82.2,,results_git/B-F-ledger2-blocks-s4/summary_xr_v1~test.json,xr.conclusion.XA,82.25,f9c3940,yes,
2101,"tab:seeds, XA, method, triplets, seed 0",89.8,,results_git/B-NS-xr_v1-B-F-ledger2-triplets-s0/summary_xr_v1~test.json,xr.conclusion.XA,89.75,f6a3250,yes,
2101,"tab:seeds, XA, method, triplets, seed 1",88.8,,results_git/B-F-ledger2-triplets-s1/summary_xr_v1~test.json,xr.conclusion.XA,88.75,f6a3250,yes,
2101,"tab:seeds, XA, method, triplets, seed 2",91.5,,results_git/B-F-ledger2-triplets-s2/summary_xr_v1~test.json,xr.conclusion.XA,91.5,f6a3250,yes,
2101,"tab:seeds, XA, method, triplets, seed 3",94.0,,results_git/B-F-ledger2-triplets-s3/summary_xr_v1~test.json,xr.conclusion.XA,94.0,81697d5,yes,
2101,"tab:seeds, XA, method, triplets, seed 4",85.0,,results_git/B-F-ledger2-triplets-s4/summary_xr_v1~test.json,xr.conclusion.XA,85.0,660e339,yes,
2105,"tab:seeds caption, pooled 95% interval of method on triplets, lo",98.9,run/B-F-ledger2-triplets/L2/all/TA/lo,tables/numbers.json,"run/B-F-ledger2-triplets/L2/all/TA/lo (make_tables bootstrap over rules, seeds pooled, from scores)",98.87744593202883,c891a7a,yes,
2105,"tab:seeds caption, pooled 95% interval of method on triplets, hi",99.6,run/B-F-ledger2-triplets/L2/all/TA/hi,tables/numbers.json,"run/B-F-ledger2-triplets/L2/all/TA/hi (make_tables bootstrap over rules, seeds pooled, from scores)",99.55955955955956,c891a7a,yes,
2146,"App. H Training, LoRA rank",64,meta/B-F-ledger2-triplets/train.hp.lora_r,results_git/B-F-ledger2-triplets-s0/meta.json,train.hp.lora_r,64,c3bdac6,yes,
2146,"App. H Training, batch size",64,,results_git/B-F-ledger2-triplets-s0/meta.json,train.hp.batch,64,c3bdac6,yes,
2146,"App. H Training, epochs",one,,results_git/B-F-ledger2-triplets-s0/meta.json,train.hp.epochs,1,c3bdac6,yes,
2146,"App. H Training, records per run","60{,}000",,results_git/B-F-ledger2-triplets-s0/meta.json,train.examples,60000,c3bdac6,yes,
2147,"App. H Training, donor probability p",0.3,,results_git/B-F-ledger2-triplets-s0/meta.json,train_key (..__p0.3__..),0.3,c3bdac6,yes,
2148,"App. H Training, share of judge examples with a donor ledger",30.2,,results_git/B-F-ledger2-triplets-s0/meta.json,pretok_stats.pairs_swapped / (pretok_stats.judge/2) x100 (as scripts/analysis_b.py section 8),30.2,c3bdac6,yes,"ledger2 x triplets corpus; by corpus: {'natural': 30.14, 'balanced': 30.14, 'blocks': 30.51, 'triplets': 30.2}"
2152,"App. H Training, GPU-hours of a verdict-only run incl. evaluation",2.2,,results_git/B-F-verdict-*-s*/meta.json,gpu_hours,2.18825,,unclear,"no single quantity: seed-0 verdict runs (A100-80GB) [2.146, 2.182, 2.246, 2.179], mean 2.188; all 12 verdict runs range 0.95..4.89 (H100 runs about 1 h)"
2153,"App. H Training, GPU-hours of a two-stage run incl. evaluation",2.8,,"results_git/B-F-{ledger2,summary2,value2}-*-s*/meta.json",gpu_hours,2.799,,unclear,"only B-F-ledger2-blocks-s0 gives 2.799; seed-0 two-stage runs: {'ledger2-balanced-s0': 0.925, 'ledger2-blocks-s0': 2.799, 'ledger2-natural-s0': 4.45, 'ledger2-triplets-s0': 3.732, 'summary2-balanced-s0': 0.925, 'summary2-blocks-s0': 1.468, 'summary2-natural-s0': 1.038, 'summary2-triplets-s0': 1.964, 'value2-balanced-s0': 0.883, 'value2-blocks-s0': 2.102, 'value2-natural-s0': 0.958, 'value2-triplets-s0': 2.592}; all 28 two-stage runs range 0.88..5.74, mean 2.09"
2157,"App. H Training, sign agreement served model vs training framework",99.96,,results/D-VAL-ledger2-triplets-s0/summary.json,preference_sign_agreement x100,99.9625,a6bd390,yes,
2157,"App. H Training, number of preferences compared","8{,}000",,results/D-VAL-ledger2-triplets-s0/summary.json,n_preferences,8000,a6bd390,yes,
2160,"App. H Policy training, policy model size (Qwen3.5-4B)",4B,,results_git/D-RL-outcome-s0/meta.json,policy,/pvcb/selrm/models/unsloth--Qwen3.5-4B,86f6ebd,yes,design; meta.policy ends in unsloth--Qwen3.5-4B
2160,"App. H Policy training, steps","1{,}000",meta/D-RL-outcome/steps@int,results_git/D-RL-outcome-s0/meta.json,steps,1000,86f6ebd,yes,
2161,"App. H Policy training, number of seeds",one,,"results_git/D-RL-{outcome,refgraph,stepcheck}-s*/",finished seed directories per reward,"{""outcome"": [""D-RL-outcome-s0"", ""D-RL-outcome-s1""], ""refgraph"": [""D-RL-refgraph-s0""], ""stepcheck"": [""D-RL-stepcheck-s0"", ""D-RL-stepcheck-s1""]}",,no,outcome and step-check rewards now have seeds 0 and 1 (reference graph: seed 0 only); every value typed in this paragraph is seed 0. tables/policy.tex already prints mean and sd over two seeds
2161,"App. H Policy training, evaluation interval (steps)",200,,results_git/D-RL-outcome-s0/summary_rule_v1~test_L2.json,keys of step{},"[0, 200, 400, 600, 800, 1000]",a2ceb5c,yes,
2161,"App. H Policy training, held-out L2 pairs",150,,results_git/D-RL-outcome-s0/summary_rule_v1~test_L2.json,n_triplets,150,a2ceb5c,yes,
2162,"App. H Policy training, outcome reward, start_pair (seed 0)",88.7,run/D-RL-outcome/L2/top/start_pair/s0,results_git/D-RL-outcome-s0/summary_rule_v1~test_L2.json,start_pair (= final/start.pair),88.66666666666667,a2ceb5c,yes,seed 0; seed 1 gives 89.3
2163,"App. H Policy training, outcome reward, acc_pair (seed 0)",96.7,run/D-RL-outcome/L2/top/acc_pair/s0,results_git/D-RL-outcome-s0/summary_rule_v1~test_L2.json,acc_pair (= final/start.pair),96.66666666666667,a2ceb5c,yes,seed 0; seed 1 gives 98.0
2163,"App. H Policy training, outcome reward, start_triplet (seed 0)",86.0,run/D-RL-outcome/L2/top/start_triplet/s0,results_git/D-RL-outcome-s0/summary_rule_v1~test_L2.json,start_triplet (= final/start.triplet),86.0,a2ceb5c,yes,seed 0; seed 1 gives 84.7
2163,"App. H Policy training, outcome reward, acc_triplet (seed 0)",93.3,run/D-RL-outcome/L2/top/acc_triplet/s0,results_git/D-RL-outcome-s0/summary_rule_v1~test_L2.json,acc_triplet (= final/start.triplet),93.33333333333333,a2ceb5c,yes,seed 0; seed 1 gives 96.0
2163,"App. H Policy training, reference-graph reward, start_pair (seed 0)",88.7,run/D-RL-refgraph/L2/top/start_pair/s0,results_git/D-RL-refgraph-s0/summary_rule_v1~test_L2.json,start_pair (= final/start.pair),88.66666666666667,a2ceb5c,yes,
2164,"App. H Policy training, reference-graph reward, acc_pair (seed 0)",98.0,run/D-RL-refgraph/L2/top/acc_pair/s0,results_git/D-RL-refgraph-s0/summary_rule_v1~test_L2.json,acc_pair (= final/start.pair),98.0,a2ceb5c,yes,
2164,"App. H Policy training, reference-graph reward, start_triplet (seed 0)",86.0,run/D-RL-refgraph/L2/top/start_triplet/s0,results_git/D-RL-refgraph-s0/summary_rule_v1~test_L2.json,start_triplet (= final/start.triplet),86.0,a2ceb5c,yes,
2164,"App. H Policy training, reference-graph reward, acc_triplet (seed 0)",96.7,run/D-RL-refgraph/L2/top/acc_triplet/s0,results_git/D-RL-refgraph-s0/summary_rule_v1~test_L2.json,acc_triplet (= final/start.triplet),96.66666666666667,a2ceb5c,yes,
2164,"App. H Policy training, Med-PRM reward, start_pair (seed 0)",88.0,run/D-RL-stepcheck/L2/top/start_pair/s0,results_git/D-RL-stepcheck-s0/summary_rule_v1~test_L2.json,start_pair (= final/start.pair),88.0,a2ceb5c,yes,seed 0; seed 1 gives 89.3
2164,"App. H Policy training, Med-PRM reward, acc_pair (seed 0)",38.7,run/D-RL-stepcheck/L2/top/acc_pair/s0,results_git/D-RL-stepcheck-s0/summary_rule_v1~test_L2.json,acc_pair (= final/start.pair),38.666666666666664,a2ceb5c,yes,seed 0; seed 1 gives 54.7
2164,"App. H Policy training, Med-PRM reward, start_triplet (seed 0)",85.3,run/D-RL-stepcheck/L2/top/start_triplet/s0,results_git/D-RL-stepcheck-s0/summary_rule_v1~test_L2.json,start_triplet (= final/start.triplet),85.33333333333333,a2ceb5c,yes,seed 0; seed 1 gives 84.7
2165,"App. H Policy training, Med-PRM reward, acc_triplet (seed 0)",24.0,run/D-RL-stepcheck/L2/top/acc_triplet/s0,results_git/D-RL-stepcheck-s0/summary_rule_v1~test_L2.json,acc_triplet (= final/start.triplet),24.0,a2ceb5c,yes,seed 0; seed 1 gives 40.0
2165,"App. H Policy training, Med-PRM reward, start_all (seed 0)",93.3,run/D-RL-stepcheck/L2/top/start_all/s0,results_git/D-RL-stepcheck-s0/summary_rule_v1~test_L2.json,start_all (= final/start.all),93.33333333333333,a2ceb5c,yes,seed 0; seed 1 gives 93.3
2165,"App. H Policy training, Med-PRM reward, acc_all (seed 0)",59.8,run/D-RL-stepcheck/L2/top/acc_all/s0,results_git/D-RL-stepcheck-s0/summary_rule_v1~test_L2.json,acc_all (= final/start.all),59.77777777777778,a2ceb5c,yes,seed 0; seed 1 gives 71.8
2166,"App. H Policy training, Med-PRM reward, mean reward at step 1000",0.9997,,results_git/D-RL-stepcheck-s0/curve.jsonl,step=1000 .reward,0.999688092470169,86f6ebd,yes,
2167,"App. H Policy training, Med-PRM reward, pair accuracy measured during training at step 1000",37.3,,results_git/D-RL-stepcheck-s0/curve.jsonl,step=1000 .pair,37.333333333333336,86f6ebd,yes,"in-training evaluation; the final evaluation (eval_step1000.jsonl, summary acc_pair) is 38.67"
2167,"App. H Policy training, outcome reward, share of rollout groups with reward variance",4.5,,results_git/D-RL-outcome-s0/groups.jsonl,mean of share_varying over 1000 steps (8 groups each) x100,4.5125,86f6ebd,yes,
2168,"App. H Policy training, Med-PRM reward, share of rollout groups with reward variance",85.3,,results_git/D-RL-stepcheck-s0/groups.jsonl,mean of share_varying over 1000 steps (8 groups each) x100,85.35,86f6ebd,yes,
2169,"App. H Policy training, Med-PRM reward, within-group correlation of reward with outcome",-0.05,,results_git/D-RL-stepcheck-s0/groups.jsonl,mean of corr_with_outcome over the 451 steps that have one,-0.05280394600996182,86f6ebd,yes,unweighted mean over steps; weighted by n_corr it is -0.0587
2182,"tab:downstream, Single sample, MedQA acc",82.9,run/D-SEL-single/sel:medqa/top/acc,results_git/D-SEL-single/summary_sel~medqa.json,acc,82.8750981932443,0c851c5,yes,
2182,"tab:downstream, Single sample, CareQA acc",87.0,run/D-SEL-single/sel:careqa/top/acc,results_git/D-SEL-single/summary_sel~careqa.json,acc,87.0,25bd98f,yes,
2182,"tab:downstream, Single sample, key pair",70.3,run/D-SEL-single/sel:keypairs/top/pair_acc,results_git/D-SEL-single/summary_sel~keypairs.json,pair_acc,70.30812324929973,a61dc94,yes,
2182,"tab:downstream, Single sample, MedEinst pair",22.0,run/D-SEL-single/sel:medeinst/top/pair_acc,results_git/D-SEL-single/summary_sel~medeinst.json,pair_acc,22.0,0c851c5,yes,
2182,"tab:downstream, Single sample, MedEinst ctrl",71.6,run/D-SEL-single/sel:medeinst/top/control_acc,results_git/D-SEL-single/summary_sel~medeinst.json,control_acc,71.6,0c851c5,yes,
2182,"tab:downstream, Single sample, MedEinst trap",44.8,run/D-SEL-single/sel:medeinst/top/trap_acc,results_git/D-SEL-single/summary_sel~medeinst.json,trap_acc,44.8,0c851c5,yes,
2183,"tab:downstream, Self-consistency, MedQA acc",87.8,run/D-SEL-selfcons/sel:medqa/top/acc,results_git/D-SEL-selfcons/summary_sel~medqa.json,acc,87.82403770620581,0c851c5,yes,
2183,"tab:downstream, Self-consistency, CareQA acc",89.4,run/D-SEL-selfcons/sel:careqa/top/acc,results_git/D-SEL-selfcons/summary_sel~careqa.json,acc,89.4,25bd98f,yes,
2183,"tab:downstream, Self-consistency, key pair",78.7,run/D-SEL-selfcons/sel:keypairs/top/pair_acc,results_git/D-SEL-selfcons/summary_sel~keypairs.json,pair_acc,78.71148459383754,a61dc94,yes,
2183,"tab:downstream, Self-consistency, MedEinst pair",20.6,run/D-SEL-selfcons/sel:medeinst/top/pair_acc,results_git/D-SEL-selfcons/summary_sel~medeinst.json,pair_acc,20.6,0c851c5,yes,
2183,"tab:downstream, Self-consistency, MedEinst ctrl",73.2,run/D-SEL-selfcons/sel:medeinst/top/control_acc,results_git/D-SEL-selfcons/summary_sel~medeinst.json,control_acc,73.2,0c851c5,yes,
2183,"tab:downstream, Self-consistency, MedEinst trap",45.8,run/D-SEL-selfcons/sel:medeinst/top/trap_acc,results_git/D-SEL-selfcons/summary_sel~medeinst.json,trap_acc,45.8,0c851c5,yes,
2184,"tab:downstream, Step check, MedQA acc",86.2,run/D-SEL-stepcheck/sel:medqa/top/acc,results_git/D-SEL-stepcheck/summary_sel~medqa.json,acc,86.17439120188531,0c851c5,yes,
2184,"tab:downstream, Step check, CareQA acc",89.0,run/D-SEL-stepcheck/sel:careqa/top/acc,results_git/D-SEL-stepcheck/summary_sel~careqa.json,acc,89.0,25bd98f,yes,
2184,"tab:downstream, Step check, key pair",77.9,run/D-SEL-stepcheck/sel:keypairs/top/pair_acc,results_git/D-SEL-stepcheck/summary_sel~keypairs.json,pair_acc,77.87114845938375,a61dc94,yes,
2184,"tab:downstream, Step check, MedEinst pair",22.6,run/D-SEL-stepcheck/sel:medeinst/top/pair_acc,results_git/D-SEL-stepcheck/summary_sel~medeinst.json,pair_acc,22.6,0c851c5,yes,
2184,"tab:downstream, Step check, MedEinst ctrl",74.6,run/D-SEL-stepcheck/sel:medeinst/top/control_acc,results_git/D-SEL-stepcheck/summary_sel~medeinst.json,control_acc,74.6,0c851c5,yes,
2184,"tab:downstream, Step check, MedEinst trap",46.0,run/D-SEL-stepcheck/sel:medeinst/top/trap_acc,results_git/D-SEL-stepcheck/summary_sel~medeinst.json,trap_acc,46.0,0c851c5,yes,
2185,"tab:downstream, Step check, vignette swapped, MedQA acc",85.6,run/D-SEL-stepcheck-swap/sel:medqa/top/acc,results_git/D-SEL-stepcheck-swap/summary_sel~medqa.json,acc,85.62450903377848,0c851c5,yes,"SWAP ROW: own file results_git/D-SEL-stepcheck-swap/summary_sel~medqa.json field acc = 85.62450903377848; the other swapped row reads results_git/D-SEL-combined-swap/summary_sel~medqa.json = 85.62450903377848; identical in the files: yes. scores_sel~medqa.jsonl of D-SEL-stepcheck-swap vs D-SEL-combined-swap: 1273 questions, chosen sample differs on 9, answer on 0, correctness on 0 (0 right only under step-check-swap, 0 only under combined-swap)"
2185,"tab:downstream, Step check, vignette swapped, CareQA acc",88.1,run/D-SEL-stepcheck-swap/sel:careqa/top/acc,results_git/D-SEL-stepcheck-swap/summary_sel~careqa.json,acc,88.1,25bd98f,yes,"SWAP ROW: own file results_git/D-SEL-stepcheck-swap/summary_sel~careqa.json field acc = 88.1; the other swapped row reads results_git/D-SEL-combined-swap/summary_sel~careqa.json = 88.1; identical in the files: yes. scores_sel~careqa.jsonl of D-SEL-stepcheck-swap vs D-SEL-combined-swap: 1000 questions, chosen sample differs on 430, answer on 33, correctness on 28 (14 right only under step-check-swap, 14 only under combined-swap)"
2185,"tab:downstream, Step check, vignette swapped, key pair",76.8,run/D-SEL-stepcheck-swap/sel:keypairs/top/pair_acc,results_git/D-SEL-stepcheck-swap/summary_sel~keypairs.json,pair_acc,76.75070028011204,a61dc94,yes,"SWAP ROW: own file results_git/D-SEL-stepcheck-swap/summary_sel~keypairs.json field pair_acc = 76.75070028011204; the other swapped row reads results_git/D-SEL-combined-swap/summary_sel~keypairs.json = 76.75070028011204; identical in the files: yes. scores_sel~keypairs.jsonl of D-SEL-stepcheck-swap vs D-SEL-combined-swap: 714 questions, chosen sample differs on 0, answer on 0, correctness on 0 (0 right only under step-check-swap, 0 only under combined-swap)"
2185,"tab:downstream, Step check, vignette swapped, MedEinst pair",23.0,run/D-SEL-stepcheck-swap/sel:medeinst/top/pair_acc,results_git/D-SEL-stepcheck-swap/summary_sel~medeinst.json,pair_acc,23.0,0c851c5,yes,"SWAP ROW: own file results_git/D-SEL-stepcheck-swap/summary_sel~medeinst.json field pair_acc = 23.0; the other swapped row reads results_git/D-SEL-combined-swap/summary_sel~medeinst.json = 23.0; identical in the files: yes. scores_sel~medeinst.jsonl of D-SEL-stepcheck-swap vs D-SEL-combined-swap: 1000 questions, chosen sample differs on 9, answer on 0, correctness on 0 (0 right only under step-check-swap, 0 only under combined-swap)"
2185,"tab:downstream, Step check, vignette swapped, MedEinst ctrl",71.8,run/D-SEL-stepcheck-swap/sel:medeinst/top/control_acc,results_git/D-SEL-stepcheck-swap/summary_sel~medeinst.json,control_acc,71.8,0c851c5,yes,"SWAP ROW: own file results_git/D-SEL-stepcheck-swap/summary_sel~medeinst.json field control_acc = 71.8; the other swapped row reads results_git/D-SEL-combined-swap/summary_sel~medeinst.json = 71.8; identical in the files: yes. scores_sel~medeinst.jsonl of D-SEL-stepcheck-swap vs D-SEL-combined-swap: 1000 questions, chosen sample differs on 9, answer on 0, correctness on 0 (0 right only under step-check-swap, 0 only under combined-swap)"
2185,"tab:downstream, Step check, vignette swapped, MedEinst trap",49.0,run/D-SEL-stepcheck-swap/sel:medeinst/top/trap_acc,results_git/D-SEL-stepcheck-swap/summary_sel~medeinst.json,trap_acc,49.0,0c851c5,yes,"SWAP ROW: own file results_git/D-SEL-stepcheck-swap/summary_sel~medeinst.json field trap_acc = 49.0; the other swapped row reads results_git/D-SEL-combined-swap/summary_sel~medeinst.json = 49.0; identical in the files: yes. scores_sel~medeinst.jsonl of D-SEL-stepcheck-swap vs D-SEL-combined-swap: 1000 questions, chosen sample differs on 9, answer on 0, correctness on 0 (0 right only under step-check-swap, 0 only under combined-swap)"
2186,"tab:downstream, Ledger score, MedQA acc",83.8,run/D-SEL-ledger/sel:medqa/top/acc,results_git/D-SEL-ledger/summary_sel~medqa.json,acc,83.81775333857031,0c851c5,yes,
2186,"tab:downstream, Ledger score, CareQA acc",88.4,run/D-SEL-ledger/sel:careqa/top/acc,results_git/D-SEL-ledger/summary_sel~careqa.json,acc,88.4,25bd98f,yes,
2186,"tab:downstream, Ledger score, key pair",71.1,run/D-SEL-ledger/sel:keypairs/top/pair_acc,results_git/D-SEL-ledger/summary_sel~keypairs.json,pair_acc,71.1484593837535,a61dc94,yes,
2186,"tab:downstream, Ledger score, MedEinst pair",26.2,run/D-SEL-ledger/sel:medeinst/top/pair_acc,results_git/D-SEL-ledger/summary_sel~medeinst.json,pair_acc,26.2,0c851c5,yes,
2186,"tab:downstream, Ledger score, MedEinst ctrl",73.2,run/D-SEL-ledger/sel:medeinst/top/control_acc,results_git/D-SEL-ledger/summary_sel~medeinst.json,control_acc,73.2,0c851c5,yes,
2186,"tab:downstream, Ledger score, MedEinst trap",49.8,run/D-SEL-ledger/sel:medeinst/top/trap_acc,results_git/D-SEL-ledger/summary_sel~medeinst.json,trap_acc,49.8,0c851c5,yes,
2187,"tab:downstream, Combined (minimum), MedQA acc",85.3,run/D-SEL-combined/sel:medqa/top/acc,results_git/D-SEL-combined/summary_sel~medqa.json,acc,85.31029065200315,0c851c5,yes,
2187,"tab:downstream, Combined (minimum), CareQA acc",88.9,run/D-SEL-combined/sel:careqa/top/acc,results_git/D-SEL-combined/summary_sel~careqa.json,acc,88.9,25bd98f,yes,
2187,"tab:downstream, Combined (minimum), key pair",76.8,run/D-SEL-combined/sel:keypairs/top/pair_acc,results_git/D-SEL-combined/summary_sel~keypairs.json,pair_acc,76.75070028011204,a61dc94,yes,
2187,"tab:downstream, Combined (minimum), MedEinst pair",22.6,run/D-SEL-combined/sel:medeinst/top/pair_acc,results_git/D-SEL-combined/summary_sel~medeinst.json,pair_acc,22.6,0c851c5,yes,
2187,"tab:downstream, Combined (minimum), MedEinst ctrl",73.8,run/D-SEL-combined/sel:medeinst/top/control_acc,results_git/D-SEL-combined/summary_sel~medeinst.json,control_acc,73.8,0c851c5,yes,
2187,"tab:downstream, Combined (minimum), MedEinst trap",46.4,run/D-SEL-combined/sel:medeinst/top/trap_acc,results_git/D-SEL-combined/summary_sel~medeinst.json,trap_acc,46.4,0c851c5,yes,
2188,"tab:downstream, Combined, vignette swapped, MedQA acc",85.6,run/D-SEL-combined-swap/sel:medqa/top/acc,results_git/D-SEL-combined-swap/summary_sel~medqa.json,acc,85.62450903377848,ef66c13,yes,"SWAP ROW: own file results_git/D-SEL-combined-swap/summary_sel~medqa.json field acc = 85.62450903377848; the other swapped row reads results_git/D-SEL-stepcheck-swap/summary_sel~medqa.json = 85.62450903377848; identical in the files: yes. scores_sel~medqa.jsonl of D-SEL-stepcheck-swap vs D-SEL-combined-swap: 1273 questions, chosen sample differs on 9, answer on 0, correctness on 0 (0 right only under step-check-swap, 0 only under combined-swap)"
2188,"tab:downstream, Combined, vignette swapped, CareQA acc",88.1,run/D-SEL-combined-swap/sel:careqa/top/acc,results_git/D-SEL-combined-swap/summary_sel~careqa.json,acc,88.1,ef66c13,yes,"SWAP ROW: own file results_git/D-SEL-combined-swap/summary_sel~careqa.json field acc = 88.1; the other swapped row reads results_git/D-SEL-stepcheck-swap/summary_sel~careqa.json = 88.1; identical in the files: yes. scores_sel~careqa.jsonl of D-SEL-stepcheck-swap vs D-SEL-combined-swap: 1000 questions, chosen sample differs on 430, answer on 33, correctness on 28 (14 right only under step-check-swap, 14 only under combined-swap)"
2188,"tab:downstream, Combined, vignette swapped, key pair",76.8,run/D-SEL-combined-swap/sel:keypairs/top/pair_acc,results_git/D-SEL-combined-swap/summary_sel~keypairs.json,pair_acc,76.75070028011204,ef66c13,yes,"SWAP ROW: own file results_git/D-SEL-combined-swap/summary_sel~keypairs.json field pair_acc = 76.75070028011204; the other swapped row reads results_git/D-SEL-stepcheck-swap/summary_sel~keypairs.json = 76.75070028011204; identical in the files: yes. scores_sel~keypairs.jsonl of D-SEL-stepcheck-swap vs D-SEL-combined-swap: 714 questions, chosen sample differs on 0, answer on 0, correctness on 0 (0 right only under step-check-swap, 0 only under combined-swap)"
2188,"tab:downstream, Combined, vignette swapped, MedEinst pair",23.0,run/D-SEL-combined-swap/sel:medeinst/top/pair_acc,results_git/D-SEL-combined-swap/summary_sel~medeinst.json,pair_acc,23.0,ef66c13,yes,"SWAP ROW: own file results_git/D-SEL-combined-swap/summary_sel~medeinst.json field pair_acc = 23.0; the other swapped row reads results_git/D-SEL-stepcheck-swap/summary_sel~medeinst.json = 23.0; identical in the files: yes. scores_sel~medeinst.jsonl of D-SEL-stepcheck-swap vs D-SEL-combined-swap: 1000 questions, chosen sample differs on 9, answer on 0, correctness on 0 (0 right only under step-check-swap, 0 only under combined-swap)"
2188,"tab:downstream, Combined, vignette swapped, MedEinst ctrl",71.8,run/D-SEL-combined-swap/sel:medeinst/top/control_acc,results_git/D-SEL-combined-swap/summary_sel~medeinst.json,control_acc,71.8,ef66c13,yes,"SWAP ROW: own file results_git/D-SEL-combined-swap/summary_sel~medeinst.json field control_acc = 71.8; the other swapped row reads results_git/D-SEL-stepcheck-swap/summary_sel~medeinst.json = 71.8; identical in the files: yes. scores_sel~medeinst.jsonl of D-SEL-stepcheck-swap vs D-SEL-combined-swap: 1000 questions, chosen sample differs on 9, answer on 0, correctness on 0 (0 right only under step-check-swap, 0 only under combined-swap)"
2188,"tab:downstream, Combined, vignette swapped, MedEinst trap",49.0,run/D-SEL-combined-swap/sel:medeinst/top/trap_acc,results_git/D-SEL-combined-swap/summary_sel~medeinst.json,trap_acc,49.0,ef66c13,yes,"SWAP ROW: own file results_git/D-SEL-combined-swap/summary_sel~medeinst.json field trap_acc = 49.0; the other swapped row reads results_git/D-SEL-stepcheck-swap/summary_sel~medeinst.json = 49.0; identical in the files: yes. scores_sel~medeinst.jsonl of D-SEL-stepcheck-swap vs D-SEL-combined-swap: 1000 questions, chosen sample differs on 9, answer on 0, correctness on 0 (0 right only under step-check-swap, 0 only under combined-swap)"
2189,"tab:downstream, Combined, no near-misses, MedQA acc",85.1,run/D-SEL-no-nearmiss/sel:medqa/top/acc,results_git/D-SEL-no-nearmiss/summary_sel~medqa.json,acc,85.07462686567165,0c851c5,yes,
2189,"tab:downstream, Combined, no near-misses, CareQA acc",88.9,run/D-SEL-no-nearmiss/sel:careqa/top/acc,results_git/D-SEL-no-nearmiss/summary_sel~careqa.json,acc,88.9,25bd98f,yes,
2189,"tab:downstream, Combined, no near-misses, key pair",76.5,run/D-SEL-no-nearmiss/sel:keypairs/top/pair_acc,results_git/D-SEL-no-nearmiss/summary_sel~keypairs.json,pair_acc,76.47058823529412,a61dc94,yes,
2189,"tab:downstream, Combined, no near-misses, MedEinst pair",22.0,run/D-SEL-no-nearmiss/sel:medeinst/top/pair_acc,results_git/D-SEL-no-nearmiss/summary_sel~medeinst.json,pair_acc,22.0,0c851c5,yes,
2189,"tab:downstream, Combined, no near-misses, MedEinst ctrl",74.4,run/D-SEL-no-nearmiss/sel:medeinst/top/control_acc,results_git/D-SEL-no-nearmiss/summary_sel~medeinst.json,control_acc,74.4,0c851c5,yes,
2189,"tab:downstream, Combined, no near-misses, MedEinst trap",45.6,run/D-SEL-no-nearmiss/sel:medeinst/top/trap_acc,results_git/D-SEL-no-nearmiss/summary_sel~medeinst.json,trap_acc,45.6,0c851c5,yes,
2190,"tab:downstream, Combined, product, MedQA acc",86.1,run/D-SEL-combined-product/sel:medqa/top/acc,results_git/D-SEL-combined-product/summary_sel~medqa.json,acc,86.09583660644148,0c851c5,yes,
2190,"tab:downstream, Combined, product, CareQA acc",89.2,run/D-SEL-combined-product/sel:careqa/top/acc,results_git/D-SEL-combined-product/summary_sel~careqa.json,acc,89.2,25bd98f,yes,
2190,"tab:downstream, Combined, product, key pair",78.2,run/D-SEL-combined-product/sel:keypairs/top/pair_acc,results_git/D-SEL-combined-product/summary_sel~keypairs.json,pair_acc,78.15126050420169,a61dc94,yes,
2190,"tab:downstream, Combined, product, MedEinst pair",22.6,run/D-SEL-combined-product/sel:medeinst/top/pair_acc,results_git/D-SEL-combined-product/summary_sel~medeinst.json,pair_acc,22.6,0c851c5,yes,
2190,"tab:downstream, Combined, product, MedEinst ctrl",74.6,run/D-SEL-combined-product/sel:medeinst/top/control_acc,results_git/D-SEL-combined-product/summary_sel~medeinst.json,control_acc,74.6,0c851c5,yes,
2190,"tab:downstream, Combined, product, MedEinst trap",46.0,run/D-SEL-combined-product/sel:medeinst/top/trap_acc,results_git/D-SEL-combined-product/summary_sel~medeinst.json,trap_acc,46.0,0c851c5,yes,
2191,"tab:downstream, Combined, fitted logistic, MedQA acc",86.1,run/D-SEL-combined-logistic/sel:medqa/top/acc,results_git/D-SEL-combined-logistic/summary_sel~medqa.json,acc,86.09583660644148,0c851c5,yes,
2191,"tab:downstream, Combined, fitted logistic, CareQA acc",88.9,run/D-SEL-combined-logistic/sel:careqa/top/acc,results_git/D-SEL-combined-logistic/summary_sel~careqa.json,acc,88.9,25bd98f,yes,
2191,"tab:downstream, Combined, fitted logistic, key pair",77.9,run/D-SEL-combined-logistic/sel:keypairs/top/pair_acc,results_git/D-SEL-combined-logistic/summary_sel~keypairs.json,pair_acc,77.87114845938375,a61dc94,yes,
2191,"tab:downstream, Combined, fitted logistic, MedEinst pair",22.6,run/D-SEL-combined-logistic/sel:medeinst/top/pair_acc,results_git/D-SEL-combined-logistic/summary_sel~medeinst.json,pair_acc,22.6,0c851c5,yes,
2191,"tab:downstream, Combined, fitted logistic, MedEinst ctrl",74.6,run/D-SEL-combined-logistic/sel:medeinst/top/control_acc,results_git/D-SEL-combined-logistic/summary_sel~medeinst.json,control_acc,74.6,0c851c5,yes,
2191,"tab:downstream, Combined, fitted logistic, MedEinst trap",46.0,run/D-SEL-combined-logistic/sel:medeinst/top/trap_acc,results_git/D-SEL-combined-logistic/summary_sel~medeinst.json,trap_acc,46.0,0c851c5,yes,
2193,"tab:downstream, Oracle selection, MedQA acc",97.5,run/D-SEL-oracle/sel:medqa/top/acc,results_git/D-SEL-oracle/summary_sel~medqa.json,acc,97.48625294579733,0c851c5,yes,
2193,"tab:downstream, Oracle selection, CareQA acc",97.1,run/D-SEL-oracle/sel:careqa/top/acc,results_git/D-SEL-oracle/summary_sel~careqa.json,acc,97.1,25bd98f,yes,
2193,"tab:downstream, Oracle selection, key pair",94.7,run/D-SEL-oracle/sel:keypairs/top/pair_acc,results_git/D-SEL-oracle/summary_sel~keypairs.json,pair_acc,94.67787114845939,a61dc94,yes,
2193,"tab:downstream, Oracle selection, MedEinst pair",59.4,run/D-SEL-oracle/sel:medeinst/top/pair_acc,results_git/D-SEL-oracle/summary_sel~medeinst.json,pair_acc,59.4,0c851c5,yes,
2193,"tab:downstream, Oracle selection, MedEinst ctrl",87.4,run/D-SEL-oracle/sel:medeinst/top/control_acc,results_git/D-SEL-oracle/summary_sel~medeinst.json,control_acc,87.4,0c851c5,yes,
2193,"tab:downstream, Oracle selection, MedEinst trap",72.0,run/D-SEL-oracle/sel:medeinst/top/trap_acc,results_git/D-SEL-oracle/summary_sel~medeinst.json,trap_acc,72.0,0c851c5,yes,
2196,"tab:downstream caption, samples per question",16,,results_git/D-SEL-combined/summary_sel~medqa.json,N,16,0c851c5,yes,
2197,"tab:downstream caption, MedQA questions","1{,}273",,results_git/D-SEL-combined/summary_sel~medqa.json,n,1273,0c851c5,yes,
2197,"tab:downstream caption, CareQA questions","1{,}000",,results_git/D-SEL-combined/summary_sel~careqa.json,n,1000,25bd98f,yes,
2197,"tab:downstream caption, key pairs",357,,results_git/D-SEL-combined/summary_sel~keypairs.json,n_pairs,357,a61dc94,yes,
2198,"tab:downstream caption, MedEinst pairs",500,,results_git/D-SEL-combined/summary_sel~medeinst.json,n_pairs,500,0c851c5,yes,
2207,"App. H Selection protocol, sel-mqa-comb-step (combined minus stepcheck, sel/medqa), diff",-0.9,cmp/sel-mqa-comb-step/diff,results_git/D-SEL-comparisons.json,sel-mqa-comb-step.diff,-0.864100549882167,a61dc94,yes,
2207,"App. H Selection protocol, sel-mqa-comb-step (combined minus stepcheck, sel/medqa), lo",-2.1,cmp/sel-mqa-comb-step/lo,results_git/D-SEL-comparisons.json,sel-mqa-comb-step.lo,-2.120974076983501,a61dc94,yes,
2207,"App. H Selection protocol, sel-mqa-comb-step (combined minus stepcheck, sel/medqa), hi",0.2,cmp/sel-mqa-comb-step/hi,results_git/D-SEL-comparisons.json,sel-mqa-comb-step.hi,0.15710919088766673,a61dc94,yes,
2207,"App. H Selection protocol, sel-cqa-comb-step (combined minus stepcheck, sel/careqa), diff",-0.1,cmp/sel-cqa-comb-step/diff,results_git/D-SEL-comparisons.json,sel-cqa-comb-step.diff,-0.09999999999999432,a61dc94,yes,
2207,"App. H Selection protocol, sel-cqa-comb-step (combined minus stepcheck, sel/careqa), lo",-1.5,cmp/sel-cqa-comb-step/lo,results_git/D-SEL-comparisons.json,sel-cqa-comb-step.lo,-1.5,a61dc94,yes,
2207,"App. H Selection protocol, sel-cqa-comb-step (combined minus stepcheck, sel/careqa), hi",1.4,cmp/sel-cqa-comb-step/hi,results_git/D-SEL-comparisons.json,sel-cqa-comb-step.hi,1.3999999999999915,a61dc94,yes,
2208,"App. H Selection protocol, sel-key-comb-step (combined minus stepcheck, sel/keypairs), diff",-1.1,cmp/sel-key-comb-step/diff,results_git/D-SEL-comparisons.json,sel-key-comb-step.diff,-1.1204481792717047,a61dc94,yes,
2208,"App. H Selection protocol, sel-key-comb-step (combined minus stepcheck, sel/keypairs), lo",-3.4,cmp/sel-key-comb-step/lo,results_git/D-SEL-comparisons.json,sel-key-comb-step.lo,-3.3613445378151283,a61dc94,yes,
2208,"App. H Selection protocol, sel-key-comb-step (combined minus stepcheck, sel/keypairs), hi",1.4,cmp/sel-key-comb-step/hi,results_git/D-SEL-comparisons.json,sel-key-comb-step.hi,1.4005602240896309,a61dc94,yes,
2208,"App. H Selection protocol, sel-me-comb-step (combined minus stepcheck, sel/medeinst), diff",0.0,cmp/sel-me-comb-step/diff,results_git/D-SEL-comparisons.json,sel-me-comb-step.diff,0.0,a61dc94,yes,
2208,"App. H Selection protocol, sel-me-comb-step (combined minus stepcheck, sel/medeinst), lo",-1.4,cmp/sel-me-comb-step/lo,results_git/D-SEL-comparisons.json,sel-me-comb-step.lo,-1.4000000000000021,a61dc94,yes,
2208,"App. H Selection protocol, sel-me-comb-step (combined minus stepcheck, sel/medeinst), hi",1.4,cmp/sel-me-comb-step/hi,results_git/D-SEL-comparisons.json,sel-me-comb-step.hi,1.4000000000000021,a61dc94,yes,
2210,"App. H Selection protocol, sel-mqa-comb-nonear (combined minus no-nearmiss, sel/medqa), diff",+0.2,cmp/sel-mqa-comb-nonear/diff,results_git/D-SEL-comparisons.json,sel-mqa-comb-nonear.diff,0.2356637863315001,a61dc94,yes,
2210,"App. H Selection protocol, sel-mqa-comb-nonear (combined minus no-nearmiss, sel/medqa), lo",-0.9,cmp/sel-mqa-comb-nonear/lo,results_git/D-SEL-comparisons.json,sel-mqa-comb-nonear.lo,-0.864100549882167,a61dc94,yes,
2210,"App. H Selection protocol, sel-mqa-comb-nonear (combined minus no-nearmiss, sel/medqa), hi",1.3,cmp/sel-mqa-comb-nonear/hi,results_git/D-SEL-comparisons.json,sel-mqa-comb-nonear.hi,1.2568735271013338,a61dc94,yes,
2211,"App. H Selection protocol, ledger score MedEinst pair accuracy",26.2,,results_git/D-SEL-ledger/summary_sel~medeinst.json,pair_acc,26.2,0c851c5,yes,
2211,"App. H Selection protocol, single sample MedEinst pair accuracy",22.0,,results_git/D-SEL-single/summary_sel~medeinst.json,pair_acc,22.0,0c851c5,yes,
2216,"App. H Selection protocol, samples per question in pools",16,,results_git/D-POOL-medqa_test/summary.json,n_samples / n_questions,16.0,0c851c5,yes,
2217,"App. H Selection protocol, share of MedQA samples with a final answer",96.6,sum/D-POOL-medqa_test/ineligible_share@pct1 (complement),results_git/D-POOL-medqa_test/summary.json,eligible / n_samples x100 (= 1 - ineligible_share),96.64179104477611,0c851c5,yes,
2219,"App. H Selection protocol, MedQA development pool questions",359,,results_git/D-CAL/summary.json,n_questions,359,eec3cdb,yes,
2220,"App. H Selection protocol, AUC of trace score, Med-PRM",0.654,,results_git/D-CAL/summary.json,auc.medprm,0.6536655224728907,eec3cdb,yes,
2220,"App. H Selection protocol, AUC of trace score, method on triplets",0.510,,results_git/D-CAL/summary.json,auc.ledger2-triplets,0.5097469795223625,eec3cdb,yes,
2221,"App. H Selection protocol, AUC of trace score, method on blocks",0.479,,results_git/D-CAL/summary.json,auc.ledger2-blocks,0.47909914506199086,eec3cdb,yes,
2222,"App. H Selection protocol, calibration slope of ledger score",0.006,,results_git/D-CAL/summary.json,platt.ledger2-triplets[0],0.0057337402444845535,eec3cdb,yes,
2222,"App. H Selection protocol, calibration slope of Med-PRM",0.66,,results_git/D-CAL/summary.json,platt.medprm[0],0.6645159113862108,eec3cdb,yes,
2223,"App. H Selection protocol, selection-pressure key pairs",150,,results_git/D-SELN/summary_sel~keypairs.json,n_pairs,150,a61dc94,yes,
2224,"App. H Selection protocol, pair accuracy, combined, pool of 1",67.3,run/D-SELN/sel:keypairs/selector=combined/N1,results_git/D-SELN/summary_sel~keypairs.json,selector=combined.N1,67.33333333333333,a61dc94,yes,
2224,"App. H Selection protocol, pair accuracy, combined, pool of 16",78.0,run/D-SELN/sel:keypairs/selector=combined/N16,results_git/D-SELN/summary_sel~keypairs.json,selector=combined.N16,78.0,a61dc94,yes,
2224,"App. H Selection protocol, pair accuracy, combined, pool of 64",76.0,run/D-SELN/sel:keypairs/selector=combined/N64,results_git/D-SELN/summary_sel~keypairs.json,selector=combined.N64,76.0,a61dc94,yes,
2224,"App. H Selection protocol, pair accuracy, stepcheck, pool of 1",67.3,run/D-SELN/sel:keypairs/selector=stepcheck/N1,results_git/D-SELN/summary_sel~keypairs.json,selector=stepcheck.N1,67.33333333333333,a61dc94,yes,
2224,"App. H Selection protocol, pair accuracy, stepcheck, pool of 16",79.3,run/D-SELN/sel:keypairs/selector=stepcheck/N16,results_git/D-SELN/summary_sel~keypairs.json,selector=stepcheck.N16,79.33333333333333,a61dc94,yes,
2224,"App. H Selection protocol, pair accuracy, stepcheck, pool of 64",78.0,run/D-SELN/sel:keypairs/selector=stepcheck/N64,results_git/D-SELN/summary_sel~keypairs.json,selector=stepcheck.N64,78.0,a61dc94,yes,
2225,"App. H Selection protocol, pair accuracy, ledger, pool of 1",67.3,run/D-SELN/sel:keypairs/selector=ledger/N1,results_git/D-SELN/summary_sel~keypairs.json,selector=ledger.N1,67.33333333333333,a61dc94,yes,
2225,"App. H Selection protocol, pair accuracy, ledger, pool of 16",71.3,run/D-SELN/sel:keypairs/selector=ledger/N16,results_git/D-SELN/summary_sel~keypairs.json,selector=ledger.N16,71.33333333333333,a61dc94,yes,
2225,"App. H Selection protocol, pair accuracy, ledger, pool of 64",69.3,run/D-SELN/sel:keypairs/selector=ledger/N64,results_git/D-SELN/summary_sel~keypairs.json,selector=ledger.N64,69.33333333333333,a61dc94,yes,
2225,"App. H Selection protocol, pair accuracy, selfcons, pool of 1",67.3,run/D-SELN/sel:keypairs/selector=selfcons/N1,results_git/D-SELN/summary_sel~keypairs.json,selector=selfcons.N1,67.33333333333333,a61dc94,yes,
2225,"App. H Selection protocol, pair accuracy, selfcons, pool of 16",79.3,run/D-SELN/sel:keypairs/selector=selfcons/N16,results_git/D-SELN/summary_sel~keypairs.json,selector=selfcons.N16,79.33333333333333,a61dc94,yes,
2225,"App. H Selection protocol, pair accuracy, selfcons, pool of 64",80.0,run/D-SELN/sel:keypairs/selector=selfcons/N64,results_git/D-SELN/summary_sel~keypairs.json,selector=selfcons.N64,80.0,a61dc94,yes,
2226,"App. H Selection protocol, pair accuracy, oracle, pool of 1",67.3,run/D-SELN/sel:keypairs/selector=oracle/N1,results_git/D-SELN/summary_sel~keypairs.json,selector=oracle.N1,67.33333333333333,a61dc94,yes,
2226,"App. H Selection protocol, pair accuracy, oracle, pool of 16",94.0,run/D-SELN/sel:keypairs/selector=oracle/N16,results_git/D-SELN/summary_sel~keypairs.json,selector=oracle.N16,94.0,a61dc94,yes,
2226,"App. H Selection protocol, pair accuracy, oracle, pool of 64",96.7,run/D-SELN/sel:keypairs/selector=oracle/N64,results_git/D-SELN/summary_sel~keypairs.json,selector=oracle.N64,96.66666666666667,a61dc94,yes,
2354,"App. J Development history, criteria under which past or family findings count",30.5,,tables/data_stats.json,library_semantics.criteria_past_or_family_pct,30.5,a6cc31a,yes,"criteria=791, counting past=241, counting family=70 (241/791 = 30.47; the stored pct equals the past count alone, so family-counting criteria are a subset or not added)"
2358,"App. J Development history, attribute-blind scorer before the freeze (dry run)",69,,,none,,,no_source,"only in docs/DECISIONS_A.md line 16 (""attribute-blind logistic model scored TA 69% ... dry-run build""); no JSON/JSONL result in results/, results_git/, salvage/results/ or tables/ on any branch; the paper itself says it is not a result on the frozen data"
2359,"App. J Development history, attribute-blind scorer on frozen test",40.0,run/A-D14-attribute_blind/L2/all/TA,results/A-D14-attribute_blind/summary_rule_v1__test_L2.json,all.TA,40.0,e40789b,yes,
2375,"App. J Development history, failures on error sheets",200,,audit/error_sheet.csv,number of rows,200,31176b9,yes,
2375,"App. J Development history, trained systems on error sheets",five,,audit/error_sheet.csv,distinct values of system,5,31176b9,yes,
2375,"App. J Development history, distinct triplets on error sheets",175,,audit/error_sheet.csv,distinct tid,175,31176b9,yes,
